#VRML V2.0 utf8

Shape {
  appearance Appearance {
    material Material {
      diffuseColor 1.0000 1.0000 0.0000
      specularColor 0.5020 0.5020 0.0000
      ambientIntensity 0.2
      transparency 0.0000
      shininess 0.5
    }
  }
  geometry IndexedFaceSet {
    ccw TRUE
    solid FALSE
    coord DEF co Coordinate {
      point [
        0.472441 0.000000 0.354331,
        0.462352 0.054041 0.314961,
        0.469246 0.054847 0.354331,
        0.452951 0.107352 0.314961,
        0.459706 0.108952 0.354331,
        0.437426 0.159210 0.314961,
        0.443949 0.161584 0.354331,
        0.415985 0.208915 0.314961,
        0.422189 0.212031 0.354331,
        0.388919 0.255796 0.314961,
        0.394719 0.259611 0.354331,
        0.356593 0.299217 0.314961,
        0.361911 0.303679 0.354331,
        0.319445 0.338592 0.314961,
        0.324209 0.343641 0.354331,
        0.277977 0.373387 0.314961,
        0.282122 0.378956 0.354331,
        0.232750 0.403134 0.314961,
        0.236220 0.409146 0.354331,
        0.184375 0.427429 0.314961,
        0.187124 0.433803 0.354331,
        0.133507 0.445943 0.314961,
        0.135498 0.452593 0.354331,
        0.080833 0.458427 0.314961,
        0.082039 0.465263 0.354331,
        0.027067 0.464711 0.314961,
        0.027470 0.471642 0.354331,
        -0.027067 0.464711 0.314961,
        -0.027470 0.471642 0.354331,
        -0.080833 0.458427 0.314961,
        -0.082039 0.465263 0.354331,
        -0.133507 0.445943 0.314961,
        -0.135498 0.452593 0.354331,
        -0.184375 0.427429 0.314961,
        -0.187124 0.433803 0.354331,
        -0.232750 0.403134 0.314961,
        -0.236220 0.409146 0.354331,
        -0.277977 0.373387 0.314961,
        -0.282122 0.378956 0.354331,
        -0.319445 0.338592 0.314961,
        -0.324209 0.343641 0.354331,
        -0.356593 0.299217 0.314961,
        -0.361911 0.303679 0.354331,
        -0.388919 0.255796 0.314961,
        -0.394719 0.259611 0.354331,
        -0.415985 0.208915 0.314961,
        -0.422189 0.212031 0.354331,
        -0.437426 0.159210 0.314961,
        -0.443949 0.161584 0.354331,
        -0.452951 0.107352 0.314961,
        -0.459706 0.108952 0.354331,
        -0.462352 0.054041 0.314961,
        -0.469246 0.054847 0.354331,
        -0.465499 0.000000 0.314961,
        -0.472441 0.000000 0.354331,
        -0.462352 -0.054041 0.314961,
        -0.469246 -0.054847 0.354331,
        -0.452951 -0.107352 0.314961,
        -0.459706 -0.108952 0.354331,
        -0.437426 -0.159210 0.314961,
        -0.443949 -0.161584 0.354331,
        -0.415985 -0.208915 0.314961,
        -0.422189 -0.212031 0.354331,
        -0.388919 -0.255796 0.314961,
        -0.394719 -0.259611 0.354331,
        -0.356593 -0.299217 0.314961,
        -0.361911 -0.303679 0.354331,
        -0.319445 -0.338592 0.314961,
        -0.324209 -0.343641 0.354331,
        -0.277977 -0.373387 0.314961,
        -0.282122 -0.378956 0.354331,
        -0.232750 -0.403134 0.314961,
        -0.236220 -0.409146 0.354331,
        -0.184375 -0.427429 0.314961,
        -0.187124 -0.433803 0.354331,
        -0.133507 -0.445943 0.314961,
        -0.135498 -0.452593 0.354331,
        -0.080833 -0.458427 0.314961,
        -0.082039 -0.465263 0.354331,
        -0.027067 -0.464711 0.314961,
        -0.027470 -0.471642 0.354331,
        0.027067 -0.464711 0.314961,
        0.027470 -0.471642 0.354331,
        0.080833 -0.458427 0.314961,
        0.082039 -0.465263 0.354331,
        0.133507 -0.445943 0.314961,
        0.135498 -0.452593 0.354331,
        0.184375 -0.427429 0.314961,
        0.187124 -0.433803 0.354331,
        0.232750 -0.403134 0.314961,
        0.236220 -0.409146 0.354331,
        0.277977 -0.373387 0.314961,
        0.282122 -0.378956 0.354331,
        0.319445 -0.338592 0.314961,
        0.324209 -0.343641 0.354331,
        0.356593 -0.299217 0.314961,
        0.361911 -0.303679 0.354331,
        0.388919 -0.255796 0.314961,
        0.394719 -0.259611 0.354331,
        0.415985 -0.208915 0.314961,
        0.422189 -0.212031 0.354331,
        0.437426 -0.159210 0.314961,
        0.443949 -0.161584 0.354331,
        0.452951 -0.107352 0.314961,
        0.459706 -0.108952 0.354331,
        0.462352 -0.054041 0.314961,
        0.469246 -0.054847 0.354331,
        0.465499 0.000000 0.314961,
        0.000000 0.000000 0.314961,
        0.000000 0.000000 0.354331,
      ]
    }
    coordIndex [
      0, 1, 2, -1,
      2, 1, 3, -1,
      2, 3, 4, -1,
      4, 3, 5, -1,
      4, 5, 6, -1,
      6, 5, 7, -1,
      6, 7, 8, -1,
      8, 7, 9, -1,
      8, 9, 10, -1,
      10, 9, 11, -1,
      10, 11, 12, -1,
      12, 11, 13, -1,
      12, 13, 14, -1,
      14, 13, 15, -1,
      14, 15, 16, -1,
      16, 15, 17, -1,
      16, 17, 18, -1,
      18, 17, 19, -1,
      18, 19, 20, -1,
      20, 19, 21, -1,
      20, 21, 22, -1,
      22, 21, 23, -1,
      22, 23, 24, -1,
      24, 23, 25, -1,
      24, 25, 26, -1,
      26, 25, 27, -1,
      26, 27, 28, -1,
      28, 27, 29, -1,
      28, 29, 30, -1,
      30, 29, 31, -1,
      30, 31, 32, -1,
      32, 31, 33, -1,
      32, 33, 34, -1,
      34, 33, 35, -1,
      34, 35, 36, -1,
      36, 35, 37, -1,
      36, 37, 38, -1,
      38, 37, 39, -1,
      38, 39, 40, -1,
      40, 39, 41, -1,
      40, 41, 42, -1,
      42, 41, 43, -1,
      42, 43, 44, -1,
      44, 43, 45, -1,
      44, 45, 46, -1,
      46, 45, 47, -1,
      46, 47, 48, -1,
      48, 47, 49, -1,
      48, 49, 50, -1,
      50, 49, 51, -1,
      50, 51, 52, -1,
      52, 51, 53, -1,
      52, 53, 54, -1,
      54, 53, 55, -1,
      54, 55, 56, -1,
      56, 55, 57, -1,
      56, 57, 58, -1,
      58, 57, 59, -1,
      58, 59, 60, -1,
      60, 59, 61, -1,
      60, 61, 62, -1,
      62, 61, 63, -1,
      62, 63, 64, -1,
      64, 63, 65, -1,
      64, 65, 66, -1,
      66, 65, 67, -1,
      66, 67, 68, -1,
      68, 67, 69, -1,
      68, 69, 70, -1,
      70, 69, 71, -1,
      70, 71, 72, -1,
      72, 71, 73, -1,
      72, 73, 74, -1,
      74, 73, 75, -1,
      74, 75, 76, -1,
      76, 75, 77, -1,
      76, 77, 78, -1,
      78, 77, 79, -1,
      78, 79, 80, -1,
      80, 79, 81, -1,
      80, 81, 82, -1,
      82, 81, 83, -1,
      82, 83, 84, -1,
      84, 83, 85, -1,
      84, 85, 86, -1,
      86, 85, 87, -1,
      86, 87, 88, -1,
      88, 87, 89, -1,
      88, 89, 90, -1,
      90, 89, 91, -1,
      90, 91, 92, -1,
      92, 91, 93, -1,
      92, 93, 94, -1,
      94, 93, 95, -1,
      94, 95, 96, -1,
      96, 95, 97, -1,
      96, 97, 98, -1,
      98, 97, 99, -1,
      98, 99, 100, -1,
      100, 99, 101, -1,
      100, 101, 102, -1,
      102, 101, 103, -1,
      102, 103, 104, -1,
      104, 103, 105, -1,
      104, 105, 106, -1,
      106, 105, 107, -1,
      106, 107, 0, -1,
      0, 107, 1, -1,
      3, 1, 108, -1,
      108, 1, 107, -1,
      108, 107, 105, -1,
      9, 7, 108, -1,
      108, 7, 5, -1,
      108, 5, 3, -1,
      15, 13, 108, -1,
      108, 13, 11, -1,
      108, 11, 9, -1,
      21, 19, 108, -1,
      108, 19, 17, -1,
      108, 17, 15, -1,
      27, 25, 108, -1,
      108, 25, 23, -1,
      108, 23, 21, -1,
      33, 31, 108, -1,
      108, 31, 29, -1,
      108, 29, 27, -1,
      39, 37, 108, -1,
      108, 37, 35, -1,
      108, 35, 33, -1,
      45, 43, 108, -1,
      108, 43, 41, -1,
      108, 41, 39, -1,
      51, 49, 108, -1,
      108, 49, 47, -1,
      108, 47, 45, -1,
      57, 55, 108, -1,
      108, 55, 53, -1,
      108, 53, 51, -1,
      63, 61, 108, -1,
      108, 61, 59, -1,
      108, 59, 57, -1,
      69, 67, 108, -1,
      108, 67, 65, -1,
      108, 65, 63, -1,
      75, 73, 108, -1,
      108, 73, 71, -1,
      108, 71, 69, -1,
      81, 79, 108, -1,
      108, 79, 77, -1,
      108, 77, 75, -1,
      87, 85, 108, -1,
      108, 85, 83, -1,
      108, 83, 81, -1,
      93, 91, 108, -1,
      108, 91, 89, -1,
      108, 89, 87, -1,
      99, 97, 108, -1,
      108, 97, 95, -1,
      108, 95, 93, -1,
      105, 103, 108, -1,
      108, 103, 101, -1,
      108, 101, 99, -1,
      104, 106, 109, -1,
      109, 106, 0, -1,
      109, 0, 2, -1,
      98, 100, 109, -1,
      109, 100, 102, -1,
      109, 102, 104, -1,
      92, 94, 109, -1,
      109, 94, 96, -1,
      109, 96, 98, -1,
      86, 88, 109, -1,
      109, 88, 90, -1,
      109, 90, 92, -1,
      80, 82, 109, -1,
      109, 82, 84, -1,
      109, 84, 86, -1,
      74, 76, 109, -1,
      109, 76, 78, -1,
      109, 78, 80, -1,
      68, 70, 109, -1,
      109, 70, 72, -1,
      109, 72, 74, -1,
      62, 64, 109, -1,
      109, 64, 66, -1,
      109, 66, 68, -1,
      56, 58, 109, -1,
      109, 58, 60, -1,
      109, 60, 62, -1,
      50, 52, 109, -1,
      109, 52, 54, -1,
      109, 54, 56, -1,
      44, 46, 109, -1,
      109, 46, 48, -1,
      109, 48, 50, -1,
      38, 40, 109, -1,
      109, 40, 42, -1,
      109, 42, 44, -1,
      32, 34, 109, -1,
      109, 34, 36, -1,
      109, 36, 38, -1,
      26, 28, 109, -1,
      109, 28, 30, -1,
      109, 30, 32, -1,
      20, 22, 109, -1,
      109, 22, 24, -1,
      109, 24, 26, -1,
      14, 16, 109, -1,
      109, 16, 18, -1,
      109, 18, 20, -1,
      8, 10, 109, -1,
      109, 10, 12, -1,
      109, 12, 14, -1,
      2, 4, 109, -1,
      109, 4, 6, -1,
      109, 6, 8, -1,
    ]
  }
}

Shape {
  appearance Appearance {
    material Material {
      diffuseColor 1.0000 1.0000 1.0000
      specularColor 0.5020 0.5020 0.5020
      ambientIntensity 0.2
      transparency 0.0000
      shininess 0.5
    }
  }
  geometry IndexedFaceSet {
    ccw TRUE
    solid FALSE
    coord DEF co Coordinate {
      point [
        0.472441 0.000000 0.354331,
        0.361911 0.303679 0.354331,
        0.082039 0.465263 0.354331,
        -0.236220 0.409146 0.354331,
        -0.443949 0.161584 0.354331,
        -0.443949 -0.161584 0.354331,
        -0.236220 -0.409146 0.354331,
        0.082039 -0.465263 0.354331,
        0.361911 -0.303679 0.354331,
        -0.154650 -0.542556 0.098590,
        -0.156004 -0.542568 0.098445,
        -0.143056 -0.542568 0.098445,
        -0.560950 -0.521430 0.340053,
        -0.560950 -0.524715 0.302514,
        -0.267205 -0.524715 0.302514,
        -0.070020 -0.538412 0.145954,
        -0.068806 -0.541998 0.104956,
        -0.063764 -0.536552 0.167213,
        -0.063764 -0.542568 0.098445,
        -0.068806 -0.542529 0.098894,
        -0.080629 -0.542568 0.098445,
        -0.090624 -0.540433 0.122845,
        -0.090624 -0.541998 0.104956,
        -0.080629 -0.540433 0.122845,
        -0.080629 -0.541998 0.104956,
        -0.071535 -0.540433 0.122845,
        -0.071535 -0.539901 0.128935,
        -0.080629 -0.539901 0.128935,
        -0.080629 -0.538412 0.145954,
        -0.090624 -0.539901 0.128935,
        -0.090624 -0.538412 0.145954,
        -0.080629 -0.542529 0.098894,
        -0.097515 -0.542529 0.098894,
        -0.101117 -0.542568 0.098445,
        -0.097515 -0.537877 0.152070,
        -0.564235 -0.524715 0.302514,
        -0.569977 -0.530457 0.236878,
        -0.560950 -0.530457 0.236878,
        -0.576072 -0.536552 0.167213,
        -0.560950 -0.536552 0.167213,
        -0.582088 -0.542568 0.098445,
        -0.560950 -0.542568 0.098445,
        -0.583931 -0.544411 0.077381,
        -0.560950 -0.544411 0.077381,
        -0.590701 -0.551181 0.000000,
        -0.560950 -0.551181 0.000000,
        -0.044176 -0.533876 0.197798,
        -0.063764 -0.533876 0.197798,
        -0.038732 -0.535148 0.183253,
        -0.031118 -0.535148 0.183253,
        0.576072 -0.536552 0.167213,
        0.569977 -0.530457 0.236878,
        -0.051449 -0.530496 0.236430,
        -0.063764 -0.530457 0.236878,
        -0.058817 -0.530496 0.236430,
        -0.063764 -0.531628 0.223493,
        -0.012301 -0.542529 0.098894,
        -0.015420 -0.540437 0.122803,
        -0.016708 -0.540982 0.116573,
        0.028116 -0.542529 0.098894,
        0.022671 -0.541257 0.113439,
        0.000443 -0.541257 0.113439,
        0.582088 -0.542568 0.098445,
        0.015398 -0.537877 0.152070,
        0.008030 -0.537877 0.152070,
        -0.019331 -0.541464 0.111070,
        -0.023313 -0.541877 0.106343,
        -0.024254 -0.541950 0.105509,
        -0.015262 -0.540143 0.126162,
        -0.016180 -0.539493 0.133597,
        -0.043494 -0.537877 0.152070,
        -0.035351 -0.537955 0.151176,
        -0.023313 -0.538493 0.145029,
        -0.021496 -0.538647 0.143266,
        -0.018174 -0.539051 0.138649,
        -0.029481 -0.542253 0.102054,
        -0.035708 -0.542449 0.099810,
        -0.044040 -0.542529 0.098894,
        -0.028908 -0.538160 0.148833,
        -0.004687 -0.542529 0.098894,
        0.035730 -0.542529 0.098894,
        -0.058722 -0.542529 0.098894,
        -0.058722 -0.537877 0.152070,
        -0.167453 -0.530457 0.236878,
        -0.182069 -0.530457 0.236878,
        -0.180559 -0.530468 0.236754,
        -0.175046 -0.530608 0.235152,
        -0.175046 -0.531236 0.227975,
        -0.167453 -0.536552 0.167213,
        -0.205140 -0.533887 0.197667,
        -0.202541 -0.534202 0.194073,
        -0.201522 -0.534290 0.193067,
        -0.198043 -0.534506 0.190604,
        -0.186298 -0.534683 0.188569,
        -0.180267 -0.534585 0.189694,
        -0.175046 -0.534380 0.192034,
        -0.175046 -0.534956 0.185455,
        -0.175957 -0.534995 0.185003,
        -0.198820 -0.535110 0.183691,
        -0.203859 -0.534904 0.186054,
        -0.212625 -0.536552 0.167213,
        -0.208163 -0.534592 0.189615,
        -0.209006 -0.534509 0.190556,
        -0.194248 -0.534634 0.189131,
        -0.188828 -0.534692 0.188473,
        -0.181056 -0.531028 0.230347,
        -0.202846 -0.531542 0.224475,
        -0.175641 -0.531208 0.228294,
        -0.205344 -0.531872 0.220698,
        -0.207046 -0.532286 0.215971,
        -0.187627 -0.530960 0.231128,
        -0.189680 -0.530967 0.231047,
        -0.202173 -0.531476 0.225229,
        -0.194327 -0.531045 0.230159,
        -0.198526 -0.531214 0.228226,
        -0.207781 -0.532875 0.209243,
        -0.207723 -0.533047 0.207273,
        -0.206867 -0.533513 0.201954,
        -0.181688 -0.535159 0.183131,
        -0.189824 -0.535227 0.182356,
        -0.193033 -0.535214 0.182506,
        -0.187518 -0.530418 0.237327,
        -0.167453 -0.524715 0.302514,
        -0.187695 -0.530418 0.237327,
        -0.212625 -0.524715 0.302514,
        -0.191348 -0.530457 0.236878,
        -0.212625 -0.530457 0.236878,
        -0.211178 -0.531544 0.224454,
        -0.207304 -0.531103 0.229497,
        -0.206060 -0.530999 0.230684,
        -0.201074 -0.530692 0.234191,
        -0.195511 -0.530502 0.236367,
        -0.212081 -0.534104 0.195194,
        -0.212625 -0.533972 0.196702,
        -0.215825 -0.536552 0.167213,
        -0.215825 -0.530457 0.236878,
        -0.213711 -0.532061 0.218546,
        -0.212625 -0.531839 0.221078,
        -0.214142 -0.533605 0.200901,
        -0.215013 -0.532910 0.208835,
        -0.214920 -0.532669 0.211602,
        -0.136867 -0.530496 0.236430,
        -0.130611 -0.530457 0.236878,
        -0.143056 -0.530457 0.236878,
        -0.157472 -0.533053 0.207204,
        -0.157472 -0.534618 0.189316,
        -0.143056 -0.533053 0.207204,
        -0.143056 -0.534618 0.189316,
        -0.138382 -0.533053 0.207204,
        -0.135653 -0.534618 0.189316,
        -0.138382 -0.532520 0.213294,
        -0.136867 -0.531031 0.230313,
        -0.143056 -0.532520 0.213294,
        -0.143056 -0.531031 0.230313,
        -0.157472 -0.532520 0.213294,
        -0.157472 -0.531031 0.230313,
        -0.130611 -0.536552 0.167213,
        -0.135653 -0.535148 0.183253,
        -0.143056 -0.536552 0.167213,
        -0.143056 -0.535148 0.183253,
        -0.164362 -0.535148 0.183253,
        -0.164362 -0.530496 0.236430,
        -0.143056 -0.530496 0.236430,
        -0.110887 -0.535148 0.183253,
        -0.125569 -0.535148 0.183253,
        -0.110341 -0.530496 0.236430,
        -0.101117 -0.530457 0.236878,
        -0.125569 -0.530496 0.236430,
        -0.082267 -0.533057 0.207162,
        -0.083555 -0.533602 0.200932,
        -0.080629 -0.536552 0.167213,
        -0.086178 -0.534083 0.195429,
        -0.090160 -0.534497 0.190702,
        -0.080629 -0.530457 0.236878,
        -0.083028 -0.532112 0.217956,
        -0.082109 -0.532763 0.210521,
        -0.091102 -0.534570 0.189868,
        -0.096328 -0.534872 0.186413,
        -0.101117 -0.536552 0.167213,
        -0.101117 -0.535023 0.184688,
        -0.102555 -0.535069 0.184170,
        -0.090160 -0.531112 0.229389,
        -0.088343 -0.531267 0.227625,
        -0.085022 -0.531670 0.223009,
        -0.102199 -0.530574 0.235535,
        -0.101117 -0.530609 0.235142,
        -0.095756 -0.530780 0.233192,
        -0.079148 -0.535148 0.183253,
        -0.071535 -0.535148 0.183253,
        -0.066404 -0.533876 0.197798,
        -0.186290 -0.542529 0.098894,
        -0.194434 -0.542569 0.098442,
        -0.179604 -0.542529 0.098894,
        -0.167453 -0.542568 0.098445,
        -0.186290 -0.542015 0.104766,
        -0.186467 -0.542015 0.104766,
        -0.188031 -0.542211 0.102526,
        -0.212625 -0.542568 0.098445,
        -0.201841 -0.542569 0.098443,
        -0.202492 -0.542559 0.098552,
        -0.186585 -0.539235 0.136548,
        -0.169425 -0.539704 0.131183,
        -0.168172 -0.539547 0.132982,
        -0.207543 -0.540946 0.116993,
        -0.205494 -0.540791 0.118763,
        -0.206512 -0.540006 0.127739,
        -0.202647 -0.540663 0.120217,
        -0.201853 -0.539751 0.130648,
        -0.197588 -0.540555 0.121459,
        -0.197664 -0.539633 0.131988,
        -0.190212 -0.542393 0.100451,
        -0.191768 -0.542479 0.099467,
        -0.204995 -0.542469 0.099575,
        -0.206962 -0.542346 0.100987,
        -0.207985 -0.542252 0.102065,
        -0.209177 -0.542087 0.103948,
        -0.209954 -0.541886 0.106244,
        -0.210237 -0.541639 0.109061,
        -0.210219 -0.541570 0.109859,
        -0.209794 -0.541318 0.112735,
        -0.205202 -0.539373 0.134968,
        -0.206512 -0.539439 0.134209,
        -0.208878 -0.541113 0.115085,
        -0.200243 -0.539204 0.136903,
        -0.193385 -0.539130 0.137743,
        -0.189418 -0.539161 0.137393,
        -0.186290 -0.540417 0.123035,
        -0.186480 -0.540182 0.125719,
        -0.187148 -0.539965 0.128198,
        -0.184356 -0.539344 0.135291,
        -0.182566 -0.539493 0.133602,
        -0.170231 -0.539892 0.129039,
        -0.181192 -0.539680 0.131463,
        -0.180138 -0.539943 0.128455,
        -0.187915 -0.539842 0.129607,
        -0.188904 -0.539746 0.130705,
        -0.190065 -0.539677 0.131490,
        -0.191567 -0.539628 0.132053,
        -0.194013 -0.539604 0.132333,
        -0.167512 -0.540728 0.119476,
        -0.170544 -0.541811 0.107104,
        -0.167453 -0.540732 0.119437,
        -0.168141 -0.541942 0.105605,
        -0.167453 -0.541965 0.105337,
        -0.168606 -0.540629 0.120616,
        -0.169487 -0.540506 0.122022,
        -0.179604 -0.540391 0.123334,
        -0.170220 -0.540327 0.124060,
        -0.170503 -0.540103 0.126624,
        -0.212625 -0.544411 0.077381,
        -0.198148 -0.542607 0.097997,
        -0.199394 -0.542604 0.098037,
        -0.170544 -0.542413 0.100226,
        -0.167453 -0.542507 0.099141,
        -0.165883 -0.542556 0.098590,
        -0.164497 -0.542568 0.098445,
        -0.160200 -0.542607 0.097997,
        -0.167453 -0.544411 0.077381,
        -0.146624 -0.539278 0.136057,
        -0.146624 -0.539844 0.129587,
        -0.166218 -0.539394 0.134726,
        -0.164631 -0.539309 0.135702,
        -0.145114 -0.541860 0.106544,
        -0.145937 -0.542044 0.104433,
        -0.147184 -0.542198 0.102677,
        -0.167453 -0.539491 0.133624,
        -0.161061 -0.539187 0.137089,
        -0.155657 -0.539130 0.137743,
        -0.150966 -0.539167 0.137329,
        -0.147033 -0.541076 0.115505,
        -0.145792 -0.541235 0.113683,
        -0.145076 -0.541407 0.111722,
        -0.144795 -0.541625 0.109225,
        -0.149093 -0.542344 0.101014,
        -0.151015 -0.542443 0.099874,
        -0.156312 -0.539604 0.132333,
        -0.158291 -0.539617 0.132185,
        -0.163612 -0.540051 0.127222,
        -0.160080 -0.539658 0.131714,
        -0.161579 -0.539727 0.130919,
        -0.163551 -0.540128 0.126336,
        -0.163286 -0.540219 0.125301,
        -0.162804 -0.540297 0.124403,
        -0.162152 -0.540360 0.123688,
        -0.159794 -0.540488 0.122220,
        -0.151621 -0.539654 0.131762,
        -0.155657 -0.540645 0.120426,
        -0.147840 -0.539781 0.130298,
        -0.153068 -0.540737 0.119382,
        -0.148627 -0.540952 0.116922,
        -0.162587 -0.539805 0.130031,
        -0.163161 -0.539879 0.129183,
        -0.163491 -0.539958 0.128284,
        -0.163960 -0.542084 0.103977,
        -0.160378 -0.541069 0.115586,
        -0.164363 -0.540909 0.117406,
        -0.159546 -0.542132 0.103434,
        -0.159250 -0.542131 0.103436,
        -0.155988 -0.541229 0.113755,
        -0.155823 -0.542098 0.103819,
        -0.151659 -0.541682 0.108572,
        -0.151724 -0.541610 0.109401,
        -0.154098 -0.542043 0.104448,
        -0.153488 -0.542011 0.104816,
        -0.152721 -0.541952 0.105494,
        -0.152137 -0.541876 0.106354,
        -0.151797 -0.541793 0.107302,
        -0.152028 -0.541519 0.110441,
        -0.152545 -0.541441 0.111324,
        -0.153378 -0.541366 0.112188,
        -0.111651 -0.539206 0.136873,
        -0.104720 -0.539206 0.136873,
        -0.080629 -0.537877 0.152070,
        -0.070020 -0.537877 0.152070,
        -0.123877 -0.541704 0.108328,
        -0.123059 -0.541977 0.105201,
        -0.122881 -0.541977 0.105201,
        -0.130611 -0.540015 0.127625,
        -0.122063 -0.541708 0.108273,
        -0.122574 -0.541863 0.106503,
        -0.130611 -0.542568 0.098445,
        -0.130611 -0.541580 0.109746,
        -0.141316 -0.539206 0.136873,
        -0.133838 -0.539206 0.136873,
        -0.126361 -0.542522 0.098975,
        -0.126586 -0.542568 0.098445,
        -0.129294 -0.543126 0.092070,
        -0.143056 -0.544411 0.077381,
        -0.139937 -0.544046 0.081549,
        -0.139937 -0.543528 0.087476,
        -0.131870 -0.543459 0.088270,
        -0.130624 -0.543338 0.089649,
        -0.130611 -0.543336 0.089672,
        -0.138435 -0.543570 0.086995,
        -0.136144 -0.543594 0.086714,
        -0.130611 -0.543991 0.082178,
        -0.133052 -0.544070 0.081285,
        -0.130611 -0.544411 0.077381,
        -0.135626 -0.544094 0.081005,
        -0.137966 -0.544082 0.081144,
        -0.134456 -0.543577 0.086913,
        -0.133000 -0.543528 0.087480,
        -0.122022 -0.543031 0.093157,
        -0.124315 -0.543444 0.088436,
        -0.101117 -0.544411 0.077381,
        -0.119929 -0.542568 0.098445,
        -0.127183 -0.543774 0.084664,
        -0.128058 -0.543845 0.083849,
        -0.130401 -0.543985 0.082256,
        -0.364056 -0.529976 0.242374,
        -0.355851 -0.530457 0.236878,
        -0.267205 -0.530457 0.236878,
        -0.347130 -0.530968 0.231037,
        -0.334665 -0.532222 0.216701,
        -0.292163 -0.536552 0.167213,
        -0.267205 -0.536552 0.167213,
        -0.294590 -0.535966 0.173915,
        -0.301964 -0.535002 0.184923,
        -0.311914 -0.534217 0.193906,
        -0.326636 -0.533581 0.201169,
        -0.323043 -0.533693 0.199896,
        -0.435054 -0.530039 0.241654,
        -0.417556 -0.529450 0.248385,
        -0.398746 -0.529248 0.250698,
        -0.383102 -0.529391 0.249060,
        -0.484720 -0.532089 0.218220,
        -0.469717 -0.531927 0.220073,
        -0.531098 -0.536976 0.162361,
        -0.530235 -0.536552 0.167213,
        -0.528570 -0.535733 0.176573,
        -0.522533 -0.534541 0.190196,
        -0.513362 -0.533515 0.201925,
        -0.442789 -0.530457 0.236878,
        -0.444288 -0.530538 0.235952,
        -0.453207 -0.531204 0.228344,
        -0.465352 -0.531948 0.219837,
        -0.460987 -0.531993 0.219317,
        -0.510840 -0.533307 0.204305,
        -0.498776 -0.532566 0.212769,
        -0.484898 -0.542479 0.099465,
        -0.489754 -0.542352 0.100916,
        -0.503463 -0.541769 0.107584,
        -0.515259 -0.540891 0.117613,
        -0.523875 -0.539821 0.129845,
        -0.529338 -0.538590 0.143915,
        -0.531200 -0.537286 0.158824,
        -0.468054 -0.544282 0.078858,
        -0.475472 -0.543794 0.084439,
        -0.481110 -0.543186 0.091382,
        -0.484419 -0.542568 0.098445,
        -0.267205 -0.544411 0.077381,
        -0.433117 -0.544411 0.077381,
        -0.267205 -0.551181 0.000000,
        -0.439722 -0.544631 0.074867,
        -0.448843 -0.544728 0.073756,
        -0.450342 -0.544726 0.073785,
        -0.459301 -0.544603 0.075185,
        -0.464533 -0.544411 0.077381,
        -0.417683 -0.543303 0.090045,
        -0.423685 -0.543892 0.083316,
        -0.431253 -0.544349 0.078090,
        -0.413238 -0.542563 0.098504,
        -0.366161 -0.542347 0.100972,
        -0.368302 -0.542170 0.102996,
        -0.420378 -0.539204 0.136895,
        -0.369522 -0.536889 0.163361,
        -0.426988 -0.538680 0.142896,
        -0.435037 -0.538303 0.147201,
        -0.312770 -0.537665 0.154493,
        -0.314532 -0.537029 0.161760,
        -0.317463 -0.536552 0.167213,
        -0.506353 -0.536552 0.167213,
        -0.290781 -0.539087 0.138237,
        -0.267205 -0.542568 0.098445,
        -0.289063 -0.537914 0.151641,
        -0.290369 -0.536985 0.162264,
        -0.366793 -0.540733 0.119415,
        -0.364407 -0.540598 0.120962,
        -0.357757 -0.538642 0.143323,
        -0.361770 -0.540518 0.121881,
        -0.504263 -0.538509 0.144842,
        -0.499450 -0.539226 0.136648,
        -0.480301 -0.539549 0.132957,
        -0.492608 -0.539831 0.129728,
        -0.484518 -0.540263 0.124797,
        -0.466255 -0.538455 0.145461,
        -0.474020 -0.538924 0.140097,
        -0.507289 -0.537220 0.159580,
        -0.506895 -0.537695 0.154142,
        -0.457869 -0.538176 0.148646,
        -0.448843 -0.538080 0.149750,
        -0.444196 -0.538104 0.149474,
        -0.295529 -0.540135 0.126257,
        -0.303106 -0.541057 0.115723,
        -0.304993 -0.541226 0.113782,
        -0.315113 -0.541910 0.105968,
        -0.326855 -0.542365 0.100775,
        -0.337642 -0.542545 0.098709,
        -0.359275 -0.540494 0.122150,
        -0.358906 -0.540497 0.122124,
        -0.357767 -0.540519 0.121872,
        -0.371040 -0.541520 0.110430,
        -0.370963 -0.541403 0.111766,
        -0.410890 -0.541090 0.115345,
        -0.370240 -0.541150 0.114654,
        -0.368808 -0.540922 0.117263,
        -0.360034 -0.542545 0.098709,
        -0.360953 -0.542537 0.098805,
        -0.363509 -0.542477 0.099492,
        -0.369863 -0.541959 0.105409,
        -0.370771 -0.541733 0.107991,
        -0.411073 -0.541745 0.107851,
        -0.410890 -0.541420 0.111564,
        -0.413269 -0.542568 0.098445,
        -0.320283 -0.539695 0.131281,
        -0.316111 -0.539180 0.137181,
        -0.313500 -0.538590 0.143921,
        -0.312594 -0.537947 0.151263,
        -0.356998 -0.540528 0.121772,
        -0.339919 -0.540528 0.121772,
        -0.333170 -0.540415 0.123053,
        -0.326466 -0.540146 0.126128,
        -0.320844 -0.539748 0.130681,
        -0.353577 -0.533358 0.203716,
        -0.362193 -0.532471 0.213855,
        -0.449222 -0.534408 0.191717,
        -0.362858 -0.532419 0.214457,
        -0.373510 -0.531772 0.221849,
        -0.443387 -0.533357 0.203733,
        -0.452060 -0.534273 0.193256,
        -0.460574 -0.534005 0.196323,
        -0.318044 -0.536457 0.168295,
        -0.322488 -0.536024 0.173246,
        -0.342196 -0.535367 0.180753,
        -0.328377 -0.535666 0.177336,
        -0.335003 -0.535444 0.179872,
        -0.345233 -0.535367 0.180753,
        -0.347652 -0.534421 0.191569,
        -0.482447 -0.534117 0.195049,
        -0.490938 -0.534504 0.190622,
        -0.473064 -0.533928 0.197206,
        -0.497693 -0.535027 0.184642,
        -0.502939 -0.535687 0.177104,
        -0.434861 -0.532471 0.213854,
        -0.385404 -0.531372 0.226414,
        -0.424798 -0.531830 0.221180,
        -0.398366 -0.531233 0.228013,
        -0.412410 -0.531391 0.226201,
        -0.469337 -0.533912 0.197388,
        -0.506174 -0.536425 0.168666,
        0.583931 -0.544411 0.077381,
        -0.063764 -0.544411 0.077381,
        -0.080629 -0.544411 0.077381,
        0.564235 -0.524715 0.302514,
        -0.063764 -0.524715 0.302514,
        -0.080629 -0.524715 0.302514,
        -0.101117 -0.524715 0.302514,
        -0.130611 -0.524715 0.302514,
        -0.143056 -0.524715 0.302514,
        0.590701 -0.551181 0.000000,
        -0.063764 -0.551181 0.000000,
        -0.080629 -0.551181 0.000000,
        -0.101117 -0.551181 0.000000,
        -0.130611 -0.551181 0.000000,
        -0.143056 -0.551181 0.000000,
        -0.167453 -0.551181 0.000000,
        -0.212625 -0.551181 0.000000,
        -0.215825 -0.551181 0.000000,
        -0.215825 -0.544411 0.077381,
        -0.215825 -0.542568 0.098445,
        -0.216637 -0.541998 0.104956,
        -0.216637 -0.542529 0.098894,
        -0.245346 -0.542529 0.098894,
        -0.217851 -0.538412 0.145954,
        -0.245346 -0.537877 0.152070,
        -0.217851 -0.537877 0.152070,
        -0.238455 -0.540433 0.122845,
        -0.238455 -0.541998 0.104956,
        -0.219366 -0.540433 0.122845,
        -0.219366 -0.539901 0.128935,
        -0.238455 -0.539901 0.128935,
        -0.238455 -0.538412 0.145954,
        -0.238455 -0.530496 0.236430,
        -0.238455 -0.534618 0.189316,
        -0.217196 -0.534618 0.189316,
        -0.245346 -0.535148 0.183253,
        -0.245346 -0.530496 0.236430,
        -0.217196 -0.535148 0.183253,
        -0.215825 -0.524715 0.302514,
        0.559701 -0.520181 0.354331,
        -0.063764 -0.520181 0.354331,
        -0.080629 -0.520181 0.354331,
        -0.101117 -0.520181 0.354331,
        -0.130611 -0.520181 0.354331,
        -0.143056 -0.520181 0.354331,
        -0.167453 -0.520181 0.354331,
        -0.212625 -0.520181 0.354331,
        -0.215825 -0.520181 0.354331,
        -0.267205 -0.520181 0.354331,
        -0.559701 -0.520181 0.354331,
        -0.629921 0.511961 0.000000,
        -0.616144 0.498183 0.157480,
        -0.614810 0.508353 0.157480,
        -0.628587 0.522131 0.000000,
        -0.613164 0.513215 0.157480,
        -0.626942 0.526992 0.000000,
        -0.610899 0.517816 0.157480,
        -0.624676 0.531594 0.000000,
        -0.621830 0.535858 0.000000,
        -0.608053 0.522080 0.157480,
        -0.618452 0.539712 0.000000,
        -0.604674 0.525934 0.157480,
        -0.614598 0.543090 0.000000,
        -0.600820 0.529313 0.157480,
        -0.610334 0.545936 0.000000,
        -0.596556 0.532159 0.157480,
        -0.605732 0.548202 0.000000,
        -0.591955 0.534424 0.157480,
        -0.600871 0.549847 0.000000,
        -0.587093 0.536070 0.157480,
        -0.576923 0.537404 0.157480,
        -0.590701 0.551181 -0.000000,
        -0.600644 -0.482683 -0.334646,
        -0.629921 -0.511961 -0.000000,
        -0.628143 -0.409449 -0.020330,
        -0.629921 -0.409449 -0.000000,
        -0.602366 0.409449 -0.314961,
        -0.602366 0.074803 -0.314961,
        -0.629921 -0.074803 0.000000,
        -0.629921 0.074803 -0.000000,
        -0.628143 -0.074803 -0.020330,
        -0.628143 0.074803 -0.020330,
        -0.600644 0.482683 -0.334646,
        -0.600644 0.409449 -0.334646,
        -0.600644 -0.409449 -0.334646,
        -0.602366 -0.409449 -0.314961,
        -0.602366 -0.074803 -0.314961,
        -0.600644 -0.074803 -0.334646,
        -0.600644 0.074803 -0.334646,
        -0.629921 0.409449 0.000000,
        -0.628143 0.409449 -0.020330,
        -0.626477 0.074803 0.039368,
        -0.626477 0.409449 0.039368,
        -0.616144 0.368108 0.157480,
        -0.626477 -0.409449 0.039368,
        -0.598921 -0.480961 0.354331,
        -0.626477 -0.074803 0.039370,
        -0.598921 0.385331 0.354331,
        -0.561423 -0.521904 -0.334646,
        -0.275591 -0.521904 -0.334646,
        -0.393701 -0.074803 -0.334646,
        -0.393701 0.074803 -0.334646,
        -0.393701 -0.409449 -0.334646,
        -0.275591 0.521904 -0.334646,
        -0.393701 0.409449 -0.334646,
        -0.571593 -0.520570 -0.334646,
        -0.597664 -0.497715 -0.334646,
        -0.599310 -0.492853 -0.334646,
        -0.561423 0.521904 -0.334646,
        -0.576455 -0.518924 -0.334646,
        -0.581056 -0.516659 -0.334646,
        -0.595399 -0.502316 -0.334646,
        -0.585320 -0.513813 -0.334646,
        -0.592553 -0.506580 -0.334646,
        -0.589174 -0.510434 -0.334646,
        -0.581056 0.516659 -0.334646,
        -0.576455 0.518924 -0.334646,
        -0.595399 0.502316 -0.334646,
        -0.597664 0.497715 -0.334646,
        -0.599310 0.492853 -0.334646,
        -0.571593 0.520570 -0.334646,
        -0.585320 0.513813 -0.334646,
        -0.592553 0.506580 -0.334646,
        -0.589174 0.510434 -0.334646,
        0.629921 -0.511961 0.000000,
        0.600644 -0.482683 -0.334646,
        0.602366 -0.409449 -0.314961,
        0.600644 -0.409449 -0.334646,
        0.628143 0.409449 -0.020330,
        0.628143 0.074803 -0.020330,
        0.600644 -0.074803 -0.334646,
        0.600644 0.074803 -0.334646,
        0.602366 -0.074803 -0.314961,
        0.602366 0.074803 -0.314961,
        0.629921 0.511961 -0.000000,
        0.629921 0.409449 -0.000000,
        0.629921 -0.409449 0.000000,
        0.628143 -0.409449 -0.020330,
        0.628143 -0.074803 -0.020330,
        0.629921 -0.074803 -0.000000,
        0.629921 0.074803 0.000000,
        0.600644 0.409449 -0.334646,
        0.600644 0.482683 -0.334646,
        0.602366 0.409449 -0.314961,
        0.626477 -0.074803 0.039368,
        0.626477 0.409449 0.039368,
        0.598921 0.480961 0.354331,
        0.626477 0.074803 0.039370,
        0.598921 -0.480961 0.354331,
        0.626477 -0.409449 0.039368,
        0.393701 0.409449 -0.334646,
        0.275591 0.521904 -0.334646,
        0.561423 0.521904 -0.334646,
        0.393701 0.074803 -0.334646,
        0.275591 -0.521904 -0.334646,
        0.595399 0.502316 -0.334646,
        0.597664 0.497715 -0.334646,
        0.576455 0.518924 -0.334646,
        0.571593 0.520570 -0.334646,
        0.599310 0.492853 -0.334646,
        0.393701 -0.074803 -0.334646,
        0.393701 -0.409449 -0.334646,
        0.561423 -0.521904 -0.334646,
        0.581056 0.516659 -0.334646,
        0.585320 0.513813 -0.334646,
        0.592553 0.506580 -0.334646,
        0.589174 0.510434 -0.334646,
        0.599310 -0.492853 -0.334646,
        0.576455 -0.518924 -0.334646,
        0.571593 -0.520570 -0.334646,
        0.597664 -0.497715 -0.334646,
        0.595399 -0.502316 -0.334646,
        0.581056 -0.516659 -0.334646,
        0.585320 -0.513813 -0.334646,
        0.592553 -0.506580 -0.334646,
        0.589174 -0.510434 -0.334646,
        -0.628587 -0.522131 0.000000,
        -0.626942 -0.526992 0.000000,
        -0.624676 -0.531594 0.000000,
        -0.621830 -0.535858 0.000000,
        -0.618452 -0.539712 0.000000,
        -0.614598 -0.543090 0.000000,
        -0.610334 -0.545936 0.000000,
        -0.605732 -0.548202 0.000000,
        -0.600871 -0.549847 0.000000,
        -0.275591 -0.520181 -0.354331,
        0.275591 -0.520181 -0.354331,
        0.590701 0.551181 -0.000000,
        0.275591 0.520181 -0.354331,
        -0.275591 0.520181 -0.354331,
        -0.446848 0.537404 0.157480,
        -0.464071 0.520181 0.354331,
        0.559701 0.520181 0.354331,
        0.207104 -0.424627 0.354331,
        0.145992 -0.449318 0.354331,
        -0.462117 0.098226 0.354331,
        0.264185 -0.391671 0.354331,
        -0.114294 -0.458407 0.354331,
        -0.176980 -0.438040 0.354331,
        0.431596 0.192159 0.354331,
        0.454139 0.130222 0.354331,
        -0.417141 -0.221798 0.354331,
        -0.462117 -0.098226 0.354331,
        -0.471290 -0.032956 0.354331,
        -0.471290 0.032956 0.354331,
        0.145992 0.449318 0.354331,
        0.207104 0.424627 0.354331,
        0.467843 0.065751 0.354331,
        0.467843 -0.065751 0.354331,
        0.454139 -0.130222 0.354331,
        0.016488 -0.472153 0.354331,
        -0.049383 -0.469853 0.354331,
        -0.579334 -0.514936 0.354331,
        -0.574732 -0.517202 0.354331,
        -0.339846 -0.328185 0.354331,
        -0.290864 0.372289 0.354331,
        -0.176980 0.438040 0.354331,
        -0.114294 0.458407 0.354331,
        0.569871 -0.518848 0.354331,
        0.316125 -0.351092 0.354331,
        0.574732 -0.517202 0.354331,
        0.579334 -0.514936 0.354331,
        0.583598 -0.512091 0.354331,
        -0.597588 -0.491131 0.354331,
        -0.382213 -0.277694 0.354331,
        -0.290864 -0.372289 0.354331,
        -0.569871 -0.518848 0.354331,
        -0.417141 0.221798 0.354331,
        -0.382213 0.277694 0.354331,
        -0.339846 0.328185 0.354331,
        0.431596 -0.192159 0.354331,
        0.400653 -0.250356 0.354331,
        0.597588 -0.491131 0.354331,
        0.595942 -0.495992 0.354331,
        0.593676 -0.500594 0.354331,
        -0.049383 0.469853 0.354331,
        0.016488 0.472153 0.354331,
        0.587452 -0.508712 0.354331,
        0.590831 -0.504858 0.354331,
        -0.595942 -0.495992 0.354331,
        -0.593676 -0.500594 0.354331,
        -0.590831 -0.504858 0.354331,
        -0.587452 -0.508712 0.354331,
        -0.583598 -0.512091 0.354331,
        0.264185 0.391671 0.354331,
        0.316125 0.351092 0.354331,
        0.569871 0.518848 0.354331,
        0.574732 0.517202 0.354331,
        0.579334 0.514936 0.354331,
        0.597588 0.491131 0.354331,
        0.400653 0.250356 0.354331,
        0.595942 0.495992 0.354331,
        0.593676 0.500594 0.354331,
        0.590831 0.504858 0.354331,
        0.587452 0.508712 0.354331,
        0.583598 0.512091 0.354331,
        0.600871 0.549847 -0.000000,
        0.605732 0.548202 -0.000000,
        0.610334 0.545936 -0.000000,
        0.614598 0.543090 -0.000000,
        0.618452 0.539712 -0.000000,
        0.621830 0.535858 -0.000000,
        0.624676 0.531594 -0.000000,
        0.626942 0.526992 -0.000000,
        0.628587 0.522131 -0.000000,
        0.628587 -0.522131 0.000000,
        0.626942 -0.526992 0.000000,
        0.624676 -0.531594 0.000000,
        0.621830 -0.535858 0.000000,
        0.618452 -0.539712 0.000000,
        0.614598 -0.543090 0.000000,
        0.610334 -0.545936 0.000000,
        0.605732 -0.548202 0.000000,
        0.600871 -0.549847 0.000000,
      ]
    }
    coordIndex [
      9, 10, 11, -1,
      12, 13, 14, -1,
      15, 16, 17, -1,
      17, 16, 18, -1,
      18, 16, 19, -1,
      18, 19, 20, -1,
      21, 22, 23, -1,
      23, 22, 24, -1,
      23, 24, 25, -1,
      25, 24, 16, -1,
      25, 16, 26, -1,
      26, 16, 15, -1,
      26, 15, 27, -1,
      27, 15, 28, -1,
      27, 28, 29, -1,
      29, 28, 30, -1,
      19, 31, 20, -1,
      20, 31, 32, -1,
      20, 32, 33, -1,
      33, 32, 34, -1,
      12, 35, 13, -1,
      13, 35, 36, -1,
      13, 36, 37, -1,
      37, 36, 38, -1,
      37, 38, 39, -1,
      39, 38, 40, -1,
      39, 40, 41, -1,
      41, 40, 42, -1,
      41, 42, 43, -1,
      43, 42, 44, -1,
      43, 44, 45, -1,
      46, 47, 48, -1,
      48, 47, 17, -1,
      48, 17, 49, -1,
      50, 51, 52, -1,
      52, 51, 53, -1,
      52, 53, 54, -1,
      54, 53, 55, -1,
      56, 57, 58, -1,
      59, 60, 61, -1,
      62, 50, 63, -1,
      52, 49, 50, -1,
      50, 49, 17, -1,
      50, 17, 63, -1,
      63, 17, 64, -1,
      58, 65, 56, -1,
      56, 65, 66, -1,
      56, 66, 67, -1,
      57, 56, 68, -1,
      68, 56, 64, -1,
      68, 64, 69, -1,
      70, 71, 17, -1,
      72, 73, 64, -1,
      64, 73, 74, -1,
      64, 74, 69, -1,
      67, 75, 56, -1,
      56, 75, 76, -1,
      56, 76, 77, -1,
      17, 71, 64, -1,
      64, 71, 78, -1,
      64, 78, 72, -1,
      61, 79, 59, -1,
      59, 79, 62, -1,
      59, 62, 80, -1,
      80, 62, 63, -1,
      79, 56, 62, -1,
      62, 56, 77, -1,
      62, 77, 18, -1,
      18, 77, 81, -1,
      18, 81, 17, -1,
      17, 81, 82, -1,
      17, 82, 70, -1,
      83, 84, 85, -1,
      85, 86, 83, -1,
      83, 86, 87, -1,
      83, 87, 88, -1,
      89, 90, 87, -1,
      87, 90, 91, -1,
      87, 91, 92, -1,
      93, 94, 87, -1,
      87, 94, 95, -1,
      87, 95, 88, -1,
      88, 95, 96, -1,
      88, 96, 97, -1,
      98, 99, 100, -1,
      100, 99, 101, -1,
      100, 101, 102, -1,
      92, 103, 87, -1,
      87, 103, 104, -1,
      87, 104, 93, -1,
      105, 106, 107, -1,
      107, 106, 108, -1,
      107, 108, 109, -1,
      105, 110, 106, -1,
      106, 110, 111, -1,
      106, 111, 112, -1,
      112, 111, 113, -1,
      112, 113, 114, -1,
      109, 115, 107, -1,
      107, 115, 116, -1,
      107, 116, 87, -1,
      87, 116, 117, -1,
      87, 117, 89, -1,
      97, 118, 88, -1,
      88, 118, 119, -1,
      88, 119, 100, -1,
      100, 119, 120, -1,
      100, 120, 98, -1,
      121, 122, 123, -1,
      123, 122, 124, -1,
      123, 124, 125, -1,
      126, 127, 128, -1,
      128, 129, 126, -1,
      126, 129, 130, -1,
      126, 130, 131, -1,
      102, 132, 100, -1,
      100, 132, 133, -1,
      100, 133, 134, -1,
      135, 136, 126, -1,
      126, 136, 137, -1,
      126, 137, 127, -1,
      133, 138, 134, -1,
      134, 138, 139, -1,
      134, 139, 135, -1,
      135, 139, 140, -1,
      135, 140, 136, -1,
      141, 142, 143, -1,
      144, 145, 146, -1,
      146, 145, 147, -1,
      146, 147, 148, -1,
      148, 147, 149, -1,
      148, 149, 150, -1,
      150, 149, 151, -1,
      150, 151, 152, -1,
      152, 151, 153, -1,
      152, 153, 154, -1,
      154, 153, 155, -1,
      141, 151, 142, -1,
      142, 151, 149, -1,
      142, 149, 156, -1,
      156, 149, 157, -1,
      156, 157, 158, -1,
      158, 157, 159, -1,
      158, 159, 88, -1,
      88, 159, 160, -1,
      88, 160, 83, -1,
      83, 160, 161, -1,
      83, 161, 143, -1,
      143, 161, 162, -1,
      143, 162, 141, -1,
      163, 164, 156, -1,
      165, 166, 142, -1,
      156, 164, 142, -1,
      142, 164, 167, -1,
      142, 167, 165, -1,
      168, 169, 170, -1,
      170, 169, 171, -1,
      170, 171, 172, -1,
      173, 174, 175, -1,
      172, 176, 170, -1,
      170, 176, 177, -1,
      170, 177, 178, -1,
      178, 177, 179, -1,
      178, 179, 180, -1,
      181, 182, 173, -1,
      173, 182, 183, -1,
      173, 183, 174, -1,
      165, 184, 166, -1,
      166, 184, 185, -1,
      166, 185, 173, -1,
      173, 185, 186, -1,
      173, 186, 181, -1,
      187, 170, 188, -1,
      188, 170, 17, -1,
      188, 17, 189, -1,
      189, 17, 47, -1,
      55, 53, 187, -1,
      187, 53, 173, -1,
      187, 173, 170, -1,
      170, 173, 175, -1,
      170, 175, 168, -1,
      190, 191, 192, -1,
      192, 191, 193, -1,
      194, 195, 190, -1,
      190, 195, 196, -1,
      197, 198, 199, -1,
      200, 201, 202, -1,
      203, 204, 205, -1,
      205, 204, 206, -1,
      205, 206, 207, -1,
      207, 206, 208, -1,
      207, 208, 209, -1,
      196, 210, 190, -1,
      190, 210, 211, -1,
      190, 211, 191, -1,
      199, 212, 197, -1,
      197, 212, 213, -1,
      197, 213, 214, -1,
      214, 215, 197, -1,
      197, 215, 216, -1,
      197, 216, 217, -1,
      100, 218, 219, -1,
      220, 100, 221, -1,
      221, 100, 219, -1,
      221, 219, 205, -1,
      205, 219, 222, -1,
      205, 222, 203, -1,
      220, 223, 100, -1,
      100, 223, 224, -1,
      100, 224, 225, -1,
      226, 227, 208, -1,
      208, 227, 228, -1,
      200, 229, 201, -1,
      201, 229, 230, -1,
      201, 230, 231, -1,
      231, 230, 232, -1,
      231, 232, 233, -1,
      228, 234, 208, -1,
      208, 234, 235, -1,
      208, 235, 236, -1,
      236, 237, 208, -1,
      208, 237, 238, -1,
      208, 238, 209, -1,
      239, 240, 241, -1,
      241, 240, 242, -1,
      241, 242, 243, -1,
      244, 245, 246, -1,
      246, 245, 247, -1,
      246, 247, 233, -1,
      233, 247, 248, -1,
      233, 248, 231, -1,
      249, 250, 251, -1,
      239, 244, 240, -1,
      240, 244, 246, -1,
      240, 246, 252, -1,
      252, 246, 192, -1,
      252, 192, 253, -1,
      253, 192, 193, -1,
      253, 193, 254, -1,
      254, 193, 255, -1,
      256, 255, 257, -1,
      257, 255, 193, -1,
      257, 193, 249, -1,
      249, 193, 191, -1,
      249, 191, 250, -1,
      258, 259, 11, -1,
      260, 261, 88, -1,
      262, 263, 11, -1,
      11, 263, 264, -1,
      225, 200, 100, -1,
      100, 200, 202, -1,
      100, 202, 88, -1,
      88, 202, 265, -1,
      88, 265, 260, -1,
      261, 266, 88, -1,
      88, 266, 267, -1,
      88, 267, 158, -1,
      158, 267, 268, -1,
      158, 268, 258, -1,
      269, 270, 259, -1,
      259, 270, 271, -1,
      259, 271, 11, -1,
      11, 271, 272, -1,
      11, 272, 262, -1,
      264, 273, 11, -1,
      11, 273, 274, -1,
      11, 274, 9, -1,
      275, 276, 277, -1,
      277, 276, 278, -1,
      277, 278, 279, -1,
      277, 280, 275, -1,
      275, 280, 281, -1,
      275, 281, 282, -1,
      282, 283, 275, -1,
      275, 283, 284, -1,
      275, 284, 285, -1,
      285, 284, 286, -1,
      285, 286, 287, -1,
      287, 286, 288, -1,
      287, 288, 259, -1,
      259, 288, 289, -1,
      259, 289, 269, -1,
      290, 291, 279, -1,
      279, 291, 292, -1,
      279, 292, 277, -1,
      293, 294, 243, -1,
      243, 294, 295, -1,
      243, 295, 241, -1,
      293, 296, 294, -1,
      294, 296, 297, -1,
      294, 297, 298, -1,
      298, 297, 299, -1,
      298, 300, 301, -1,
      299, 302, 298, -1,
      298, 302, 303, -1,
      298, 303, 304, -1,
      304, 305, 298, -1,
      298, 305, 306, -1,
      298, 306, 300, -1,
      301, 307, 298, -1,
      298, 307, 308, -1,
      298, 308, 309, -1,
      310, 311, 178, -1,
      311, 33, 178, -1,
      178, 33, 34, -1,
      178, 34, 170, -1,
      170, 34, 312, -1,
      170, 312, 17, -1,
      17, 312, 313, -1,
      17, 313, 15, -1,
      314, 315, 316, -1,
      180, 163, 178, -1,
      178, 163, 156, -1,
      178, 156, 310, -1,
      310, 156, 317, -1,
      310, 317, 318, -1,
      318, 317, 314, -1,
      318, 314, 319, -1,
      319, 314, 316, -1,
      320, 321, 11, -1,
      11, 321, 322, -1,
      258, 11, 158, -1,
      158, 11, 322, -1,
      158, 322, 156, -1,
      156, 322, 323, -1,
      156, 323, 317, -1,
      324, 321, 325, -1,
      325, 321, 320, -1,
      325, 320, 326, -1,
      327, 328, 329, -1,
      330, 331, 320, -1,
      320, 331, 332, -1,
      320, 332, 326, -1,
      256, 257, 10, -1,
      10, 257, 327, -1,
      10, 327, 11, -1,
      11, 327, 329, -1,
      11, 329, 320, -1,
      320, 329, 333, -1,
      320, 333, 334, -1,
      335, 336, 337, -1,
      337, 336, 338, -1,
      337, 338, 327, -1,
      327, 338, 339, -1,
      327, 339, 328, -1,
      334, 340, 320, -1,
      320, 340, 341, -1,
      320, 341, 330, -1,
      342, 343, 344, -1,
      342, 344, 345, -1,
      343, 346, 344, -1,
      344, 346, 347, -1,
      344, 347, 337, -1,
      337, 347, 348, -1,
      337, 348, 335, -1,
      349, 350, 351, -1,
      351, 350, 352, -1,
      351, 352, 353, -1,
      354, 355, 356, -1,
      356, 355, 351, -1,
      356, 351, 357, -1,
      357, 351, 358, -1,
      353, 359, 351, -1,
      351, 359, 360, -1,
      351, 360, 358, -1,
      361, 362, 13, -1,
      13, 362, 363, -1,
      13, 363, 14, -1,
      14, 363, 364, -1,
      37, 365, 366, -1,
      367, 368, 39, -1,
      39, 368, 369, -1,
      39, 369, 37, -1,
      37, 369, 370, -1,
      37, 370, 371, -1,
      361, 13, 372, -1,
      372, 13, 37, -1,
      372, 37, 373, -1,
      373, 37, 366, -1,
      373, 366, 374, -1,
      374, 366, 375, -1,
      374, 375, 376, -1,
      371, 377, 37, -1,
      37, 377, 378, -1,
      37, 378, 365, -1,
      379, 380, 41, -1,
      41, 380, 381, -1,
      41, 381, 382, -1,
      382, 383, 41, -1,
      41, 383, 384, -1,
      41, 384, 39, -1,
      39, 384, 385, -1,
      39, 385, 367, -1,
      386, 387, 43, -1,
      43, 387, 388, -1,
      43, 388, 41, -1,
      41, 388, 389, -1,
      41, 389, 379, -1,
      390, 391, 392, -1,
      392, 391, 393, -1,
      392, 393, 45, -1,
      45, 393, 394, -1,
      394, 395, 45, -1,
      45, 395, 396, -1,
      45, 396, 43, -1,
      43, 396, 397, -1,
      43, 397, 386, -1,
      398, 399, 390, -1,
      390, 399, 400, -1,
      390, 400, 391, -1,
      401, 402, 403, -1,
      404, 405, 406, -1,
      406, 405, 407, -1,
      408, 409, 405, -1,
      405, 409, 410, -1,
      405, 410, 411, -1,
      412, 413, 414, -1,
      414, 413, 355, -1,
      414, 355, 415, -1,
      415, 355, 354, -1,
      416, 417, 418, -1,
      418, 417, 419, -1,
      420, 421, 422, -1,
      422, 421, 423, -1,
      422, 423, 424, -1,
      425, 411, 426, -1,
      426, 411, 427, -1,
      426, 427, 422, -1,
      422, 427, 428, -1,
      422, 428, 420, -1,
      425, 429, 411, -1,
      411, 429, 430, -1,
      411, 430, 405, -1,
      405, 430, 431, -1,
      405, 431, 407, -1,
      412, 432, 413, -1,
      413, 432, 433, -1,
      413, 433, 434, -1,
      434, 435, 413, -1,
      413, 435, 436, -1,
      413, 436, 437, -1,
      419, 438, 418, -1,
      418, 438, 439, -1,
      418, 439, 440, -1,
      441, 442, 443, -1,
      443, 442, 444, -1,
      443, 444, 418, -1,
      418, 444, 445, -1,
      418, 445, 416, -1,
      446, 447, 401, -1,
      401, 447, 448, -1,
      401, 448, 402, -1,
      403, 449, 401, -1,
      401, 449, 450, -1,
      401, 450, 451, -1,
      451, 450, 441, -1,
      451, 441, 452, -1,
      452, 441, 443, -1,
      398, 390, 453, -1,
      453, 390, 413, -1,
      453, 413, 401, -1,
      401, 413, 437, -1,
      401, 437, 446, -1,
      454, 455, 418, -1,
      418, 455, 456, -1,
      418, 456, 405, -1,
      405, 456, 457, -1,
      405, 457, 408, -1,
      440, 458, 418, -1,
      418, 458, 459, -1,
      418, 459, 460, -1,
      460, 461, 418, -1,
      418, 461, 462, -1,
      418, 462, 454, -1,
      463, 464, 465, -1,
      464, 466, 465, -1,
      465, 466, 467, -1,
      465, 467, 468, -1,
      410, 465, 411, -1,
      411, 465, 469, -1,
      411, 469, 470, -1,
      471, 472, 473, -1,
      473, 472, 474, -1,
      473, 474, 475, -1,
      471, 473, 410, -1,
      410, 473, 476, -1,
      410, 476, 465, -1,
      465, 476, 477, -1,
      465, 477, 463, -1,
      478, 479, 480, -1,
      480, 479, 481, -1,
      480, 481, 482, -1,
      468, 467, 483, -1,
      483, 467, 484, -1,
      483, 484, 485, -1,
      485, 484, 486, -1,
      485, 486, 487, -1,
      470, 488, 411, -1,
      411, 488, 480, -1,
      411, 480, 489, -1,
      489, 480, 482, -1,
      490, 62, 491, -1,
      491, 62, 18, -1,
      491, 18, 492, -1,
      492, 18, 20, -1,
      492, 20, 344, -1,
      344, 20, 33, -1,
      344, 33, 345, -1,
      345, 33, 311, -1,
      51, 493, 53, -1,
      53, 493, 494, -1,
      53, 494, 173, -1,
      173, 494, 495, -1,
      173, 495, 166, -1,
      166, 495, 496, -1,
      166, 496, 142, -1,
      142, 496, 497, -1,
      142, 497, 143, -1,
      143, 497, 498, -1,
      143, 498, 83, -1,
      83, 498, 122, -1,
      83, 122, 84, -1,
      84, 122, 121, -1,
      499, 490, 500, -1,
      500, 490, 491, -1,
      500, 491, 501, -1,
      501, 491, 492, -1,
      501, 492, 502, -1,
      502, 492, 344, -1,
      502, 344, 503, -1,
      503, 344, 337, -1,
      503, 337, 504, -1,
      504, 337, 327, -1,
      504, 327, 505, -1,
      505, 327, 257, -1,
      505, 257, 506, -1,
      506, 257, 249, -1,
      506, 249, 507, -1,
      507, 249, 508, -1,
      507, 508, 392, -1,
      251, 198, 249, -1,
      249, 198, 197, -1,
      249, 197, 508, -1,
      508, 197, 509, -1,
      510, 511, 509, -1,
      509, 511, 512, -1,
      217, 218, 197, -1,
      197, 218, 100, -1,
      197, 100, 509, -1,
      509, 100, 134, -1,
      509, 134, 510, -1,
      510, 134, 513, -1,
      392, 508, 390, -1,
      390, 508, 509, -1,
      390, 509, 413, -1,
      413, 509, 512, -1,
      413, 512, 355, -1,
      355, 512, 514, -1,
      355, 514, 134, -1,
      134, 514, 515, -1,
      134, 515, 513, -1,
      516, 517, 518, -1,
      518, 517, 510, -1,
      518, 510, 519, -1,
      519, 510, 513, -1,
      519, 513, 520, -1,
      520, 513, 521, -1,
      522, 523, 524, -1,
      525, 526, 351, -1,
      351, 526, 522, -1,
      351, 522, 135, -1,
      135, 522, 524, -1,
      135, 524, 134, -1,
      134, 524, 527, -1,
      134, 527, 355, -1,
      355, 527, 525, -1,
      355, 525, 351, -1,
      131, 125, 126, -1,
      126, 125, 124, -1,
      126, 124, 135, -1,
      135, 124, 528, -1,
      135, 528, 351, -1,
      351, 528, 14, -1,
      351, 14, 349, -1,
      349, 14, 364, -1,
      493, 529, 494, -1,
      494, 529, 530, -1,
      494, 530, 495, -1,
      495, 530, 531, -1,
      495, 531, 496, -1,
      496, 531, 532, -1,
      496, 532, 497, -1,
      497, 532, 533, -1,
      497, 533, 498, -1,
      498, 533, 534, -1,
      498, 534, 122, -1,
      122, 534, 535, -1,
      122, 535, 124, -1,
      124, 535, 536, -1,
      124, 536, 528, -1,
      528, 536, 537, -1,
      528, 537, 14, -1,
      14, 537, 538, -1,
      14, 538, 12, -1,
      12, 538, 539, -1,
      540, 541, 542, -1,
      540, 542, 543, -1,
      543, 542, 544, -1,
      543, 544, 545, -1,
      545, 544, 546, -1,
      545, 546, 547, -1,
      547, 546, 548, -1,
      548, 546, 549, -1,
      548, 549, 550, -1,
      550, 549, 551, -1,
      550, 551, 552, -1,
      552, 551, 553, -1,
      552, 553, 554, -1,
      554, 553, 555, -1,
      554, 555, 556, -1,
      556, 555, 557, -1,
      556, 557, 558, -1,
      557, 559, 558, -1,
      558, 559, 560, -1,
      558, 560, 561, -1,
      562, 563, 564, -1,
      564, 563, 565, -1,
      566, 567, 564, -1,
      568, 569, 570, -1,
      570, 569, 571, -1,
      572, 573, 566, -1,
      574, 562, 575, -1,
      575, 562, 564, -1,
      575, 564, 576, -1,
      576, 564, 567, -1,
      576, 567, 577, -1,
      577, 567, 578, -1,
      579, 540, 580, -1,
      580, 540, 572, -1,
      580, 572, 571, -1,
      571, 572, 566, -1,
      571, 566, 570, -1,
      570, 566, 564, -1,
      581, 569, 568, -1,
      540, 579, 541, -1,
      541, 579, 582, -1,
      541, 582, 583, -1,
      565, 563, 584, -1,
      584, 563, 585, -1,
      584, 585, 586, -1,
      586, 585, 587, -1,
      586, 587, 568, -1,
      568, 587, 583, -1,
      568, 583, 581, -1,
      581, 583, 582, -1,
      562, 574, 588, -1,
      588, 574, 589, -1,
      577, 578, 590, -1,
      590, 578, 591, -1,
      574, 592, 589, -1,
      589, 592, 590, -1,
      589, 590, 593, -1,
      593, 590, 591, -1,
      593, 591, 594, -1,
      595, 596, 588, -1,
      588, 596, 597, -1,
      588, 597, 562, -1,
      594, 573, 593, -1,
      593, 573, 572, -1,
      593, 572, 598, -1,
      595, 599, 596, -1,
      596, 599, 600, -1,
      596, 600, 601, -1,
      601, 600, 602, -1,
      601, 602, 603, -1,
      603, 602, 604, -1,
      605, 606, 607, -1,
      607, 606, 608, -1,
      572, 609, 598, -1,
      598, 609, 608, -1,
      598, 608, 610, -1,
      610, 608, 606, -1,
      605, 607, 611, -1,
      611, 607, 612, -1,
      611, 612, 613, -1,
      614, 615, 616, -1,
      616, 615, 617, -1,
      618, 619, 616, -1,
      620, 621, 622, -1,
      622, 621, 623, -1,
      624, 625, 618, -1,
      626, 614, 627, -1,
      627, 614, 616, -1,
      627, 616, 628, -1,
      628, 616, 619, -1,
      628, 619, 629, -1,
      629, 619, 630, -1,
      631, 632, 633, -1,
      633, 632, 624, -1,
      633, 624, 623, -1,
      623, 624, 618, -1,
      623, 618, 622, -1,
      622, 618, 616, -1,
      634, 629, 630, -1,
      625, 624, 635, -1,
      635, 624, 636, -1,
      635, 636, 637, -1,
      637, 636, 638, -1,
      630, 637, 634, -1,
      634, 637, 638, -1,
      634, 638, 639, -1,
      639, 638, 614, -1,
      639, 614, 626, -1,
      632, 631, 640, -1,
      632, 641, 642, -1,
      632, 640, 641, -1,
      641, 640, 643, -1,
      641, 643, 644, -1,
      645, 646, 647, -1,
      642, 648, 632, -1,
      632, 648, 647, -1,
      632, 647, 649, -1,
      649, 647, 646, -1,
      621, 620, 643, -1,
      643, 620, 650, -1,
      643, 650, 644, -1,
      644, 650, 651, -1,
      644, 651, 652, -1,
      652, 651, 617, -1,
      652, 617, 615, -1,
      647, 653, 645, -1,
      645, 653, 654, -1,
      645, 654, 655, -1,
      655, 654, 656, -1,
      657, 658, 615, -1,
      615, 658, 659, -1,
      615, 659, 652, -1,
      657, 660, 658, -1,
      658, 660, 661, -1,
      658, 661, 662, -1,
      662, 661, 663, -1,
      663, 661, 664, -1,
      663, 664, 665, -1,
      561, 598, 610, -1,
      561, 610, 558, -1,
      558, 610, 606, -1,
      558, 606, 556, -1,
      556, 606, 605, -1,
      556, 605, 554, -1,
      554, 605, 611, -1,
      554, 611, 552, -1,
      552, 611, 613, -1,
      552, 613, 550, -1,
      550, 613, 548, -1,
      548, 613, 612, -1,
      548, 612, 547, -1,
      547, 612, 607, -1,
      547, 607, 545, -1,
      545, 607, 608, -1,
      545, 608, 543, -1,
      608, 609, 543, -1,
      543, 609, 572, -1,
      543, 572, 540, -1,
      563, 562, 597, -1,
      563, 597, 666, -1,
      666, 597, 596, -1,
      666, 596, 667, -1,
      667, 596, 601, -1,
      667, 601, 668, -1,
      668, 601, 603, -1,
      668, 603, 669, -1,
      669, 603, 604, -1,
      669, 604, 670, -1,
      670, 604, 671, -1,
      671, 604, 602, -1,
      671, 602, 672, -1,
      672, 602, 600, -1,
      672, 600, 673, -1,
      673, 600, 599, -1,
      673, 599, 674, -1,
      599, 595, 674, -1,
      674, 595, 588, -1,
      674, 588, 44, -1,
      644, 652, 499, -1,
      44, 588, 589, -1,
      675, 676, 589, -1,
      589, 676, 644, -1,
      589, 644, 44, -1,
      44, 644, 499, -1,
      593, 598, 561, -1,
      677, 642, 641, -1,
      678, 679, 641, -1,
      641, 679, 593, -1,
      641, 593, 677, -1,
      677, 593, 561, -1,
      679, 678, 675, -1,
      675, 678, 676, -1,
      561, 560, 680, -1,
      681, 682, 680, -1,
      680, 682, 677, -1,
      680, 677, 561, -1,
      683, 684, 529, -1,
      685, 4, 587, -1,
      683, 529, 686, -1,
      687, 688, 539, -1,
      539, 688, 6, -1,
      689, 690, 636, -1,
      585, 691, 5, -1,
      5, 692, 585, -1,
      585, 692, 693, -1,
      585, 693, 587, -1,
      587, 693, 694, -1,
      587, 694, 685, -1,
      695, 696, 682, -1,
      690, 697, 636, -1,
      636, 697, 0, -1,
      636, 0, 638, -1,
      638, 0, 698, -1,
      638, 698, 699, -1,
      684, 7, 529, -1,
      529, 7, 700, -1,
      529, 700, 539, -1,
      539, 700, 701, -1,
      539, 701, 687, -1,
      702, 703, 704, -1,
      705, 3, 681, -1,
      681, 3, 706, -1,
      681, 706, 707, -1,
      708, 8, 529, -1,
      529, 8, 709, -1,
      529, 709, 686, -1,
      708, 710, 8, -1,
      8, 710, 711, -1,
      8, 711, 712, -1,
      713, 704, 585, -1,
      585, 704, 714, -1,
      585, 714, 691, -1,
      6, 715, 539, -1,
      539, 715, 704, -1,
      539, 704, 716, -1,
      716, 704, 703, -1,
      4, 717, 587, -1,
      587, 717, 718, -1,
      587, 718, 681, -1,
      681, 718, 719, -1,
      681, 719, 705, -1,
      699, 720, 638, -1,
      638, 720, 721, -1,
      638, 721, 722, -1,
      722, 721, 8, -1,
      722, 8, 723, -1,
      723, 8, 724, -1,
      707, 725, 681, -1,
      681, 725, 726, -1,
      681, 726, 682, -1,
      682, 726, 2, -1,
      682, 2, 695, -1,
      712, 727, 8, -1,
      8, 727, 728, -1,
      8, 728, 724, -1,
      713, 729, 704, -1,
      704, 729, 730, -1,
      704, 730, 731, -1,
      731, 732, 704, -1,
      704, 732, 733, -1,
      704, 733, 702, -1,
      696, 734, 682, -1,
      682, 734, 735, -1,
      682, 735, 736, -1,
      736, 735, 1, -1,
      736, 1, 737, -1,
      737, 1, 738, -1,
      739, 1, 636, -1,
      636, 1, 740, -1,
      636, 740, 689, -1,
      739, 741, 1, -1,
      1, 741, 742, -1,
      1, 742, 743, -1,
      743, 744, 1, -1,
      1, 744, 745, -1,
      1, 745, 738, -1,
      677, 682, 736, -1,
      677, 736, 746, -1,
      746, 736, 737, -1,
      746, 737, 747, -1,
      747, 737, 738, -1,
      747, 738, 748, -1,
      748, 738, 745, -1,
      748, 745, 749, -1,
      749, 745, 744, -1,
      749, 744, 750, -1,
      750, 744, 751, -1,
      751, 744, 743, -1,
      751, 743, 752, -1,
      752, 743, 742, -1,
      752, 742, 753, -1,
      753, 742, 741, -1,
      753, 741, 754, -1,
      741, 739, 754, -1,
      754, 739, 636, -1,
      754, 636, 624, -1,
      624, 632, 649, -1,
      624, 649, 754, -1,
      754, 649, 646, -1,
      754, 646, 753, -1,
      753, 646, 645, -1,
      753, 645, 752, -1,
      752, 645, 655, -1,
      752, 655, 751, -1,
      751, 655, 656, -1,
      751, 656, 750, -1,
      750, 656, 749, -1,
      749, 656, 654, -1,
      749, 654, 748, -1,
      748, 654, 653, -1,
      748, 653, 747, -1,
      747, 653, 647, -1,
      747, 647, 746, -1,
      647, 648, 746, -1,
      746, 648, 642, -1,
      746, 642, 677, -1,
      614, 638, 722, -1,
      614, 722, 755, -1,
      755, 722, 723, -1,
      755, 723, 756, -1,
      756, 723, 724, -1,
      756, 724, 757, -1,
      757, 724, 728, -1,
      757, 728, 758, -1,
      758, 728, 727, -1,
      758, 727, 759, -1,
      759, 727, 760, -1,
      760, 727, 712, -1,
      760, 712, 761, -1,
      761, 712, 711, -1,
      761, 711, 762, -1,
      762, 711, 710, -1,
      762, 710, 763, -1,
      710, 708, 763, -1,
      763, 708, 529, -1,
      763, 529, 499, -1,
      499, 652, 659, -1,
      499, 659, 763, -1,
      763, 659, 658, -1,
      763, 658, 762, -1,
      762, 658, 662, -1,
      762, 662, 761, -1,
      761, 662, 663, -1,
      761, 663, 760, -1,
      760, 663, 665, -1,
      760, 665, 759, -1,
      759, 665, 758, -1,
      758, 665, 664, -1,
      758, 664, 757, -1,
      757, 664, 661, -1,
      757, 661, 756, -1,
      756, 661, 660, -1,
      756, 660, 755, -1,
      660, 657, 755, -1,
      755, 657, 615, -1,
      755, 615, 614, -1,
      44, 539, 716, -1,
      44, 716, 674, -1,
      674, 716, 703, -1,
      674, 703, 673, -1,
      673, 703, 702, -1,
      673, 702, 672, -1,
      672, 702, 733, -1,
      672, 733, 671, -1,
      671, 733, 732, -1,
      671, 732, 670, -1,
      670, 732, 669, -1,
      669, 732, 731, -1,
      669, 731, 668, -1,
      668, 731, 730, -1,
      668, 730, 667, -1,
      667, 730, 729, -1,
      667, 729, 666, -1,
      729, 713, 666, -1,
      666, 713, 585, -1,
      666, 585, 563, -1,
      593, 679, 589, -1,
      589, 679, 675, -1,
      678, 641, 676, -1,
      676, 641, 644, -1,
    ]
  }
}

Shape {
  appearance Appearance {
    material Material {
      diffuseColor 0.7529 0.7529 0.7529
      specularColor 0.3765 0.3765 0.3765
      ambientIntensity 0.2
      transparency 0.0000
      shininess 0.5
    }
  }
  geometry IndexedFaceSet {
    ccw TRUE
    solid FALSE
    coord DEF co Coordinate {
      point [
        -0.628143 -0.409449 -0.020330,
        -0.629921 -0.409449 -0.000000,
        -0.602366 0.409449 -0.314961,
        -0.602366 0.074803 -0.314961,
        -0.629921 -0.074803 0.000000,
        -0.629921 0.074803 -0.000000,
        -0.628143 -0.074803 -0.020330,
        -0.628143 0.074803 -0.020330,
        -0.600644 0.409449 -0.334646,
        -0.600644 -0.409449 -0.334646,
        -0.602366 -0.409449 -0.314961,
        -0.602366 -0.074803 -0.314961,
        -0.600644 -0.074803 -0.334646,
        -0.600644 0.074803 -0.334646,
        -0.629921 0.409449 0.000000,
        -0.628143 0.409449 -0.020330,
        -0.626477 0.074803 0.039368,
        -0.626477 0.409449 0.039368,
        -0.626477 -0.409449 0.039368,
        -0.393701 -0.074803 -0.334646,
        -0.393701 0.074803 -0.334646,
        -0.393701 -0.409449 -0.334646,
        -0.393701 0.409449 -0.334646,
        0.602366 -0.409449 -0.314961,
        0.600644 -0.409449 -0.334646,
        0.628143 0.409449 -0.020330,
        0.628143 0.074803 -0.020330,
        0.600644 -0.074803 -0.334646,
        0.600644 0.074803 -0.334646,
        0.602366 -0.074803 -0.314961,
        0.602366 0.074803 -0.314961,
        0.629921 0.409449 -0.000000,
        0.629921 -0.409449 0.000000,
        0.628143 -0.409449 -0.020330,
        0.628143 -0.074803 -0.020330,
        0.629921 -0.074803 -0.000000,
        0.629921 0.074803 0.000000,
        0.600644 0.409449 -0.334646,
        0.602366 0.409449 -0.314961,
        0.626477 -0.074803 0.039368,
        0.626477 0.409449 0.039368,
        0.626477 -0.409449 0.039368,
        0.393701 0.409449 -0.334646,
        0.393701 0.074803 -0.334646,
        0.393701 -0.074803 -0.334646,
        0.393701 -0.409449 -0.334646,
        -0.688976 0.409449 -0.023622,
        -0.688976 0.074803 -0.023622,
        -0.686851 0.074803 -0.007398,
        -0.686851 0.409449 -0.007398,
        -0.680619 0.074803 0.007731,
        -0.680619 0.409449 0.007731,
        -0.670700 0.074803 0.020746,
        -0.670700 0.409449 0.020746,
        -0.657764 0.074803 0.030766,
        -0.657764 0.409449 0.030766,
        -0.642684 0.074803 0.037116,
        -0.642684 0.409449 0.037116,
        -0.625984 0.409449 -0.314961,
        -0.625984 0.074803 -0.314961,
        -0.393701 0.074803 -0.374016,
        -0.393701 0.409449 -0.374016,
        -0.625984 0.409449 -0.374016,
        -0.625984 0.074803 -0.374016,
        -0.642288 0.074803 -0.371869,
        -0.642288 0.409449 -0.371869,
        -0.657480 0.074803 -0.365576,
        -0.657480 0.409449 -0.365576,
        -0.670526 0.074803 -0.355566,
        -0.670526 0.409449 -0.355566,
        -0.680537 0.074803 -0.342520,
        -0.680537 0.409449 -0.342520,
        -0.686830 0.074803 -0.327327,
        -0.686830 0.409449 -0.327327,
        -0.688976 0.074803 -0.311024,
        -0.688976 0.409449 -0.311024,
        -0.628884 0.409449 -0.020959,
        -0.628884 0.074803 -0.020959,
        -0.629448 0.409449 -0.021751,
        -0.629448 0.074803 -0.021751,
        -0.629801 0.409449 -0.022657,
        -0.629801 0.074803 -0.022657,
        -0.629921 0.409449 -0.023622,
        -0.629921 0.074803 -0.023622,
        -0.629921 0.409449 -0.311024,
        -0.629921 0.074803 -0.311024,
        -0.629787 0.409449 -0.312043,
        -0.629787 0.074803 -0.312043,
        -0.629394 0.409449 -0.312992,
        -0.629394 0.074803 -0.312992,
        -0.628768 0.409449 -0.313807,
        -0.628768 0.074803 -0.313807,
        -0.627953 0.409449 -0.314433,
        -0.627953 0.074803 -0.314433,
        -0.627003 0.409449 -0.314826,
        -0.627003 0.074803 -0.314826,
        0.639919 0.409449 0.037809,
        0.626477 0.074803 0.039368,
        0.639919 0.074803 0.037809,
        0.653252 0.074803 0.033162,
        0.653252 0.409449 0.033162,
        0.665215 0.074803 0.025662,
        0.665215 0.409449 0.025662,
        0.675207 0.074803 0.015686,
        0.675207 0.409449 0.015686,
        0.682726 0.074803 0.003735,
        0.682726 0.409449 0.003735,
        0.687394 0.074803 -0.009591,
        0.687394 0.409449 -0.009591,
        0.688976 0.074803 -0.023622,
        0.688976 0.409449 -0.023622,
        0.393701 0.409449 -0.374016,
        0.393701 0.074803 -0.374016,
        0.625984 0.074803 -0.314961,
        0.625984 0.409449 -0.314961,
        0.627003 0.409449 -0.314826,
        0.627003 0.074803 -0.314826,
        0.627953 0.409449 -0.314433,
        0.627953 0.074803 -0.314433,
        0.628768 0.409449 -0.313807,
        0.628768 0.074803 -0.313807,
        0.629394 0.409449 -0.312992,
        0.629394 0.074803 -0.312992,
        0.629787 0.409449 -0.312043,
        0.629787 0.074803 -0.312043,
        0.629921 0.409449 -0.311024,
        0.629921 0.074803 -0.311024,
        0.629921 0.409449 -0.023622,
        0.629921 0.074803 -0.023622,
        0.629801 0.409449 -0.022657,
        0.629801 0.074803 -0.022657,
        0.629448 0.409449 -0.021751,
        0.629448 0.074803 -0.021751,
        0.628884 0.409449 -0.020959,
        0.628884 0.074803 -0.020959,
        0.688976 0.409449 -0.311024,
        0.688976 0.074803 -0.311024,
        0.686830 0.074803 -0.327327,
        0.686830 0.409449 -0.327327,
        0.680537 0.074803 -0.342520,
        0.680537 0.409449 -0.342520,
        0.670526 0.074803 -0.355566,
        0.670526 0.409449 -0.355566,
        0.657480 0.074803 -0.365576,
        0.657480 0.409449 -0.365576,
        0.642288 0.074803 -0.371869,
        0.642288 0.409449 -0.371869,
        0.625984 0.074803 -0.374016,
        0.625984 0.409449 -0.374016,
        0.688976 -0.409449 -0.023622,
        0.688976 -0.074803 -0.023622,
        0.686851 -0.074803 -0.007398,
        0.686851 -0.409449 -0.007398,
        0.680619 -0.074803 0.007731,
        0.680619 -0.409449 0.007731,
        0.670700 -0.074803 0.020746,
        0.670700 -0.409449 0.020746,
        0.657764 -0.074803 0.030766,
        0.657764 -0.409449 0.030766,
        0.642684 -0.074803 0.037116,
        0.642684 -0.409449 0.037116,
        0.393701 -0.074803 -0.374016,
        0.393701 -0.409449 -0.374016,
        0.625984 -0.409449 -0.314961,
        0.625984 -0.074803 -0.314961,
        0.625984 -0.409449 -0.374016,
        0.625984 -0.074803 -0.374016,
        0.642288 -0.074803 -0.371869,
        0.642288 -0.409449 -0.371869,
        0.657480 -0.074803 -0.365576,
        0.657480 -0.409449 -0.365576,
        0.670526 -0.074803 -0.355566,
        0.670526 -0.409449 -0.355566,
        0.680537 -0.074803 -0.342520,
        0.680537 -0.409449 -0.342520,
        0.686830 -0.074803 -0.327327,
        0.686830 -0.409449 -0.327327,
        0.688976 -0.074803 -0.311024,
        0.688976 -0.409449 -0.311024,
        0.628884 -0.409449 -0.020959,
        0.628884 -0.074803 -0.020959,
        0.629448 -0.409449 -0.021751,
        0.629448 -0.074803 -0.021751,
        0.629801 -0.409449 -0.022657,
        0.629801 -0.074803 -0.022657,
        0.629921 -0.409449 -0.023622,
        0.629921 -0.074803 -0.023622,
        0.629921 -0.409449 -0.311024,
        0.629921 -0.074803 -0.311024,
        0.629787 -0.409449 -0.312043,
        0.629787 -0.074803 -0.312043,
        0.629394 -0.409449 -0.312992,
        0.629394 -0.074803 -0.312992,
        0.628768 -0.409449 -0.313807,
        0.628768 -0.074803 -0.313807,
        0.627953 -0.409449 -0.314433,
        0.627953 -0.074803 -0.314433,
        0.627003 -0.409449 -0.314826,
        0.627003 -0.074803 -0.314826,
        -0.639919 -0.409449 0.037809,
        -0.626477 -0.074803 0.039368,
        -0.639919 -0.074803 0.037809,
        -0.653252 -0.074803 0.033162,
        -0.653252 -0.409449 0.033162,
        -0.665215 -0.074803 0.025662,
        -0.665215 -0.409449 0.025662,
        -0.675207 -0.074803 0.015686,
        -0.675207 -0.409449 0.015686,
        -0.682726 -0.074803 0.003735,
        -0.682726 -0.409449 0.003735,
        -0.687394 -0.074803 -0.009591,
        -0.687394 -0.409449 -0.009591,
        -0.688976 -0.074803 -0.023622,
        -0.688976 -0.409449 -0.023622,
        -0.625984 -0.074803 -0.314961,
        -0.625984 -0.409449 -0.314961,
        -0.627003 -0.409449 -0.314826,
        -0.627003 -0.074803 -0.314826,
        -0.627953 -0.409449 -0.314433,
        -0.627953 -0.074803 -0.314433,
        -0.628768 -0.409449 -0.313807,
        -0.628768 -0.074803 -0.313807,
        -0.629394 -0.409449 -0.312992,
        -0.629394 -0.074803 -0.312992,
        -0.629787 -0.409449 -0.312043,
        -0.629787 -0.074803 -0.312043,
        -0.629921 -0.409449 -0.311024,
        -0.629921 -0.074803 -0.311024,
        -0.629921 -0.409449 -0.023622,
        -0.629921 -0.074803 -0.023622,
        -0.629801 -0.409449 -0.022657,
        -0.629801 -0.074803 -0.022657,
        -0.629448 -0.409449 -0.021751,
        -0.629448 -0.074803 -0.021751,
        -0.628884 -0.409449 -0.020959,
        -0.628884 -0.074803 -0.020959,
        -0.688976 -0.409449 -0.311024,
        -0.688976 -0.074803 -0.311024,
        -0.686830 -0.074803 -0.327327,
        -0.686830 -0.409449 -0.327327,
        -0.680537 -0.074803 -0.342520,
        -0.680537 -0.409449 -0.342520,
        -0.670526 -0.074803 -0.355566,
        -0.670526 -0.409449 -0.355566,
        -0.657480 -0.074803 -0.365576,
        -0.657480 -0.409449 -0.365576,
        -0.642288 -0.074803 -0.371869,
        -0.642288 -0.409449 -0.371869,
        -0.625984 -0.074803 -0.374016,
        -0.625984 -0.409449 -0.374016,
        -0.393701 -0.409449 -0.374016,
        -0.393701 -0.074803 -0.374016,
      ]
    }
    coordIndex [
      46, 47, 48, -1,
      46, 48, 49, -1,
      49, 48, 50, -1,
      49, 50, 51, -1,
      51, 50, 52, -1,
      51, 52, 53, -1,
      53, 52, 54, -1,
      53, 54, 55, -1,
      55, 54, 56, -1,
      55, 56, 57, -1,
      57, 56, 16, -1,
      57, 16, 17, -1,
      58, 59, 2, -1,
      2, 59, 3, -1,
      20, 60, 22, -1,
      22, 60, 61, -1,
      62, 61, 63, -1,
      63, 61, 60, -1,
      62, 63, 64, -1,
      62, 64, 65, -1,
      65, 64, 66, -1,
      65, 66, 67, -1,
      67, 66, 68, -1,
      67, 68, 69, -1,
      69, 68, 70, -1,
      69, 70, 71, -1,
      71, 70, 72, -1,
      71, 72, 73, -1,
      73, 72, 74, -1,
      73, 74, 75, -1,
      46, 75, 47, -1,
      47, 75, 74, -1,
      15, 7, 76, -1,
      76, 7, 77, -1,
      76, 77, 78, -1,
      78, 77, 79, -1,
      78, 79, 80, -1,
      80, 79, 81, -1,
      80, 81, 82, -1,
      82, 81, 83, -1,
      84, 82, 85, -1,
      85, 82, 83, -1,
      84, 85, 86, -1,
      86, 85, 87, -1,
      86, 87, 88, -1,
      88, 87, 89, -1,
      88, 89, 90, -1,
      90, 89, 91, -1,
      90, 91, 92, -1,
      92, 91, 93, -1,
      92, 93, 94, -1,
      94, 93, 95, -1,
      94, 95, 58, -1,
      58, 95, 59, -1,
      58, 2, 8, -1,
      8, 22, 61, -1,
      94, 58, 65, -1,
      65, 58, 8, -1,
      65, 8, 62, -1,
      62, 8, 61, -1,
      14, 15, 76, -1,
      57, 17, 14, -1,
      94, 65, 92, -1,
      92, 65, 67, -1,
      92, 67, 90, -1,
      90, 67, 69, -1,
      90, 69, 88, -1,
      88, 69, 71, -1,
      88, 71, 86, -1,
      86, 71, 73, -1,
      86, 73, 84, -1,
      84, 73, 75, -1,
      84, 75, 82, -1,
      82, 75, 46, -1,
      82, 46, 80, -1,
      80, 46, 49, -1,
      80, 49, 78, -1,
      78, 49, 51, -1,
      78, 51, 76, -1,
      76, 51, 53, -1,
      76, 53, 14, -1,
      14, 53, 55, -1,
      14, 55, 57, -1,
      60, 20, 63, -1,
      63, 20, 13, -1,
      63, 13, 64, -1,
      64, 13, 3, -1,
      7, 5, 52, -1,
      3, 59, 64, -1,
      64, 59, 95, -1,
      64, 95, 66, -1,
      66, 95, 93, -1,
      66, 93, 68, -1,
      68, 93, 91, -1,
      68, 91, 70, -1,
      70, 91, 89, -1,
      70, 89, 72, -1,
      72, 89, 87, -1,
      72, 87, 74, -1,
      74, 87, 85, -1,
      74, 85, 47, -1,
      47, 85, 83, -1,
      47, 83, 48, -1,
      48, 83, 81, -1,
      48, 81, 50, -1,
      50, 81, 79, -1,
      50, 79, 52, -1,
      52, 79, 77, -1,
      52, 77, 7, -1,
      16, 56, 5, -1,
      5, 56, 54, -1,
      5, 54, 52, -1,
      96, 40, 97, -1,
      97, 98, 96, -1,
      96, 98, 99, -1,
      96, 99, 100, -1,
      100, 99, 101, -1,
      100, 101, 102, -1,
      102, 101, 103, -1,
      102, 103, 104, -1,
      104, 103, 105, -1,
      104, 105, 106, -1,
      106, 105, 107, -1,
      106, 107, 108, -1,
      108, 107, 109, -1,
      108, 109, 110, -1,
      42, 111, 43, -1,
      43, 111, 112, -1,
      30, 113, 38, -1,
      38, 113, 114, -1,
      114, 113, 115, -1,
      115, 113, 116, -1,
      115, 116, 117, -1,
      117, 116, 118, -1,
      117, 118, 119, -1,
      119, 118, 120, -1,
      119, 120, 121, -1,
      121, 120, 122, -1,
      121, 122, 123, -1,
      123, 122, 124, -1,
      123, 124, 125, -1,
      125, 124, 126, -1,
      127, 125, 128, -1,
      128, 125, 126, -1,
      127, 128, 129, -1,
      129, 128, 130, -1,
      129, 130, 131, -1,
      131, 130, 132, -1,
      131, 132, 133, -1,
      133, 132, 134, -1,
      133, 134, 25, -1,
      25, 134, 26, -1,
      135, 110, 136, -1,
      136, 110, 109, -1,
      135, 136, 137, -1,
      135, 137, 138, -1,
      138, 137, 139, -1,
      138, 139, 140, -1,
      140, 139, 141, -1,
      140, 141, 142, -1,
      142, 141, 143, -1,
      142, 143, 144, -1,
      144, 143, 145, -1,
      144, 145, 146, -1,
      146, 145, 147, -1,
      146, 147, 148, -1,
      111, 148, 112, -1,
      112, 148, 147, -1,
      111, 42, 148, -1,
      148, 42, 37, -1,
      148, 37, 146, -1,
      146, 37, 38, -1,
      38, 114, 146, -1,
      146, 114, 115, -1,
      146, 115, 144, -1,
      144, 115, 117, -1,
      144, 117, 142, -1,
      142, 117, 119, -1,
      142, 119, 140, -1,
      140, 119, 121, -1,
      140, 121, 138, -1,
      138, 121, 123, -1,
      138, 123, 135, -1,
      135, 123, 125, -1,
      135, 125, 110, -1,
      110, 125, 127, -1,
      110, 127, 108, -1,
      108, 127, 129, -1,
      108, 129, 106, -1,
      106, 129, 131, -1,
      106, 131, 104, -1,
      104, 131, 133, -1,
      40, 96, 31, -1,
      31, 96, 100, -1,
      133, 25, 104, -1,
      104, 25, 31, -1,
      104, 31, 102, -1,
      102, 31, 100, -1,
      113, 30, 28, -1,
      28, 43, 112, -1,
      116, 113, 145, -1,
      145, 113, 28, -1,
      145, 28, 147, -1,
      147, 28, 112, -1,
      36, 26, 134, -1,
      98, 97, 36, -1,
      98, 36, 99, -1,
      116, 145, 118, -1,
      118, 145, 143, -1,
      118, 143, 120, -1,
      120, 143, 141, -1,
      120, 141, 122, -1,
      122, 141, 139, -1,
      122, 139, 124, -1,
      124, 139, 137, -1,
      124, 137, 126, -1,
      126, 137, 136, -1,
      126, 136, 128, -1,
      128, 136, 109, -1,
      128, 109, 130, -1,
      130, 109, 107, -1,
      130, 107, 132, -1,
      132, 107, 105, -1,
      132, 105, 134, -1,
      134, 105, 103, -1,
      134, 103, 36, -1,
      36, 103, 101, -1,
      36, 101, 99, -1,
      149, 150, 151, -1,
      149, 151, 152, -1,
      152, 151, 153, -1,
      152, 153, 154, -1,
      154, 153, 155, -1,
      154, 155, 156, -1,
      156, 155, 157, -1,
      156, 157, 158, -1,
      158, 157, 159, -1,
      158, 159, 160, -1,
      160, 159, 39, -1,
      160, 39, 41, -1,
      161, 162, 44, -1,
      44, 162, 45, -1,
      163, 164, 23, -1,
      23, 164, 29, -1,
      165, 162, 166, -1,
      166, 162, 161, -1,
      165, 166, 167, -1,
      165, 167, 168, -1,
      168, 167, 169, -1,
      168, 169, 170, -1,
      170, 169, 171, -1,
      170, 171, 172, -1,
      172, 171, 173, -1,
      172, 173, 174, -1,
      174, 173, 175, -1,
      174, 175, 176, -1,
      176, 175, 177, -1,
      176, 177, 178, -1,
      149, 178, 150, -1,
      150, 178, 177, -1,
      33, 34, 179, -1,
      179, 34, 180, -1,
      179, 180, 181, -1,
      181, 180, 182, -1,
      181, 182, 183, -1,
      183, 182, 184, -1,
      183, 184, 185, -1,
      185, 184, 186, -1,
      187, 185, 188, -1,
      188, 185, 186, -1,
      187, 188, 189, -1,
      189, 188, 190, -1,
      189, 190, 191, -1,
      191, 190, 192, -1,
      191, 192, 193, -1,
      193, 192, 194, -1,
      193, 194, 195, -1,
      195, 194, 196, -1,
      195, 196, 197, -1,
      197, 196, 198, -1,
      197, 198, 163, -1,
      163, 198, 164, -1,
      163, 23, 24, -1,
      24, 45, 162, -1,
      197, 163, 168, -1,
      168, 163, 24, -1,
      168, 24, 165, -1,
      165, 24, 162, -1,
      32, 33, 179, -1,
      160, 41, 32, -1,
      197, 168, 195, -1,
      195, 168, 170, -1,
      195, 170, 193, -1,
      193, 170, 172, -1,
      193, 172, 191, -1,
      191, 172, 174, -1,
      191, 174, 189, -1,
      189, 174, 176, -1,
      189, 176, 187, -1,
      187, 176, 178, -1,
      187, 178, 185, -1,
      185, 178, 149, -1,
      185, 149, 183, -1,
      183, 149, 152, -1,
      183, 152, 181, -1,
      181, 152, 154, -1,
      181, 154, 179, -1,
      179, 154, 156, -1,
      179, 156, 32, -1,
      32, 156, 158, -1,
      32, 158, 160, -1,
      161, 44, 166, -1,
      166, 44, 27, -1,
      166, 27, 167, -1,
      167, 27, 29, -1,
      29, 164, 167, -1,
      167, 164, 198, -1,
      167, 198, 169, -1,
      169, 198, 196, -1,
      169, 196, 171, -1,
      171, 196, 194, -1,
      171, 194, 173, -1,
      173, 194, 192, -1,
      173, 192, 175, -1,
      175, 192, 190, -1,
      175, 190, 177, -1,
      177, 190, 188, -1,
      177, 188, 150, -1,
      150, 188, 186, -1,
      150, 186, 151, -1,
      151, 186, 184, -1,
      151, 184, 153, -1,
      153, 184, 182, -1,
      153, 182, 155, -1,
      182, 180, 155, -1,
      155, 180, 34, -1,
      155, 34, 35, -1,
      39, 159, 35, -1,
      35, 159, 157, -1,
      35, 157, 155, -1,
      199, 18, 200, -1,
      200, 201, 199, -1,
      199, 201, 202, -1,
      199, 202, 203, -1,
      203, 202, 204, -1,
      203, 204, 205, -1,
      205, 204, 206, -1,
      205, 206, 207, -1,
      207, 206, 208, -1,
      207, 208, 209, -1,
      209, 208, 210, -1,
      209, 210, 211, -1,
      211, 210, 212, -1,
      211, 212, 213, -1,
      11, 214, 10, -1,
      10, 214, 215, -1,
      215, 214, 216, -1,
      216, 214, 217, -1,
      216, 217, 218, -1,
      218, 217, 219, -1,
      218, 219, 220, -1,
      220, 219, 221, -1,
      220, 221, 222, -1,
      222, 221, 223, -1,
      222, 223, 224, -1,
      224, 223, 225, -1,
      224, 225, 226, -1,
      226, 225, 227, -1,
      228, 226, 229, -1,
      229, 226, 227, -1,
      228, 229, 230, -1,
      230, 229, 231, -1,
      230, 231, 232, -1,
      232, 231, 233, -1,
      232, 233, 234, -1,
      234, 233, 235, -1,
      234, 235, 0, -1,
      0, 235, 6, -1,
      236, 213, 237, -1,
      237, 213, 212, -1,
      236, 237, 238, -1,
      236, 238, 239, -1,
      239, 238, 240, -1,
      239, 240, 241, -1,
      241, 240, 242, -1,
      241, 242, 243, -1,
      243, 242, 244, -1,
      243, 244, 245, -1,
      245, 244, 246, -1,
      245, 246, 247, -1,
      247, 246, 248, -1,
      247, 248, 249, -1,
      250, 249, 251, -1,
      251, 249, 248, -1,
      250, 251, 21, -1,
      21, 251, 19, -1,
      250, 21, 249, -1,
      249, 21, 9, -1,
      249, 9, 247, -1,
      247, 9, 10, -1,
      0, 1, 207, -1,
      1, 18, 199, -1,
      10, 215, 247, -1,
      247, 215, 216, -1,
      247, 216, 245, -1,
      245, 216, 218, -1,
      245, 218, 243, -1,
      243, 218, 220, -1,
      243, 220, 241, -1,
      241, 220, 222, -1,
      241, 222, 239, -1,
      239, 222, 224, -1,
      239, 224, 236, -1,
      236, 224, 226, -1,
      236, 226, 213, -1,
      213, 226, 228, -1,
      213, 228, 211, -1,
      211, 228, 230, -1,
      211, 230, 209, -1,
      209, 230, 232, -1,
      209, 232, 207, -1,
      207, 232, 234, -1,
      207, 234, 0, -1,
      199, 203, 1, -1,
      1, 203, 205, -1,
      1, 205, 207, -1,
      214, 11, 12, -1,
      12, 19, 251, -1,
      217, 214, 246, -1,
      246, 214, 12, -1,
      246, 12, 248, -1,
      248, 12, 251, -1,
      4, 6, 235, -1,
      201, 200, 4, -1,
      201, 4, 202, -1,
      217, 246, 219, -1,
      219, 246, 244, -1,
      219, 244, 221, -1,
      221, 244, 242, -1,
      221, 242, 223, -1,
      223, 242, 240, -1,
      223, 240, 225, -1,
      225, 240, 238, -1,
      225, 238, 227, -1,
      227, 238, 237, -1,
      227, 237, 229, -1,
      229, 237, 212, -1,
      229, 212, 231, -1,
      231, 212, 210, -1,
      231, 210, 233, -1,
      233, 210, 208, -1,
      233, 208, 235, -1,
      235, 208, 206, -1,
      235, 206, 4, -1,
      4, 206, 204, -1,
      4, 204, 202, -1,
    ]
  }
}

Shape {
  appearance Appearance {
    material Material {
      diffuseColor 1.0000 1.0000 1.0000
      specularColor 0.5020 0.5020 0.5020
      ambientIntensity 0.2
      transparency 0.0000
      shininess 0.5
    }
  }
  geometry IndexedFaceSet {
    ccw TRUE
    solid FALSE
    coord DEF co Coordinate {
      point [
        0.472441 0.000000 0.354331,
        0.361911 0.303679 0.354331,
        0.082039 0.465263 0.354331,
        -0.236220 0.409146 0.354331,
        -0.443949 0.161584 0.354331,
        -0.443949 -0.161584 0.354331,
        -0.236220 -0.409146 0.354331,
        0.082039 -0.465263 0.354331,
        0.361911 -0.303679 0.354331,
        -0.616144 0.498183 0.157480,
        -0.614810 0.508353 0.157480,
        -0.613164 0.513215 0.157480,
        -0.610899 0.517816 0.157480,
        -0.608053 0.522080 0.157480,
        -0.604674 0.525934 0.157480,
        -0.600820 0.529313 0.157480,
        -0.596556 0.532159 0.157480,
        -0.591955 0.534424 0.157480,
        -0.587093 0.536070 0.157480,
        -0.576923 0.537404 0.157480,
        -0.616144 0.368108 0.157480,
        -0.598921 0.385331 0.354331,
        -0.446848 0.537404 0.157480,
        -0.464071 0.520181 0.354331,
        0.207104 -0.424627 0.354331,
        0.145992 -0.449318 0.354331,
        -0.462117 0.098226 0.354331,
        0.264185 -0.391671 0.354331,
        -0.114294 -0.458407 0.354331,
        -0.176980 -0.438040 0.354331,
        0.431596 0.192159 0.354331,
        0.454139 0.130222 0.354331,
        -0.417141 -0.221798 0.354331,
        -0.462117 -0.098226 0.354331,
        -0.471290 -0.032956 0.354331,
        -0.471290 0.032956 0.354331,
        0.145992 0.449318 0.354331,
        0.207104 0.424627 0.354331,
        0.467843 0.065751 0.354331,
        0.467843 -0.065751 0.354331,
        0.454139 -0.130222 0.354331,
        0.016488 -0.472153 0.354331,
        -0.049383 -0.469853 0.354331,
        -0.339846 -0.328185 0.354331,
        -0.290864 0.372289 0.354331,
        -0.176980 0.438040 0.354331,
        -0.114294 0.458407 0.354331,
        0.316125 -0.351092 0.354331,
        -0.382213 -0.277694 0.354331,
        -0.290864 -0.372289 0.354331,
        -0.417141 0.221798 0.354331,
        -0.382213 0.277694 0.354331,
        -0.339846 0.328185 0.354331,
        0.431596 -0.192159 0.354331,
        0.400653 -0.250356 0.354331,
        -0.049383 0.469853 0.354331,
        0.016488 0.472153 0.354331,
        0.264185 0.391671 0.354331,
        0.316125 0.351092 0.354331,
        0.400653 0.250356 0.354331,
        0.447220 0.062853 0.236220,
        0.434120 0.124482 0.236220,
        0.412571 0.183688 0.236220,
        0.382991 0.239319 0.236220,
        0.345957 0.290293 0.236220,
        0.302189 0.335615 0.236220,
        0.252540 0.374406 0.236220,
        0.197975 0.405909 0.236220,
        0.139557 0.429511 0.236220,
        0.078422 0.444754 0.236220,
        0.015761 0.451340 0.236220,
        -0.047207 0.449141 0.236220,
        -0.109256 0.438200 0.236220,
        -0.169178 0.418730 0.236220,
        -0.225807 0.391110 0.236220,
        -0.278042 0.355878 0.236220,
        -0.324865 0.313718 0.236220,
        -0.365364 0.265453 0.236220,
        -0.398752 0.212020 0.236220,
        -0.424379 0.154461 0.236220,
        -0.441746 0.093896 0.236220,
        -0.450515 0.031503 0.236220,
        -0.450515 -0.031503 0.236220,
        -0.441746 -0.093896 0.236220,
        -0.424379 -0.154461 0.236220,
        -0.398752 -0.212020 0.236220,
        -0.365364 -0.265453 0.236220,
        -0.324865 -0.313718 0.236220,
        -0.278042 -0.355878 0.236220,
        -0.225807 -0.391110 0.236220,
        -0.169178 -0.418730 0.236220,
        -0.109256 -0.438200 0.236220,
        -0.047207 -0.449141 0.236220,
        0.015761 -0.451340 0.236220,
        0.078422 -0.444754 0.236220,
        0.139557 -0.429511 0.236220,
        0.197975 -0.405909 0.236220,
        0.252540 -0.374406 0.236220,
        0.302189 -0.335615 0.236220,
        0.345957 -0.290293 0.236220,
        0.382991 -0.239319 0.236220,
        0.412571 -0.183688 0.236220,
        0.434120 -0.124482 0.236220,
        0.447220 -0.062853 0.236220,
        0.451615 0.000000 0.236220,
      ]
    }
    coordIndex [
      22, 20, 23, -1,
      23, 20, 21, -1,
      20, 22, 9, -1,
      9, 22, 19, -1,
      18, 11, 19, -1,
      19, 11, 10, -1,
      19, 10, 9, -1,
      18, 17, 11, -1,
      11, 17, 16, -1,
      11, 16, 12, -1,
      12, 16, 13, -1,
      13, 16, 15, -1,
      13, 15, 14, -1,
      60, 38, 61, -1,
      61, 38, 31, -1,
      61, 31, 62, -1,
      62, 31, 30, -1,
      62, 30, 63, -1,
      63, 30, 59, -1,
      63, 59, 64, -1,
      64, 59, 1, -1,
      64, 1, 65, -1,
      65, 1, 58, -1,
      65, 58, 66, -1,
      66, 58, 57, -1,
      66, 57, 67, -1,
      67, 57, 37, -1,
      67, 37, 68, -1,
      68, 37, 36, -1,
      68, 36, 69, -1,
      69, 36, 2, -1,
      69, 2, 70, -1,
      70, 2, 56, -1,
      70, 56, 71, -1,
      71, 56, 55, -1,
      71, 55, 72, -1,
      72, 55, 46, -1,
      72, 46, 73, -1,
      73, 46, 45, -1,
      73, 45, 74, -1,
      74, 45, 3, -1,
      74, 3, 75, -1,
      75, 3, 44, -1,
      75, 44, 76, -1,
      76, 44, 52, -1,
      76, 52, 77, -1,
      77, 52, 51, -1,
      77, 51, 78, -1,
      78, 51, 50, -1,
      78, 50, 79, -1,
      79, 50, 4, -1,
      79, 4, 80, -1,
      80, 4, 26, -1,
      80, 26, 81, -1,
      81, 26, 35, -1,
      81, 35, 82, -1,
      82, 35, 34, -1,
      82, 34, 83, -1,
      83, 34, 33, -1,
      83, 33, 84, -1,
      84, 33, 5, -1,
      84, 5, 85, -1,
      85, 5, 32, -1,
      85, 32, 86, -1,
      86, 32, 48, -1,
      86, 48, 87, -1,
      87, 48, 43, -1,
      87, 43, 88, -1,
      88, 43, 49, -1,
      88, 49, 89, -1,
      89, 49, 6, -1,
      89, 6, 90, -1,
      90, 6, 29, -1,
      90, 29, 91, -1,
      91, 29, 28, -1,
      91, 28, 92, -1,
      92, 28, 42, -1,
      92, 42, 93, -1,
      93, 42, 41, -1,
      93, 41, 94, -1,
      94, 41, 7, -1,
      94, 7, 95, -1,
      95, 7, 25, -1,
      95, 25, 96, -1,
      96, 25, 24, -1,
      96, 24, 97, -1,
      97, 24, 27, -1,
      97, 27, 98, -1,
      98, 27, 47, -1,
      98, 47, 99, -1,
      99, 47, 8, -1,
      99, 8, 100, -1,
      100, 8, 54, -1,
      100, 54, 101, -1,
      101, 54, 53, -1,
      101, 53, 102, -1,
      102, 53, 40, -1,
      102, 40, 103, -1,
      103, 40, 39, -1,
      103, 39, 104, -1,
      104, 39, 0, -1,
      104, 0, 60, -1,
      60, 0, 38, -1,
    ]
  }
}

Shape {
  appearance Appearance {
    material Material {
      diffuseColor 0.7529 0.7529 0.7529
      specularColor 0.3765 0.3765 0.3765
      ambientIntensity 0.2
      transparency 0.0000
      shininess 0.5
    }
  }
  geometry IndexedFaceSet {
    ccw TRUE
    solid FALSE
    coord DEF co Coordinate {
      point [
        0.447220 0.062853 0.236220,
        0.434120 0.124482 0.236220,
        0.412571 0.183688 0.236220,
        0.382991 0.239319 0.236220,
        0.345957 0.290293 0.236220,
        0.302189 0.335615 0.236220,
        0.252540 0.374406 0.236220,
        0.197975 0.405909 0.236220,
        0.139557 0.429511 0.236220,
        0.078422 0.444754 0.236220,
        0.015761 0.451340 0.236220,
        -0.047207 0.449141 0.236220,
        -0.109256 0.438200 0.236220,
        -0.169178 0.418730 0.236220,
        -0.225807 0.391110 0.236220,
        -0.278042 0.355878 0.236220,
        -0.324865 0.313718 0.236220,
        -0.365364 0.265453 0.236220,
        -0.398752 0.212020 0.236220,
        -0.424379 0.154461 0.236220,
        -0.441746 0.093896 0.236220,
        -0.450515 0.031503 0.236220,
        -0.450515 -0.031503 0.236220,
        -0.441746 -0.093896 0.236220,
        -0.424379 -0.154461 0.236220,
        -0.398752 -0.212020 0.236220,
        -0.365364 -0.265453 0.236220,
        -0.324865 -0.313718 0.236220,
        -0.278042 -0.355878 0.236220,
        -0.225807 -0.391110 0.236220,
        -0.169178 -0.418730 0.236220,
        -0.109256 -0.438200 0.236220,
        -0.047207 -0.449141 0.236220,
        0.015761 -0.451340 0.236220,
        0.078422 -0.444754 0.236220,
        0.139557 -0.429511 0.236220,
        0.197975 -0.405909 0.236220,
        0.252540 -0.374406 0.236220,
        0.302189 -0.335615 0.236220,
        0.345957 -0.290293 0.236220,
        0.382991 -0.239319 0.236220,
        0.412571 -0.183688 0.236220,
        0.434120 -0.124482 0.236220,
        0.447220 -0.062853 0.236220,
        0.451615 0.000000 0.236220,
        0.000000 0.000000 0.236220,
      ]
    }
    coordIndex [
      42, 43, 45, -1,
      45, 43, 44, -1,
      45, 44, 0, -1,
      39, 40, 45, -1,
      45, 40, 41, -1,
      45, 41, 42, -1,
      36, 37, 45, -1,
      45, 37, 38, -1,
      45, 38, 39, -1,
      33, 34, 45, -1,
      45, 34, 35, -1,
      45, 35, 36, -1,
      30, 31, 45, -1,
      45, 31, 32, -1,
      45, 32, 33, -1,
      27, 28, 45, -1,
      45, 28, 29, -1,
      45, 29, 30, -1,
      24, 25, 45, -1,
      45, 25, 26, -1,
      45, 26, 27, -1,
      21, 22, 45, -1,
      45, 22, 23, -1,
      45, 23, 24, -1,
      18, 19, 45, -1,
      45, 19, 20, -1,
      45, 20, 21, -1,
      15, 16, 45, -1,
      45, 16, 17, -1,
      45, 17, 18, -1,
      12, 13, 45, -1,
      45, 13, 14, -1,
      45, 14, 15, -1,
      9, 10, 45, -1,
      45, 10, 11, -1,
      45, 11, 12, -1,
      6, 7, 45, -1,
      45, 7, 8, -1,
      45, 8, 9, -1,
      3, 4, 45, -1,
      45, 4, 5, -1,
      45, 5, 6, -1,
      0, 1, 45, -1,
      45, 1, 2, -1,
      45, 2, 3, -1,
    ]
  }
}

Shape {
  appearance Appearance {
    material Material {
      diffuseColor 0.0000 0.0000 0.0000
      specularColor 0.0000 0.0000 0.0000
      ambientIntensity 0.2
      transparency 0.0000
      shininess 0.5
    }
  }
  geometry IndexedFaceSet {
    ccw TRUE
    solid FALSE
    coord DEF co Coordinate {
      point [
        -0.182069 -0.530457 0.236878,
        -0.180559 -0.530468 0.236754,
        -0.175046 -0.530608 0.235152,
        -0.175046 -0.531236 0.227975,
        -0.205140 -0.533887 0.197667,
        -0.202541 -0.534202 0.194073,
        -0.201522 -0.534290 0.193067,
        -0.198043 -0.534506 0.190604,
        -0.186298 -0.534683 0.188569,
        -0.180267 -0.534585 0.189694,
        -0.175046 -0.534380 0.192034,
        -0.175046 -0.534956 0.185455,
        -0.175957 -0.534995 0.185003,
        -0.198820 -0.535110 0.183691,
        -0.203859 -0.534904 0.186054,
        -0.208163 -0.534592 0.189615,
        -0.209006 -0.534509 0.190556,
        -0.194248 -0.534634 0.189131,
        -0.188828 -0.534692 0.188473,
        -0.181056 -0.531028 0.230347,
        -0.202846 -0.531542 0.224475,
        -0.175641 -0.531208 0.228294,
        -0.205344 -0.531872 0.220698,
        -0.207046 -0.532286 0.215971,
        -0.187627 -0.530960 0.231128,
        -0.189680 -0.530967 0.231047,
        -0.202173 -0.531476 0.225229,
        -0.194327 -0.531045 0.230159,
        -0.198526 -0.531214 0.228226,
        -0.207781 -0.532875 0.209243,
        -0.207723 -0.533047 0.207273,
        -0.206867 -0.533513 0.201954,
        -0.181688 -0.535159 0.183131,
        -0.189824 -0.535227 0.182356,
        -0.193033 -0.535214 0.182506,
        -0.187518 -0.530418 0.237327,
        -0.187695 -0.530418 0.237327,
        -0.191348 -0.530457 0.236878,
        -0.211178 -0.531544 0.224454,
        -0.207304 -0.531103 0.229497,
        -0.206060 -0.530999 0.230684,
        -0.201074 -0.530692 0.234191,
        -0.195511 -0.530502 0.236367,
        -0.212081 -0.534104 0.195194,
        -0.212625 -0.533972 0.196702,
        -0.213711 -0.532061 0.218546,
        -0.212625 -0.531839 0.221078,
        -0.214142 -0.533605 0.200901,
        -0.215013 -0.532910 0.208835,
        -0.214920 -0.532669 0.211602,
        -0.136867 -0.530496 0.236430,
        -0.157472 -0.533053 0.207204,
        -0.157472 -0.534618 0.189316,
        -0.143056 -0.533053 0.207204,
        -0.143056 -0.534618 0.189316,
        -0.138382 -0.533053 0.207204,
        -0.135653 -0.534618 0.189316,
        -0.138382 -0.532520 0.213294,
        -0.136867 -0.531031 0.230313,
        -0.143056 -0.532520 0.213294,
        -0.143056 -0.531031 0.230313,
        -0.157472 -0.532520 0.213294,
        -0.157472 -0.531031 0.230313,
        -0.135653 -0.535148 0.183253,
        -0.143056 -0.535148 0.183253,
        -0.164362 -0.535148 0.183253,
        -0.164362 -0.530496 0.236430,
        -0.143056 -0.530496 0.236430,
        -0.110887 -0.535148 0.183253,
        -0.125569 -0.535148 0.183253,
        -0.110341 -0.530496 0.236430,
        -0.125569 -0.530496 0.236430,
        -0.082267 -0.533057 0.207162,
        -0.083555 -0.533602 0.200932,
        -0.086178 -0.534083 0.195429,
        -0.090160 -0.534497 0.190702,
        -0.083028 -0.532112 0.217956,
        -0.082109 -0.532763 0.210521,
        -0.091102 -0.534570 0.189868,
        -0.096328 -0.534872 0.186413,
        -0.101117 -0.535023 0.184688,
        -0.102555 -0.535069 0.184170,
        -0.090160 -0.531112 0.229389,
        -0.088343 -0.531267 0.227625,
        -0.085022 -0.531670 0.223009,
        -0.102199 -0.530574 0.235535,
        -0.101117 -0.530609 0.235142,
        -0.095756 -0.530780 0.233192,
        -0.238455 -0.530496 0.236430,
        -0.238455 -0.534618 0.189316,
        -0.217196 -0.534618 0.189316,
        -0.245346 -0.535148 0.183253,
        -0.245346 -0.530496 0.236430,
        -0.217196 -0.535148 0.183253,
        -0.217196 -0.538540 0.189659,
        -0.217196 -0.539070 0.183596,
        -0.238455 -0.538540 0.189659,
        -0.238455 -0.534418 0.236773,
        -0.245346 -0.534418 0.236773,
        -0.245346 -0.539070 0.183596,
        -0.189824 -0.539149 0.182699,
        -0.181688 -0.539081 0.183474,
        -0.175957 -0.538917 0.185346,
        -0.175046 -0.538878 0.185798,
        -0.175046 -0.538302 0.192378,
        -0.180267 -0.538507 0.190038,
        -0.186298 -0.538606 0.188911,
        -0.188828 -0.538614 0.188816,
        -0.194248 -0.538556 0.189474,
        -0.198043 -0.538428 0.190947,
        -0.201522 -0.538212 0.193411,
        -0.202541 -0.538124 0.194417,
        -0.205140 -0.537809 0.198010,
        -0.206867 -0.537434 0.202297,
        -0.207723 -0.536969 0.207617,
        -0.207781 -0.536797 0.209587,
        -0.207046 -0.536208 0.216315,
        -0.205344 -0.535794 0.221041,
        -0.202846 -0.535464 0.224819,
        -0.202173 -0.535398 0.225572,
        -0.198526 -0.535136 0.228569,
        -0.194327 -0.534967 0.230502,
        -0.189680 -0.534889 0.231390,
        -0.187627 -0.534882 0.231472,
        -0.181056 -0.534950 0.230690,
        -0.175641 -0.535130 0.228637,
        -0.175046 -0.535158 0.228318,
        -0.175046 -0.534530 0.235495,
        -0.187695 -0.534340 0.237670,
        -0.187518 -0.534340 0.237670,
        -0.180559 -0.534390 0.237097,
        -0.195511 -0.534424 0.236710,
        -0.201074 -0.534614 0.234534,
        -0.206060 -0.534921 0.231027,
        -0.207304 -0.535025 0.229840,
        -0.213711 -0.535983 0.218889,
        -0.211178 -0.535466 0.224797,
        -0.214920 -0.536591 0.211945,
        -0.215013 -0.536832 0.209179,
        -0.214142 -0.537526 0.201244,
        -0.212081 -0.538026 0.195537,
        -0.209006 -0.538431 0.190899,
        -0.208163 -0.538514 0.189958,
        -0.203859 -0.538826 0.186398,
        -0.198820 -0.539032 0.184033,
        -0.193033 -0.539136 0.182850,
        -0.135653 -0.538540 0.189659,
        -0.135653 -0.539070 0.183596,
        -0.157472 -0.538540 0.189659,
        -0.157472 -0.536975 0.207548,
        -0.138382 -0.536975 0.207548,
        -0.138382 -0.536442 0.213637,
        -0.157472 -0.536442 0.213637,
        -0.157472 -0.534954 0.230656,
        -0.136867 -0.534954 0.230656,
        -0.136867 -0.534418 0.236773,
        -0.164362 -0.534418 0.236773,
        -0.164362 -0.539070 0.183596,
        -0.089531 -0.536996 0.207308,
        -0.082267 -0.536979 0.207506,
        -0.089355 -0.536702 0.210674,
        -0.082109 -0.536685 0.210864,
        -0.090013 -0.536166 0.216793,
        -0.083028 -0.536034 0.218299,
        -0.091450 -0.535814 0.220821,
        -0.085022 -0.535593 0.223352,
        -0.093453 -0.535546 0.223882,
        -0.088343 -0.535189 0.227968,
        -0.095209 -0.535391 0.225654,
        -0.090160 -0.535034 0.229731,
        -0.099105 -0.535165 0.228233,
        -0.095756 -0.534702 0.233535,
        -0.103734 -0.535020 0.229898,
        -0.102199 -0.534496 0.235878,
        -0.110614 -0.534954 0.230656,
        -0.110341 -0.534418 0.236773,
        -0.118678 -0.534954 0.230656,
        -0.125569 -0.534418 0.236773,
        -0.118678 -0.538540 0.189659,
        -0.125569 -0.539070 0.183596,
        -0.110928 -0.538540 0.189659,
        -0.110887 -0.539070 0.183596,
        -0.104149 -0.538476 0.190385,
        -0.102555 -0.538991 0.184513,
        -0.099582 -0.538335 0.192007,
        -0.096328 -0.538794 0.186756,
        -0.096046 -0.538133 0.194313,
        -0.091102 -0.538492 0.190211,
        -0.095059 -0.538055 0.195205,
        -0.090160 -0.538419 0.191045,
        -0.092404 -0.537768 0.198487,
        -0.086178 -0.538005 0.195772,
        -0.090567 -0.537422 0.202436,
        -0.083555 -0.537524 0.201275,
        -0.110614 -0.531031 0.230313,
        -0.118678 -0.531031 0.230313,
        -0.118678 -0.534618 0.189316,
        -0.110928 -0.534618 0.189316,
        -0.095059 -0.534133 0.194862,
        -0.096046 -0.534211 0.193970,
        -0.099582 -0.534413 0.191664,
        -0.104149 -0.534555 0.190043,
        -0.089355 -0.532780 0.210331,
        -0.089531 -0.533074 0.206965,
        -0.090567 -0.533500 0.202093,
        -0.092404 -0.533846 0.198143,
        -0.095209 -0.531469 0.225311,
        -0.093453 -0.531624 0.223539,
        -0.091450 -0.531892 0.220478,
        -0.090013 -0.532244 0.216450,
        -0.103734 -0.531098 0.229555,
        -0.099105 -0.531243 0.227890,
      ]
    }
    coordIndex [
      94, 95, 90, -1,
      90, 95, 93, -1,
      96, 94, 89, -1,
      89, 94, 90, -1,
      97, 96, 88, -1,
      88, 96, 89, -1,
      98, 97, 92, -1,
      92, 97, 88, -1,
      99, 98, 91, -1,
      91, 98, 92, -1,
      95, 99, 93, -1,
      93, 99, 91, -1,
      97, 98, 96, -1,
      96, 98, 99, -1,
      96, 99, 94, -1,
      94, 99, 95, -1,
      100, 33, 32, -1,
      100, 32, 101, -1,
      101, 32, 12, -1,
      101, 12, 102, -1,
      102, 12, 11, -1,
      102, 11, 103, -1,
      104, 103, 10, -1,
      10, 103, 11, -1,
      104, 10, 9, -1,
      104, 9, 105, -1,
      105, 9, 8, -1,
      105, 8, 106, -1,
      106, 8, 18, -1,
      106, 18, 107, -1,
      107, 18, 17, -1,
      107, 17, 108, -1,
      108, 17, 7, -1,
      108, 7, 109, -1,
      109, 7, 6, -1,
      109, 6, 110, -1,
      110, 6, 5, -1,
      110, 5, 111, -1,
      111, 5, 4, -1,
      111, 4, 112, -1,
      112, 4, 31, -1,
      112, 31, 113, -1,
      113, 31, 30, -1,
      113, 30, 114, -1,
      114, 30, 29, -1,
      114, 29, 115, -1,
      115, 29, 23, -1,
      115, 23, 116, -1,
      116, 23, 22, -1,
      116, 22, 117, -1,
      117, 22, 20, -1,
      117, 20, 118, -1,
      118, 20, 26, -1,
      118, 26, 119, -1,
      119, 26, 28, -1,
      119, 28, 120, -1,
      120, 28, 27, -1,
      120, 27, 121, -1,
      121, 27, 25, -1,
      121, 25, 122, -1,
      122, 25, 24, -1,
      122, 24, 123, -1,
      123, 24, 19, -1,
      123, 19, 124, -1,
      124, 19, 21, -1,
      124, 21, 125, -1,
      125, 21, 3, -1,
      125, 3, 126, -1,
      127, 126, 2, -1,
      2, 126, 3, -1,
      36, 128, 129, -1,
      127, 2, 1, -1,
      127, 1, 130, -1,
      130, 1, 0, -1,
      130, 0, 129, -1,
      129, 0, 35, -1,
      129, 35, 36, -1,
      128, 36, 37, -1,
      128, 37, 131, -1,
      37, 42, 131, -1,
      131, 42, 41, -1,
      131, 41, 132, -1,
      132, 41, 40, -1,
      132, 40, 133, -1,
      133, 40, 39, -1,
      133, 39, 134, -1,
      134, 39, 38, -1,
      46, 135, 38, -1,
      38, 135, 136, -1,
      38, 136, 134, -1,
      46, 45, 135, -1,
      135, 45, 49, -1,
      135, 49, 137, -1,
      137, 49, 48, -1,
      137, 48, 138, -1,
      138, 48, 47, -1,
      138, 47, 139, -1,
      139, 47, 44, -1,
      139, 44, 140, -1,
      44, 43, 140, -1,
      140, 43, 16, -1,
      140, 16, 141, -1,
      141, 16, 15, -1,
      141, 15, 142, -1,
      142, 15, 14, -1,
      142, 14, 143, -1,
      143, 14, 13, -1,
      143, 13, 144, -1,
      144, 13, 34, -1,
      144, 34, 145, -1,
      145, 34, 33, -1,
      145, 33, 100, -1,
      125, 126, 127, -1,
      116, 117, 136, -1,
      125, 127, 124, -1,
      124, 127, 130, -1,
      124, 130, 123, -1,
      123, 130, 129, -1,
      123, 129, 122, -1,
      122, 129, 128, -1,
      122, 128, 121, -1,
      121, 128, 131, -1,
      121, 131, 120, -1,
      103, 104, 102, -1,
      102, 104, 105, -1,
      102, 105, 101, -1,
      101, 105, 106, -1,
      101, 106, 100, -1,
      100, 106, 107, -1,
      100, 107, 145, -1,
      145, 107, 108, -1,
      145, 108, 144, -1,
      144, 108, 109, -1,
      144, 109, 143, -1,
      143, 109, 110, -1,
      143, 110, 142, -1,
      142, 110, 111, -1,
      142, 111, 141, -1,
      141, 111, 112, -1,
      141, 112, 140, -1,
      136, 117, 134, -1,
      131, 132, 120, -1,
      120, 132, 133, -1,
      120, 133, 119, -1,
      119, 133, 134, -1,
      119, 134, 118, -1,
      118, 134, 117, -1,
      138, 115, 137, -1,
      137, 115, 116, -1,
      137, 116, 135, -1,
      135, 116, 136, -1,
      140, 112, 139, -1,
      139, 112, 113, -1,
      139, 113, 138, -1,
      138, 113, 114, -1,
      138, 114, 115, -1,
      146, 147, 56, -1,
      56, 147, 63, -1,
      52, 148, 54, -1,
      54, 148, 146, -1,
      54, 146, 56, -1,
      149, 148, 51, -1,
      51, 148, 52, -1,
      149, 51, 150, -1,
      150, 51, 53, -1,
      150, 53, 55, -1,
      151, 150, 57, -1,
      57, 150, 55, -1,
      61, 152, 59, -1,
      59, 152, 151, -1,
      59, 151, 57, -1,
      153, 152, 62, -1,
      62, 152, 61, -1,
      153, 62, 154, -1,
      154, 62, 60, -1,
      154, 60, 58, -1,
      155, 154, 50, -1,
      50, 154, 58, -1,
      66, 156, 67, -1,
      67, 156, 155, -1,
      67, 155, 50, -1,
      157, 156, 65, -1,
      65, 156, 66, -1,
      157, 65, 147, -1,
      147, 65, 64, -1,
      147, 64, 63, -1,
      157, 147, 146, -1,
      146, 148, 157, -1,
      157, 148, 149, -1,
      157, 149, 156, -1,
      154, 155, 153, -1,
      153, 155, 156, -1,
      153, 156, 152, -1,
      152, 156, 149, -1,
      152, 149, 151, -1,
      151, 149, 150, -1,
      158, 159, 160, -1,
      160, 159, 161, -1,
      160, 161, 162, -1,
      162, 161, 163, -1,
      162, 163, 164, -1,
      164, 163, 165, -1,
      164, 165, 166, -1,
      166, 165, 167, -1,
      166, 167, 168, -1,
      168, 167, 169, -1,
      168, 169, 170, -1,
      170, 169, 171, -1,
      170, 171, 172, -1,
      172, 171, 173, -1,
      172, 173, 174, -1,
      174, 173, 175, -1,
      174, 175, 176, -1,
      176, 175, 177, -1,
      176, 177, 178, -1,
      178, 177, 179, -1,
      178, 179, 180, -1,
      180, 179, 181, -1,
      180, 181, 182, -1,
      182, 181, 183, -1,
      182, 183, 184, -1,
      184, 183, 185, -1,
      184, 185, 186, -1,
      186, 185, 187, -1,
      186, 187, 188, -1,
      188, 187, 189, -1,
      188, 189, 190, -1,
      190, 189, 191, -1,
      190, 191, 192, -1,
      192, 191, 193, -1,
      192, 193, 158, -1,
      158, 193, 159, -1,
      181, 179, 68, -1,
      68, 179, 69, -1,
      181, 68, 81, -1,
      181, 81, 183, -1,
      183, 81, 80, -1,
      183, 80, 185, -1,
      80, 79, 185, -1,
      185, 79, 78, -1,
      185, 78, 187, -1,
      187, 78, 75, -1,
      187, 75, 189, -1,
      189, 75, 74, -1,
      189, 74, 191, -1,
      191, 74, 73, -1,
      191, 73, 193, -1,
      193, 73, 72, -1,
      193, 72, 159, -1,
      159, 72, 77, -1,
      159, 77, 161, -1,
      161, 77, 76, -1,
      161, 76, 163, -1,
      163, 76, 84, -1,
      163, 84, 165, -1,
      165, 84, 83, -1,
      165, 83, 167, -1,
      167, 83, 82, -1,
      167, 82, 169, -1,
      70, 175, 173, -1,
      169, 82, 87, -1,
      169, 87, 171, -1,
      171, 87, 86, -1,
      171, 86, 173, -1,
      173, 86, 85, -1,
      173, 85, 70, -1,
      177, 175, 71, -1,
      71, 175, 70, -1,
      179, 177, 69, -1,
      69, 177, 71, -1,
      174, 176, 194, -1,
      194, 176, 195, -1,
      176, 178, 195, -1,
      195, 178, 196, -1,
      178, 180, 196, -1,
      196, 180, 197, -1,
      188, 198, 199, -1,
      188, 199, 186, -1,
      186, 199, 200, -1,
      186, 200, 184, -1,
      184, 200, 201, -1,
      184, 201, 182, -1,
      182, 201, 197, -1,
      182, 197, 180, -1,
      160, 202, 203, -1,
      160, 203, 158, -1,
      158, 203, 204, -1,
      158, 204, 192, -1,
      192, 204, 205, -1,
      192, 205, 190, -1,
      190, 205, 198, -1,
      190, 198, 188, -1,
      168, 206, 207, -1,
      168, 207, 166, -1,
      166, 207, 208, -1,
      166, 208, 164, -1,
      164, 208, 209, -1,
      164, 209, 162, -1,
      162, 209, 202, -1,
      162, 202, 160, -1,
      174, 194, 210, -1,
      174, 210, 172, -1,
      172, 210, 211, -1,
      172, 211, 170, -1,
      170, 211, 206, -1,
      170, 206, 168, -1,
    ]
  }
}

Shape {
  appearance Appearance {
    material Material {
      diffuseColor 1.0000 1.0000 1.0000
      specularColor 0.5020 0.5020 0.5020
      ambientIntensity 0.2
      transparency 0.0000
      shininess 0.5
    }
  }
  geometry IndexedFaceSet {
    ccw TRUE
    solid FALSE
    coord DEF co Coordinate {
      point [
        -0.110614 -0.531031 0.230313,
        -0.118678 -0.531031 0.230313,
        -0.118678 -0.534618 0.189316,
        -0.110928 -0.534618 0.189316,
        -0.095059 -0.534133 0.194862,
        -0.096046 -0.534211 0.193970,
        -0.099582 -0.534413 0.191664,
        -0.104149 -0.534555 0.190043,
        -0.089355 -0.532780 0.210331,
        -0.089531 -0.533074 0.206965,
        -0.090567 -0.533500 0.202093,
        -0.092404 -0.533846 0.198143,
        -0.095209 -0.531469 0.225311,
        -0.093453 -0.531624 0.223539,
        -0.091450 -0.531892 0.220478,
        -0.090013 -0.532244 0.216450,
        -0.103734 -0.531098 0.229555,
        -0.099105 -0.531243 0.227890,
      ]
    }
    coordIndex [
      1, 2, 0, -1,
      0, 2, 3, -1,
      0, 3, 7, -1,
      7, 6, 0, -1,
      0, 6, 5, -1,
      0, 5, 4, -1,
      4, 11, 0, -1,
      0, 11, 10, -1,
      0, 10, 9, -1,
      9, 8, 0, -1,
      0, 8, 15, -1,
      0, 15, 14, -1,
      14, 13, 0, -1,
      0, 13, 12, -1,
      0, 12, 16, -1,
      16, 12, 17, -1,
    ]
  }
}

Shape {
  appearance Appearance {
    material Material {
      diffuseColor 0.0000 0.0000 0.0000
      specularColor 0.0000 0.0000 0.0000
      ambientIntensity 0.2
      transparency 0.0000
      shininess 0.5
    }
  }
  geometry IndexedFaceSet {
    ccw TRUE
    solid FALSE
    coord DEF co Coordinate {
      point [
        -0.044176 -0.533876 0.197798,
        -0.063764 -0.533876 0.197798,
        -0.038732 -0.535148 0.183253,
        -0.031118 -0.535148 0.183253,
        -0.051449 -0.530496 0.236430,
        -0.058817 -0.530496 0.236430,
        -0.063764 -0.531628 0.223493,
        -0.079148 -0.535148 0.183253,
        -0.071535 -0.535148 0.183253,
        -0.066404 -0.533876 0.197798,
        -0.064221 -0.537272 0.204149,
        -0.066404 -0.537798 0.198141,
        -0.046305 -0.537272 0.204149,
        -0.044176 -0.537798 0.198141,
        -0.056239 -0.535339 0.226252,
        -0.058817 -0.534418 0.236773,
        -0.079148 -0.539070 0.183596,
        -0.071535 -0.539070 0.183596,
        -0.055776 -0.535200 0.227839,
        -0.055365 -0.535013 0.229976,
        -0.051449 -0.534418 0.236773,
        -0.055202 -0.535013 0.229976,
        -0.054770 -0.535209 0.227727,
        -0.054369 -0.535339 0.226252,
        -0.031118 -0.539070 0.183596,
        -0.038732 -0.539070 0.183596,
        -0.064221 -0.533350 0.203806,
        -0.046305 -0.533350 0.203806,
        -0.054369 -0.531417 0.225909,
        -0.055202 -0.531091 0.229633,
        -0.054770 -0.531288 0.227383,
        -0.055365 -0.531091 0.229633,
        -0.056239 -0.531417 0.225909,
        -0.055776 -0.531278 0.227496,
      ]
    }
    coordIndex [
      10, 11, 12, -1,
      12, 11, 13, -1,
      14, 15, 10, -1,
      10, 15, 16, -1,
      10, 16, 11, -1,
      11, 16, 17, -1,
      14, 18, 15, -1,
      15, 18, 19, -1,
      15, 19, 20, -1,
      20, 19, 21, -1,
      20, 21, 22, -1,
      22, 23, 20, -1,
      20, 23, 12, -1,
      20, 12, 24, -1,
      24, 12, 13, -1,
      24, 13, 25, -1,
      20, 24, 4, -1,
      4, 24, 3, -1,
      15, 20, 5, -1,
      5, 20, 4, -1,
      7, 16, 6, -1,
      6, 16, 15, -1,
      6, 15, 5, -1,
      17, 16, 8, -1,
      8, 16, 7, -1,
      11, 17, 9, -1,
      9, 17, 8, -1,
      0, 13, 1, -1,
      1, 13, 11, -1,
      1, 11, 9, -1,
      25, 13, 2, -1,
      2, 13, 0, -1,
      24, 25, 3, -1,
      3, 25, 2, -1,
      10, 12, 26, -1,
      26, 12, 27, -1,
      12, 23, 27, -1,
      27, 23, 28, -1,
      21, 29, 30, -1,
      21, 30, 22, -1,
      22, 30, 28, -1,
      22, 28, 23, -1,
      21, 19, 29, -1,
      29, 19, 31, -1,
      14, 32, 33, -1,
      14, 33, 18, -1,
      18, 33, 31, -1,
      18, 31, 19, -1,
      14, 10, 32, -1,
      32, 10, 26, -1,
    ]
  }
}

Shape {
  appearance Appearance {
    material Material {
      diffuseColor 1.0000 1.0000 1.0000
      specularColor 0.5020 0.5020 0.5020
      ambientIntensity 0.2
      transparency 0.0000
      shininess 0.5
    }
  }
  geometry IndexedFaceSet {
    ccw TRUE
    solid FALSE
    coord DEF co Coordinate {
      point [
        -0.064221 -0.533350 0.203806,
        -0.046305 -0.533350 0.203806,
        -0.054369 -0.531417 0.225909,
        -0.055202 -0.531091 0.229633,
        -0.054770 -0.531288 0.227383,
        -0.055365 -0.531091 0.229633,
        -0.056239 -0.531417 0.225909,
        -0.055776 -0.531278 0.227496,
      ]
    }
    coordIndex [
      3, 5, 4, -1,
      4, 5, 7, -1,
      4, 7, 2, -1,
      2, 7, 6, -1,
      2, 6, 1, -1,
      1, 6, 0, -1,
    ]
  }
}

Shape {
  appearance Appearance {
    material Material {
      diffuseColor 0.0000 0.0000 0.0000
      specularColor 0.0000 0.0000 0.0000
      ambientIntensity 0.2
      transparency 0.0000
      shininess 0.5
    }
  }
  geometry IndexedFaceSet {
    ccw TRUE
    solid FALSE
    coord DEF co Coordinate {
      point [
        -0.186290 -0.542529 0.098894,
        -0.194434 -0.542569 0.098442,
        -0.179604 -0.542529 0.098894,
        -0.186290 -0.542015 0.104766,
        -0.186467 -0.542015 0.104766,
        -0.188031 -0.542211 0.102526,
        -0.201841 -0.542569 0.098443,
        -0.202492 -0.542559 0.098552,
        -0.186585 -0.539235 0.136548,
        -0.207543 -0.540946 0.116993,
        -0.205494 -0.540791 0.118763,
        -0.206512 -0.540006 0.127739,
        -0.202647 -0.540663 0.120217,
        -0.201853 -0.539751 0.130648,
        -0.197588 -0.540555 0.121459,
        -0.197664 -0.539633 0.131988,
        -0.190212 -0.542393 0.100451,
        -0.191768 -0.542479 0.099467,
        -0.204995 -0.542469 0.099575,
        -0.206962 -0.542346 0.100987,
        -0.207985 -0.542252 0.102065,
        -0.209177 -0.542087 0.103948,
        -0.209954 -0.541886 0.106244,
        -0.210237 -0.541639 0.109061,
        -0.210219 -0.541570 0.109859,
        -0.209794 -0.541318 0.112735,
        -0.205202 -0.539373 0.134968,
        -0.206512 -0.539439 0.134209,
        -0.208878 -0.541113 0.115085,
        -0.200243 -0.539204 0.136903,
        -0.193385 -0.539130 0.137743,
        -0.189418 -0.539161 0.137393,
        -0.186290 -0.540417 0.123035,
        -0.186480 -0.540182 0.125719,
        -0.187148 -0.539965 0.128198,
        -0.184356 -0.539344 0.135291,
        -0.182566 -0.539493 0.133602,
        -0.181192 -0.539680 0.131463,
        -0.180138 -0.539943 0.128455,
        -0.187915 -0.539842 0.129607,
        -0.188904 -0.539746 0.130705,
        -0.190065 -0.539677 0.131490,
        -0.191567 -0.539628 0.132053,
        -0.194013 -0.539604 0.132333,
        -0.179604 -0.540391 0.123334,
        -0.198148 -0.542607 0.097997,
        -0.199394 -0.542604 0.098037,
        -0.216637 -0.541998 0.104956,
        -0.216637 -0.542529 0.098894,
        -0.245346 -0.542529 0.098894,
        -0.217851 -0.538412 0.145954,
        -0.245346 -0.537877 0.152070,
        -0.217851 -0.537877 0.152070,
        -0.238455 -0.540433 0.122845,
        -0.238455 -0.541998 0.104956,
        -0.219366 -0.540433 0.122845,
        -0.219366 -0.539901 0.128935,
        -0.238455 -0.539901 0.128935,
        -0.238455 -0.538412 0.145954,
        -0.216637 -0.545920 0.105300,
        -0.216637 -0.546451 0.099237,
        -0.238455 -0.545920 0.105300,
        -0.238455 -0.544356 0.123188,
        -0.219366 -0.544356 0.123188,
        -0.219366 -0.543823 0.129278,
        -0.238455 -0.543823 0.129278,
        -0.238455 -0.542334 0.146296,
        -0.217851 -0.542334 0.146296,
        -0.217851 -0.541799 0.152413,
        -0.245346 -0.541799 0.152413,
        -0.245346 -0.546451 0.099237,
        -0.186467 -0.545937 0.105109,
        -0.186290 -0.545937 0.105109,
        -0.186731 -0.545402 0.111222,
        -0.186297 -0.545143 0.114190,
        -0.179604 -0.544313 0.123678,
        -0.186290 -0.545102 0.114652,
        -0.186290 -0.544784 0.118294,
        -0.186290 -0.546451 0.099237,
        -0.179604 -0.546451 0.099237,
        -0.202846 -0.545754 0.107209,
        -0.207985 -0.546174 0.102409,
        -0.202087 -0.545852 0.106086,
        -0.206962 -0.546268 0.101330,
        -0.201518 -0.545902 0.105517,
        -0.204995 -0.546391 0.099918,
        -0.200185 -0.545981 0.104611,
        -0.202492 -0.546481 0.098894,
        -0.198673 -0.546029 0.104058,
        -0.199394 -0.546526 0.098380,
        -0.196415 -0.546052 0.103804,
        -0.202647 -0.544585 0.120560,
        -0.200780 -0.545033 0.115446,
        -0.199174 -0.544967 0.116194,
        -0.187716 -0.545610 0.108847,
        -0.189156 -0.545780 0.106904,
        -0.188031 -0.546133 0.102869,
        -0.189992 -0.545852 0.106089,
        -0.190212 -0.546315 0.100794,
        -0.191881 -0.545963 0.104819,
        -0.191768 -0.546401 0.099809,
        -0.193909 -0.546027 0.104084,
        -0.194434 -0.546491 0.098785,
        -0.198148 -0.546530 0.098340,
        -0.197588 -0.544477 0.121802,
        -0.195214 -0.544889 0.117098,
        -0.186290 -0.544339 0.123378,
        -0.206512 -0.543361 0.134552,
        -0.206512 -0.543928 0.128082,
        -0.205202 -0.543295 0.135311,
        -0.201853 -0.543673 0.130991,
        -0.200243 -0.543126 0.137246,
        -0.197664 -0.543556 0.132331,
        -0.193385 -0.543052 0.138086,
        -0.194013 -0.543526 0.132676,
        -0.189418 -0.543083 0.137736,
        -0.191567 -0.543550 0.132396,
        -0.186585 -0.543157 0.136891,
        -0.190065 -0.543599 0.131833,
        -0.184356 -0.543267 0.135635,
        -0.188904 -0.543668 0.131048,
        -0.182566 -0.543415 0.133945,
        -0.187915 -0.543764 0.129950,
        -0.181192 -0.543602 0.131806,
        -0.187148 -0.543887 0.128542,
        -0.180138 -0.543865 0.128798,
        -0.186480 -0.544104 0.126061,
        -0.203399 -0.545421 0.111006,
        -0.210219 -0.545492 0.110202,
        -0.203456 -0.545514 0.109948,
        -0.210237 -0.545561 0.109405,
        -0.203286 -0.545648 0.108419,
        -0.209954 -0.545808 0.106587,
        -0.209177 -0.546009 0.104291,
        -0.201682 -0.545093 0.114760,
        -0.205494 -0.544713 0.119106,
        -0.202482 -0.545179 0.113773,
        -0.207543 -0.544868 0.117336,
        -0.203069 -0.545288 0.112531,
        -0.208878 -0.545035 0.115428,
        -0.209794 -0.545240 0.113078,
        -0.201682 -0.541171 0.114417,
        -0.200780 -0.541111 0.115103,
        -0.199174 -0.541045 0.115851,
        -0.195214 -0.540966 0.116755,
        -0.203456 -0.541592 0.109605,
        -0.203399 -0.541500 0.110663,
        -0.203069 -0.541366 0.112188,
        -0.202482 -0.541257 0.113430,
        -0.201518 -0.541980 0.105174,
        -0.202087 -0.541930 0.105743,
        -0.202846 -0.541831 0.106866,
        -0.203286 -0.541726 0.108076,
        -0.196415 -0.542130 0.103461,
        -0.198673 -0.542107 0.103715,
        -0.200185 -0.542059 0.104267,
        -0.189156 -0.541858 0.106560,
        -0.189992 -0.541930 0.105746,
        -0.191881 -0.542041 0.104476,
        -0.193909 -0.542105 0.103741,
        -0.186290 -0.541180 0.114309,
        -0.186297 -0.541221 0.113847,
        -0.186731 -0.541480 0.110878,
        -0.187716 -0.541688 0.108504,
        -0.186290 -0.540862 0.117952,
      ]
    }
    coordIndex [
      59, 60, 47, -1,
      47, 60, 48, -1,
      61, 59, 54, -1,
      54, 59, 47, -1,
      62, 61, 53, -1,
      53, 61, 54, -1,
      63, 62, 55, -1,
      55, 62, 53, -1,
      64, 63, 56, -1,
      56, 63, 55, -1,
      65, 64, 57, -1,
      57, 64, 56, -1,
      66, 65, 58, -1,
      58, 65, 57, -1,
      67, 66, 50, -1,
      50, 66, 58, -1,
      68, 67, 52, -1,
      52, 67, 50, -1,
      69, 68, 51, -1,
      51, 68, 52, -1,
      70, 69, 49, -1,
      49, 69, 51, -1,
      60, 70, 48, -1,
      48, 70, 49, -1,
      70, 60, 59, -1,
      59, 61, 70, -1,
      70, 61, 62, -1,
      70, 62, 69, -1,
      67, 68, 66, -1,
      66, 68, 69, -1,
      66, 69, 65, -1,
      65, 69, 62, -1,
      65, 62, 64, -1,
      64, 62, 63, -1,
      71, 72, 73, -1,
      74, 75, 76, -1,
      76, 75, 77, -1,
      78, 79, 72, -1,
      72, 79, 75, -1,
      72, 75, 73, -1,
      73, 75, 74, -1,
      80, 81, 82, -1,
      82, 81, 83, -1,
      82, 83, 84, -1,
      84, 83, 85, -1,
      84, 85, 86, -1,
      86, 85, 87, -1,
      86, 87, 88, -1,
      88, 87, 89, -1,
      88, 89, 90, -1,
      91, 92, 93, -1,
      73, 94, 71, -1,
      71, 94, 95, -1,
      71, 95, 96, -1,
      96, 95, 97, -1,
      96, 97, 98, -1,
      98, 97, 99, -1,
      98, 99, 100, -1,
      100, 99, 101, -1,
      100, 101, 102, -1,
      102, 101, 90, -1,
      102, 90, 103, -1,
      103, 90, 89, -1,
      91, 93, 104, -1,
      104, 93, 105, -1,
      104, 105, 106, -1,
      107, 108, 109, -1,
      109, 108, 110, -1,
      109, 110, 111, -1,
      111, 110, 112, -1,
      111, 112, 113, -1,
      113, 112, 114, -1,
      113, 114, 115, -1,
      115, 114, 116, -1,
      115, 116, 117, -1,
      117, 116, 118, -1,
      117, 118, 119, -1,
      119, 118, 120, -1,
      119, 120, 121, -1,
      121, 120, 122, -1,
      121, 122, 123, -1,
      123, 122, 124, -1,
      123, 124, 125, -1,
      125, 124, 126, -1,
      125, 126, 75, -1,
      75, 126, 106, -1,
      75, 106, 77, -1,
      77, 106, 105, -1,
      127, 128, 129, -1,
      129, 128, 130, -1,
      129, 130, 131, -1,
      131, 130, 132, -1,
      131, 132, 80, -1,
      80, 132, 133, -1,
      80, 133, 81, -1,
      92, 91, 134, -1,
      134, 91, 135, -1,
      134, 135, 136, -1,
      136, 135, 137, -1,
      136, 137, 138, -1,
      138, 137, 139, -1,
      138, 139, 127, -1,
      127, 139, 140, -1,
      127, 140, 128, -1,
      113, 30, 29, -1,
      113, 29, 111, -1,
      111, 29, 26, -1,
      111, 26, 109, -1,
      109, 26, 27, -1,
      109, 27, 107, -1,
      108, 107, 11, -1,
      11, 107, 27, -1,
      108, 11, 13, -1,
      108, 13, 110, -1,
      110, 13, 15, -1,
      110, 15, 112, -1,
      112, 15, 43, -1,
      112, 43, 114, -1,
      114, 43, 42, -1,
      114, 42, 116, -1,
      116, 42, 41, -1,
      116, 41, 118, -1,
      118, 41, 40, -1,
      118, 40, 120, -1,
      120, 40, 39, -1,
      120, 39, 122, -1,
      122, 39, 34, -1,
      122, 34, 124, -1,
      124, 34, 33, -1,
      124, 33, 126, -1,
      126, 33, 32, -1,
      126, 32, 106, -1,
      104, 106, 14, -1,
      14, 106, 32, -1,
      104, 14, 12, -1,
      104, 12, 91, -1,
      91, 12, 10, -1,
      91, 10, 135, -1,
      135, 10, 9, -1,
      135, 9, 137, -1,
      137, 9, 28, -1,
      137, 28, 139, -1,
      139, 28, 25, -1,
      139, 25, 140, -1,
      140, 25, 24, -1,
      140, 24, 128, -1,
      128, 24, 23, -1,
      128, 23, 130, -1,
      130, 23, 22, -1,
      130, 22, 132, -1,
      132, 22, 21, -1,
      132, 21, 133, -1,
      133, 21, 20, -1,
      133, 20, 81, -1,
      81, 20, 19, -1,
      81, 19, 83, -1,
      45, 103, 89, -1,
      83, 19, 18, -1,
      83, 18, 85, -1,
      85, 18, 7, -1,
      85, 7, 87, -1,
      87, 7, 6, -1,
      87, 6, 89, -1,
      89, 6, 46, -1,
      89, 46, 45, -1,
      103, 45, 1, -1,
      103, 1, 102, -1,
      102, 1, 17, -1,
      102, 17, 100, -1,
      100, 17, 16, -1,
      100, 16, 98, -1,
      98, 16, 5, -1,
      98, 5, 96, -1,
      96, 5, 4, -1,
      96, 4, 71, -1,
      72, 71, 3, -1,
      3, 71, 4, -1,
      78, 72, 0, -1,
      0, 72, 3, -1,
      79, 78, 2, -1,
      2, 78, 0, -1,
      75, 79, 44, -1,
      44, 79, 2, -1,
      75, 44, 38, -1,
      75, 38, 125, -1,
      125, 38, 37, -1,
      125, 37, 123, -1,
      123, 37, 36, -1,
      123, 36, 121, -1,
      121, 36, 35, -1,
      121, 35, 119, -1,
      119, 35, 8, -1,
      119, 8, 117, -1,
      117, 8, 31, -1,
      117, 31, 115, -1,
      115, 31, 30, -1,
      115, 30, 113, -1,
      134, 141, 142, -1,
      134, 142, 92, -1,
      92, 142, 143, -1,
      92, 143, 93, -1,
      93, 143, 144, -1,
      93, 144, 105, -1,
      129, 145, 146, -1,
      129, 146, 127, -1,
      127, 146, 147, -1,
      127, 147, 138, -1,
      138, 147, 148, -1,
      138, 148, 136, -1,
      136, 148, 141, -1,
      136, 141, 134, -1,
      84, 149, 150, -1,
      84, 150, 82, -1,
      82, 150, 151, -1,
      82, 151, 80, -1,
      80, 151, 152, -1,
      80, 152, 131, -1,
      131, 152, 145, -1,
      131, 145, 129, -1,
      90, 153, 154, -1,
      90, 154, 88, -1,
      88, 154, 155, -1,
      88, 155, 86, -1,
      86, 155, 149, -1,
      86, 149, 84, -1,
      95, 156, 157, -1,
      95, 157, 97, -1,
      97, 157, 158, -1,
      97, 158, 99, -1,
      99, 158, 159, -1,
      99, 159, 101, -1,
      101, 159, 153, -1,
      101, 153, 90, -1,
      76, 160, 161, -1,
      76, 161, 74, -1,
      74, 161, 162, -1,
      74, 162, 73, -1,
      73, 162, 163, -1,
      73, 163, 94, -1,
      94, 163, 156, -1,
      94, 156, 95, -1,
      76, 77, 160, -1,
      160, 77, 164, -1,
      77, 105, 164, -1,
      164, 105, 144, -1,
    ]
  }
}

Shape {
  appearance Appearance {
    material Material {
      diffuseColor 1.0000 1.0000 1.0000
      specularColor 0.5020 0.5020 0.5020
      ambientIntensity 0.2
      transparency 0.0000
      shininess 0.5
    }
  }
  geometry IndexedFaceSet {
    ccw TRUE
    solid FALSE
    coord DEF co Coordinate {
      point [
        -0.201682 -0.541171 0.114417,
        -0.200780 -0.541111 0.115103,
        -0.199174 -0.541045 0.115851,
        -0.195214 -0.540966 0.116755,
        -0.203456 -0.541592 0.109605,
        -0.203399 -0.541500 0.110663,
        -0.203069 -0.541366 0.112188,
        -0.202482 -0.541257 0.113430,
        -0.201518 -0.541980 0.105174,
        -0.202087 -0.541930 0.105743,
        -0.202846 -0.541831 0.106866,
        -0.203286 -0.541726 0.108076,
        -0.196415 -0.542130 0.103461,
        -0.198673 -0.542107 0.103715,
        -0.200185 -0.542059 0.104267,
        -0.189156 -0.541858 0.106560,
        -0.189992 -0.541930 0.105746,
        -0.191881 -0.542041 0.104476,
        -0.193909 -0.542105 0.103741,
        -0.186290 -0.541180 0.114309,
        -0.186297 -0.541221 0.113847,
        -0.186731 -0.541480 0.110878,
        -0.187716 -0.541688 0.108504,
        -0.186290 -0.540862 0.117952,
      ]
    }
    coordIndex [
      23, 3, 19, -1,
      19, 3, 2, -1,
      2, 1, 19, -1,
      19, 1, 0, -1,
      19, 0, 20, -1,
      20, 0, 21, -1,
      21, 0, 7, -1,
      21, 7, 22, -1,
      9, 8, 16, -1,
      9, 16, 10, -1,
      17, 16, 18, -1,
      18, 16, 12, -1,
      7, 6, 22, -1,
      22, 6, 5, -1,
      22, 5, 15, -1,
      15, 5, 4, -1,
      15, 4, 16, -1,
      16, 4, 11, -1,
      16, 11, 10, -1,
      8, 14, 16, -1,
      16, 14, 13, -1,
      16, 13, 12, -1,
    ]
  }
}

Shape {
  appearance Appearance {
    material Material {
      diffuseColor 0.0000 0.0000 0.0000
      specularColor 0.0000 0.0000 0.0000
      ambientIntensity 0.2
      transparency 0.0000
      shininess 0.5
    }
  }
  geometry IndexedFaceSet {
    ccw TRUE
    solid FALSE
    coord DEF co Coordinate {
      point [
        -0.154650 -0.542556 0.098590,
        -0.156004 -0.542568 0.098445,
        -0.070020 -0.538412 0.145954,
        -0.068806 -0.541998 0.104956,
        -0.068806 -0.542529 0.098894,
        -0.090624 -0.540433 0.122845,
        -0.090624 -0.541998 0.104956,
        -0.080629 -0.540433 0.122845,
        -0.080629 -0.541998 0.104956,
        -0.071535 -0.540433 0.122845,
        -0.071535 -0.539901 0.128935,
        -0.080629 -0.539901 0.128935,
        -0.080629 -0.538412 0.145954,
        -0.090624 -0.539901 0.128935,
        -0.090624 -0.538412 0.145954,
        -0.080629 -0.542529 0.098894,
        -0.097515 -0.542529 0.098894,
        -0.097515 -0.537877 0.152070,
        -0.015420 -0.540437 0.122803,
        -0.016708 -0.540982 0.116573,
        -0.019331 -0.541464 0.111070,
        -0.023313 -0.541877 0.106343,
        -0.024254 -0.541950 0.105509,
        -0.015262 -0.540143 0.126162,
        -0.016180 -0.539493 0.133597,
        -0.043494 -0.537877 0.152070,
        -0.035351 -0.537955 0.151176,
        -0.023313 -0.538493 0.145029,
        -0.021496 -0.538647 0.143266,
        -0.018174 -0.539051 0.138649,
        -0.029481 -0.542253 0.102054,
        -0.035708 -0.542449 0.099810,
        -0.044040 -0.542529 0.098894,
        -0.028908 -0.538160 0.148833,
        -0.058722 -0.542529 0.098894,
        -0.058722 -0.537877 0.152070,
        -0.169425 -0.539704 0.131183,
        -0.168172 -0.539547 0.132982,
        -0.170231 -0.539892 0.129039,
        -0.167512 -0.540728 0.119476,
        -0.170544 -0.541811 0.107104,
        -0.167453 -0.540732 0.119437,
        -0.168141 -0.541942 0.105605,
        -0.167453 -0.541965 0.105337,
        -0.168606 -0.540629 0.120616,
        -0.169487 -0.540506 0.122022,
        -0.170220 -0.540327 0.124060,
        -0.170503 -0.540103 0.126624,
        -0.170544 -0.542413 0.100226,
        -0.167453 -0.542507 0.099141,
        -0.165883 -0.542556 0.098590,
        -0.164497 -0.542568 0.098445,
        -0.160200 -0.542607 0.097997,
        -0.146624 -0.539278 0.136057,
        -0.146624 -0.539844 0.129587,
        -0.166218 -0.539394 0.134726,
        -0.164631 -0.539309 0.135702,
        -0.145114 -0.541860 0.106544,
        -0.145937 -0.542044 0.104433,
        -0.147184 -0.542198 0.102677,
        -0.167453 -0.539491 0.133624,
        -0.161061 -0.539187 0.137089,
        -0.155657 -0.539130 0.137743,
        -0.150966 -0.539167 0.137329,
        -0.147033 -0.541076 0.115505,
        -0.145792 -0.541235 0.113683,
        -0.145076 -0.541407 0.111722,
        -0.144795 -0.541625 0.109225,
        -0.149093 -0.542344 0.101014,
        -0.151015 -0.542443 0.099874,
        -0.156312 -0.539604 0.132333,
        -0.158291 -0.539617 0.132185,
        -0.163612 -0.540051 0.127222,
        -0.160080 -0.539658 0.131714,
        -0.161579 -0.539727 0.130919,
        -0.163551 -0.540128 0.126336,
        -0.163286 -0.540219 0.125301,
        -0.162804 -0.540297 0.124403,
        -0.162152 -0.540360 0.123688,
        -0.159794 -0.540488 0.122220,
        -0.151621 -0.539654 0.131762,
        -0.155657 -0.540645 0.120426,
        -0.147840 -0.539781 0.130298,
        -0.153068 -0.540737 0.119382,
        -0.148627 -0.540952 0.116922,
        -0.162587 -0.539805 0.130031,
        -0.163161 -0.539879 0.129183,
        -0.163491 -0.539958 0.128284,
        -0.163960 -0.542084 0.103977,
        -0.160378 -0.541069 0.115586,
        -0.164363 -0.540909 0.117406,
        -0.159546 -0.542132 0.103434,
        -0.159250 -0.542131 0.103436,
        -0.155988 -0.541229 0.113755,
        -0.155823 -0.542098 0.103819,
        -0.151659 -0.541682 0.108572,
        -0.151724 -0.541610 0.109401,
        -0.154098 -0.542043 0.104448,
        -0.153488 -0.542011 0.104816,
        -0.152721 -0.541952 0.105494,
        -0.152137 -0.541876 0.106354,
        -0.151797 -0.541793 0.107302,
        -0.152028 -0.541519 0.110441,
        -0.152545 -0.541441 0.111324,
        -0.153378 -0.541366 0.112188,
        -0.111651 -0.539206 0.136873,
        -0.104720 -0.539206 0.136873,
        -0.080629 -0.537877 0.152070,
        -0.070020 -0.537877 0.152070,
        -0.123877 -0.541704 0.108328,
        -0.123059 -0.541977 0.105201,
        -0.122881 -0.541977 0.105201,
        -0.130611 -0.540015 0.127625,
        -0.122063 -0.541708 0.108273,
        -0.122574 -0.541863 0.106503,
        -0.130611 -0.541580 0.109746,
        -0.141316 -0.539206 0.136873,
        -0.133838 -0.539206 0.136873,
        -0.126361 -0.542522 0.098975,
        -0.126586 -0.542568 0.098445,
        -0.129294 -0.543126 0.092070,
        -0.139937 -0.544046 0.081549,
        -0.139937 -0.543528 0.087476,
        -0.131870 -0.543459 0.088270,
        -0.130624 -0.543338 0.089649,
        -0.130611 -0.543336 0.089672,
        -0.138435 -0.543570 0.086995,
        -0.136144 -0.543594 0.086714,
        -0.130611 -0.543991 0.082178,
        -0.133052 -0.544070 0.081285,
        -0.135626 -0.544094 0.081005,
        -0.137966 -0.544082 0.081144,
        -0.134456 -0.543577 0.086913,
        -0.133000 -0.543528 0.087480,
        -0.122022 -0.543031 0.093157,
        -0.124315 -0.543444 0.088436,
        -0.119929 -0.542568 0.098445,
        -0.127183 -0.543774 0.084664,
        -0.128058 -0.543845 0.083849,
        -0.130401 -0.543985 0.082256,
        -0.170544 -0.545733 0.107447,
        -0.168141 -0.545864 0.105948,
        -0.159546 -0.546054 0.103777,
        -0.163960 -0.546006 0.104320,
        -0.170544 -0.546335 0.100569,
        -0.165883 -0.546478 0.098933,
        -0.160200 -0.546530 0.098340,
        -0.154650 -0.546478 0.098933,
        -0.151015 -0.546365 0.100217,
        -0.149093 -0.546265 0.101357,
        -0.147184 -0.546120 0.103020,
        -0.145937 -0.545967 0.104777,
        -0.145114 -0.545782 0.106887,
        -0.144795 -0.545547 0.109568,
        -0.145076 -0.545329 0.112065,
        -0.145792 -0.545157 0.114026,
        -0.147033 -0.544998 0.115848,
        -0.148627 -0.544874 0.117265,
        -0.153068 -0.544659 0.119725,
        -0.155657 -0.544567 0.120769,
        -0.159794 -0.544410 0.122563,
        -0.162152 -0.544282 0.124031,
        -0.162804 -0.544219 0.124746,
        -0.163286 -0.544141 0.125644,
        -0.163551 -0.544050 0.126679,
        -0.163612 -0.543973 0.127565,
        -0.163491 -0.543880 0.128628,
        -0.163161 -0.543801 0.129527,
        -0.162587 -0.543727 0.130374,
        -0.161579 -0.543649 0.131263,
        -0.160080 -0.543580 0.132057,
        -0.158291 -0.543539 0.132528,
        -0.156312 -0.543526 0.132676,
        -0.151621 -0.543576 0.132105,
        -0.147840 -0.543704 0.130641,
        -0.146624 -0.543766 0.129930,
        -0.146624 -0.543200 0.136401,
        -0.150966 -0.543089 0.137672,
        -0.155657 -0.543052 0.138086,
        -0.161061 -0.543109 0.137433,
        -0.164631 -0.543231 0.136045,
        -0.166218 -0.543316 0.135069,
        -0.168172 -0.543469 0.133325,
        -0.169425 -0.543626 0.131526,
        -0.170231 -0.543814 0.129383,
        -0.170503 -0.544025 0.126967,
        -0.170220 -0.544249 0.124403,
        -0.169487 -0.544428 0.122365,
        -0.168606 -0.544551 0.120959,
        -0.160378 -0.544991 0.115930,
        -0.164363 -0.544831 0.117749,
        -0.167512 -0.544650 0.119819,
        -0.155988 -0.545151 0.114098,
        -0.153378 -0.545288 0.112531,
        -0.152545 -0.545364 0.111667,
        -0.152028 -0.545441 0.110784,
        -0.151724 -0.545532 0.109744,
        -0.151659 -0.545604 0.108915,
        -0.151797 -0.545715 0.107644,
        -0.152137 -0.545798 0.106697,
        -0.152721 -0.545874 0.105837,
        -0.153488 -0.545933 0.105159,
        -0.154098 -0.545965 0.104791,
        -0.155823 -0.546020 0.104161,
        -0.159250 -0.546054 0.103779,
        -0.111651 -0.543128 0.137216,
        -0.104720 -0.543128 0.137216,
        -0.122063 -0.545630 0.108616,
        -0.122574 -0.545785 0.106846,
        -0.122881 -0.545899 0.105544,
        -0.123059 -0.545899 0.105544,
        -0.123877 -0.545626 0.108670,
        -0.133838 -0.543128 0.137216,
        -0.141316 -0.543128 0.137216,
        -0.126361 -0.546444 0.099319,
        -0.129294 -0.547048 0.092413,
        -0.130624 -0.547260 0.089992,
        -0.131870 -0.547381 0.088613,
        -0.133000 -0.547450 0.087824,
        -0.134456 -0.547499 0.087257,
        -0.136144 -0.547517 0.087057,
        -0.138435 -0.547492 0.087338,
        -0.139937 -0.547450 0.087819,
        -0.139937 -0.547969 0.081892,
        -0.137966 -0.548004 0.081488,
        -0.135626 -0.548016 0.081348,
        -0.133052 -0.547992 0.081628,
        -0.130401 -0.547907 0.082598,
        -0.128058 -0.547767 0.084192,
        -0.127183 -0.547696 0.085007,
        -0.124315 -0.547366 0.088780,
        -0.122022 -0.546953 0.093501,
        -0.068806 -0.545920 0.105300,
        -0.068806 -0.546451 0.099237,
        -0.090624 -0.545920 0.105300,
        -0.090624 -0.544356 0.123188,
        -0.071535 -0.544356 0.123188,
        -0.071535 -0.543823 0.129278,
        -0.090624 -0.543823 0.129278,
        -0.090624 -0.542334 0.146296,
        -0.070020 -0.542334 0.146296,
        -0.070020 -0.541799 0.152413,
        -0.097515 -0.541799 0.152413,
        -0.097515 -0.546451 0.099237,
        -0.022684 -0.544376 0.122948,
        -0.015420 -0.544359 0.123146,
        -0.022508 -0.544082 0.126315,
        -0.015262 -0.544065 0.126505,
        -0.023165 -0.543547 0.132434,
        -0.016180 -0.543415 0.133940,
        -0.024602 -0.543194 0.136461,
        -0.018174 -0.542973 0.138992,
        -0.026605 -0.542926 0.139523,
        -0.021496 -0.542569 0.143609,
        -0.028361 -0.542772 0.141294,
        -0.023313 -0.542415 0.145372,
        -0.032257 -0.542546 0.143874,
        -0.028908 -0.542082 0.149176,
        -0.036886 -0.542400 0.145539,
        -0.035351 -0.541877 0.151519,
        -0.043767 -0.542334 0.146296,
        -0.043494 -0.541799 0.152413,
        -0.051831 -0.542334 0.146296,
        -0.058722 -0.541799 0.152413,
        -0.051831 -0.545920 0.105300,
        -0.058722 -0.546451 0.099237,
        -0.044081 -0.545920 0.105300,
        -0.044040 -0.546451 0.099237,
        -0.037301 -0.545857 0.106026,
        -0.035708 -0.546371 0.100154,
        -0.032735 -0.545715 0.107648,
        -0.029481 -0.546174 0.102397,
        -0.029198 -0.545513 0.109954,
        -0.024254 -0.545872 0.105852,
        -0.028211 -0.545435 0.110846,
        -0.023313 -0.545799 0.106686,
        -0.025556 -0.545148 0.114127,
        -0.019331 -0.545386 0.111413,
        -0.023719 -0.544803 0.118076,
        -0.016708 -0.544904 0.116916,
        -0.043767 -0.538412 0.145954,
        -0.051831 -0.538412 0.145954,
        -0.051831 -0.541998 0.104956,
        -0.044081 -0.541998 0.104956,
        -0.028211 -0.541513 0.110502,
        -0.029198 -0.541591 0.109610,
        -0.032735 -0.541793 0.107305,
        -0.037301 -0.541935 0.105683,
        -0.022508 -0.540160 0.125971,
        -0.022684 -0.540454 0.122606,
        -0.023719 -0.540881 0.117733,
        -0.025556 -0.541226 0.113784,
        -0.028361 -0.538850 0.140951,
        -0.026605 -0.539004 0.139180,
        -0.024602 -0.539272 0.136119,
        -0.023165 -0.539625 0.132091,
        -0.036886 -0.538478 0.145196,
        -0.032257 -0.538624 0.143531,
      ]
    }
    coordIndex [
      40, 140, 141, -1,
      142, 91, 88, -1,
      142, 88, 143, -1,
      143, 88, 43, -1,
      143, 43, 141, -1,
      141, 43, 42, -1,
      141, 42, 40, -1,
      144, 140, 48, -1,
      48, 140, 40, -1,
      48, 49, 144, -1,
      144, 49, 145, -1,
      52, 146, 51, -1,
      51, 146, 145, -1,
      51, 145, 50, -1,
      50, 145, 49, -1,
      52, 1, 146, -1,
      146, 1, 147, -1,
      1, 0, 147, -1,
      147, 0, 69, -1,
      147, 69, 148, -1,
      148, 69, 68, -1,
      148, 68, 149, -1,
      149, 68, 59, -1,
      149, 59, 150, -1,
      150, 59, 58, -1,
      150, 58, 151, -1,
      151, 58, 57, -1,
      151, 57, 152, -1,
      152, 57, 67, -1,
      152, 67, 153, -1,
      153, 67, 66, -1,
      153, 66, 154, -1,
      154, 66, 65, -1,
      154, 65, 155, -1,
      155, 65, 64, -1,
      155, 64, 156, -1,
      156, 64, 84, -1,
      156, 84, 157, -1,
      157, 84, 83, -1,
      157, 83, 158, -1,
      158, 83, 81, -1,
      158, 81, 159, -1,
      159, 81, 79, -1,
      159, 79, 160, -1,
      160, 79, 78, -1,
      160, 78, 161, -1,
      161, 78, 77, -1,
      161, 77, 162, -1,
      162, 77, 76, -1,
      162, 76, 163, -1,
      163, 76, 75, -1,
      163, 75, 164, -1,
      164, 75, 72, -1,
      164, 72, 165, -1,
      165, 72, 87, -1,
      165, 87, 166, -1,
      166, 87, 86, -1,
      166, 86, 167, -1,
      167, 86, 85, -1,
      167, 85, 168, -1,
      168, 85, 74, -1,
      168, 74, 169, -1,
      169, 74, 73, -1,
      169, 73, 170, -1,
      170, 73, 71, -1,
      170, 71, 171, -1,
      171, 71, 70, -1,
      171, 70, 172, -1,
      172, 70, 80, -1,
      172, 80, 173, -1,
      173, 80, 82, -1,
      173, 82, 174, -1,
      174, 82, 54, -1,
      174, 54, 175, -1,
      176, 175, 53, -1,
      53, 175, 54, -1,
      176, 53, 63, -1,
      176, 63, 177, -1,
      177, 63, 62, -1,
      177, 62, 178, -1,
      178, 62, 61, -1,
      178, 61, 179, -1,
      179, 61, 56, -1,
      179, 56, 180, -1,
      180, 56, 55, -1,
      180, 55, 181, -1,
      55, 60, 181, -1,
      181, 60, 182, -1,
      60, 37, 182, -1,
      182, 37, 36, -1,
      182, 36, 183, -1,
      183, 36, 38, -1,
      183, 38, 184, -1,
      184, 38, 47, -1,
      184, 47, 185, -1,
      185, 47, 46, -1,
      185, 46, 186, -1,
      186, 46, 45, -1,
      186, 45, 187, -1,
      187, 45, 44, -1,
      187, 44, 188, -1,
      89, 189, 190, -1,
      188, 44, 39, -1,
      188, 39, 191, -1,
      191, 39, 41, -1,
      191, 41, 190, -1,
      190, 41, 90, -1,
      190, 90, 89, -1,
      189, 89, 93, -1,
      189, 93, 192, -1,
      192, 93, 104, -1,
      192, 104, 193, -1,
      193, 104, 103, -1,
      193, 103, 194, -1,
      194, 103, 102, -1,
      194, 102, 195, -1,
      195, 102, 96, -1,
      195, 96, 196, -1,
      196, 96, 95, -1,
      196, 95, 197, -1,
      197, 95, 101, -1,
      197, 101, 198, -1,
      198, 101, 100, -1,
      198, 100, 199, -1,
      199, 100, 99, -1,
      199, 99, 200, -1,
      200, 99, 98, -1,
      200, 98, 201, -1,
      201, 98, 97, -1,
      201, 97, 202, -1,
      202, 97, 94, -1,
      202, 94, 203, -1,
      203, 94, 92, -1,
      203, 92, 204, -1,
      204, 92, 91, -1,
      204, 91, 142, -1,
      168, 169, 180, -1,
      180, 169, 179, -1,
      192, 159, 189, -1,
      189, 159, 160, -1,
      148, 149, 200, -1,
      200, 149, 150, -1,
      200, 150, 199, -1,
      199, 150, 151, -1,
      199, 151, 198, -1,
      198, 151, 152, -1,
      198, 152, 197, -1,
      197, 152, 153, -1,
      197, 153, 196, -1,
      196, 153, 154, -1,
      196, 154, 195, -1,
      195, 154, 155, -1,
      195, 155, 194, -1,
      194, 155, 156, -1,
      194, 156, 193, -1,
      193, 156, 157, -1,
      193, 157, 192, -1,
      192, 157, 158, -1,
      192, 158, 159, -1,
      146, 142, 145, -1,
      145, 142, 143, -1,
      145, 143, 144, -1,
      144, 143, 141, -1,
      144, 141, 140, -1,
      169, 170, 179, -1,
      179, 170, 171, -1,
      179, 171, 178, -1,
      178, 171, 172, -1,
      178, 172, 177, -1,
      177, 172, 173, -1,
      177, 173, 176, -1,
      176, 173, 174, -1,
      176, 174, 175, -1,
      200, 201, 148, -1,
      148, 201, 202, -1,
      148, 202, 147, -1,
      147, 202, 203, -1,
      147, 203, 146, -1,
      146, 203, 204, -1,
      146, 204, 142, -1,
      180, 181, 168, -1,
      168, 181, 182, -1,
      168, 182, 167, -1,
      167, 182, 183, -1,
      167, 183, 166, -1,
      166, 183, 184, -1,
      166, 184, 165, -1,
      165, 184, 185, -1,
      165, 185, 164, -1,
      164, 185, 186, -1,
      164, 186, 163, -1,
      163, 186, 187, -1,
      163, 187, 162, -1,
      162, 187, 188, -1,
      162, 188, 161, -1,
      161, 188, 191, -1,
      161, 191, 160, -1,
      160, 191, 190, -1,
      160, 190, 189, -1,
      205, 206, 105, -1,
      105, 206, 106, -1,
      207, 205, 113, -1,
      113, 205, 105, -1,
      207, 113, 114, -1,
      207, 114, 208, -1,
      208, 114, 111, -1,
      208, 111, 209, -1,
      210, 209, 110, -1,
      110, 209, 111, -1,
      211, 210, 109, -1,
      109, 210, 110, -1,
      211, 109, 212, -1,
      212, 109, 112, -1,
      212, 112, 117, -1,
      213, 212, 116, -1,
      116, 212, 117, -1,
      213, 116, 214, -1,
      214, 116, 115, -1,
      214, 115, 118, -1,
      120, 215, 119, -1,
      119, 215, 214, -1,
      119, 214, 118, -1,
      120, 125, 215, -1,
      215, 125, 216, -1,
      125, 124, 216, -1,
      216, 124, 123, -1,
      216, 123, 217, -1,
      217, 123, 133, -1,
      217, 133, 218, -1,
      218, 133, 132, -1,
      218, 132, 219, -1,
      219, 132, 127, -1,
      219, 127, 220, -1,
      220, 127, 126, -1,
      220, 126, 221, -1,
      221, 126, 122, -1,
      221, 122, 222, -1,
      223, 222, 121, -1,
      121, 222, 122, -1,
      223, 121, 131, -1,
      223, 131, 224, -1,
      224, 131, 130, -1,
      224, 130, 225, -1,
      225, 130, 129, -1,
      225, 129, 226, -1,
      226, 129, 128, -1,
      226, 128, 227, -1,
      128, 139, 227, -1,
      227, 139, 138, -1,
      227, 138, 228, -1,
      228, 138, 137, -1,
      228, 137, 229, -1,
      229, 137, 135, -1,
      229, 135, 230, -1,
      230, 135, 134, -1,
      230, 134, 231, -1,
      106, 206, 136, -1,
      136, 206, 231, -1,
      136, 231, 134, -1,
      208, 209, 231, -1,
      206, 205, 231, -1,
      231, 205, 207, -1,
      231, 207, 208, -1,
      212, 213, 211, -1,
      211, 213, 214, -1,
      211, 214, 210, -1,
      222, 223, 221, -1,
      221, 223, 224, -1,
      221, 224, 220, -1,
      220, 224, 225, -1,
      220, 225, 219, -1,
      219, 225, 226, -1,
      219, 226, 218, -1,
      218, 226, 227, -1,
      218, 227, 217, -1,
      217, 227, 228, -1,
      217, 228, 216, -1,
      216, 228, 229, -1,
      216, 229, 215, -1,
      215, 229, 230, -1,
      215, 230, 214, -1,
      214, 230, 231, -1,
      214, 231, 210, -1,
      210, 231, 209, -1,
      232, 233, 3, -1,
      3, 233, 4, -1,
      232, 3, 234, -1,
      234, 3, 8, -1,
      234, 8, 6, -1,
      235, 234, 5, -1,
      5, 234, 6, -1,
      235, 5, 236, -1,
      236, 5, 7, -1,
      236, 7, 9, -1,
      237, 236, 10, -1,
      10, 236, 9, -1,
      13, 238, 11, -1,
      11, 238, 237, -1,
      11, 237, 10, -1,
      239, 238, 14, -1,
      14, 238, 13, -1,
      2, 240, 12, -1,
      12, 240, 239, -1,
      12, 239, 14, -1,
      241, 240, 108, -1,
      108, 240, 2, -1,
      17, 242, 107, -1,
      107, 242, 241, -1,
      107, 241, 108, -1,
      243, 242, 16, -1,
      16, 242, 17, -1,
      243, 16, 233, -1,
      233, 16, 15, -1,
      233, 15, 4, -1,
      243, 233, 232, -1,
      232, 234, 243, -1,
      243, 234, 235, -1,
      243, 235, 242, -1,
      240, 241, 239, -1,
      239, 241, 242, -1,
      239, 242, 238, -1,
      238, 242, 235, -1,
      238, 235, 237, -1,
      237, 235, 236, -1,
      244, 245, 246, -1,
      246, 245, 247, -1,
      246, 247, 248, -1,
      248, 247, 249, -1,
      248, 249, 250, -1,
      250, 249, 251, -1,
      250, 251, 252, -1,
      252, 251, 253, -1,
      252, 253, 254, -1,
      254, 253, 255, -1,
      254, 255, 256, -1,
      256, 255, 257, -1,
      256, 257, 258, -1,
      258, 257, 259, -1,
      258, 259, 260, -1,
      260, 259, 261, -1,
      260, 261, 262, -1,
      262, 261, 263, -1,
      262, 263, 264, -1,
      264, 263, 265, -1,
      264, 265, 266, -1,
      266, 265, 267, -1,
      266, 267, 268, -1,
      268, 267, 269, -1,
      268, 269, 270, -1,
      270, 269, 271, -1,
      270, 271, 272, -1,
      272, 271, 273, -1,
      272, 273, 274, -1,
      274, 273, 275, -1,
      274, 275, 276, -1,
      276, 275, 277, -1,
      276, 277, 278, -1,
      278, 277, 279, -1,
      278, 279, 244, -1,
      244, 279, 245, -1,
      267, 265, 32, -1,
      32, 265, 34, -1,
      267, 32, 31, -1,
      267, 31, 269, -1,
      269, 31, 30, -1,
      269, 30, 271, -1,
      271, 30, 22, -1,
      271, 22, 273, -1,
      273, 22, 21, -1,
      273, 21, 275, -1,
      275, 21, 20, -1,
      275, 20, 277, -1,
      277, 20, 19, -1,
      277, 19, 279, -1,
      279, 19, 18, -1,
      279, 18, 245, -1,
      245, 18, 23, -1,
      245, 23, 247, -1,
      247, 23, 24, -1,
      247, 24, 249, -1,
      249, 24, 29, -1,
      249, 29, 251, -1,
      251, 29, 28, -1,
      251, 28, 253, -1,
      253, 28, 27, -1,
      253, 27, 255, -1,
      255, 27, 33, -1,
      255, 33, 257, -1,
      257, 33, 26, -1,
      257, 26, 259, -1,
      259, 26, 25, -1,
      259, 25, 261, -1,
      263, 261, 35, -1,
      35, 261, 25, -1,
      265, 263, 34, -1,
      34, 263, 35, -1,
      260, 262, 280, -1,
      280, 262, 281, -1,
      262, 264, 281, -1,
      281, 264, 282, -1,
      264, 266, 282, -1,
      282, 266, 283, -1,
      274, 284, 285, -1,
      274, 285, 272, -1,
      272, 285, 286, -1,
      272, 286, 270, -1,
      270, 286, 287, -1,
      270, 287, 268, -1,
      268, 287, 283, -1,
      268, 283, 266, -1,
      246, 288, 289, -1,
      246, 289, 244, -1,
      244, 289, 290, -1,
      244, 290, 278, -1,
      278, 290, 291, -1,
      278, 291, 276, -1,
      276, 291, 284, -1,
      276, 284, 274, -1,
      254, 292, 293, -1,
      254, 293, 252, -1,
      252, 293, 294, -1,
      252, 294, 250, -1,
      250, 294, 295, -1,
      250, 295, 248, -1,
      248, 295, 288, -1,
      248, 288, 246, -1,
      260, 280, 296, -1,
      260, 296, 258, -1,
      258, 296, 297, -1,
      258, 297, 256, -1,
      256, 297, 292, -1,
      256, 292, 254, -1,
    ]
  }
}

Shape {
  appearance Appearance {
    material Material {
      diffuseColor 1.0000 1.0000 1.0000
      specularColor 0.5020 0.5020 0.5020
      ambientIntensity 0.2
      transparency 0.0000
      shininess 0.5
    }
  }
  geometry IndexedFaceSet {
    ccw TRUE
    solid FALSE
    coord DEF co Coordinate {
      point [
        -0.043767 -0.538412 0.145954,
        -0.051831 -0.538412 0.145954,
        -0.051831 -0.541998 0.104956,
        -0.044081 -0.541998 0.104956,
        -0.028211 -0.541513 0.110502,
        -0.029198 -0.541591 0.109610,
        -0.032735 -0.541793 0.107305,
        -0.037301 -0.541935 0.105683,
        -0.022508 -0.540160 0.125971,
        -0.022684 -0.540454 0.122606,
        -0.023719 -0.540881 0.117733,
        -0.025556 -0.541226 0.113784,
        -0.028361 -0.538850 0.140951,
        -0.026605 -0.539004 0.139180,
        -0.024602 -0.539272 0.136119,
        -0.023165 -0.539625 0.132091,
        -0.036886 -0.538478 0.145196,
        -0.032257 -0.538624 0.143531,
      ]
    }
    coordIndex [
      1, 2, 0, -1,
      0, 2, 3, -1,
      0, 3, 7, -1,
      7, 6, 0, -1,
      0, 6, 5, -1,
      0, 5, 4, -1,
      4, 11, 0, -1,
      0, 11, 10, -1,
      0, 10, 9, -1,
      9, 8, 0, -1,
      0, 8, 15, -1,
      0, 15, 14, -1,
      14, 13, 0, -1,
      0, 13, 12, -1,
      0, 12, 16, -1,
      16, 12, 17, -1,
    ]
  }
}

Shape {
  appearance Appearance {
    material Material {
      diffuseColor 0.0000 0.0000 0.0000
      specularColor 0.0000 0.0000 0.0000
      ambientIntensity 0.2
      transparency 0.0000
      shininess 0.5
    }
  }
  geometry IndexedFaceSet {
    ccw TRUE
    solid FALSE
    coord DEF co Coordinate {
      point [
        -0.012301 -0.542529 0.098894,
        0.028116 -0.542529 0.098894,
        0.022671 -0.541257 0.113439,
        0.000443 -0.541257 0.113439,
        0.015398 -0.537877 0.152070,
        0.008030 -0.537877 0.152070,
        -0.004687 -0.542529 0.098894,
        0.035730 -0.542529 0.098894,
        0.002627 -0.544653 0.119790,
        0.000443 -0.545178 0.113781,
        0.020543 -0.544653 0.119790,
        0.022671 -0.545178 0.113781,
        0.010609 -0.542719 0.141893,
        0.008030 -0.541799 0.152413,
        -0.012301 -0.546451 0.099237,
        -0.004687 -0.546451 0.099237,
        0.011071 -0.542580 0.143480,
        0.011482 -0.542393 0.145617,
        0.015398 -0.541799 0.152413,
        0.011646 -0.542393 0.145617,
        0.012078 -0.542590 0.143367,
        0.012478 -0.542719 0.141893,
        0.035730 -0.546451 0.099237,
        0.028116 -0.546451 0.099237,
        0.002627 -0.540731 0.119447,
        0.020543 -0.540731 0.119447,
        0.012478 -0.538797 0.141549,
        0.011646 -0.538471 0.145274,
        0.012078 -0.538668 0.143024,
        0.011482 -0.538471 0.145274,
        0.010609 -0.538797 0.141549,
        0.011071 -0.538658 0.143136,
      ]
    }
    coordIndex [
      8, 9, 10, -1,
      10, 9, 11, -1,
      12, 13, 8, -1,
      8, 13, 14, -1,
      8, 14, 9, -1,
      9, 14, 15, -1,
      12, 16, 13, -1,
      13, 16, 17, -1,
      13, 17, 18, -1,
      18, 17, 19, -1,
      18, 19, 20, -1,
      20, 21, 18, -1,
      18, 21, 10, -1,
      18, 10, 22, -1,
      22, 10, 11, -1,
      22, 11, 23, -1,
      18, 22, 4, -1,
      4, 22, 7, -1,
      13, 18, 5, -1,
      5, 18, 4, -1,
      14, 13, 0, -1,
      0, 13, 5, -1,
      15, 14, 6, -1,
      6, 14, 0, -1,
      9, 15, 3, -1,
      3, 15, 6, -1,
      11, 9, 2, -1,
      2, 9, 3, -1,
      23, 11, 1, -1,
      1, 11, 2, -1,
      22, 23, 7, -1,
      7, 23, 1, -1,
      8, 10, 24, -1,
      24, 10, 25, -1,
      10, 21, 25, -1,
      25, 21, 26, -1,
      19, 27, 28, -1,
      19, 28, 20, -1,
      20, 28, 26, -1,
      20, 26, 21, -1,
      19, 17, 27, -1,
      27, 17, 29, -1,
      12, 30, 31, -1,
      12, 31, 16, -1,
      16, 31, 29, -1,
      16, 29, 17, -1,
      12, 8, 30, -1,
      30, 8, 24, -1,
    ]
  }
}

Shape {
  appearance Appearance {
    material Material {
      diffuseColor 1.0000 1.0000 1.0000
      specularColor 0.5020 0.5020 0.5020
      ambientIntensity 0.2
      transparency 0.0000
      shininess 0.5
    }
  }
  geometry IndexedFaceSet {
    ccw TRUE
    solid FALSE
    coord DEF co Coordinate {
      point [
        0.002627 -0.540731 0.119447,
        0.020543 -0.540731 0.119447,
        0.012478 -0.538797 0.141549,
        0.011646 -0.538471 0.145274,
        0.012078 -0.538668 0.143024,
        0.011482 -0.538471 0.145274,
        0.010609 -0.538797 0.141549,
        0.011071 -0.538658 0.143136,
      ]
    }
    coordIndex [
      3, 5, 4, -1,
      4, 5, 7, -1,
      4, 7, 2, -1,
      2, 7, 6, -1,
      2, 6, 1, -1,
      1, 6, 0, -1,
    ]
  }
}

Shape {
  appearance Appearance {
    material Material {
      diffuseColor 0.0000 0.0000 0.0000
      specularColor 0.0000 0.0000 0.0000
      ambientIntensity 0.2
      transparency 0.0000
      shininess 0.5
    }
  }
  geometry IndexedFaceSet {
    ccw TRUE
    solid FALSE
    coord DEF co Coordinate {
      point [
        -0.364056 -0.529976 0.242374,
        -0.355851 -0.530457 0.236878,
        -0.347130 -0.530968 0.231037,
        -0.334665 -0.532222 0.216701,
        -0.292163 -0.536552 0.167213,
        -0.294590 -0.535966 0.173915,
        -0.301964 -0.535002 0.184923,
        -0.311914 -0.534217 0.193906,
        -0.326636 -0.533581 0.201169,
        -0.323043 -0.533693 0.199896,
        -0.435054 -0.530039 0.241654,
        -0.417556 -0.529450 0.248385,
        -0.398746 -0.529248 0.250698,
        -0.383102 -0.529391 0.249060,
        -0.484720 -0.532089 0.218220,
        -0.469717 -0.531927 0.220073,
        -0.531098 -0.536976 0.162361,
        -0.530235 -0.536552 0.167213,
        -0.528570 -0.535733 0.176573,
        -0.522533 -0.534541 0.190196,
        -0.513362 -0.533515 0.201925,
        -0.442789 -0.530457 0.236878,
        -0.444288 -0.530538 0.235952,
        -0.453207 -0.531204 0.228344,
        -0.465352 -0.531948 0.219837,
        -0.460987 -0.531993 0.219317,
        -0.510840 -0.533307 0.204305,
        -0.498776 -0.532566 0.212769,
        -0.484898 -0.542479 0.099465,
        -0.489754 -0.542352 0.100916,
        -0.503463 -0.541769 0.107584,
        -0.515259 -0.540891 0.117613,
        -0.523875 -0.539821 0.129845,
        -0.529338 -0.538590 0.143915,
        -0.531200 -0.537286 0.158824,
        -0.468054 -0.544282 0.078858,
        -0.475472 -0.543794 0.084439,
        -0.481110 -0.543186 0.091382,
        -0.484419 -0.542568 0.098445,
        -0.433117 -0.544411 0.077381,
        -0.439722 -0.544631 0.074867,
        -0.448843 -0.544728 0.073756,
        -0.450342 -0.544726 0.073785,
        -0.459301 -0.544603 0.075185,
        -0.464533 -0.544411 0.077381,
        -0.417683 -0.543303 0.090045,
        -0.423685 -0.543892 0.083316,
        -0.431253 -0.544349 0.078090,
        -0.413238 -0.542563 0.098504,
        -0.366161 -0.542347 0.100972,
        -0.368302 -0.542170 0.102996,
        -0.420378 -0.539204 0.136895,
        -0.369522 -0.536889 0.163361,
        -0.426988 -0.538680 0.142896,
        -0.435037 -0.538303 0.147201,
        -0.312770 -0.537665 0.154493,
        -0.314532 -0.537029 0.161760,
        -0.317463 -0.536552 0.167213,
        -0.506353 -0.536552 0.167213,
        -0.290781 -0.539087 0.138237,
        -0.289063 -0.537914 0.151641,
        -0.290369 -0.536985 0.162264,
        -0.366793 -0.540733 0.119415,
        -0.364407 -0.540598 0.120962,
        -0.357757 -0.538642 0.143323,
        -0.361770 -0.540518 0.121881,
        -0.504263 -0.538509 0.144842,
        -0.499450 -0.539226 0.136648,
        -0.480301 -0.539549 0.132957,
        -0.492608 -0.539831 0.129728,
        -0.484518 -0.540263 0.124797,
        -0.466255 -0.538455 0.145461,
        -0.474020 -0.538924 0.140097,
        -0.507289 -0.537220 0.159580,
        -0.506895 -0.537695 0.154142,
        -0.457869 -0.538176 0.148646,
        -0.448843 -0.538080 0.149750,
        -0.444196 -0.538104 0.149474,
        -0.295529 -0.540135 0.126257,
        -0.303106 -0.541057 0.115723,
        -0.304993 -0.541226 0.113782,
        -0.315113 -0.541910 0.105968,
        -0.326855 -0.542365 0.100775,
        -0.337642 -0.542545 0.098709,
        -0.359275 -0.540494 0.122150,
        -0.358906 -0.540497 0.122124,
        -0.357767 -0.540519 0.121872,
        -0.371040 -0.541520 0.110430,
        -0.370963 -0.541403 0.111766,
        -0.410890 -0.541090 0.115345,
        -0.370240 -0.541150 0.114654,
        -0.368808 -0.540922 0.117263,
        -0.360034 -0.542545 0.098709,
        -0.360953 -0.542537 0.098805,
        -0.363509 -0.542477 0.099492,
        -0.369863 -0.541959 0.105409,
        -0.370771 -0.541733 0.107991,
        -0.411073 -0.541745 0.107851,
        -0.410890 -0.541420 0.111564,
        -0.413269 -0.542568 0.098445,
        -0.320283 -0.539695 0.131281,
        -0.316111 -0.539180 0.137181,
        -0.313500 -0.538590 0.143921,
        -0.312594 -0.537947 0.151263,
        -0.356998 -0.540528 0.121772,
        -0.339919 -0.540528 0.121772,
        -0.333170 -0.540415 0.123053,
        -0.326466 -0.540146 0.126128,
        -0.320844 -0.539748 0.130681,
        -0.353577 -0.533358 0.203716,
        -0.362193 -0.532471 0.213855,
        -0.449222 -0.534408 0.191717,
        -0.362858 -0.532419 0.214457,
        -0.373510 -0.531772 0.221849,
        -0.443387 -0.533357 0.203733,
        -0.452060 -0.534273 0.193256,
        -0.460574 -0.534005 0.196323,
        -0.318044 -0.536457 0.168295,
        -0.322488 -0.536024 0.173246,
        -0.342196 -0.535367 0.180753,
        -0.328377 -0.535666 0.177336,
        -0.335003 -0.535444 0.179872,
        -0.345233 -0.535367 0.180753,
        -0.347652 -0.534421 0.191569,
        -0.482447 -0.534117 0.195049,
        -0.490938 -0.534504 0.190622,
        -0.473064 -0.533928 0.197206,
        -0.497693 -0.535027 0.184642,
        -0.502939 -0.535687 0.177104,
        -0.434861 -0.532471 0.213854,
        -0.385404 -0.531372 0.226414,
        -0.424798 -0.531830 0.221180,
        -0.398366 -0.531233 0.228013,
        -0.412410 -0.531391 0.226201,
        -0.469337 -0.533912 0.197388,
        -0.506174 -0.536425 0.168666,
        -0.481110 -0.547108 0.091726,
        -0.475472 -0.547716 0.084782,
        -0.484518 -0.544185 0.125140,
        -0.490938 -0.538426 0.190965,
        -0.482447 -0.538039 0.195393,
        -0.484720 -0.536011 0.218563,
        -0.417683 -0.547225 0.090389,
        -0.413238 -0.546485 0.098847,
        -0.411073 -0.545667 0.108194,
        -0.460987 -0.535915 0.219660,
        -0.449222 -0.538330 0.192060,
        -0.443387 -0.537279 0.204077,
        -0.469717 -0.535849 0.220416,
        -0.357757 -0.542564 0.143666,
        -0.369522 -0.540811 0.163704,
        -0.410890 -0.545012 0.115688,
        -0.420378 -0.543126 0.137239,
        -0.410890 -0.545343 0.111907,
        -0.431253 -0.548271 0.078433,
        -0.423685 -0.547814 0.083659,
        -0.459173 -0.546330 0.100625,
        -0.456166 -0.546514 0.098518,
        -0.468054 -0.548204 0.079201,
        -0.452670 -0.546630 0.097192,
        -0.435615 -0.544867 0.117348,
        -0.434611 -0.545167 0.113909,
        -0.434477 -0.545488 0.110246,
        -0.435281 -0.545807 0.106591,
        -0.436963 -0.546097 0.103285,
        -0.453207 -0.535126 0.228687,
        -0.434861 -0.536393 0.214197,
        -0.444288 -0.534460 0.236296,
        -0.424798 -0.535752 0.221523,
        -0.435054 -0.533961 0.241997,
        -0.492608 -0.543754 0.130072,
        -0.489754 -0.546274 0.101259,
        -0.484898 -0.546401 0.099809,
        -0.473064 -0.537850 0.197549,
        -0.469337 -0.537834 0.197731,
        -0.465352 -0.535870 0.220180,
        -0.460574 -0.537927 0.196666,
        -0.452060 -0.538195 0.193599,
        -0.463949 -0.545506 0.110035,
        -0.463154 -0.545813 0.106528,
        -0.461567 -0.546087 0.103393,
        -0.459301 -0.548525 0.075528,
        -0.450342 -0.548648 0.074128,
        -0.449222 -0.546666 0.096784,
        -0.448843 -0.548650 0.074099,
        -0.445582 -0.546626 0.097231,
        -0.439722 -0.548553 0.075210,
        -0.442280 -0.546515 0.098502,
        -0.439376 -0.546338 0.100527,
        -0.347130 -0.534890 0.231380,
        -0.362193 -0.536393 0.214198,
        -0.334665 -0.536144 0.217044,
        -0.353577 -0.537280 0.204059,
        -0.326636 -0.537503 0.201512,
        -0.347652 -0.538343 0.191912,
        -0.345233 -0.539289 0.181096,
        -0.506174 -0.540347 0.169009,
        -0.531098 -0.540898 0.162704,
        -0.507289 -0.541142 0.159923,
        -0.531200 -0.541208 0.159167,
        -0.506895 -0.541617 0.154485,
        -0.529338 -0.542512 0.144258,
        -0.504263 -0.542431 0.145185,
        -0.523875 -0.543743 0.130189,
        -0.499450 -0.543148 0.136991,
        -0.515259 -0.544813 0.117957,
        -0.503463 -0.545691 0.107927,
        -0.498776 -0.536488 0.213113,
        -0.510840 -0.537229 0.204648,
        -0.497693 -0.538949 0.184985,
        -0.513362 -0.537437 0.202269,
        -0.502939 -0.539609 0.177446,
        -0.522533 -0.538463 0.190539,
        -0.528570 -0.539655 0.176917,
        -0.463862 -0.545183 0.113723,
        -0.462844 -0.544869 0.117314,
        -0.480301 -0.543471 0.133300,
        -0.460964 -0.544591 0.120503,
        -0.474020 -0.542846 0.140440,
        -0.459117 -0.544417 0.122483,
        -0.466255 -0.542377 0.145804,
        -0.456134 -0.544236 0.124557,
        -0.457869 -0.542098 0.148990,
        -0.452811 -0.544124 0.125831,
        -0.448843 -0.542002 0.150093,
        -0.449222 -0.544085 0.126274,
        -0.444196 -0.542026 0.149817,
        -0.446662 -0.544105 0.126051,
        -0.435037 -0.542225 0.147544,
        -0.443084 -0.544202 0.124938,
        -0.426988 -0.542601 0.143239,
        -0.439939 -0.544372 0.123002,
        -0.437390 -0.544601 0.120385,
        -0.417556 -0.533372 0.248728,
        -0.412410 -0.535313 0.226544,
        -0.398746 -0.533170 0.251041,
        -0.398366 -0.535155 0.228356,
        -0.383102 -0.533313 0.249403,
        -0.385404 -0.535294 0.226757,
        -0.364056 -0.533898 0.242717,
        -0.373510 -0.535694 0.222192,
        -0.362858 -0.536341 0.214800,
        -0.370771 -0.545655 0.108334,
        -0.369863 -0.545881 0.105752,
        -0.358906 -0.544419 0.122467,
        -0.368302 -0.546092 0.103340,
        -0.371040 -0.545442 0.110773,
        -0.359275 -0.544417 0.122493,
        -0.370963 -0.545325 0.112109,
        -0.361770 -0.544440 0.122224,
        -0.364407 -0.544520 0.121305,
        -0.342196 -0.539289 0.181096,
        -0.335003 -0.539367 0.180215,
        -0.323043 -0.537615 0.200239,
        -0.328377 -0.539588 0.177680,
        -0.311914 -0.538139 0.194249,
        -0.322488 -0.539946 0.173590,
        -0.301964 -0.538924 0.185267,
        -0.318044 -0.540379 0.168638,
        -0.294590 -0.539888 0.174257,
        -0.314532 -0.540951 0.162103,
        -0.290369 -0.540907 0.162607,
        -0.312770 -0.541587 0.154835,
        -0.289063 -0.541836 0.151984,
        -0.312594 -0.541869 0.151606,
        -0.290781 -0.543009 0.138580,
        -0.313500 -0.542512 0.144264,
        -0.295529 -0.544057 0.126600,
        -0.316111 -0.543102 0.137524,
        -0.303106 -0.544979 0.116066,
        -0.320283 -0.543618 0.131624,
        -0.304993 -0.545148 0.114126,
        -0.320844 -0.543670 0.131025,
        -0.315113 -0.545832 0.106311,
        -0.326466 -0.544069 0.126472,
        -0.326855 -0.546287 0.101118,
        -0.333170 -0.544337 0.123396,
        -0.337642 -0.546467 0.099052,
        -0.339919 -0.544450 0.122115,
        -0.360034 -0.546467 0.099052,
        -0.356998 -0.544450 0.122115,
        -0.360953 -0.546459 0.099148,
        -0.357767 -0.544441 0.122216,
        -0.363509 -0.546399 0.099835,
        -0.366161 -0.546269 0.101315,
        -0.366793 -0.544656 0.119758,
        -0.368808 -0.544844 0.117606,
        -0.370240 -0.545072 0.114997,
        -0.449222 -0.540163 0.125931,
        -0.446662 -0.540183 0.125707,
        -0.443084 -0.540280 0.124595,
        -0.439939 -0.540450 0.122658,
        -0.437390 -0.540679 0.120042,
        -0.435615 -0.540944 0.117005,
        -0.434611 -0.541245 0.113567,
        -0.434477 -0.541566 0.109903,
        -0.435281 -0.541885 0.106248,
        -0.436963 -0.542175 0.102942,
        -0.439376 -0.542416 0.100184,
        -0.442280 -0.542593 0.098159,
        -0.445582 -0.542704 0.096888,
        -0.449222 -0.542744 0.096441,
        -0.452670 -0.542708 0.096849,
        -0.456166 -0.542592 0.098174,
        -0.459173 -0.542407 0.100282,
        -0.461567 -0.542165 0.103050,
        -0.463154 -0.541891 0.106185,
        -0.463949 -0.541584 0.109692,
        -0.463862 -0.541261 0.113380,
        -0.462844 -0.540948 0.116971,
        -0.460964 -0.540669 0.120160,
        -0.459117 -0.540495 0.122140,
        -0.456134 -0.540314 0.124215,
        -0.452811 -0.540202 0.125488,
      ]
    }
    coordIndex [
      136, 137, 138, -1,
      139, 140, 141, -1,
      142, 143, 144, -1,
      145, 146, 147, -1,
      141, 140, 148, -1,
      149, 150, 151, -1,
      151, 150, 152, -1,
      151, 152, 153, -1,
      153, 152, 154, -1,
      153, 154, 144, -1,
      144, 154, 155, -1,
      144, 155, 142, -1,
      156, 137, 157, -1,
      157, 137, 158, -1,
      157, 158, 159, -1,
      160, 161, 152, -1,
      152, 161, 162, -1,
      152, 162, 154, -1,
      154, 162, 163, -1,
      154, 163, 164, -1,
      145, 147, 165, -1,
      165, 147, 166, -1,
      165, 166, 167, -1,
      167, 166, 168, -1,
      167, 168, 169, -1,
      170, 171, 138, -1,
      138, 171, 172, -1,
      138, 172, 136, -1,
      140, 173, 148, -1,
      148, 173, 174, -1,
      148, 174, 175, -1,
      175, 174, 176, -1,
      175, 176, 145, -1,
      145, 176, 177, -1,
      145, 177, 146, -1,
      178, 138, 179, -1,
      179, 138, 137, -1,
      179, 137, 180, -1,
      180, 137, 156, -1,
      158, 181, 159, -1,
      159, 181, 182, -1,
      159, 182, 183, -1,
      183, 182, 184, -1,
      183, 184, 185, -1,
      185, 184, 186, -1,
      185, 186, 187, -1,
      187, 186, 154, -1,
      187, 154, 188, -1,
      188, 154, 164, -1,
      189, 190, 191, -1,
      191, 190, 192, -1,
      191, 192, 193, -1,
      193, 192, 194, -1,
      193, 194, 195, -1,
      196, 197, 198, -1,
      198, 197, 199, -1,
      198, 199, 200, -1,
      200, 199, 201, -1,
      200, 201, 202, -1,
      202, 201, 203, -1,
      202, 203, 204, -1,
      204, 203, 205, -1,
      204, 205, 170, -1,
      170, 205, 206, -1,
      170, 206, 171, -1,
      141, 207, 139, -1,
      139, 207, 208, -1,
      139, 208, 209, -1,
      209, 208, 210, -1,
      209, 210, 211, -1,
      211, 210, 212, -1,
      211, 212, 196, -1,
      196, 212, 213, -1,
      196, 213, 197, -1,
      178, 214, 138, -1,
      138, 214, 215, -1,
      138, 215, 216, -1,
      216, 215, 217, -1,
      216, 217, 218, -1,
      218, 217, 219, -1,
      218, 219, 220, -1,
      220, 219, 221, -1,
      220, 221, 222, -1,
      222, 221, 223, -1,
      222, 223, 224, -1,
      224, 223, 225, -1,
      224, 225, 226, -1,
      226, 225, 227, -1,
      226, 227, 228, -1,
      228, 227, 229, -1,
      228, 229, 230, -1,
      230, 229, 231, -1,
      230, 231, 152, -1,
      152, 231, 232, -1,
      152, 232, 160, -1,
      169, 168, 233, -1,
      233, 168, 234, -1,
      233, 234, 235, -1,
      235, 234, 236, -1,
      235, 236, 237, -1,
      237, 236, 238, -1,
      237, 238, 239, -1,
      239, 238, 240, -1,
      239, 240, 189, -1,
      189, 240, 241, -1,
      189, 241, 190, -1,
      242, 243, 244, -1,
      244, 243, 245, -1,
      242, 244, 246, -1,
      246, 244, 247, -1,
      246, 247, 248, -1,
      248, 247, 249, -1,
      248, 249, 250, -1,
      195, 251, 193, -1,
      193, 251, 252, -1,
      193, 252, 253, -1,
      253, 252, 254, -1,
      253, 254, 255, -1,
      255, 254, 256, -1,
      255, 256, 257, -1,
      257, 256, 258, -1,
      257, 258, 259, -1,
      259, 258, 260, -1,
      259, 260, 261, -1,
      261, 260, 262, -1,
      261, 262, 263, -1,
      263, 262, 264, -1,
      263, 264, 265, -1,
      265, 264, 266, -1,
      265, 266, 267, -1,
      267, 266, 268, -1,
      267, 268, 269, -1,
      269, 268, 270, -1,
      269, 270, 271, -1,
      271, 270, 272, -1,
      271, 272, 273, -1,
      273, 272, 274, -1,
      273, 274, 275, -1,
      275, 274, 276, -1,
      275, 276, 277, -1,
      277, 276, 278, -1,
      277, 278, 279, -1,
      279, 278, 280, -1,
      279, 280, 281, -1,
      281, 280, 282, -1,
      281, 282, 283, -1,
      283, 282, 244, -1,
      283, 244, 284, -1,
      284, 244, 245, -1,
      250, 285, 248, -1,
      248, 285, 286, -1,
      248, 286, 287, -1,
      263, 60, 61, -1,
      263, 61, 261, -1,
      261, 61, 4, -1,
      261, 4, 259, -1,
      4, 5, 259, -1,
      259, 5, 6, -1,
      259, 6, 257, -1,
      257, 6, 7, -1,
      257, 7, 255, -1,
      255, 7, 9, -1,
      255, 9, 253, -1,
      253, 9, 8, -1,
      253, 8, 193, -1,
      193, 8, 3, -1,
      193, 3, 191, -1,
      191, 3, 2, -1,
      191, 2, 189, -1,
      189, 2, 239, -1,
      239, 2, 1, -1,
      1, 0, 239, -1,
      239, 0, 13, -1,
      239, 13, 237, -1,
      237, 13, 12, -1,
      237, 12, 235, -1,
      22, 167, 21, -1,
      21, 167, 169, -1,
      21, 169, 10, -1,
      10, 169, 233, -1,
      10, 233, 11, -1,
      11, 233, 235, -1,
      11, 235, 12, -1,
      167, 22, 23, -1,
      167, 23, 165, -1,
      165, 23, 25, -1,
      165, 25, 145, -1,
      145, 25, 24, -1,
      145, 24, 175, -1,
      175, 24, 15, -1,
      175, 15, 148, -1,
      148, 15, 14, -1,
      148, 14, 141, -1,
      141, 14, 27, -1,
      141, 27, 207, -1,
      207, 27, 26, -1,
      207, 26, 208, -1,
      208, 26, 20, -1,
      208, 20, 210, -1,
      18, 212, 19, -1,
      19, 212, 210, -1,
      19, 210, 20, -1,
      17, 197, 18, -1,
      18, 197, 213, -1,
      18, 213, 212, -1,
      17, 16, 197, -1,
      197, 16, 34, -1,
      197, 34, 199, -1,
      199, 34, 33, -1,
      199, 33, 201, -1,
      201, 33, 32, -1,
      201, 32, 203, -1,
      203, 32, 31, -1,
      203, 31, 205, -1,
      205, 31, 30, -1,
      205, 30, 206, -1,
      206, 30, 29, -1,
      206, 29, 171, -1,
      171, 29, 28, -1,
      171, 28, 172, -1,
      172, 28, 38, -1,
      172, 38, 136, -1,
      38, 37, 136, -1,
      136, 37, 36, -1,
      136, 36, 137, -1,
      137, 36, 35, -1,
      137, 35, 158, -1,
      158, 35, 44, -1,
      158, 44, 181, -1,
      44, 43, 181, -1,
      181, 43, 42, -1,
      181, 42, 182, -1,
      182, 42, 41, -1,
      182, 41, 184, -1,
      184, 41, 40, -1,
      184, 40, 186, -1,
      186, 40, 39, -1,
      186, 39, 154, -1,
      39, 47, 154, -1,
      154, 47, 46, -1,
      154, 46, 155, -1,
      155, 46, 45, -1,
      155, 45, 142, -1,
      142, 45, 99, -1,
      142, 99, 143, -1,
      99, 48, 143, -1,
      143, 48, 97, -1,
      143, 97, 144, -1,
      144, 97, 98, -1,
      144, 98, 153, -1,
      151, 153, 89, -1,
      89, 153, 98, -1,
      149, 151, 64, -1,
      64, 151, 89, -1,
      150, 149, 52, -1,
      52, 149, 64, -1,
      152, 150, 51, -1,
      51, 150, 52, -1,
      152, 51, 53, -1,
      152, 53, 230, -1,
      230, 53, 54, -1,
      230, 54, 228, -1,
      228, 54, 77, -1,
      228, 77, 226, -1,
      226, 77, 76, -1,
      226, 76, 224, -1,
      224, 76, 75, -1,
      224, 75, 222, -1,
      222, 75, 71, -1,
      222, 71, 220, -1,
      220, 71, 72, -1,
      220, 72, 218, -1,
      218, 72, 68, -1,
      218, 68, 216, -1,
      216, 68, 70, -1,
      216, 70, 138, -1,
      138, 70, 69, -1,
      138, 69, 170, -1,
      170, 69, 67, -1,
      170, 67, 204, -1,
      204, 67, 66, -1,
      204, 66, 202, -1,
      202, 66, 74, -1,
      202, 74, 200, -1,
      200, 74, 73, -1,
      200, 73, 198, -1,
      73, 58, 198, -1,
      198, 58, 196, -1,
      58, 135, 196, -1,
      196, 135, 128, -1,
      196, 128, 211, -1,
      211, 128, 127, -1,
      211, 127, 209, -1,
      209, 127, 125, -1,
      209, 125, 139, -1,
      139, 125, 124, -1,
      139, 124, 140, -1,
      140, 124, 126, -1,
      140, 126, 173, -1,
      173, 126, 134, -1,
      173, 134, 174, -1,
      174, 134, 116, -1,
      174, 116, 176, -1,
      176, 116, 115, -1,
      176, 115, 177, -1,
      177, 115, 111, -1,
      177, 111, 146, -1,
      146, 111, 114, -1,
      146, 114, 147, -1,
      147, 114, 129, -1,
      147, 129, 166, -1,
      166, 129, 131, -1,
      166, 131, 168, -1,
      168, 131, 133, -1,
      168, 133, 234, -1,
      234, 133, 132, -1,
      234, 132, 236, -1,
      236, 132, 130, -1,
      236, 130, 238, -1,
      238, 130, 113, -1,
      238, 113, 240, -1,
      240, 113, 112, -1,
      240, 112, 241, -1,
      241, 112, 110, -1,
      241, 110, 190, -1,
      190, 110, 109, -1,
      190, 109, 192, -1,
      192, 109, 123, -1,
      192, 123, 194, -1,
      194, 123, 122, -1,
      194, 122, 195, -1,
      251, 195, 119, -1,
      119, 195, 122, -1,
      251, 119, 121, -1,
      251, 121, 252, -1,
      252, 121, 120, -1,
      252, 120, 254, -1,
      254, 120, 118, -1,
      254, 118, 256, -1,
      256, 118, 117, -1,
      256, 117, 258, -1,
      258, 117, 57, -1,
      258, 57, 260, -1,
      57, 56, 260, -1,
      260, 56, 55, -1,
      260, 55, 262, -1,
      262, 55, 103, -1,
      262, 103, 264, -1,
      264, 103, 102, -1,
      264, 102, 266, -1,
      266, 102, 101, -1,
      266, 101, 268, -1,
      268, 101, 100, -1,
      268, 100, 270, -1,
      270, 100, 108, -1,
      270, 108, 272, -1,
      272, 108, 107, -1,
      272, 107, 274, -1,
      274, 107, 106, -1,
      274, 106, 276, -1,
      276, 106, 105, -1,
      276, 105, 278, -1,
      280, 278, 104, -1,
      104, 278, 105, -1,
      280, 104, 86, -1,
      280, 86, 282, -1,
      282, 86, 85, -1,
      282, 85, 244, -1,
      244, 85, 84, -1,
      244, 84, 247, -1,
      247, 84, 65, -1,
      247, 65, 249, -1,
      249, 65, 63, -1,
      249, 63, 250, -1,
      250, 63, 62, -1,
      250, 62, 285, -1,
      285, 62, 91, -1,
      285, 91, 286, -1,
      286, 91, 90, -1,
      286, 90, 287, -1,
      287, 90, 88, -1,
      287, 88, 248, -1,
      248, 88, 87, -1,
      248, 87, 246, -1,
      246, 87, 96, -1,
      246, 96, 242, -1,
      242, 96, 95, -1,
      242, 95, 243, -1,
      243, 95, 50, -1,
      243, 50, 245, -1,
      245, 50, 49, -1,
      245, 49, 284, -1,
      284, 49, 94, -1,
      284, 94, 283, -1,
      283, 94, 93, -1,
      283, 93, 281, -1,
      281, 93, 92, -1,
      281, 92, 279, -1,
      277, 279, 83, -1,
      83, 279, 92, -1,
      277, 83, 82, -1,
      277, 82, 275, -1,
      275, 82, 81, -1,
      275, 81, 273, -1,
      273, 81, 80, -1,
      273, 80, 271, -1,
      271, 80, 79, -1,
      271, 79, 269, -1,
      269, 79, 78, -1,
      269, 78, 267, -1,
      267, 78, 59, -1,
      267, 59, 265, -1,
      265, 59, 60, -1,
      265, 60, 263, -1,
      225, 288, 289, -1,
      225, 289, 227, -1,
      227, 289, 290, -1,
      227, 290, 229, -1,
      229, 290, 291, -1,
      229, 291, 231, -1,
      231, 291, 292, -1,
      231, 292, 232, -1,
      232, 292, 293, -1,
      232, 293, 160, -1,
      160, 293, 294, -1,
      160, 294, 161, -1,
      161, 294, 295, -1,
      161, 295, 162, -1,
      162, 295, 296, -1,
      162, 296, 163, -1,
      163, 296, 297, -1,
      163, 297, 164, -1,
      164, 297, 298, -1,
      164, 298, 188, -1,
      188, 298, 299, -1,
      188, 299, 187, -1,
      187, 299, 300, -1,
      187, 300, 185, -1,
      185, 300, 301, -1,
      185, 301, 183, -1,
      183, 301, 302, -1,
      183, 302, 159, -1,
      159, 302, 303, -1,
      159, 303, 157, -1,
      157, 303, 304, -1,
      157, 304, 156, -1,
      156, 304, 305, -1,
      156, 305, 180, -1,
      180, 305, 306, -1,
      180, 306, 179, -1,
      179, 306, 307, -1,
      179, 307, 178, -1,
      178, 307, 308, -1,
      178, 308, 214, -1,
      214, 308, 309, -1,
      214, 309, 215, -1,
      215, 309, 310, -1,
      215, 310, 217, -1,
      217, 310, 311, -1,
      217, 311, 219, -1,
      219, 311, 312, -1,
      219, 312, 221, -1,
      221, 312, 313, -1,
      221, 313, 223, -1,
      223, 313, 288, -1,
      223, 288, 225, -1,
    ]
  }
}

Shape {
  appearance Appearance {
    material Material {
      diffuseColor 1.0000 1.0000 1.0000
      specularColor 0.5020 0.5020 0.5020
      ambientIntensity 0.2
      transparency 0.0000
      shininess 0.5
    }
  }
  geometry IndexedFaceSet {
    ccw TRUE
    solid FALSE
    coord DEF co Coordinate {
      point [
        -0.449222 -0.540163 0.125931,
        -0.446662 -0.540183 0.125707,
        -0.443084 -0.540280 0.124595,
        -0.439939 -0.540450 0.122658,
        -0.437390 -0.540679 0.120042,
        -0.435615 -0.540944 0.117005,
        -0.434611 -0.541245 0.113567,
        -0.434477 -0.541566 0.109903,
        -0.435281 -0.541885 0.106248,
        -0.436963 -0.542175 0.102942,
        -0.439376 -0.542416 0.100184,
        -0.442280 -0.542593 0.098159,
        -0.445582 -0.542704 0.096888,
        -0.449222 -0.542744 0.096441,
        -0.452670 -0.542708 0.096849,
        -0.456166 -0.542592 0.098174,
        -0.459173 -0.542407 0.100282,
        -0.461567 -0.542165 0.103050,
        -0.463154 -0.541891 0.106185,
        -0.463949 -0.541584 0.109692,
        -0.463862 -0.541261 0.113380,
        -0.462844 -0.540948 0.116971,
        -0.460964 -0.540669 0.120160,
        -0.459117 -0.540495 0.122140,
        -0.456134 -0.540314 0.124215,
        -0.452811 -0.540202 0.125488,
      ]
    }
    coordIndex [
      13, 23, 22, -1,
      0, 13, 1, -1,
      1, 13, 12, -1,
      0, 25, 13, -1,
      13, 25, 24, -1,
      13, 24, 23, -1,
      10, 4, 3, -1,
      18, 17, 22, -1,
      22, 17, 16, -1,
      12, 11, 1, -1,
      1, 11, 10, -1,
      1, 10, 2, -1,
      2, 10, 3, -1,
      21, 20, 22, -1,
      22, 20, 19, -1,
      22, 19, 18, -1,
      16, 15, 22, -1,
      22, 15, 14, -1,
      22, 14, 13, -1,
      8, 7, 9, -1,
      9, 7, 6, -1,
      9, 6, 10, -1,
      10, 6, 5, -1,
      10, 5, 4, -1,
    ]
  }
}
