#VRML V2.0 utf8

Shape {
  appearance Appearance {
    material Material {
      diffuseColor 1.0000 0.6667 0.5098
      specularColor 0.5020 0.3333 0.2549
      ambientIntensity 0.2
      transparency 0.0000
      shininess 0.5
    }
  }
  geometry IndexedFaceSet {
    ccw TRUE
    solid FALSE
    coord DEF co Coordinate {
      point [
        1.397638 -0.177165 -0.039370,
        1.397638 0.177165 -0.039370,
        1.397638 -0.177165 0.039370,
        1.397638 0.177165 0.039370,
        1.318898 -0.196850 0.059055,
        1.318898 0.196850 0.059055,
        1.318898 -0.196850 -0.059055,
        1.318898 0.196850 -0.059055,
        -0.719345 -0.825993 0.447874,
        -0.728820 -0.826053 0.446729,
        -0.749530 -0.826941 0.429846,
        -0.707544 -0.828119 0.407469,
        -0.707544 -0.829062 0.389556,
        -0.697049 -0.829062 0.389556,
        -0.750837 -0.831314 0.346766,
        -0.749530 -0.831237 0.348225,
        -0.749530 -0.830751 0.357464,
        -0.775078 -0.830746 0.357546,
        -0.775899 -0.830751 0.357464,
        -0.762597 -0.830751 0.357464,
        -0.817541 -0.823109 0.502669,
        -0.813376 -0.823082 0.503172,
        -0.835645 -0.823082 0.503172,
        -0.985850 -0.823082 0.503172,
        -0.976875 -0.823406 0.497024,
        -0.892953 -0.823082 0.503172,
        -0.963549 -0.824219 0.481580,
        -0.919090 -0.826941 0.429846,
        -0.892953 -0.826941 0.429846,
        -0.922600 -0.826481 0.438603,
        -0.930734 -0.825885 0.449924,
        -0.941543 -0.825404 0.459053,
        -0.955356 -0.825060 0.465586,
        -0.953402 -0.825095 0.464930,
        -1.049904 -0.822433 0.515509,
        -1.031071 -0.822317 0.517718,
        -0.892953 -0.814702 0.662402,
        -1.013080 -0.822426 0.515647,
        -0.993224 -0.822816 0.508223,
        -1.068337 -0.822794 0.508647,
        -1.287143 -0.814702 0.662402,
        -1.077296 -0.823082 0.503172,
        -1.295523 -0.823082 0.503172,
        -1.078891 -0.823133 0.502198,
        -1.160999 -0.825664 0.454118,
        -1.151419 -0.825019 0.466382,
        -1.121290 -0.824115 0.483547,
        -1.105591 -0.824013 0.485484,
        -1.088256 -0.823555 0.494189,
        -1.101008 -0.824026 0.485235,
        -1.096425 -0.824055 0.484688,
        -1.148727 -0.824885 0.468926,
        -1.136052 -0.824416 0.477824,
        -1.140970 -0.830246 0.367047,
        -1.153411 -0.829689 0.377639,
        -1.303192 -0.830751 0.357464,
        -1.126567 -0.830615 0.360043,
        -1.162511 -0.829006 0.390613,
        -1.168220 -0.828226 0.405429,
        -1.299382 -0.826941 0.429846,
        -1.170148 -0.827406 0.421016,
        -1.170035 -0.827205 0.424835,
        -1.169139 -0.826941 0.429846,
        -1.167359 -0.826418 0.439791,
        -1.121531 -0.830694 0.358538,
        -1.121028 -0.830751 0.357464,
        -1.117530 -0.831144 0.349992,
        -1.304359 -0.831918 0.335292,
        -1.111602 -0.831528 0.342690,
        -1.103805 -0.831837 0.336824,
        -0.839004 -0.846457 0.059055,
        -0.892953 -0.831918 0.335292,
        -0.892953 -0.846457 0.059055,
        -1.067176 -0.831918 0.335292,
        -1.318898 -0.846457 0.059055,
        -1.094609 -0.832040 0.332969,
        -1.100151 -0.831918 0.335292,
        -1.074022 -0.832056 0.332665,
        -1.083673 -0.832119 0.331477,
        -1.085200 -0.832117 0.331506,
        -1.046335 -0.830751 0.357464,
        -1.046376 -0.830760 0.357292,
        -1.051094 -0.831227 0.348425,
        -1.057198 -0.831586 0.341593,
        -1.065134 -0.831877 0.336076,
        -0.995450 -0.829515 0.380940,
        -0.992715 -0.829459 0.382019,
        -0.988033 -0.828265 0.404700,
        -1.053786 -0.828621 0.397935,
        -1.000387 -0.827155 0.425791,
        -1.060754 -0.828287 0.404270,
        -1.069211 -0.828049 0.408795,
        -0.997900 -0.829607 0.379206,
        -0.922738 -0.829215 0.386655,
        -0.930649 -0.829794 0.375650,
        -0.892953 -0.830751 0.357464,
        -0.940809 -0.827641 0.416561,
        -0.942685 -0.827239 0.424204,
        -0.945734 -0.826941 0.429846,
        -1.144051 -0.826941 0.429846,
        -0.917728 -0.827120 0.426450,
        -0.915905 -0.827804 0.413455,
        -0.917733 -0.828552 0.399254,
        -0.989627 -0.829438 0.382415,
        -0.989239 -0.829439 0.382387,
        -0.988044 -0.829453 0.382122,
        -1.141702 -0.828200 0.405925,
        -1.136964 -0.828624 0.397876,
        -1.116731 -0.828841 0.393751,
        -1.129820 -0.829010 0.390545,
        -1.121132 -0.829291 0.385200,
        -1.101996 -0.828148 0.406929,
        -1.110143 -0.828445 0.401274,
        -1.145042 -0.827364 0.421812,
        -1.144563 -0.827688 0.415663,
        -1.093194 -0.827970 0.410293,
        -1.083673 -0.827909 0.411465,
        -1.078831 -0.827924 0.411179,
        -0.941491 -0.830276 0.366484,
        -0.953650 -0.830589 0.360543,
        -0.966913 -0.830736 0.357742,
        -1.001981 -0.830087 0.370078,
        -1.001880 -0.830004 0.371649,
        -1.043823 -0.829815 0.375252,
        -1.001079 -0.829845 0.374678,
        -0.999547 -0.829702 0.377393,
        -0.948703 -0.828933 0.392006,
        -0.944317 -0.828606 0.398212,
        -0.941570 -0.828233 0.405304,
        -0.940611 -0.827825 0.413057,
        -0.990424 -0.830736 0.357742,
        -0.992669 -0.830717 0.358103,
        -0.995305 -0.830663 0.359139,
        -0.997889 -0.830566 0.360974,
        -0.998816 -0.830517 0.361916,
        -1.000553 -0.830385 0.364416,
        -1.001602 -0.830243 0.367114,
        -1.044041 -0.830243 0.367115,
        -1.043823 -0.830024 0.371272,
        -0.987236 -0.829459 0.382017,
        -0.969304 -0.829459 0.382017,
        -0.962139 -0.829387 0.383389,
        -0.955109 -0.829215 0.386645,
        -0.949219 -0.828962 0.391452,
        -0.983481 -0.824932 0.468017,
        -0.992473 -0.824368 0.478737,
        -1.084072 -0.825584 0.455637,
        -0.993463 -0.824321 0.479638,
        -1.004659 -0.823912 0.487398,
        -1.077983 -0.824921 0.468227,
        -1.086895 -0.825503 0.457180,
        -1.095830 -0.825331 0.460446,
        -0.946394 -0.826877 0.431067,
        -0.950976 -0.826608 0.436174,
        -0.971694 -0.826191 0.444097,
        -0.957156 -0.826381 0.440485,
        -0.964110 -0.826241 0.443162,
        -0.974883 -0.826191 0.444097,
        -0.977328 -0.825607 0.455197,
        -1.119192 -0.825404 0.459057,
        -1.128071 -0.825652 0.454346,
        -1.109355 -0.825281 0.461389,
        -1.134913 -0.825973 0.448250,
        -1.140438 -0.826390 0.440325,
        -1.069044 -0.824360 0.478890,
        -1.017155 -0.823661 0.492181,
        -1.058363 -0.823950 0.486683,
        -1.030673 -0.823573 0.493841,
        -1.045346 -0.823672 0.491953,
        -1.105192 -0.825270 0.461607,
        -1.143853 -0.826857 0.431450,
        -0.679340 -0.823082 0.503172,
        -0.679340 -0.823824 0.489083,
        -0.674146 -0.823107 0.502700,
        -0.658773 -0.825247 0.462038,
        -0.679340 -0.825247 0.462038,
        -0.653057 -0.826053 0.446729,
        -0.679340 -0.826941 0.429846,
        -0.645062 -0.826053 0.446729,
        -0.626859 -0.826941 0.429846,
        -0.666410 -0.823107 0.502700,
        -0.626859 -0.823082 0.503172,
        -0.695494 -0.826053 0.446729,
        -0.697049 -0.826941 0.429846,
        -0.687500 -0.826053 0.446729,
        -0.682113 -0.825247 0.462038,
        -0.777733 -0.825717 0.453110,
        -0.762597 -0.825717 0.453110,
        -0.777733 -0.824726 0.471939,
        -0.762597 -0.824726 0.471939,
        -0.756099 -0.823446 0.496261,
        -0.749530 -0.823082 0.503172,
        -0.756099 -0.823107 0.502700,
        -0.762597 -0.823082 0.503172,
        -0.762597 -0.823107 0.502700,
        -0.757689 -0.824726 0.471939,
        -0.754824 -0.825717 0.453110,
        -0.757689 -0.824389 0.478348,
        -0.762597 -0.823446 0.496261,
        -0.762597 -0.824389 0.478348,
        -0.777733 -0.823446 0.496261,
        -0.777733 -0.824389 0.478348,
        -0.784969 -0.826053 0.446729,
        -0.788214 -0.826941 0.429846,
        -0.762597 -0.826053 0.446729,
        -0.762597 -0.826941 0.429846,
        -0.754824 -0.826053 0.446729,
        -0.784969 -0.823107 0.502700,
        -0.788214 -0.823082 0.503172,
        -0.798580 -0.825981 0.448100,
        -0.798580 -0.826941 0.429846,
        -0.797143 -0.825956 0.448571,
        -0.796187 -0.825931 0.449046,
        -0.796187 -0.825567 0.455971,
        -0.809397 -0.823401 0.497120,
        -0.811829 -0.823406 0.497011,
        -0.798580 -0.825626 0.454847,
        -0.802496 -0.823444 0.496297,
        -0.796187 -0.823575 0.493801,
        -0.796811 -0.823557 0.494137,
        -0.798580 -0.823522 0.494809,
        -0.816669 -0.823458 0.496023,
        -0.821050 -0.823569 0.493931,
        -0.824670 -0.823728 0.490911,
        -0.825072 -0.823751 0.490470,
        -0.827775 -0.823956 0.486575,
        -0.829646 -0.824211 0.481731,
        -0.830559 -0.824613 0.474085,
        -0.830485 -0.824732 0.471817,
        -0.800858 -0.825682 0.453776,
        -0.807041 -0.825754 0.452412,
        -0.810658 -0.825764 0.452223,
        -0.829557 -0.825025 0.466263,
        -0.827717 -0.825261 0.461776,
        -0.825057 -0.825454 0.458118,
        -0.823609 -0.825527 0.456722,
        -0.815767 -0.825735 0.452772,
        -0.819853 -0.825659 0.454218,
        -0.803452 -0.823082 0.503172,
        -0.802130 -0.823087 0.503069,
        -0.798580 -0.823082 0.503172,
        -0.798580 -0.823141 0.502045,
        -0.796187 -0.823178 0.501355,
        -0.798580 -0.814702 0.662402,
        -0.809469 -0.823057 0.503644,
        -0.834120 -0.823770 0.490103,
        -0.830057 -0.823491 0.495403,
        -0.828823 -0.823429 0.496588,
        -0.823403 -0.823228 0.500404,
        -0.839004 -0.823082 0.503172,
        -0.836782 -0.824097 0.483886,
        -0.835645 -0.823957 0.486542,
        -0.835645 -0.825304 0.460954,
        -0.837059 -0.825113 0.464589,
        -0.839004 -0.826941 0.429846,
        -0.838152 -0.824635 0.473656,
        -0.838054 -0.824482 0.476579,
        -0.835645 -0.826941 0.429846,
        -0.821859 -0.826016 0.447434,
        -0.827053 -0.825876 0.450080,
        -0.803161 -0.826059 0.446600,
        -0.811704 -0.826102 0.445785,
        -0.815923 -0.826089 0.446037,
        -0.830960 -0.825700 0.453425,
        -0.831446 -0.825672 0.453955,
        -0.834783 -0.825421 0.458739,
        0.372013 -0.826941 0.429846,
        1.295523 -0.823082 0.503172,
        0.372013 -0.823082 0.503172,
        1.287143 -0.814702 0.662402,
        0.372013 -0.814702 0.662402,
        1.279528 -0.807087 0.807087,
        0.372013 -0.807087 0.807087,
        1.299382 -0.826941 0.429846,
        0.372013 -0.830751 0.357464,
        1.303192 -0.830751 0.357464,
        0.372013 -0.831918 0.335292,
        1.304359 -0.831918 0.335292,
        0.372013 -0.846457 0.059055,
        1.318898 -0.846457 0.059055,
        -0.892953 -0.807087 0.807087,
        -1.279528 -0.807087 0.807087,
        -0.830292 -0.829722 0.377004,
        -0.829226 -0.829128 0.388297,
        -0.831698 -0.829828 0.374999,
        -0.832665 -0.829958 0.372530,
        -0.798580 -0.830751 0.357464,
        -0.800972 -0.830726 0.357936,
        -0.807993 -0.830726 0.357936,
        -0.835645 -0.830751 0.357464,
        -0.831940 -0.830455 0.363083,
        -0.832790 -0.830330 0.365454,
        -0.811257 -0.828594 0.398454,
        -0.808287 -0.828641 0.397563,
        -0.805949 -0.828710 0.396237,
        -0.804072 -0.828804 0.394456,
        -0.828134 -0.829625 0.378865,
        -0.825131 -0.829544 0.380393,
        -0.824902 -0.828981 0.391091,
        -0.819856 -0.829476 0.381687,
        -0.813724 -0.828887 0.392884,
        -0.816102 -0.828874 0.393133,
        -0.820519 -0.828899 0.392647,
        -0.827335 -0.830697 0.358492,
        -0.829699 -0.830610 0.360139,
        -0.830481 -0.830569 0.360930,
        -0.807993 -0.830401 0.364117,
        -0.808179 -0.830401 0.364117,
        -0.809303 -0.830491 0.362414,
        -0.811524 -0.830615 0.360041,
        -0.829226 -0.828770 0.395107,
        -0.827750 -0.828725 0.395960,
        -0.822524 -0.828619 0.397974,
        -0.815443 -0.828574 0.398827,
        -0.833137 -0.830163 0.368638,
        -0.833117 -0.830117 0.369509,
        -0.802632 -0.828923 0.392200,
        -0.801528 -0.829090 0.389026,
        -0.800972 -0.829372 0.383661,
        -0.807993 -0.829389 0.383346,
        -0.808237 -0.829226 0.386446,
        -0.808963 -0.829094 0.388943,
        -0.809788 -0.829018 0.390386,
        -0.810849 -0.828959 0.391514,
        -0.812096 -0.828917 0.392316,
        -0.813964 -0.830700 0.358426,
        -0.816619 -0.830751 0.357464,
        -0.798580 -0.831918 0.335292,
        -0.816808 -0.830755 0.357396,
        -0.820443 -0.830776 0.356992,
        -0.835645 -0.831918 0.335292,
        -0.824515 -0.830751 0.357464,
        -0.824643 -0.830750 0.357479,
        -0.788214 -0.830714 0.358161,
        -0.791459 -0.830652 0.359338,
        -0.791459 -0.830271 0.366578,
        -0.791416 -0.829190 0.387124,
        -0.791139 -0.829058 0.389630,
        -0.790340 -0.829446 0.382261,
        -0.791114 -0.829333 0.384402,
        -0.788824 -0.830357 0.364940,
        -0.788214 -0.830370 0.364706,
        -0.788214 -0.829588 0.379559,
        -0.789425 -0.829523 0.380800,
        -0.788276 -0.829586 0.379600,
        -0.786975 -0.830738 0.357711,
        -0.788214 -0.830751 0.357464,
        -0.784781 -0.830751 0.357464,
        -0.788214 -0.831918 0.335292,
        -0.780599 -0.830776 0.356992,
        -0.766343 -0.828667 0.397053,
        -0.766343 -0.829026 0.390243,
        -0.786917 -0.828741 0.395651,
        -0.784807 -0.828675 0.396907,
        -0.764757 -0.830302 0.365993,
        -0.765620 -0.830419 0.363771,
        -0.766928 -0.830517 0.361922,
        -0.790303 -0.828939 0.391887,
        -0.788999 -0.828839 0.393782,
        -0.788214 -0.828802 0.394487,
        -0.780947 -0.828603 0.398276,
        -0.775828 -0.828574 0.398827,
        -0.771105 -0.828595 0.398427,
        -0.766773 -0.829806 0.375420,
        -0.765463 -0.829907 0.373489,
        -0.764714 -0.830016 0.371422,
        -0.764423 -0.830154 0.368810,
        -0.768937 -0.830609 0.360168,
        -0.771186 -0.830678 0.358856,
        -0.776516 -0.828874 0.393133,
        -0.778594 -0.828882 0.392977,
        -0.784181 -0.829157 0.387753,
        -0.780472 -0.828908 0.392481,
        -0.782046 -0.828952 0.391644,
        -0.784117 -0.829206 0.386820,
        -0.783838 -0.829263 0.385731,
        -0.783333 -0.829313 0.384785,
        -0.782648 -0.829352 0.384033,
        -0.780173 -0.829434 0.382488,
        -0.771823 -0.828902 0.392590,
        -0.775828 -0.829533 0.380599,
        -0.767871 -0.828980 0.391121,
        -0.773110 -0.829591 0.379501,
        -0.768447 -0.829727 0.376911,
        -0.783106 -0.829001 0.390710,
        -0.783707 -0.829048 0.389818,
        -0.784054 -0.829098 0.388871,
        -0.784428 -0.830446 0.363256,
        -0.780785 -0.829801 0.375506,
        -0.784970 -0.829701 0.377421,
        -0.779911 -0.830475 0.362715,
        -0.779601 -0.830474 0.362717,
        -0.776176 -0.829903 0.373578,
        -0.776002 -0.830453 0.363119,
        -0.771630 -0.830190 0.368123,
        -0.771699 -0.830144 0.368995,
        -0.774191 -0.830419 0.363781,
        -0.773551 -0.830398 0.364169,
        -0.772745 -0.830360 0.364883,
        -0.772132 -0.830313 0.365789,
        -0.771776 -0.830260 0.366785,
        -0.772018 -0.830087 0.370090,
        -0.772561 -0.830037 0.371019,
        -0.773435 -0.829990 0.371929,
        -0.714779 -0.827780 0.413907,
        -0.697049 -0.827780 0.413907,
        -0.684634 -0.830726 0.357936,
        -0.697049 -0.830726 0.357936,
        -0.697049 -0.830751 0.357464,
        -0.714779 -0.830726 0.357936,
        -0.742459 -0.830204 0.367865,
        -0.741600 -0.830377 0.364575,
        -0.741414 -0.830377 0.364575,
        -0.722344 -0.828622 0.397911,
        -0.729622 -0.828622 0.397911,
        -0.749530 -0.829135 0.388177,
        -0.740554 -0.830207 0.367808,
        -0.741091 -0.830305 0.365944,
        -0.749530 -0.830125 0.369359,
        -0.760770 -0.828622 0.397911,
        -0.752919 -0.828622 0.397911,
        -0.745067 -0.830722 0.358022,
        -0.745304 -0.830751 0.357464,
        -0.748148 -0.831104 0.350754,
        -0.762597 -0.831918 0.335292,
        -0.759323 -0.831687 0.339680,
        -0.759323 -0.831359 0.345918,
        -0.757887 -0.831383 0.345448,
        -0.755340 -0.831401 0.345117,
        -0.749530 -0.831651 0.340357,
        -0.751959 -0.831700 0.339433,
        -0.749530 -0.831918 0.335292,
        -0.754795 -0.831717 0.339107,
        -0.756345 -0.831714 0.339163,
        -0.753620 -0.831391 0.345313,
        -0.752087 -0.831360 0.345897,
        -0.740511 -0.831044 0.351898,
        -0.743689 -0.831369 0.345717,
        -0.697049 -0.831918 0.335292,
        -0.738313 -0.830751 0.357464,
        -0.746258 -0.831531 0.342636,
        -0.746737 -0.831554 0.342198,
        -0.749189 -0.831644 0.340487,
        -0.707544 -0.830390 0.364317,
        -0.697049 -0.830390 0.364317,
        -0.707544 -0.829399 0.383146,
        -0.697049 -0.829399 0.383146,
        -0.685909 -0.828119 0.407469,
        -0.684634 -0.830390 0.364317,
        -0.679340 -0.830751 0.357464,
        -0.685909 -0.827780 0.413907,
        -0.687500 -0.829399 0.383146,
        -0.687500 -0.829062 0.389556,
        -0.697049 -0.828119 0.407469,
        -0.839004 -0.831918 0.335292,
        -0.835645 -0.846457 0.059055,
        -0.798580 -0.846457 0.059055,
        -0.679340 -0.846457 0.059055,
        -0.697049 -0.846457 0.059055,
        -0.749530 -0.846457 0.059055,
        -0.762597 -0.846457 0.059055,
        -0.788214 -0.846457 0.059055,
        -0.679340 -0.831918 0.335292,
        -0.626859 -0.830751 0.357464,
        -0.626859 -0.831918 0.335292,
        -0.626859 -0.846457 0.059055,
        -0.839004 -0.830751 0.357464,
        -0.839857 -0.830726 0.357936,
        -0.870002 -0.830726 0.357936,
        -0.839857 -0.830390 0.364317,
        -0.841132 -0.828119 0.407469,
        -0.870002 -0.827780 0.413907,
        -0.841132 -0.827780 0.413907,
        -0.862767 -0.829399 0.383146,
        -0.862767 -0.830390 0.364317,
        -0.842722 -0.829399 0.383146,
        -0.842722 -0.829062 0.389556,
        -0.862767 -0.829062 0.389556,
        -0.862767 -0.828119 0.407469,
        -0.629942 -0.829748 0.376512,
        -0.632704 -0.830053 0.370724,
        -0.636867 -0.830313 0.365776,
        -0.642758 -0.830535 0.361565,
        -0.649156 -0.830666 0.359081,
        -0.658630 -0.830726 0.357936,
        -0.674046 -0.830726 0.357936,
        -0.674046 -0.827780 0.413907,
        -0.658057 -0.827780 0.413907,
        -0.649498 -0.827830 0.412963,
        -0.642734 -0.827960 0.410496,
        -0.636867 -0.828170 0.406496,
        -0.634870 -0.828273 0.404543,
        -0.631406 -0.828530 0.399657,
        -0.629338 -0.828811 0.394313,
        -0.628414 -0.829215 0.386637,
        -0.628583 -0.829404 0.383063,
        -0.574872 -0.830726 0.357936,
        -0.582867 -0.830726 0.357936,
        -0.596220 -0.827780 0.413907,
        -0.588583 -0.829920 0.373245,
        -0.611923 -0.829920 0.373245,
        -0.617310 -0.830726 0.357936,
        -0.625305 -0.830726 0.357936,
        -0.603957 -0.827780 0.413907,
        -0.862767 -0.823107 0.502700,
        -0.862767 -0.825717 0.453110,
        -0.840444 -0.825717 0.453110,
        -0.870002 -0.826053 0.446729,
        -0.870002 -0.823107 0.502700,
        -0.840444 -0.826053 0.446729,
        -0.744236 -0.826053 0.446729,
        -0.698772 -0.824730 0.471856,
        -0.700132 -0.825075 0.465304,
        -0.702894 -0.825380 0.459516,
        -0.707057 -0.825640 0.454569,
        -0.712948 -0.825862 0.450358,
        -0.701595 -0.823857 0.488450,
        -0.699528 -0.824138 0.483106,
        -0.697049 -0.823082 0.503172,
        -0.698604 -0.824542 0.475430,
        -0.744236 -0.823107 0.502700,
        -0.728247 -0.823107 0.502700,
        -0.719688 -0.823157 0.501756,
        -0.712924 -0.823287 0.499289,
        -0.707057 -0.823497 0.495289,
        -0.705060 -0.823600 0.493336,
        -0.835645 -0.814702 0.662402,
        -0.839004 -0.814702 0.662402,
        -0.788214 -0.814702 0.662402,
        -0.762597 -0.814702 0.662402,
        -0.749530 -0.814702 0.662402,
        -0.697049 -0.814702 0.662402,
        -0.679340 -0.814702 0.662402,
        -0.675530 -0.807087 0.807087,
        -0.679340 -0.807087 0.807087,
        -0.697049 -0.807087 0.807087,
        -0.749530 -0.807087 0.807087,
        -0.762597 -0.807087 0.807087,
        -0.788214 -0.807087 0.807087,
        -0.798580 -0.807087 0.807087,
        -0.835645 -0.807087 0.807087,
        -0.839004 -0.807087 0.807087,
        -0.626859 -0.807087 0.807087,
        -0.626859 -0.814702 0.662402,
        0.113828 0.064109 -0.807087,
        0.127396 0.062585 -0.807087,
        0.084028 -0.039345 -0.807087,
        0.266406 -0.060243 -0.807087,
        0.127576 -0.061083 -0.807087,
        0.195827 -0.060243 -0.807087,
        0.136454 -0.060163 -0.807087,
        0.149810 -0.055565 -0.807087,
        0.097079 0.061933 -0.807087,
        0.081558 -0.037977 -0.807087,
        0.081558 0.055287 -0.807087,
        0.068115 0.807087 -0.807087,
        0.081558 0.073772 -0.807087,
        0.137710 0.058863 -0.807087,
        0.147247 0.052483 -0.807087,
        0.155569 0.043296 -0.807087,
        0.165580 0.007184 -0.807087,
        0.164184 -0.007733 -0.807087,
        0.160441 -0.019585 -0.807087,
        0.129778 -0.045358 -0.807087,
        0.116926 -0.046799 -0.807087,
        0.139819 -0.041661 -0.807087,
        0.148276 -0.035961 -0.807087,
        0.154742 -0.029140 -0.807087,
        0.098635 -0.044769 -0.807087,
        0.161249 0.032657 -0.807087,
        0.164922 0.017906 -0.807087,
        0.160894 -0.048487 -0.807087,
        0.171244 -0.037591 -0.807087,
        0.195827 -0.045119 -0.807087,
        0.178585 -0.024489 -0.807087,
        0.247920 -0.045119 -0.807087,
        0.168715 0.054142 -0.807087,
        0.156275 0.066106 -0.807087,
        0.143187 0.073640 -0.807087,
        0.127825 0.078103 -0.807087,
        0.182732 -0.009903 -0.807087,
        0.184064 0.006056 -0.807087,
        0.247920 0.077552 -0.807087,
        0.182082 0.025646 -0.807087,
        0.176792 0.041259 -0.807087,
        0.113985 0.079233 -0.807087,
        0.097489 0.078094 -0.807087,
        0.081558 -0.053101 -0.807087,
        0.096246 -0.059132 -0.807087,
        0.068115 -0.061083 -0.807087,
        0.110170 -0.061083 -0.807087,
        0.068115 -0.807087 -0.807087,
        0.115705 -0.061859 -0.807087,
        0.119473 -0.061923 -0.807087,
        0.266406 0.077552 -0.807087,
        0.826772 0.807087 -0.807087,
        0.826772 -0.061083 -0.807087,
        0.826772 -0.807087 -0.807087,
        -0.167146 -0.060243 -0.807087,
        -0.150182 -0.022476 -0.807087,
        -0.142280 -0.034801 -0.807087,
        -0.019268 -0.060243 -0.807087,
        0.054671 -0.060243 -0.807087,
        0.054671 0.077552 -0.807087,
        -0.015907 0.077552 -0.807087,
        -0.826772 0.807087 -0.807087,
        -0.219239 0.077552 -0.807087,
        -0.237724 0.077552 -0.807087,
        -0.130938 -0.045661 -0.807087,
        -0.116550 -0.054022 -0.807087,
        -0.100673 -0.058755 -0.807087,
        -0.826772 -0.061083 -0.807087,
        0.036186 0.062429 -0.807087,
        0.036186 0.017057 -0.807087,
        -0.015907 0.062429 -0.807087,
        -0.012546 0.017057 -0.807087,
        -0.046155 0.077552 -0.807087,
        -0.012546 0.001933 -0.807087,
        0.036186 0.001933 -0.807087,
        0.036186 -0.045119 -0.807087,
        -0.019268 -0.045119 -0.807087,
        -0.046155 -0.060243 -0.807087,
        -0.083623 -0.060243 -0.807087,
        -0.291498 -0.060243 -0.807087,
        -0.271332 -0.060243 -0.807087,
        -0.085041 0.077552 -0.807087,
        -0.104948 0.075424 -0.807087,
        -0.121071 0.069763 -0.807087,
        -0.136069 0.059712 -0.807087,
        -0.257390 -0.021593 -0.807087,
        -0.200465 -0.021593 -0.807087,
        -0.187311 -0.060243 -0.807087,
        -0.136213 0.059585 -0.807087,
        -0.145957 0.048781 -0.807087,
        -0.152361 0.036930 -0.807087,
        -0.156062 0.023354 -0.807087,
        -0.157063 0.010388 -0.807087,
        -0.155130 -0.008053 -0.807087,
        -0.826772 -0.807087 -0.807087,
        0.242035 -0.429398 0.807087,
        0.353664 -0.429398 0.807087,
        0.353664 -0.015700 0.807087,
        0.880212 -0.807087 0.807087,
        1.279528 -0.429398 0.807087,
        -0.344201 -0.014621 0.807087,
        -0.342600 -0.015700 0.807087,
        -0.240488 -0.015700 0.807087,
        -0.362227 -0.032515 0.807087,
        -0.377013 -0.016948 0.807087,
        -0.675530 -0.429398 0.807087,
        -0.273286 -0.027203 0.807087,
        -0.299416 -0.030104 0.807087,
        -0.332120 -0.022764 0.807087,
        -0.317776 -0.028044 0.807087,
        -0.675530 -0.015700 0.807087,
        -0.252419 -0.019455 0.807087,
        -0.248890 -0.017500 0.807087,
        -0.248890 -0.039106 0.807087,
        -0.240488 -0.429398 0.807087,
        -0.269874 -0.047722 0.807087,
        -0.297672 -0.051617 0.807087,
        -0.303054 -0.051709 0.807087,
        -0.327313 -0.049194 0.807087,
        -0.346393 -0.042626 0.807087,
        -0.368921 0.047016 0.807087,
        -0.366928 0.025706 0.807087,
        -0.294990 0.128337 0.807087,
        -0.314373 0.126160 0.807087,
        -0.271063 0.125228 0.807087,
        -0.361580 0.008774 0.807087,
        -0.353438 -0.004876 0.807087,
        -0.377713 -0.015700 0.807087,
        -0.387500 0.001769 0.807087,
        -0.393424 0.022606 0.807087,
        -0.295215 0.149943 0.807087,
        -0.271650 0.148317 0.807087,
        -0.240488 0.807087 0.807087,
        -0.248890 0.142141 0.807087,
        -0.248890 0.115734 0.807087,
        -0.329107 0.120843 0.807087,
        -0.342732 0.111728 0.807087,
        -0.354619 0.098604 0.807087,
        -0.395328 0.045403 0.807087,
        -0.392496 0.073389 0.807087,
        -0.675530 0.807087 0.807087,
        -0.384939 0.095694 0.807087,
        -0.373401 0.114098 0.807087,
        -0.355629 0.131191 0.807087,
        -0.336931 0.141953 0.807087,
        -0.314986 0.148328 0.807087,
        -0.362735 0.083406 0.807087,
        -0.367982 0.062332 0.807087,
        0.083246 -0.012389 0.807087,
        0.082033 -0.015700 0.807087,
        0.102800 -0.015700 0.807087,
        0.079595 -0.022362 0.807087,
        0.102800 -0.429398 0.807087,
        0.073236 -0.031593 0.807087,
        0.065003 -0.038780 0.807087,
        0.053879 -0.044868 0.807087,
        0.034666 -0.050225 0.807087,
        -0.044838 -0.429398 0.807087,
        0.014315 -0.051709 0.807087,
        -0.011020 -0.049098 0.807087,
        -0.035235 -0.012699 0.807087,
        -0.044838 0.807087 0.807087,
        -0.044838 -0.015700 0.807087,
        -0.028926 -0.044522 0.807087,
        -0.035235 -0.041506 0.807087,
        -0.035235 -0.015700 0.807087,
        0.061959 0.042851 0.807087,
        0.073314 0.032272 0.807087,
        0.077593 0.115734 0.807087,
        -0.024950 0.067238 0.807087,
        -0.030591 0.076131 0.807087,
        0.079857 0.022429 0.807087,
        0.083509 0.012563 0.807087,
        0.084795 0.001442 0.807087,
        -0.030352 -0.015700 0.807087,
        0.012889 0.041277 0.807087,
        -0.016224 0.058909 0.807087,
        -0.023437 0.128700 0.807087,
        -0.014984 0.136035 0.807087,
        0.102800 0.807087 0.807087,
        -0.003915 0.142394 0.807087,
        0.012621 0.147820 0.807087,
        0.034382 0.149943 0.807087,
        0.056236 0.149008 0.807087,
        0.077593 0.144541 0.807087,
        0.032994 0.059769 0.807087,
        0.062711 0.123461 0.807087,
        0.014697 0.069465 0.807087,
        0.045883 0.127483 0.807087,
        0.032281 0.128337 0.807087,
        0.050487 0.018455 0.807087,
        0.042385 0.025330 0.807087,
        0.039643 0.027078 0.807087,
        -0.034111 0.086392 0.807087,
        -0.035235 0.097129 0.807087,
        -0.033472 0.110732 0.807087,
        -0.029624 0.120153 0.807087,
        0.058388 -0.000733 0.807087,
        0.057556 -0.008498 0.807087,
        0.055290 -0.014638 0.807087,
        -0.005893 0.086778 0.807087,
        -0.007965 0.092206 0.807087,
        -0.008829 0.099717 0.807087,
        -0.002564 0.081895 0.807087,
        0.003473 0.076601 0.807087,
        0.057532 0.006252 0.807087,
        0.055302 0.011852 0.807087,
        -0.003601 0.115212 0.807087,
        -0.006471 0.110746 0.807087,
        -0.008211 0.105682 0.807087,
        0.018501 0.127088 0.807087,
        0.008050 0.123745 0.807087,
        0.000884 0.119523 0.807087,
        0.054580 -0.015700 0.807087,
        -0.020845 -0.021542 0.807087,
        0.002456 -0.028705 0.807087,
        0.017240 -0.030104 0.807087,
        0.031534 -0.029002 0.807087,
        0.052683 -0.018541 0.807087,
        0.041524 -0.026301 0.807087,
        0.048584 -0.022404 0.807087,
        0.401676 -0.015700 0.807087,
        0.401676 -0.027703 0.807087,
        0.480896 -0.027703 0.807087,
        0.375269 -0.015700 0.807087,
        0.375269 0.147542 0.807087,
        0.476095 0.125936 0.807087,
        0.401676 0.125936 0.807087,
        0.401676 0.061120 0.807087,
        0.471294 0.061120 0.807087,
        0.471294 0.039514 0.807087,
        0.880212 -0.015700 0.807087,
        0.476095 0.147542 0.807087,
        0.880212 0.807087 0.807087,
        0.353664 0.807087 0.807087,
        0.375269 -0.049309 0.807087,
        0.480896 -0.049309 0.807087,
        0.880212 -0.429398 0.807087,
        0.401676 0.039514 0.807087,
        0.147211 -0.015700 0.807087,
        0.147211 -0.027703 0.807087,
        0.242035 -0.015700 0.807087,
        0.226431 -0.027703 0.807087,
        0.226431 -0.049309 0.807087,
        0.221630 0.147542 0.807087,
        0.242035 0.807087 0.807087,
        0.120804 0.147542 0.807087,
        0.147211 0.039514 0.807087,
        0.216829 0.039514 0.807087,
        0.216829 0.061120 0.807087,
        0.221630 0.125936 0.807087,
        0.147211 0.061120 0.807087,
        0.147211 0.125936 0.807087,
        -0.203279 -0.049309 0.807087,
        -0.232086 -0.049309 0.807087,
        -0.219380 -0.015700 0.807087,
        -0.157667 0.147542 0.807087,
        -0.131260 0.147542 0.807087,
        -0.067556 -0.015700 0.807087,
        -0.054441 -0.049309 0.807087,
        -0.083248 -0.049309 0.807087,
        -0.191840 -0.015700 0.807087,
        -0.095372 -0.015700 0.807087,
        -0.103165 0.005906 0.807087,
        -0.184486 0.005906 0.807087,
        0.353664 -0.807087 0.807087,
        0.242035 -0.807087 0.807087,
        0.102800 -0.807087 0.807087,
        -0.044838 -0.807087 0.807087,
        -0.240488 -0.807087 0.807087,
        0.120804 -0.049309 0.807087,
        0.120804 -0.015700 0.807087,
        0.257639 0.017909 0.807087,
        0.257639 0.037114 0.807087,
        0.332058 0.017909 0.807087,
        0.332058 0.037114 0.807087,
        1.279528 -0.015700 0.807087,
        1.279528 0.807087 0.807087,
      ]
    }
    coordIndex [
      0, 1, 2, -1,
      2, 1, 3, -1,
      4, 5, 6, -1,
      6, 5, 7, -1,
      5, 3, 7, -1,
      7, 3, 1, -1,
      4, 2, 5, -1,
      5, 2, 3, -1,
      0, 6, 1, -1,
      1, 6, 7, -1,
      6, 0, 4, -1,
      4, 0, 2, -1,
      8, 9, 10, -1,
      11, 12, 13, -1,
      14, 15, 16, -1,
      17, 18, 19, -1,
      20, 21, 22, -1,
      23, 24, 25, -1,
      25, 24, 26, -1,
      27, 28, 29, -1,
      29, 28, 25, -1,
      29, 25, 30, -1,
      30, 25, 31, -1,
      26, 32, 25, -1,
      25, 32, 33, -1,
      25, 33, 31, -1,
      34, 35, 36, -1,
      36, 35, 37, -1,
      36, 37, 38, -1,
      39, 40, 41, -1,
      41, 40, 42, -1,
      41, 42, 43, -1,
      42, 44, 45, -1,
      42, 46, 43, -1,
      43, 46, 47, -1,
      43, 47, 48, -1,
      48, 47, 49, -1,
      48, 49, 50, -1,
      45, 51, 42, -1,
      42, 51, 52, -1,
      42, 52, 46, -1,
      53, 54, 55, -1,
      53, 55, 56, -1,
      54, 57, 55, -1,
      55, 57, 58, -1,
      55, 58, 59, -1,
      59, 58, 60, -1,
      60, 61, 59, -1,
      59, 61, 62, -1,
      59, 62, 42, -1,
      42, 62, 63, -1,
      42, 63, 44, -1,
      64, 56, 65, -1,
      65, 56, 55, -1,
      65, 55, 66, -1,
      66, 55, 67, -1,
      66, 67, 68, -1,
      68, 67, 69, -1,
      70, 71, 72, -1,
      72, 71, 73, -1,
      74, 75, 67, -1,
      67, 75, 76, -1,
      67, 76, 69, -1,
      73, 77, 72, -1,
      72, 77, 78, -1,
      72, 78, 74, -1,
      74, 78, 79, -1,
      74, 79, 75, -1,
      80, 81, 71, -1,
      71, 81, 82, -1,
      82, 83, 71, -1,
      71, 83, 84, -1,
      71, 84, 73, -1,
      85, 86, 87, -1,
      88, 89, 90, -1,
      90, 89, 91, -1,
      85, 87, 92, -1,
      93, 94, 95, -1,
      96, 97, 89, -1,
      89, 97, 98, -1,
      89, 98, 99, -1,
      27, 100, 28, -1,
      28, 100, 101, -1,
      28, 101, 95, -1,
      95, 101, 102, -1,
      95, 102, 93, -1,
      86, 103, 87, -1,
      87, 103, 104, -1,
      87, 104, 105, -1,
      106, 107, 108, -1,
      108, 107, 109, -1,
      108, 109, 110, -1,
      111, 99, 112, -1,
      112, 99, 113, -1,
      112, 113, 108, -1,
      108, 113, 114, -1,
      108, 114, 106, -1,
      111, 115, 99, -1,
      99, 115, 116, -1,
      99, 116, 89, -1,
      89, 116, 117, -1,
      89, 117, 91, -1,
      94, 118, 95, -1,
      95, 118, 119, -1,
      95, 119, 120, -1,
      121, 122, 123, -1,
      123, 122, 124, -1,
      123, 124, 87, -1,
      87, 124, 125, -1,
      87, 125, 92, -1,
      126, 127, 87, -1,
      87, 127, 128, -1,
      87, 128, 89, -1,
      89, 128, 129, -1,
      89, 129, 96, -1,
      130, 131, 80, -1,
      131, 132, 80, -1,
      80, 132, 133, -1,
      80, 133, 134, -1,
      134, 135, 80, -1,
      80, 135, 136, -1,
      80, 136, 137, -1,
      137, 136, 121, -1,
      137, 121, 138, -1,
      138, 121, 123, -1,
      105, 139, 87, -1,
      87, 139, 140, -1,
      87, 140, 141, -1,
      141, 142, 87, -1,
      87, 142, 143, -1,
      87, 143, 126, -1,
      144, 145, 146, -1,
      145, 147, 146, -1,
      146, 147, 148, -1,
      146, 148, 149, -1,
      98, 146, 99, -1,
      99, 146, 150, -1,
      99, 150, 151, -1,
      152, 153, 154, -1,
      154, 153, 155, -1,
      154, 155, 156, -1,
      152, 154, 98, -1,
      98, 154, 157, -1,
      98, 157, 146, -1,
      146, 157, 158, -1,
      146, 158, 144, -1,
      159, 160, 161, -1,
      161, 160, 162, -1,
      161, 162, 163, -1,
      149, 148, 164, -1,
      164, 148, 165, -1,
      164, 165, 166, -1,
      166, 165, 167, -1,
      166, 167, 168, -1,
      151, 169, 99, -1,
      99, 169, 161, -1,
      99, 161, 170, -1,
      170, 161, 163, -1,
      171, 172, 173, -1,
      174, 175, 176, -1,
      176, 175, 177, -1,
      176, 177, 178, -1,
      178, 177, 179, -1,
      178, 179, 180, -1,
      180, 179, 181, -1,
      182, 183, 184, -1,
      184, 183, 177, -1,
      184, 177, 185, -1,
      185, 177, 175, -1,
      186, 187, 188, -1,
      188, 187, 189, -1,
      190, 191, 192, -1,
      192, 191, 193, -1,
      192, 193, 194, -1,
      189, 187, 195, -1,
      195, 187, 196, -1,
      195, 196, 197, -1,
      190, 198, 199, -1,
      199, 198, 200, -1,
      199, 200, 201, -1,
      202, 203, 204, -1,
      204, 203, 205, -1,
      204, 205, 206, -1,
      206, 205, 10, -1,
      206, 10, 196, -1,
      194, 193, 207, -1,
      207, 193, 208, -1,
      207, 208, 202, -1,
      209, 210, 211, -1,
      211, 210, 203, -1,
      211, 203, 212, -1,
      212, 203, 213, -1,
      214, 215, 216, -1,
      214, 216, 217, -1,
      202, 208, 203, -1,
      203, 208, 218, -1,
      203, 218, 213, -1,
      213, 218, 219, -1,
      213, 219, 216, -1,
      216, 219, 220, -1,
      216, 220, 217, -1,
      215, 221, 216, -1,
      216, 221, 222, -1,
      216, 222, 223, -1,
      223, 224, 216, -1,
      216, 224, 225, -1,
      216, 225, 226, -1,
      226, 227, 216, -1,
      216, 227, 228, -1,
      216, 228, 229, -1,
      229, 228, 230, -1,
      230, 228, 231, -1,
      231, 228, 232, -1,
      231, 232, 233, -1,
      233, 234, 231, -1,
      231, 234, 235, -1,
      231, 235, 236, -1,
      236, 235, 237, -1,
      238, 239, 240, -1,
      240, 239, 241, -1,
      240, 241, 208, -1,
      208, 241, 242, -1,
      208, 242, 218, -1,
      243, 244, 238, -1,
      22, 245, 246, -1,
      246, 247, 22, -1,
      22, 247, 248, -1,
      22, 248, 20, -1,
      249, 250, 22, -1,
      22, 250, 251, -1,
      22, 251, 245, -1,
      252, 253, 254, -1,
      254, 253, 255, -1,
      254, 255, 249, -1,
      249, 255, 256, -1,
      249, 256, 250, -1,
      257, 258, 259, -1,
      209, 260, 210, -1,
      210, 260, 261, -1,
      210, 261, 257, -1,
      257, 261, 262, -1,
      257, 262, 258, -1,
      259, 263, 257, -1,
      257, 263, 264, -1,
      257, 264, 265, -1,
      266, 267, 268, -1,
      268, 267, 269, -1,
      268, 269, 270, -1,
      270, 269, 271, -1,
      270, 271, 272, -1,
      273, 274, 275, -1,
      275, 274, 276, -1,
      275, 276, 277, -1,
      277, 276, 278, -1,
      277, 278, 279, -1,
      280, 281, 40, -1,
      282, 283, 284, -1,
      284, 283, 285, -1,
      286, 287, 288, -1,
      289, 290, 291, -1,
      292, 293, 210, -1,
      210, 293, 294, -1,
      210, 294, 295, -1,
      282, 296, 283, -1,
      283, 296, 297, -1,
      283, 297, 298, -1,
      298, 297, 299, -1,
      300, 301, 299, -1,
      299, 301, 302, -1,
      299, 302, 298, -1,
      303, 304, 289, -1,
      289, 304, 305, -1,
      289, 305, 290, -1,
      306, 307, 288, -1,
      288, 307, 308, -1,
      288, 308, 309, -1,
      310, 311, 257, -1,
      257, 311, 312, -1,
      257, 312, 210, -1,
      210, 312, 313, -1,
      210, 313, 292, -1,
      291, 314, 289, -1,
      289, 314, 315, -1,
      289, 315, 257, -1,
      257, 315, 285, -1,
      257, 285, 310, -1,
      310, 285, 283, -1,
      295, 316, 210, -1,
      210, 316, 317, -1,
      210, 317, 318, -1,
      319, 320, 299, -1,
      299, 320, 321, -1,
      299, 321, 322, -1,
      322, 323, 299, -1,
      299, 323, 324, -1,
      299, 324, 300, -1,
      309, 325, 288, -1,
      288, 325, 326, -1,
      288, 326, 286, -1,
      286, 326, 327, -1,
      328, 329, 330, -1,
      330, 329, 331, -1,
      330, 331, 289, -1,
      289, 331, 332, -1,
      289, 332, 303, -1,
      333, 334, 286, -1,
      286, 334, 335, -1,
      336, 337, 210, -1,
      338, 339, 335, -1,
      340, 341, 342, -1,
      338, 335, 343, -1,
      339, 336, 335, -1,
      335, 336, 210, -1,
      335, 210, 286, -1,
      286, 210, 318, -1,
      286, 318, 287, -1,
      340, 342, 335, -1,
      335, 342, 344, -1,
      335, 344, 343, -1,
      345, 346, 347, -1,
      347, 346, 348, -1,
      347, 348, 349, -1,
      350, 351, 19, -1,
      352, 353, 203, -1,
      354, 355, 19, -1,
      19, 355, 356, -1,
      337, 357, 210, -1,
      210, 357, 358, -1,
      210, 358, 203, -1,
      203, 358, 359, -1,
      203, 359, 352, -1,
      353, 360, 203, -1,
      203, 360, 361, -1,
      203, 361, 205, -1,
      205, 361, 362, -1,
      205, 362, 350, -1,
      363, 364, 351, -1,
      351, 364, 365, -1,
      351, 365, 19, -1,
      19, 365, 366, -1,
      19, 366, 354, -1,
      356, 367, 19, -1,
      19, 367, 368, -1,
      19, 368, 17, -1,
      369, 370, 371, -1,
      371, 370, 372, -1,
      371, 372, 373, -1,
      371, 374, 369, -1,
      369, 374, 375, -1,
      369, 375, 376, -1,
      376, 377, 369, -1,
      369, 377, 378, -1,
      369, 378, 379, -1,
      379, 378, 380, -1,
      379, 380, 381, -1,
      381, 380, 382, -1,
      381, 382, 351, -1,
      351, 382, 383, -1,
      351, 383, 363, -1,
      384, 385, 373, -1,
      373, 385, 386, -1,
      373, 386, 371, -1,
      387, 388, 341, -1,
      341, 388, 389, -1,
      341, 389, 342, -1,
      387, 390, 388, -1,
      388, 390, 391, -1,
      388, 391, 392, -1,
      392, 391, 393, -1,
      392, 394, 395, -1,
      393, 396, 392, -1,
      392, 396, 397, -1,
      392, 397, 398, -1,
      398, 399, 392, -1,
      392, 399, 400, -1,
      392, 400, 394, -1,
      395, 401, 392, -1,
      392, 401, 402, -1,
      392, 402, 403, -1,
      404, 405, 183, -1,
      406, 407, 408, -1,
      408, 407, 409, -1,
      410, 411, 412, -1,
      413, 10, 414, -1,
      414, 10, 415, -1,
      414, 415, 416, -1,
      416, 415, 410, -1,
      416, 410, 417, -1,
      417, 410, 412, -1,
      16, 418, 19, -1,
      19, 418, 419, -1,
      350, 19, 205, -1,
      205, 19, 419, -1,
      205, 419, 10, -1,
      10, 419, 420, -1,
      10, 420, 415, -1,
      421, 418, 422, -1,
      422, 418, 16, -1,
      422, 16, 423, -1,
      423, 16, 15, -1,
      424, 425, 426, -1,
      349, 348, 18, -1,
      18, 348, 424, -1,
      18, 424, 19, -1,
      19, 424, 426, -1,
      19, 426, 16, -1,
      16, 426, 427, -1,
      16, 427, 428, -1,
      429, 430, 431, -1,
      431, 430, 432, -1,
      431, 432, 424, -1,
      424, 432, 433, -1,
      424, 433, 425, -1,
      428, 434, 16, -1,
      16, 434, 435, -1,
      16, 435, 14, -1,
      436, 437, 438, -1,
      436, 438, 439, -1,
      437, 440, 438, -1,
      438, 440, 441, -1,
      438, 441, 431, -1,
      431, 441, 442, -1,
      431, 442, 429, -1,
      443, 444, 445, -1,
      445, 444, 446, -1,
      447, 448, 177, -1,
      177, 448, 449, -1,
      183, 405, 177, -1,
      177, 405, 450, -1,
      177, 450, 447, -1,
      446, 444, 451, -1,
      451, 444, 448, -1,
      451, 448, 452, -1,
      452, 448, 447, -1,
      452, 447, 13, -1,
      13, 447, 453, -1,
      13, 453, 11, -1,
      70, 454, 71, -1,
      71, 454, 95, -1,
      71, 95, 80, -1,
      80, 95, 120, -1,
      80, 120, 130, -1,
      455, 456, 330, -1,
      330, 456, 327, -1,
      330, 327, 328, -1,
      328, 327, 326, -1,
      457, 438, 458, -1,
      458, 438, 431, -1,
      458, 431, 459, -1,
      459, 431, 424, -1,
      459, 424, 460, -1,
      460, 424, 348, -1,
      460, 348, 461, -1,
      456, 461, 327, -1,
      327, 461, 348, -1,
      327, 348, 286, -1,
      286, 348, 346, -1,
      286, 346, 333, -1,
      333, 346, 345, -1,
      448, 406, 449, -1,
      449, 406, 408, -1,
      449, 408, 462, -1,
      463, 449, 464, -1,
      464, 449, 462, -1,
      464, 462, 465, -1,
      466, 467, 468, -1,
      467, 466, 469, -1,
      469, 466, 254, -1,
      469, 254, 470, -1,
      454, 466, 95, -1,
      95, 466, 468, -1,
      95, 468, 28, -1,
      28, 468, 471, -1,
      28, 471, 254, -1,
      254, 471, 472, -1,
      254, 472, 470, -1,
      473, 474, 475, -1,
      475, 474, 469, -1,
      475, 469, 476, -1,
      476, 469, 470, -1,
      476, 470, 477, -1,
      477, 470, 478, -1,
      70, 455, 454, -1,
      454, 455, 330, -1,
      454, 330, 466, -1,
      466, 330, 289, -1,
      466, 289, 254, -1,
      254, 289, 257, -1,
      254, 257, 252, -1,
      252, 257, 265, -1,
      479, 480, 463, -1,
      463, 480, 481, -1,
      463, 481, 482, -1,
      482, 483, 463, -1,
      463, 483, 484, -1,
      463, 484, 449, -1,
      449, 484, 485, -1,
      449, 485, 177, -1,
      485, 486, 177, -1,
      177, 486, 487, -1,
      177, 487, 179, -1,
      179, 487, 488, -1,
      179, 488, 489, -1,
      489, 490, 179, -1,
      179, 490, 491, -1,
      179, 491, 492, -1,
      492, 493, 179, -1,
      179, 493, 494, -1,
      179, 494, 463, -1,
      463, 494, 495, -1,
      463, 495, 479, -1,
      496, 497, 463, -1,
      498, 274, 266, -1,
      266, 274, 273, -1,
      266, 273, 267, -1,
      498, 496, 274, -1,
      274, 496, 463, -1,
      274, 463, 276, -1,
      276, 463, 464, -1,
      276, 464, 278, -1,
      278, 464, 465, -1,
      499, 500, 497, -1,
      497, 500, 501, -1,
      497, 501, 463, -1,
      463, 501, 502, -1,
      463, 502, 179, -1,
      179, 502, 503, -1,
      504, 505, 506, -1,
      507, 508, 25, -1,
      25, 508, 504, -1,
      25, 504, 249, -1,
      249, 504, 506, -1,
      249, 506, 254, -1,
      254, 506, 509, -1,
      254, 509, 28, -1,
      28, 509, 507, -1,
      28, 507, 25, -1,
      9, 510, 10, -1,
      10, 510, 191, -1,
      10, 191, 196, -1,
      196, 191, 190, -1,
      196, 190, 197, -1,
      197, 190, 199, -1,
      511, 512, 183, -1,
      512, 513, 183, -1,
      183, 513, 514, -1,
      183, 514, 515, -1,
      516, 517, 518, -1,
      518, 517, 519, -1,
      515, 8, 183, -1,
      183, 8, 10, -1,
      183, 10, 404, -1,
      404, 10, 413, -1,
      404, 413, 409, -1,
      409, 413, 439, -1,
      409, 439, 408, -1,
      408, 439, 438, -1,
      408, 438, 462, -1,
      462, 438, 457, -1,
      462, 457, 465, -1,
      510, 520, 191, -1,
      191, 520, 521, -1,
      191, 521, 518, -1,
      518, 521, 522, -1,
      518, 522, 523, -1,
      523, 524, 518, -1,
      518, 524, 525, -1,
      518, 525, 516, -1,
      172, 171, 182, -1,
      182, 171, 518, -1,
      182, 518, 183, -1,
      183, 518, 519, -1,
      183, 519, 511, -1,
      244, 243, 21, -1,
      21, 243, 526, -1,
      21, 526, 22, -1,
      22, 526, 527, -1,
      22, 527, 249, -1,
      249, 527, 36, -1,
      249, 36, 25, -1,
      25, 36, 38, -1,
      25, 38, 23, -1,
      238, 240, 243, -1,
      243, 240, 208, -1,
      243, 208, 528, -1,
      528, 208, 193, -1,
      528, 193, 529, -1,
      529, 193, 191, -1,
      529, 191, 530, -1,
      530, 191, 518, -1,
      530, 518, 531, -1,
      531, 518, 171, -1,
      531, 171, 532, -1,
      533, 534, 532, -1,
      532, 534, 535, -1,
      532, 535, 531, -1,
      531, 535, 536, -1,
      531, 536, 530, -1,
      530, 536, 537, -1,
      530, 537, 529, -1,
      529, 537, 538, -1,
      529, 538, 528, -1,
      528, 538, 539, -1,
      528, 539, 243, -1,
      243, 539, 540, -1,
      243, 540, 526, -1,
      526, 540, 541, -1,
      526, 541, 527, -1,
      527, 541, 280, -1,
      527, 280, 36, -1,
      36, 280, 40, -1,
      36, 40, 34, -1,
      34, 40, 39, -1,
      542, 533, 543, -1,
      543, 533, 532, -1,
      543, 532, 181, -1,
      181, 532, 171, -1,
      181, 171, 180, -1,
      180, 171, 173, -1,
      503, 498, 179, -1,
      179, 498, 266, -1,
      179, 266, 181, -1,
      181, 266, 268, -1,
      181, 268, 543, -1,
      543, 268, 270, -1,
      543, 270, 542, -1,
      542, 270, 272, -1,
      544, 545, 546, -1,
      547, 548, 549, -1,
      549, 548, 550, -1,
      549, 550, 551, -1,
      544, 546, 552, -1,
      552, 546, 553, -1,
      552, 553, 554, -1,
      554, 553, 555, -1,
      554, 555, 556, -1,
      545, 557, 546, -1,
      546, 557, 558, -1,
      546, 558, 559, -1,
      560, 561, 546, -1,
      546, 561, 562, -1,
      563, 564, 565, -1,
      565, 564, 566, -1,
      562, 567, 546, -1,
      546, 567, 566, -1,
      546, 566, 568, -1,
      568, 566, 564, -1,
      559, 569, 546, -1,
      546, 569, 570, -1,
      546, 570, 560, -1,
      551, 571, 549, -1,
      549, 571, 572, -1,
      549, 572, 573, -1,
      573, 572, 574, -1,
      573, 574, 575, -1,
      576, 577, 555, -1,
      555, 577, 578, -1,
      555, 578, 579, -1,
      574, 580, 575, -1,
      575, 580, 581, -1,
      575, 581, 582, -1,
      582, 581, 583, -1,
      582, 583, 584, -1,
      579, 585, 555, -1,
      555, 585, 586, -1,
      555, 586, 556, -1,
      587, 588, 589, -1,
      589, 588, 590, -1,
      589, 590, 591, -1,
      590, 592, 591, -1,
      591, 592, 593, -1,
      591, 593, 548, -1,
      584, 576, 582, -1,
      582, 576, 555, -1,
      582, 555, 594, -1,
      594, 555, 595, -1,
      594, 595, 547, -1,
      547, 595, 596, -1,
      547, 596, 548, -1,
      548, 596, 597, -1,
      548, 597, 591, -1,
      598, 599, 600, -1,
      601, 602, 589, -1,
      589, 602, 603, -1,
      604, 605, 603, -1,
      603, 605, 555, -1,
      603, 555, 589, -1,
      589, 555, 553, -1,
      589, 553, 587, -1,
      606, 607, 605, -1,
      600, 608, 598, -1,
      598, 608, 609, -1,
      598, 609, 610, -1,
      605, 607, 611, -1,
      612, 613, 614, -1,
      614, 613, 615, -1,
      614, 615, 616, -1,
      616, 615, 617, -1,
      618, 619, 617, -1,
      617, 619, 620, -1,
      617, 620, 616, -1,
      616, 620, 601, -1,
      616, 601, 621, -1,
      621, 601, 589, -1,
      621, 589, 622, -1,
      623, 624, 589, -1,
      625, 605, 616, -1,
      616, 605, 604, -1,
      616, 604, 614, -1,
      625, 626, 605, -1,
      605, 626, 627, -1,
      605, 627, 628, -1,
      629, 630, 624, -1,
      624, 630, 631, -1,
      624, 631, 589, -1,
      589, 631, 598, -1,
      589, 598, 622, -1,
      622, 598, 610, -1,
      628, 632, 605, -1,
      605, 632, 633, -1,
      605, 633, 606, -1,
      606, 633, 634, -1,
      634, 635, 606, -1,
      606, 635, 636, -1,
      606, 636, 598, -1,
      598, 636, 637, -1,
      598, 637, 599, -1,
      607, 623, 611, -1,
      611, 623, 589, -1,
      611, 589, 638, -1,
      638, 589, 591, -1,
      639, 640, 641, -1,
      642, 271, 643, -1,
      644, 645, 646, -1,
      647, 648, 649, -1,
      650, 645, 651, -1,
      651, 645, 652, -1,
      651, 652, 653, -1,
      649, 648, 654, -1,
      650, 655, 645, -1,
      645, 655, 656, -1,
      645, 656, 646, -1,
      646, 656, 657, -1,
      646, 657, 658, -1,
      658, 657, 659, -1,
      658, 659, 660, -1,
      660, 661, 658, -1,
      658, 661, 662, -1,
      658, 662, 649, -1,
      649, 662, 663, -1,
      649, 663, 647, -1,
      646, 664, 665, -1,
      666, 667, 646, -1,
      666, 646, 668, -1,
      665, 669, 646, -1,
      646, 669, 670, -1,
      646, 670, 644, -1,
      648, 671, 654, -1,
      654, 671, 672, -1,
      654, 672, 673, -1,
      674, 675, 676, -1,
      676, 675, 677, -1,
      676, 677, 646, -1,
      646, 677, 678, -1,
      646, 678, 668, -1,
      667, 679, 646, -1,
      646, 679, 680, -1,
      646, 680, 681, -1,
      673, 682, 654, -1,
      654, 682, 683, -1,
      654, 683, 684, -1,
      684, 683, 685, -1,
      684, 685, 686, -1,
      686, 687, 684, -1,
      684, 687, 688, -1,
      684, 688, 676, -1,
      676, 688, 689, -1,
      676, 689, 674, -1,
      681, 690, 646, -1,
      646, 690, 691, -1,
      646, 691, 664, -1,
      692, 693, 694, -1,
      694, 693, 695, -1,
      694, 695, 696, -1,
      696, 695, 697, -1,
      696, 697, 698, -1,
      698, 699, 696, -1,
      696, 699, 700, -1,
      696, 700, 701, -1,
      701, 700, 702, -1,
      701, 702, 703, -1,
      704, 705, 706, -1,
      703, 707, 701, -1,
      701, 707, 708, -1,
      701, 708, 706, -1,
      706, 708, 709, -1,
      706, 709, 704, -1,
      710, 711, 712, -1,
      704, 713, 714, -1,
      711, 715, 712, -1,
      712, 715, 716, -1,
      712, 716, 694, -1,
      694, 716, 717, -1,
      694, 717, 692, -1,
      718, 719, 704, -1,
      704, 719, 720, -1,
      704, 720, 713, -1,
      721, 722, 723, -1,
      723, 722, 724, -1,
      723, 724, 725, -1,
      725, 726, 723, -1,
      723, 726, 727, -1,
      723, 727, 728, -1,
      710, 712, 729, -1,
      729, 712, 730, -1,
      729, 730, 731, -1,
      731, 730, 732, -1,
      731, 732, 733, -1,
      734, 735, 718, -1,
      718, 735, 736, -1,
      718, 736, 719, -1,
      714, 737, 704, -1,
      704, 737, 738, -1,
      704, 738, 705, -1,
      705, 738, 739, -1,
      705, 739, 723, -1,
      723, 739, 740, -1,
      723, 740, 721, -1,
      741, 718, 742, -1,
      742, 718, 743, -1,
      744, 733, 745, -1,
      745, 733, 746, -1,
      744, 747, 733, -1,
      733, 747, 748, -1,
      733, 748, 731, -1,
      741, 749, 718, -1,
      718, 749, 750, -1,
      718, 750, 734, -1,
      751, 752, 753, -1,
      733, 754, 746, -1,
      746, 754, 755, -1,
      746, 755, 753, -1,
      753, 755, 756, -1,
      753, 756, 751, -1,
      743, 718, 757, -1,
      757, 718, 758, -1,
      757, 758, 759, -1,
      759, 760, 757, -1,
      757, 760, 761, -1,
      757, 761, 762, -1,
      762, 761, 763, -1,
      762, 763, 764, -1,
      765, 766, 767, -1,
      641, 768, 769, -1,
      770, 771, 772, -1,
      773, 774, 775, -1,
      772, 773, 770, -1,
      770, 773, 775, -1,
      770, 775, 776, -1,
      776, 775, 777, -1,
      776, 777, 769, -1,
      769, 777, 778, -1,
      769, 778, 641, -1,
      768, 641, 779, -1,
      779, 641, 640, -1,
      779, 640, 780, -1,
      780, 640, 781, -1,
      780, 781, 767, -1,
      767, 781, 775, -1,
      767, 775, 765, -1,
      765, 775, 774, -1,
      765, 774, 782, -1,
      783, 784, 785, -1,
      785, 784, 786, -1,
      785, 786, 787, -1,
      788, 789, 790, -1,
      790, 789, 723, -1,
      790, 723, 694, -1,
      694, 723, 728, -1,
      694, 728, 712, -1,
      791, 783, 792, -1,
      792, 783, 785, -1,
      792, 785, 793, -1,
      793, 785, 794, -1,
      793, 794, 795, -1,
      795, 794, 796, -1,
      701, 797, 658, -1,
      658, 797, 798, -1,
      658, 798, 646, -1,
      646, 798, 799, -1,
      646, 799, 676, -1,
      676, 799, 800, -1,
      676, 800, 705, -1,
      705, 800, 801, -1,
      705, 801, 706, -1,
      801, 802, 706, -1,
      706, 802, 803, -1,
      706, 803, 701, -1,
      701, 803, 804, -1,
      701, 804, 797, -1,
      797, 804, 805, -1,
      804, 806, 805, -1,
      805, 806, 807, -1,
      805, 807, 808, -1,
      642, 781, 809, -1,
      809, 781, 640, -1,
      809, 640, 810, -1,
      810, 640, 639, -1,
      810, 639, 811, -1,
      811, 639, 696, -1,
      811, 696, 812, -1,
      812, 696, 701, -1,
      812, 701, 813, -1,
      813, 701, 658, -1,
      813, 658, 533, -1,
      533, 658, 649, -1,
      641, 785, 639, -1,
      639, 785, 787, -1,
      639, 787, 696, -1,
      696, 787, 814, -1,
      696, 814, 694, -1,
      694, 814, 815, -1,
      694, 815, 790, -1,
      785, 816, 817, -1,
      816, 785, 818, -1,
      818, 785, 641, -1,
      818, 641, 819, -1,
      819, 641, 778, -1,
      819, 778, 817, -1,
      817, 778, 789, -1,
      817, 789, 785, -1,
      785, 789, 788, -1,
      785, 788, 794, -1,
      642, 643, 781, -1,
      781, 643, 820, -1,
      781, 820, 775, -1,
      775, 820, 821, -1,
      775, 821, 777, -1,
    ]
  }
}

Shape {
  appearance Appearance {
    material Material {
      diffuseColor 1.0000 0.7059 0.5490
      specularColor 0.5020 0.3529 0.2745
      ambientIntensity 0.2
      transparency 0.0000
      shininess 0.5
    }
  }
  geometry IndexedFaceSet {
    ccw TRUE
    solid FALSE
    coord DEF co Coordinate {
      point [
        -1.279528 -0.807087 0.807087,
        -0.675530 -0.807087 0.807087,
        -0.675530 -0.429398 0.807087,
        -0.675530 -0.015700 0.807087,
        -0.675530 0.807087 0.807087,
        -1.279528 0.807087 0.807087,
      ]
    }
    coordIndex [
      4, 5, 3, -1,
      3, 5, 0, -1,
      3, 0, 2, -1,
      2, 0, 1, -1,
    ]
  }
}

Shape {
  appearance Appearance {
    material Material {
      diffuseColor 0.8549 0.8549 0.8549
      specularColor 0.4275 0.4275 0.4275
      ambientIntensity 0.2
      transparency 0.0000
      shininess 0.5
    }
  }
  geometry IndexedFaceSet {
    ccw TRUE
    solid FALSE
    coord DEF co Coordinate {
      point [
        1.318898 -0.196850 0.059055,
        -1.437008 0.472441 -0.059055,
        -1.437008 0.196850 -0.059055,
        -1.432983 0.196850 -0.028486,
        -1.432983 0.472441 -0.028486,
        -1.421184 0.196850 -0.000000,
        -1.421184 0.472441 -0.000000,
        -1.402414 0.196850 0.024461,
        -1.402414 0.472441 0.024461,
        -1.377953 0.196850 0.043231,
        -1.377953 0.472441 0.043231,
        -1.349467 0.196850 0.055031,
        -1.349467 0.472441 0.055031,
        -1.318898 0.196850 0.059055,
        -1.318898 0.472441 0.059055,
        -1.437008 -0.196850 -0.059055,
        -1.437008 -0.472441 -0.059055,
        -1.432983 -0.472441 -0.028486,
        -1.432983 -0.196850 -0.028486,
        -1.421184 -0.472441 -0.000000,
        -1.421184 -0.196850 -0.000000,
        -1.402414 -0.472441 0.024461,
        -1.402414 -0.196850 0.024461,
        -1.377953 -0.472441 0.043231,
        -1.377953 -0.196850 0.043231,
        -1.349467 -0.472441 0.055031,
        -1.349467 -0.196850 0.055031,
        -1.318898 -0.472441 0.059055,
        -1.318898 -0.196850 0.059055,
        -1.437008 0.196850 -0.139036,
        -1.437008 0.472441 -0.749512,
        -1.437008 -0.196850 -0.139036,
        -1.437008 -0.472441 -0.749512,
        -1.318898 -0.196850 -0.059055,
        -1.318898 -0.472441 -0.059055,
        -1.318898 -0.196850 -0.139036,
        -1.318898 -0.472441 -0.749512,
        -1.318898 0.196850 -0.139036,
        -1.318898 0.472441 -0.749512,
        -1.318898 0.196850 -0.059055,
        -1.318898 0.472441 -0.059055,
        1.437008 -0.472441 -0.059055,
        1.437008 -0.196850 -0.059055,
        1.432983 -0.196850 -0.028486,
        1.432983 -0.472441 -0.028486,
        1.421184 -0.196850 -0.000000,
        1.421184 -0.472441 -0.000000,
        1.402414 -0.196850 0.024461,
        1.402414 -0.472441 0.024461,
        1.377953 -0.196850 0.043231,
        1.377953 -0.472441 0.043231,
        1.349467 -0.196850 0.055031,
        1.349467 -0.472441 0.055031,
        1.318898 -0.472441 0.059055,
      ]
    }
    coordIndex [
      1, 2, 3, -1,
      1, 3, 4, -1,
      4, 3, 5, -1,
      4, 5, 6, -1,
      6, 5, 7, -1,
      6, 7, 8, -1,
      8, 7, 9, -1,
      8, 9, 10, -1,
      10, 9, 11, -1,
      10, 11, 12, -1,
      12, 11, 13, -1,
      12, 13, 14, -1,
      15, 16, 17, -1,
      15, 17, 18, -1,
      18, 17, 19, -1,
      18, 19, 20, -1,
      20, 19, 21, -1,
      20, 21, 22, -1,
      22, 21, 23, -1,
      22, 23, 24, -1,
      24, 23, 25, -1,
      24, 25, 26, -1,
      26, 25, 27, -1,
      26, 27, 28, -1,
      2, 1, 29, -1,
      29, 1, 30, -1,
      29, 30, 31, -1,
      31, 30, 32, -1,
      31, 32, 15, -1,
      15, 32, 16, -1,
      33, 34, 35, -1,
      35, 34, 36, -1,
      35, 36, 37, -1,
      37, 36, 38, -1,
      37, 38, 39, -1,
      39, 38, 40, -1,
      41, 42, 43, -1,
      41, 43, 44, -1,
      44, 43, 45, -1,
      44, 45, 46, -1,
      46, 45, 47, -1,
      46, 47, 48, -1,
      48, 47, 49, -1,
      48, 49, 50, -1,
      50, 49, 51, -1,
      50, 51, 52, -1,
      52, 51, 0, -1,
      52, 0, 53, -1,
    ]
  }
}

Shape {
  appearance Appearance {
    material Material {
      diffuseColor 1.0000 0.6667 0.5098
      specularColor 0.5020 0.3333 0.2549
      ambientIntensity 0.2
      transparency 0.0000
      shininess 0.5
    }
  }
  geometry IndexedFaceSet {
    ccw TRUE
    solid FALSE
    coord DEF co Coordinate {
      point [
        1.318898 -0.196850 0.059055,
        1.318898 0.196850 0.059055,
        1.318898 -0.196850 -0.059055,
        1.318898 0.196850 -0.059055,
        -1.318898 -0.846457 0.059055,
        1.279528 -0.807087 0.807087,
        1.318898 -0.846457 0.059055,
        -1.279528 -0.807087 0.807087,
        0.826772 0.807087 -0.807087,
        0.826772 -0.807087 -0.807087,
        -0.826772 0.807087 -0.807087,
        -0.826772 -0.807087 -0.807087,
        1.279528 -0.429398 0.807087,
        -0.240488 0.807087 0.807087,
        -0.675530 0.807087 0.807087,
        -0.044838 0.807087 0.807087,
        0.102800 0.807087 0.807087,
        0.880212 0.807087 0.807087,
        0.353664 0.807087 0.807087,
        0.242035 0.807087 0.807087,
        1.279528 -0.015700 0.807087,
        1.279528 0.807087 0.807087,
        -1.279528 0.807087 0.807087,
        -1.318898 0.196850 0.059055,
        -1.318898 0.472441 0.059055,
        -1.318898 -0.472441 0.059055,
        -1.318898 -0.196850 0.059055,
        -1.318898 -0.196850 -0.059055,
        -1.318898 -0.472441 -0.059055,
        -1.318898 0.196850 -0.059055,
        -1.318898 0.472441 -0.059055,
        1.318898 -0.472441 0.059055,
        -1.318898 0.846457 0.059055,
        -1.318898 0.846457 -0.059055,
        1.318898 0.846457 -0.059055,
        1.318898 0.846457 0.059055,
        1.318898 0.472441 -0.059055,
        1.318898 0.472441 0.059055,
        1.318898 -0.846457 -0.059055,
        -1.318898 -0.846457 -0.059055,
        -0.826772 -0.810195 -0.748031,
        -1.282636 -0.810195 -0.748031,
        1.282636 -0.810195 -0.748031,
        0.826772 -0.810195 -0.748031,
        1.318898 -0.472441 -0.059055,
        1.282636 0.810195 -0.748031,
        -1.282636 0.810195 -0.748031,
        -0.826772 0.810195 -0.748031,
        0.826772 0.810195 -0.748031,
      ]
    }
    coordIndex [
      32, 33, 24, -1,
      24, 33, 30, -1,
      34, 35, 36, -1,
      36, 35, 37, -1,
      38, 39, 40, -1,
      40, 39, 41, -1,
      42, 38, 43, -1,
      43, 38, 40, -1,
      43, 40, 9, -1,
      9, 40, 11, -1,
      44, 38, 42, -1,
      34, 36, 45, -1,
      45, 36, 3, -1,
      45, 3, 42, -1,
      42, 3, 2, -1,
      42, 2, 44, -1,
      30, 33, 46, -1,
      39, 28, 41, -1,
      41, 28, 27, -1,
      41, 27, 46, -1,
      46, 27, 29, -1,
      46, 29, 30, -1,
      47, 46, 33, -1,
      34, 45, 48, -1,
      8, 10, 48, -1,
      48, 10, 47, -1,
      48, 47, 34, -1,
      34, 47, 33, -1,
      6, 38, 31, -1,
      31, 38, 44, -1,
      38, 6, 39, -1,
      39, 6, 4, -1,
      39, 4, 28, -1,
      28, 4, 25, -1,
      33, 32, 34, -1,
      34, 32, 35, -1,
      32, 22, 14, -1,
      14, 13, 32, -1,
      32, 13, 15, -1,
      32, 15, 35, -1,
      35, 15, 16, -1,
      35, 16, 19, -1,
      19, 18, 35, -1,
      35, 18, 17, -1,
      35, 17, 21, -1,
      25, 4, 7, -1,
      32, 24, 22, -1,
      22, 24, 23, -1,
      22, 23, 7, -1,
      7, 23, 26, -1,
      7, 26, 25, -1,
      5, 6, 12, -1,
      12, 6, 31, -1,
      12, 31, 20, -1,
      31, 0, 20, -1,
      20, 0, 1, -1,
      20, 1, 21, -1,
      21, 1, 37, -1,
      21, 37, 35, -1,
      48, 43, 8, -1,
      8, 43, 9, -1,
      45, 42, 48, -1,
      48, 42, 43, -1,
      10, 11, 47, -1,
      47, 11, 40, -1,
      47, 40, 46, -1,
      46, 40, 41, -1,
    ]
  }
}

Shape {
  appearance Appearance {
    material Material {
      diffuseColor 0.8549 0.8549 0.8549
      specularColor 0.4275 0.4275 0.4275
      ambientIntensity 0.2
      transparency 0.0000
      shininess 0.5
    }
  }
  geometry IndexedFaceSet {
    ccw TRUE
    solid FALSE
    coord DEF co Coordinate {
      point [
        1.318898 -0.196850 0.059055,
        1.318898 0.196850 0.059055,
        1.318898 -0.196850 -0.059055,
        1.318898 0.196850 -0.059055,
        -0.344201 -0.014621 0.807087,
        -0.342600 -0.015700 0.807087,
        -0.362227 -0.032515 0.807087,
        -0.377013 -0.016948 0.807087,
        -0.273286 -0.027203 0.807087,
        -0.299416 -0.030104 0.807087,
        -0.332120 -0.022764 0.807087,
        -0.317776 -0.028044 0.807087,
        -0.252419 -0.019455 0.807087,
        -0.248890 -0.017500 0.807087,
        -0.248890 -0.039106 0.807087,
        -0.269874 -0.047722 0.807087,
        -0.297672 -0.051617 0.807087,
        -0.303054 -0.051709 0.807087,
        -0.327313 -0.049194 0.807087,
        -0.346393 -0.042626 0.807087,
        -0.368921 0.047016 0.807087,
        -0.366928 0.025706 0.807087,
        -0.294990 0.128337 0.807087,
        -0.314373 0.126160 0.807087,
        -0.271063 0.125228 0.807087,
        -0.361580 0.008774 0.807087,
        -0.353438 -0.004876 0.807087,
        -0.377713 -0.015700 0.807087,
        -0.387500 0.001769 0.807087,
        -0.393424 0.022606 0.807087,
        -0.295215 0.149943 0.807087,
        -0.271650 0.148317 0.807087,
        -0.248890 0.142141 0.807087,
        -0.248890 0.115734 0.807087,
        -0.329107 0.120843 0.807087,
        -0.342732 0.111728 0.807087,
        -0.354619 0.098604 0.807087,
        -0.395328 0.045403 0.807087,
        -0.392496 0.073389 0.807087,
        -0.384939 0.095694 0.807087,
        -0.373401 0.114098 0.807087,
        -0.355629 0.131191 0.807087,
        -0.336931 0.141953 0.807087,
        -0.314986 0.148328 0.807087,
        -0.362735 0.083406 0.807087,
        -0.367982 0.062332 0.807087,
        0.083246 -0.012389 0.807087,
        0.082033 -0.015700 0.807087,
        0.079595 -0.022362 0.807087,
        0.073236 -0.031593 0.807087,
        0.065003 -0.038780 0.807087,
        0.053879 -0.044868 0.807087,
        0.034666 -0.050225 0.807087,
        0.014315 -0.051709 0.807087,
        -0.011020 -0.049098 0.807087,
        -0.035235 -0.012699 0.807087,
        -0.028926 -0.044522 0.807087,
        -0.035235 -0.041506 0.807087,
        -0.035235 -0.015700 0.807087,
        0.061959 0.042851 0.807087,
        0.073314 0.032272 0.807087,
        0.077593 0.115734 0.807087,
        -0.024950 0.067238 0.807087,
        -0.030591 0.076131 0.807087,
        0.079857 0.022429 0.807087,
        0.083509 0.012563 0.807087,
        0.084795 0.001442 0.807087,
        -0.030352 -0.015700 0.807087,
        0.012889 0.041277 0.807087,
        -0.016224 0.058909 0.807087,
        -0.023437 0.128700 0.807087,
        -0.014984 0.136035 0.807087,
        -0.003915 0.142394 0.807087,
        0.012621 0.147820 0.807087,
        0.034382 0.149943 0.807087,
        0.056236 0.149008 0.807087,
        0.077593 0.144541 0.807087,
        0.032994 0.059769 0.807087,
        0.062711 0.123461 0.807087,
        0.014697 0.069465 0.807087,
        0.045883 0.127483 0.807087,
        0.032281 0.128337 0.807087,
        0.050487 0.018455 0.807087,
        0.042385 0.025330 0.807087,
        0.039643 0.027078 0.807087,
        -0.034111 0.086392 0.807087,
        -0.035235 0.097129 0.807087,
        -0.033472 0.110732 0.807087,
        -0.029624 0.120153 0.807087,
        0.058388 -0.000733 0.807087,
        0.057556 -0.008498 0.807087,
        0.055290 -0.014638 0.807087,
        -0.005893 0.086778 0.807087,
        -0.007965 0.092206 0.807087,
        -0.008829 0.099717 0.807087,
        -0.002564 0.081895 0.807087,
        0.003473 0.076601 0.807087,
        0.057532 0.006252 0.807087,
        0.055302 0.011852 0.807087,
        -0.003601 0.115212 0.807087,
        -0.006471 0.110746 0.807087,
        -0.008211 0.105682 0.807087,
        0.018501 0.127088 0.807087,
        0.008050 0.123745 0.807087,
        0.000884 0.119523 0.807087,
        0.054580 -0.015700 0.807087,
        -0.020845 -0.021542 0.807087,
        0.002456 -0.028705 0.807087,
        0.017240 -0.030104 0.807087,
        0.031534 -0.029002 0.807087,
        0.052683 -0.018541 0.807087,
        0.041524 -0.026301 0.807087,
        0.048584 -0.022404 0.807087,
        0.401676 -0.015700 0.807087,
        0.401676 -0.027703 0.807087,
        0.480896 -0.027703 0.807087,
        0.375269 -0.015700 0.807087,
        0.375269 0.147542 0.807087,
        0.476095 0.125936 0.807087,
        0.401676 0.125936 0.807087,
        0.401676 0.061120 0.807087,
        0.471294 0.061120 0.807087,
        0.471294 0.039514 0.807087,
        0.476095 0.147542 0.807087,
        0.375269 -0.049309 0.807087,
        0.480896 -0.049309 0.807087,
        0.401676 0.039514 0.807087,
        0.147211 -0.015700 0.807087,
        0.147211 -0.027703 0.807087,
        0.226431 -0.027703 0.807087,
        0.226431 -0.049309 0.807087,
        0.221630 0.147542 0.807087,
        0.120804 0.147542 0.807087,
        0.147211 0.039514 0.807087,
        0.216829 0.039514 0.807087,
        0.216829 0.061120 0.807087,
        0.221630 0.125936 0.807087,
        0.147211 0.061120 0.807087,
        0.147211 0.125936 0.807087,
        -0.203279 -0.049309 0.807087,
        -0.232086 -0.049309 0.807087,
        -0.219380 -0.015700 0.807087,
        -0.157667 0.147542 0.807087,
        -0.131260 0.147542 0.807087,
        -0.067556 -0.015700 0.807087,
        -0.054441 -0.049309 0.807087,
        -0.083248 -0.049309 0.807087,
        -0.191840 -0.015700 0.807087,
        -0.095372 -0.015700 0.807087,
        -0.103165 0.005906 0.807087,
        -0.184486 0.005906 0.807087,
        0.120804 -0.049309 0.807087,
        0.120804 -0.015700 0.807087,
        0.257639 0.017909 0.807087,
        0.257639 0.037114 0.807087,
        0.332058 0.017909 0.807087,
        0.332058 0.037114 0.807087,
        -1.437008 0.472441 -0.059055,
        -1.437008 0.196850 -0.059055,
        -1.432983 0.196850 -0.028486,
        -1.432983 0.472441 -0.028486,
        -1.421184 0.196850 -0.000000,
        -1.421184 0.472441 -0.000000,
        -1.402414 0.196850 0.024461,
        -1.402414 0.472441 0.024461,
        -1.377953 0.196850 0.043231,
        -1.377953 0.472441 0.043231,
        -1.349467 0.196850 0.055031,
        -1.349467 0.472441 0.055031,
        -1.318898 0.196850 0.059055,
        -1.318898 0.472441 0.059055,
        -1.437008 -0.196850 -0.059055,
        -1.437008 -0.472441 -0.059055,
        -1.432983 -0.472441 -0.028486,
        -1.432983 -0.196850 -0.028486,
        -1.421184 -0.472441 -0.000000,
        -1.421184 -0.196850 -0.000000,
        -1.402414 -0.472441 0.024461,
        -1.402414 -0.196850 0.024461,
        -1.377953 -0.472441 0.043231,
        -1.377953 -0.196850 0.043231,
        -1.349467 -0.472441 0.055031,
        -1.349467 -0.196850 0.055031,
        -1.318898 -0.472441 0.059055,
        -1.318898 -0.196850 0.059055,
        -1.437008 0.196850 -0.139036,
        -1.437008 0.472441 -0.749512,
        -1.437008 -0.196850 -0.139036,
        -1.437008 -0.472441 -0.749512,
        -1.318898 -0.196850 -0.059055,
        -1.318898 -0.472441 -0.059055,
        -1.318898 -0.196850 -0.139036,
        -1.318898 -0.472441 -0.749512,
        -1.318898 0.196850 -0.139036,
        -1.318898 0.472441 -0.749512,
        -1.318898 0.196850 -0.059055,
        -1.318898 0.472441 -0.059055,
        1.437008 -0.472441 -0.059055,
        1.437008 -0.196850 -0.059055,
        1.432983 -0.196850 -0.028486,
        1.432983 -0.472441 -0.028486,
        1.421184 -0.196850 -0.000000,
        1.421184 -0.472441 -0.000000,
        1.402414 -0.196850 0.024461,
        1.402414 -0.472441 0.024461,
        1.377953 -0.196850 0.043231,
        1.377953 -0.472441 0.043231,
        1.349467 -0.196850 0.055031,
        1.349467 -0.472441 0.055031,
        1.318898 -0.472441 0.059055,
        1.318898 0.472441 -0.059055,
        1.318898 0.472441 0.059055,
        1.318898 -0.472441 -0.059055,
        0.866142 -0.472441 -0.749512,
        0.866142 0.472441 -0.749512,
        0.866142 -0.472441 -0.867622,
        0.866142 0.472441 -0.867622,
        1.349467 0.472441 0.055031,
        1.377953 0.472441 0.043231,
        1.402414 0.472441 0.024461,
        1.421184 0.472441 -0.000000,
        1.432983 0.472441 -0.028486,
        1.437008 0.472441 -0.059055,
        1.437008 0.196850 -0.059055,
        1.432983 0.196850 -0.028486,
        1.421184 0.196850 -0.000000,
        1.402414 0.196850 0.024461,
        1.377953 0.196850 0.043231,
        1.349467 0.196850 0.055031,
        1.318898 0.196850 -0.139036,
        1.318898 0.472441 -0.749512,
        1.318898 -0.196850 -0.139036,
        1.318898 -0.472441 -0.749512,
        1.437008 0.472441 -0.749512,
        1.437008 -0.196850 -0.139036,
        1.437008 -0.472441 -0.749512,
        1.437008 0.196850 -0.139036,
        1.349467 0.472441 -0.863598,
        1.318898 0.472441 -0.867622,
        1.377953 0.472441 -0.851799,
        1.432983 0.472441 -0.780081,
        1.421184 0.472441 -0.808567,
        1.402414 0.472441 -0.833029,
        1.318898 -0.472441 -0.867622,
        1.349467 -0.472441 -0.863598,
        1.377953 -0.472441 -0.851799,
        1.402414 -0.472441 -0.833029,
        1.421184 -0.472441 -0.808567,
        1.432983 -0.472441 -0.780081,
        -0.866142 0.472441 -0.749512,
        -0.866142 -0.472441 -0.749512,
        -0.866142 0.472441 -0.867622,
        -0.866142 -0.472441 -0.867622,
        -1.318898 0.472441 -0.867622,
        -1.318898 -0.472441 -0.867622,
        -1.349467 -0.472441 -0.863598,
        -1.349467 0.472441 -0.863598,
        -1.377953 -0.472441 -0.851799,
        -1.377953 0.472441 -0.851799,
        -1.402414 -0.472441 -0.833029,
        -1.402414 0.472441 -0.833029,
        -1.421184 -0.472441 -0.808567,
        -1.421184 0.472441 -0.808567,
        -1.432983 -0.472441 -0.780081,
        -1.432983 0.472441 -0.780081,
        0.480896 -0.027703 0.803150,
        0.480896 -0.049309 0.803150,
        0.375269 -0.049309 0.803150,
        0.375269 0.147542 0.803150,
        0.476095 0.147542 0.803150,
        0.476095 0.125936 0.803150,
        0.401676 0.125936 0.803150,
        0.401676 0.061120 0.803150,
        0.471294 0.061120 0.803150,
        0.471294 0.039514 0.803150,
        0.401676 0.039514 0.803150,
        0.401676 -0.027703 0.803150,
        0.332058 0.037114 0.803150,
        0.332058 0.017909 0.803150,
        0.257639 0.017909 0.803150,
        0.257639 0.037114 0.803150,
        0.226431 -0.027703 0.803150,
        0.226431 -0.049309 0.803150,
        0.120804 -0.049309 0.803150,
        0.120804 0.147542 0.803150,
        0.221630 0.147542 0.803150,
        0.221630 0.125936 0.803150,
        0.147211 0.125936 0.803150,
        0.147211 0.061120 0.803150,
        0.216829 0.061120 0.803150,
        0.216829 0.039514 0.803150,
        0.147211 0.039514 0.803150,
        0.147211 -0.027703 0.803150,
        -0.035235 -0.041506 0.803150,
        -0.035235 -0.012699 0.803150,
        0.017240 -0.030104 0.803150,
        0.002456 -0.028705 0.803150,
        -0.020845 -0.021542 0.803150,
        0.058388 -0.000733 0.803150,
        0.057556 -0.008498 0.803150,
        0.055290 -0.014638 0.803150,
        0.052683 -0.018541 0.803150,
        0.048584 -0.022404 0.803150,
        0.041524 -0.026301 0.803150,
        0.031534 -0.029002 0.803150,
        0.012889 0.041277 0.803150,
        0.039643 0.027078 0.803150,
        0.042385 0.025330 0.803150,
        0.050487 0.018455 0.803150,
        0.055302 0.011852 0.803150,
        0.057532 0.006252 0.803150,
        -0.035235 0.097129 0.803150,
        -0.034111 0.086392 0.803150,
        -0.030591 0.076131 0.803150,
        -0.024950 0.067238 0.803150,
        -0.016224 0.058909 0.803150,
        0.034382 0.149943 0.803150,
        0.012621 0.147820 0.803150,
        -0.003915 0.142394 0.803150,
        -0.014984 0.136035 0.803150,
        -0.023437 0.128700 0.803150,
        -0.029624 0.120153 0.803150,
        -0.033472 0.110732 0.803150,
        0.077593 0.144541 0.803150,
        0.056236 0.149008 0.803150,
        0.077593 0.115734 0.803150,
        0.032281 0.128337 0.803150,
        0.045883 0.127483 0.803150,
        0.062711 0.123461 0.803150,
        -0.008829 0.099717 0.803150,
        -0.008211 0.105682 0.803150,
        -0.006471 0.110746 0.803150,
        -0.003601 0.115212 0.803150,
        0.000884 0.119523 0.803150,
        0.008050 0.123745 0.803150,
        0.018501 0.127088 0.803150,
        0.032994 0.059769 0.803150,
        0.014697 0.069465 0.803150,
        0.003473 0.076601 0.803150,
        -0.002564 0.081895 0.803150,
        -0.005893 0.086778 0.803150,
        -0.007965 0.092206 0.803150,
        0.084795 0.001442 0.803150,
        0.083509 0.012563 0.803150,
        0.079857 0.022429 0.803150,
        0.073314 0.032272 0.803150,
        0.061959 0.042851 0.803150,
        0.073236 -0.031593 0.803150,
        0.065003 -0.038780 0.803150,
        0.053879 -0.044868 0.803150,
        0.034666 -0.050225 0.803150,
        0.014315 -0.051709 0.803150,
        0.083246 -0.012389 0.803150,
        0.079595 -0.022362 0.803150,
        -0.028926 -0.044522 0.803150,
        -0.011020 -0.049098 0.803150,
        -0.131260 0.147542 0.803150,
        -0.054441 -0.049309 0.803150,
        -0.083248 -0.049309 0.803150,
        -0.103165 0.005906 0.803150,
        -0.184486 0.005906 0.803150,
        -0.203279 -0.049309 0.803150,
        -0.232086 -0.049309 0.803150,
        -0.157667 0.147542 0.803150,
        -0.177847 0.027511 0.803150,
        -0.112018 0.027511 0.803150,
        -0.148477 0.109732 0.803150,
        -0.146583 0.116559 0.803150,
        -0.145326 0.123536 0.803150,
        -0.144689 0.123536 0.803150,
        -0.143404 0.116580 0.803150,
        -0.141650 0.109732 0.803150,
        -0.177847 0.027511 0.807087,
        -0.112018 0.027511 0.807087,
        -0.148477 0.109732 0.807087,
        -0.146583 0.116559 0.807087,
        -0.145326 0.123536 0.807087,
        -0.144689 0.123536 0.807087,
        -0.143404 0.116580 0.807087,
        -0.141650 0.109732 0.807087,
        -0.248890 -0.017500 0.803150,
        -0.248890 -0.039106 0.803150,
        -0.303054 -0.051709 0.803150,
        -0.297672 -0.051617 0.803150,
        -0.269874 -0.047722 0.803150,
        -0.395328 0.045403 0.803150,
        -0.393424 0.022606 0.803150,
        -0.387500 0.001769 0.803150,
        -0.377013 -0.016948 0.803150,
        -0.362227 -0.032515 0.803150,
        -0.346393 -0.042626 0.803150,
        -0.327313 -0.049194 0.803150,
        -0.295215 0.149943 0.803150,
        -0.314986 0.148328 0.803150,
        -0.336931 0.141953 0.803150,
        -0.355629 0.131191 0.803150,
        -0.373401 0.114098 0.803150,
        -0.384939 0.095694 0.803150,
        -0.392496 0.073389 0.803150,
        -0.248890 0.142141 0.803150,
        -0.271650 0.148317 0.803150,
        -0.248890 0.115734 0.803150,
        -0.294990 0.128337 0.803150,
        -0.271063 0.125228 0.803150,
        -0.368921 0.047016 0.803150,
        -0.367982 0.062332 0.803150,
        -0.362735 0.083406 0.803150,
        -0.354619 0.098604 0.803150,
        -0.342732 0.111728 0.803150,
        -0.329107 0.120843 0.803150,
        -0.314373 0.126160 0.803150,
        -0.299416 -0.030104 0.803150,
        -0.317776 -0.028044 0.803150,
        -0.332120 -0.022764 0.803150,
        -0.344201 -0.014621 0.803150,
        -0.353438 -0.004876 0.803150,
        -0.361580 0.008774 0.803150,
        -0.366928 0.025706 0.803150,
        -0.252419 -0.019455 0.803150,
        -0.273286 -0.027203 0.803150,
      ]
    }
    coordIndex [
      213, 214, 215, -1,
      215, 214, 216, -1,
      211, 217, 210, -1,
      210, 217, 218, -1,
      210, 218, 219, -1,
      219, 220, 210, -1,
      210, 220, 221, -1,
      210, 221, 222, -1,
      223, 222, 221, -1,
      223, 221, 224, -1,
      224, 221, 220, -1,
      224, 220, 225, -1,
      225, 220, 219, -1,
      225, 219, 226, -1,
      226, 219, 218, -1,
      226, 218, 227, -1,
      227, 218, 217, -1,
      227, 217, 228, -1,
      228, 217, 211, -1,
      228, 211, 1, -1,
      204, 206, 212, -1,
      212, 206, 208, -1,
      212, 208, 209, -1,
      197, 200, 212, -1,
      212, 200, 202, -1,
      212, 202, 204, -1,
      3, 210, 229, -1,
      229, 210, 230, -1,
      229, 230, 231, -1,
      231, 230, 232, -1,
      231, 232, 2, -1,
      2, 232, 212, -1,
      230, 210, 233, -1,
      233, 210, 222, -1,
      198, 197, 234, -1,
      234, 197, 235, -1,
      234, 235, 236, -1,
      236, 235, 233, -1,
      236, 233, 223, -1,
      223, 233, 222, -1,
      197, 212, 235, -1,
      235, 212, 232, -1,
      237, 238, 230, -1,
      237, 230, 239, -1,
      230, 233, 240, -1,
      240, 241, 230, -1,
      230, 241, 242, -1,
      230, 242, 239, -1,
      243, 238, 237, -1,
      243, 237, 244, -1,
      244, 237, 239, -1,
      244, 239, 245, -1,
      245, 239, 242, -1,
      245, 242, 246, -1,
      246, 242, 241, -1,
      246, 241, 247, -1,
      247, 241, 240, -1,
      247, 240, 248, -1,
      248, 240, 233, -1,
      248, 233, 235, -1,
      243, 244, 232, -1,
      232, 244, 245, -1,
      232, 245, 246, -1,
      246, 247, 232, -1,
      232, 247, 248, -1,
      232, 248, 235, -1,
      213, 232, 214, -1,
      214, 232, 230, -1,
      214, 230, 216, -1,
      216, 230, 238, -1,
      216, 238, 215, -1,
      215, 238, 243, -1,
      243, 232, 215, -1,
      215, 232, 213, -1,
      249, 250, 251, -1,
      251, 250, 252, -1,
      168, 170, 196, -1,
      162, 196, 160, -1,
      160, 196, 157, -1,
      162, 164, 196, -1,
      196, 164, 166, -1,
      196, 166, 168, -1,
      183, 181, 190, -1,
      190, 181, 179, -1,
      190, 179, 177, -1,
      177, 175, 190, -1,
      190, 175, 173, -1,
      190, 173, 172, -1,
      186, 157, 194, -1,
      194, 157, 196, -1,
      190, 172, 192, -1,
      192, 172, 188, -1,
      253, 254, 255, -1,
      253, 255, 256, -1,
      256, 255, 257, -1,
      256, 257, 258, -1,
      258, 257, 259, -1,
      258, 259, 260, -1,
      260, 259, 261, -1,
      260, 261, 262, -1,
      262, 261, 263, -1,
      262, 263, 264, -1,
      264, 263, 188, -1,
      264, 188, 186, -1,
      253, 256, 194, -1,
      194, 256, 258, -1,
      194, 258, 260, -1,
      260, 262, 194, -1,
      194, 262, 264, -1,
      194, 264, 186, -1,
      188, 263, 192, -1,
      192, 263, 261, -1,
      192, 261, 259, -1,
      259, 257, 192, -1,
      192, 257, 255, -1,
      192, 255, 254, -1,
      252, 254, 251, -1,
      251, 254, 253, -1,
      251, 253, 249, -1,
      249, 253, 194, -1,
      249, 194, 250, -1,
      250, 194, 192, -1,
      192, 254, 250, -1,
      250, 254, 252, -1,
      229, 231, 236, -1,
      236, 231, 234, -1,
      2, 203, 201, -1,
      0, 207, 2, -1,
      2, 207, 205, -1,
      2, 205, 203, -1,
      234, 231, 198, -1,
      198, 231, 2, -1,
      198, 2, 199, -1,
      199, 2, 201, -1,
      229, 236, 3, -1,
      3, 236, 223, -1,
      223, 224, 3, -1,
      3, 224, 225, -1,
      3, 225, 226, -1,
      226, 227, 3, -1,
      3, 227, 228, -1,
      3, 228, 1, -1,
      1, 0, 3, -1,
      3, 0, 2, -1,
      191, 193, 187, -1,
      187, 193, 185, -1,
      195, 169, 167, -1,
      167, 165, 195, -1,
      195, 165, 163, -1,
      195, 163, 161, -1,
      185, 193, 158, -1,
      158, 193, 195, -1,
      158, 195, 159, -1,
      159, 195, 161, -1,
      189, 191, 187, -1,
      182, 184, 189, -1,
      187, 171, 189, -1,
      189, 171, 174, -1,
      189, 174, 176, -1,
      176, 178, 189, -1,
      189, 178, 180, -1,
      189, 180, 182, -1,
      184, 169, 189, -1,
      189, 169, 195, -1,
      265, 266, 115, -1,
      115, 266, 125, -1,
      266, 267, 125, -1,
      125, 267, 124, -1,
      124, 267, 116, -1,
      116, 267, 268, -1,
      116, 268, 117, -1,
      268, 269, 117, -1,
      117, 269, 123, -1,
      269, 270, 123, -1,
      123, 270, 118, -1,
      270, 271, 118, -1,
      118, 271, 119, -1,
      271, 272, 119, -1,
      119, 272, 120, -1,
      272, 273, 120, -1,
      120, 273, 121, -1,
      273, 274, 121, -1,
      121, 274, 122, -1,
      274, 275, 122, -1,
      122, 275, 126, -1,
      126, 275, 113, -1,
      113, 275, 276, -1,
      113, 276, 114, -1,
      276, 265, 114, -1,
      114, 265, 115, -1,
      267, 266, 265, -1,
      265, 276, 267, -1,
      267, 276, 275, -1,
      267, 275, 268, -1,
      270, 269, 271, -1,
      271, 269, 268, -1,
      271, 268, 272, -1,
      272, 268, 275, -1,
      272, 275, 273, -1,
      273, 275, 274, -1,
      277, 278, 156, -1,
      156, 278, 155, -1,
      278, 279, 155, -1,
      155, 279, 153, -1,
      279, 280, 153, -1,
      153, 280, 154, -1,
      280, 277, 154, -1,
      154, 277, 156, -1,
      280, 279, 277, -1,
      277, 279, 278, -1,
      281, 282, 129, -1,
      129, 282, 130, -1,
      282, 283, 130, -1,
      130, 283, 151, -1,
      151, 283, 152, -1,
      152, 283, 284, -1,
      152, 284, 132, -1,
      284, 285, 132, -1,
      132, 285, 131, -1,
      285, 286, 131, -1,
      131, 286, 136, -1,
      286, 287, 136, -1,
      136, 287, 138, -1,
      287, 288, 138, -1,
      138, 288, 137, -1,
      288, 289, 137, -1,
      137, 289, 135, -1,
      289, 290, 135, -1,
      135, 290, 134, -1,
      290, 291, 134, -1,
      134, 291, 133, -1,
      133, 291, 127, -1,
      127, 291, 292, -1,
      127, 292, 128, -1,
      292, 281, 128, -1,
      128, 281, 129, -1,
      283, 282, 281, -1,
      281, 292, 283, -1,
      283, 292, 291, -1,
      283, 291, 284, -1,
      286, 285, 287, -1,
      287, 285, 284, -1,
      287, 284, 288, -1,
      288, 284, 291, -1,
      288, 291, 289, -1,
      289, 291, 290, -1,
      57, 293, 58, -1,
      58, 293, 294, -1,
      58, 294, 55, -1,
      295, 108, 107, -1,
      295, 107, 296, -1,
      296, 107, 106, -1,
      296, 106, 297, -1,
      297, 106, 294, -1,
      294, 106, 67, -1,
      294, 67, 55, -1,
      298, 89, 90, -1,
      298, 90, 299, -1,
      299, 90, 91, -1,
      299, 91, 300, -1,
      300, 91, 105, -1,
      300, 105, 301, -1,
      105, 110, 301, -1,
      301, 110, 112, -1,
      301, 112, 302, -1,
      302, 112, 111, -1,
      302, 111, 303, -1,
      303, 111, 109, -1,
      303, 109, 304, -1,
      304, 109, 108, -1,
      304, 108, 295, -1,
      305, 68, 84, -1,
      305, 84, 306, -1,
      306, 84, 83, -1,
      306, 83, 307, -1,
      307, 83, 82, -1,
      307, 82, 308, -1,
      308, 82, 98, -1,
      308, 98, 309, -1,
      309, 98, 97, -1,
      309, 97, 310, -1,
      310, 97, 89, -1,
      310, 89, 298, -1,
      311, 86, 85, -1,
      311, 85, 312, -1,
      312, 85, 63, -1,
      312, 63, 313, -1,
      313, 63, 62, -1,
      313, 62, 314, -1,
      314, 62, 69, -1,
      314, 69, 315, -1,
      315, 69, 68, -1,
      315, 68, 305, -1,
      316, 74, 73, -1,
      316, 73, 317, -1,
      317, 73, 72, -1,
      317, 72, 318, -1,
      318, 72, 71, -1,
      318, 71, 319, -1,
      319, 71, 70, -1,
      319, 70, 320, -1,
      320, 70, 88, -1,
      320, 88, 321, -1,
      321, 88, 87, -1,
      321, 87, 322, -1,
      322, 87, 86, -1,
      322, 86, 311, -1,
      323, 76, 75, -1,
      323, 75, 324, -1,
      324, 75, 74, -1,
      324, 74, 316, -1,
      323, 325, 76, -1,
      76, 325, 61, -1,
      326, 81, 80, -1,
      326, 80, 327, -1,
      327, 80, 78, -1,
      327, 78, 328, -1,
      328, 78, 61, -1,
      328, 61, 325, -1,
      329, 94, 101, -1,
      329, 101, 330, -1,
      330, 101, 100, -1,
      330, 100, 331, -1,
      331, 100, 99, -1,
      331, 99, 332, -1,
      332, 99, 104, -1,
      332, 104, 333, -1,
      333, 104, 103, -1,
      333, 103, 334, -1,
      334, 103, 102, -1,
      334, 102, 335, -1,
      335, 102, 81, -1,
      335, 81, 326, -1,
      336, 77, 79, -1,
      336, 79, 337, -1,
      337, 79, 96, -1,
      337, 96, 338, -1,
      338, 96, 95, -1,
      338, 95, 339, -1,
      339, 95, 92, -1,
      339, 92, 340, -1,
      340, 92, 93, -1,
      340, 93, 341, -1,
      341, 93, 94, -1,
      341, 94, 329, -1,
      342, 66, 65, -1,
      342, 65, 343, -1,
      343, 65, 64, -1,
      343, 64, 344, -1,
      344, 64, 60, -1,
      344, 60, 345, -1,
      345, 60, 59, -1,
      345, 59, 346, -1,
      346, 59, 77, -1,
      346, 77, 336, -1,
      48, 347, 49, -1,
      49, 347, 348, -1,
      49, 348, 50, -1,
      50, 348, 349, -1,
      50, 349, 51, -1,
      51, 349, 350, -1,
      51, 350, 52, -1,
      52, 350, 351, -1,
      52, 351, 53, -1,
      47, 352, 48, -1,
      48, 352, 353, -1,
      48, 353, 347, -1,
      47, 46, 352, -1,
      352, 46, 66, -1,
      352, 66, 342, -1,
      293, 57, 56, -1,
      293, 56, 354, -1,
      354, 56, 54, -1,
      354, 54, 355, -1,
      355, 54, 53, -1,
      355, 53, 351, -1,
      294, 293, 297, -1,
      297, 293, 354, -1,
      297, 354, 296, -1,
      296, 354, 355, -1,
      296, 355, 295, -1,
      295, 355, 351, -1,
      295, 351, 304, -1,
      304, 351, 350, -1,
      304, 350, 303, -1,
      303, 350, 349, -1,
      303, 349, 302, -1,
      302, 349, 348, -1,
      302, 348, 301, -1,
      301, 348, 347, -1,
      301, 347, 300, -1,
      300, 347, 353, -1,
      300, 353, 299, -1,
      299, 353, 352, -1,
      299, 352, 298, -1,
      298, 352, 342, -1,
      298, 342, 310, -1,
      310, 342, 343, -1,
      310, 343, 309, -1,
      309, 343, 344, -1,
      309, 344, 308, -1,
      308, 344, 345, -1,
      308, 345, 307, -1,
      307, 345, 346, -1,
      307, 346, 306, -1,
      306, 346, 336, -1,
      306, 336, 305, -1,
      305, 336, 337, -1,
      305, 337, 315, -1,
      315, 337, 338, -1,
      315, 338, 314, -1,
      314, 338, 339, -1,
      314, 339, 313, -1,
      313, 339, 340, -1,
      313, 340, 312, -1,
      312, 340, 341, -1,
      312, 341, 311, -1,
      311, 341, 329, -1,
      311, 329, 322, -1,
      322, 329, 330, -1,
      322, 330, 321, -1,
      321, 330, 331, -1,
      321, 331, 320, -1,
      320, 331, 332, -1,
      320, 332, 319, -1,
      319, 332, 333, -1,
      319, 333, 318, -1,
      318, 333, 334, -1,
      318, 334, 317, -1,
      317, 334, 335, -1,
      317, 335, 316, -1,
      316, 335, 326, -1,
      316, 326, 324, -1,
      324, 326, 327, -1,
      324, 327, 323, -1,
      323, 327, 328, -1,
      323, 328, 325, -1,
      143, 356, 144, -1,
      144, 356, 357, -1,
      144, 357, 145, -1,
      357, 358, 145, -1,
      145, 358, 146, -1,
      146, 358, 148, -1,
      148, 358, 359, -1,
      148, 359, 149, -1,
      359, 360, 149, -1,
      149, 360, 150, -1,
      150, 360, 147, -1,
      147, 360, 361, -1,
      147, 361, 139, -1,
      361, 362, 139, -1,
      139, 362, 140, -1,
      140, 362, 141, -1,
      141, 362, 363, -1,
      141, 363, 142, -1,
      363, 356, 142, -1,
      142, 356, 143, -1,
      364, 360, 365, -1,
      365, 360, 359, -1,
      366, 363, 364, -1,
      364, 363, 362, -1,
      364, 362, 360, -1,
      360, 362, 361, -1,
      366, 367, 363, -1,
      363, 367, 368, -1,
      363, 368, 356, -1,
      356, 368, 369, -1,
      356, 369, 370, -1,
      370, 371, 356, -1,
      356, 371, 365, -1,
      356, 365, 357, -1,
      357, 365, 359, -1,
      357, 359, 358, -1,
      364, 365, 372, -1,
      372, 365, 373, -1,
      366, 364, 374, -1,
      374, 364, 372, -1,
      366, 374, 375, -1,
      366, 375, 367, -1,
      367, 375, 376, -1,
      367, 376, 368, -1,
      369, 368, 377, -1,
      377, 368, 376, -1,
      369, 377, 378, -1,
      369, 378, 370, -1,
      370, 378, 379, -1,
      370, 379, 371, -1,
      365, 371, 373, -1,
      373, 371, 379, -1,
      380, 381, 13, -1,
      13, 381, 14, -1,
      382, 17, 16, -1,
      382, 16, 383, -1,
      383, 16, 15, -1,
      383, 15, 384, -1,
      384, 15, 14, -1,
      384, 14, 381, -1,
      385, 37, 29, -1,
      385, 29, 386, -1,
      386, 29, 28, -1,
      386, 28, 387, -1,
      387, 28, 27, -1,
      387, 27, 388, -1,
      27, 7, 388, -1,
      388, 7, 6, -1,
      388, 6, 389, -1,
      389, 6, 19, -1,
      389, 19, 390, -1,
      390, 19, 18, -1,
      390, 18, 391, -1,
      391, 18, 17, -1,
      391, 17, 382, -1,
      392, 30, 43, -1,
      392, 43, 393, -1,
      393, 43, 42, -1,
      393, 42, 394, -1,
      394, 42, 41, -1,
      394, 41, 395, -1,
      395, 41, 40, -1,
      395, 40, 396, -1,
      396, 40, 39, -1,
      396, 39, 397, -1,
      397, 39, 38, -1,
      397, 38, 398, -1,
      398, 38, 37, -1,
      398, 37, 385, -1,
      399, 32, 31, -1,
      399, 31, 400, -1,
      400, 31, 30, -1,
      400, 30, 392, -1,
      399, 401, 32, -1,
      32, 401, 33, -1,
      402, 22, 24, -1,
      402, 24, 403, -1,
      403, 24, 33, -1,
      403, 33, 401, -1,
      404, 20, 45, -1,
      404, 45, 405, -1,
      405, 45, 44, -1,
      405, 44, 406, -1,
      406, 44, 36, -1,
      406, 36, 407, -1,
      407, 36, 35, -1,
      407, 35, 408, -1,
      408, 35, 34, -1,
      408, 34, 409, -1,
      409, 34, 23, -1,
      409, 23, 410, -1,
      410, 23, 22, -1,
      410, 22, 402, -1,
      411, 9, 11, -1,
      411, 11, 412, -1,
      412, 11, 10, -1,
      412, 10, 413, -1,
      413, 10, 5, -1,
      413, 5, 414, -1,
      5, 4, 414, -1,
      414, 4, 26, -1,
      414, 26, 415, -1,
      415, 26, 25, -1,
      415, 25, 416, -1,
      416, 25, 21, -1,
      416, 21, 417, -1,
      417, 21, 20, -1,
      417, 20, 404, -1,
      380, 13, 12, -1,
      380, 12, 418, -1,
      418, 12, 8, -1,
      418, 8, 419, -1,
      419, 8, 9, -1,
      419, 9, 411, -1,
      412, 382, 411, -1,
      411, 382, 383, -1,
      411, 383, 419, -1,
      419, 383, 384, -1,
      419, 384, 418, -1,
      418, 384, 381, -1,
      418, 381, 380, -1,
      401, 399, 403, -1,
      403, 399, 400, -1,
      403, 400, 402, -1,
      402, 400, 392, -1,
      402, 392, 410, -1,
      410, 392, 393, -1,
      410, 393, 409, -1,
      409, 393, 394, -1,
      409, 394, 408, -1,
      408, 394, 395, -1,
      408, 395, 407, -1,
      407, 395, 396, -1,
      407, 396, 406, -1,
      406, 396, 397, -1,
      406, 397, 405, -1,
      405, 397, 398, -1,
      405, 398, 404, -1,
      404, 398, 385, -1,
      404, 385, 417, -1,
      417, 385, 386, -1,
      417, 386, 416, -1,
      416, 386, 387, -1,
      416, 387, 415, -1,
      415, 387, 388, -1,
      415, 388, 414, -1,
      414, 388, 389, -1,
      414, 389, 413, -1,
      413, 389, 390, -1,
      413, 390, 412, -1,
      412, 390, 391, -1,
      412, 391, 382, -1,
    ]
  }
}

Shape {
  appearance Appearance {
    material Material {
      diffuseColor 1.0000 0.6667 0.5098
      specularColor 0.5020 0.3333 0.2549
      ambientIntensity 0.2
      transparency 0.0000
      shininess 0.5
    }
  }
  geometry IndexedFaceSet {
    ccw TRUE
    solid FALSE
    coord DEF co Coordinate {
      point [
        -0.177847 0.027511 0.807087,
        -0.112018 0.027511 0.807087,
        -0.148477 0.109732 0.807087,
        -0.146583 0.116559 0.807087,
        -0.145326 0.123536 0.807087,
        -0.144689 0.123536 0.807087,
        -0.143404 0.116580 0.807087,
        -0.141650 0.109732 0.807087,
      ]
    }
    coordIndex [
      0, 1, 2, -1,
      2, 1, 7, -1,
      2, 7, 3, -1,
      3, 7, 6, -1,
      3, 6, 4, -1,
      4, 6, 5, -1,
    ]
  }
}

Shape {
  appearance Appearance {
    material Material {
      diffuseColor 1.0000 1.0000 1.0000
      specularColor 0.8784 0.8784 0.8784
      ambientIntensity 0.2
      transparency 0.0000
      shininess 0.5
    }
  }
  geometry IndexedFaceSet {
    ccw TRUE
    solid FALSE
    coord DEF co Coordinate {
      point [
        0.113828 0.064109 -0.807087,
        0.127396 0.062585 -0.807087,
        0.084028 -0.039345 -0.807087,
        0.266406 -0.060243 -0.807087,
        0.127576 -0.061083 -0.807087,
        0.195827 -0.060243 -0.807087,
        0.136454 -0.060163 -0.807087,
        0.149810 -0.055565 -0.807087,
        0.097079 0.061933 -0.807087,
        0.081558 -0.037977 -0.807087,
        0.081558 0.055287 -0.807087,
        0.081558 0.073772 -0.807087,
        0.137710 0.058863 -0.807087,
        0.147247 0.052483 -0.807087,
        0.155569 0.043296 -0.807087,
        0.165580 0.007184 -0.807087,
        0.164184 -0.007733 -0.807087,
        0.160441 -0.019585 -0.807087,
        0.129778 -0.045358 -0.807087,
        0.116926 -0.046799 -0.807087,
        0.139819 -0.041661 -0.807087,
        0.148276 -0.035961 -0.807087,
        0.154742 -0.029140 -0.807087,
        0.098635 -0.044769 -0.807087,
        0.161249 0.032657 -0.807087,
        0.164922 0.017906 -0.807087,
        0.160894 -0.048487 -0.807087,
        0.171244 -0.037591 -0.807087,
        0.195827 -0.045119 -0.807087,
        0.178585 -0.024489 -0.807087,
        0.247920 -0.045119 -0.807087,
        0.168715 0.054142 -0.807087,
        0.156275 0.066106 -0.807087,
        0.143187 0.073640 -0.807087,
        0.127825 0.078103 -0.807087,
        0.182732 -0.009903 -0.807087,
        0.184064 0.006056 -0.807087,
        0.247920 0.077552 -0.807087,
        0.182082 0.025646 -0.807087,
        0.176792 0.041259 -0.807087,
        0.113985 0.079233 -0.807087,
        0.097489 0.078094 -0.807087,
        0.081558 -0.053101 -0.807087,
        0.096246 -0.059132 -0.807087,
        0.110170 -0.061083 -0.807087,
        0.115705 -0.061859 -0.807087,
        0.119473 -0.061923 -0.807087,
        0.266406 0.077552 -0.807087,
        -0.167146 -0.060243 -0.807087,
        -0.150182 -0.022476 -0.807087,
        -0.142280 -0.034801 -0.807087,
        -0.019268 -0.060243 -0.807087,
        0.054671 -0.060243 -0.807087,
        0.054671 0.077552 -0.807087,
        -0.015907 0.077552 -0.807087,
        -0.219239 0.077552 -0.807087,
        -0.237724 0.077552 -0.807087,
        -0.130938 -0.045661 -0.807087,
        -0.116550 -0.054022 -0.807087,
        -0.100673 -0.058755 -0.807087,
        0.036186 0.062429 -0.807087,
        0.036186 0.017057 -0.807087,
        -0.015907 0.062429 -0.807087,
        -0.012546 0.017057 -0.807087,
        -0.046155 0.077552 -0.807087,
        -0.012546 0.001933 -0.807087,
        0.036186 0.001933 -0.807087,
        0.036186 -0.045119 -0.807087,
        -0.019268 -0.045119 -0.807087,
        -0.046155 -0.060243 -0.807087,
        -0.083623 -0.060243 -0.807087,
        -0.291498 -0.060243 -0.807087,
        -0.271332 -0.060243 -0.807087,
        -0.085041 0.077552 -0.807087,
        -0.104948 0.075424 -0.807087,
        -0.121071 0.069763 -0.807087,
        -0.136069 0.059712 -0.807087,
        -0.257390 -0.021593 -0.807087,
        -0.200465 -0.021593 -0.807087,
        -0.187311 -0.060243 -0.807087,
        -0.136213 0.059585 -0.807087,
        -0.145957 0.048781 -0.807087,
        -0.152361 0.036930 -0.807087,
        -0.156062 0.023354 -0.807087,
        -0.157063 0.010388 -0.807087,
        -0.155130 -0.008053 -0.807087,
        -0.237724 0.077552 -0.803150,
        -0.291498 -0.060243 -0.803150,
        -0.271332 -0.060243 -0.803150,
        -0.257390 -0.021593 -0.803150,
        -0.200465 -0.021593 -0.803150,
        -0.187311 -0.060243 -0.803150,
        -0.167146 -0.060243 -0.803150,
        -0.219239 0.077552 -0.803150,
        -0.205113 -0.006469 -0.803150,
        -0.251193 -0.006469 -0.803150,
        -0.225672 0.051086 -0.803150,
        -0.226998 0.055865 -0.803150,
        -0.227878 0.060748 -0.803150,
        -0.228324 0.060748 -0.803150,
        -0.229223 0.055880 -0.803150,
        -0.230450 0.051086 -0.803150,
        -0.205113 -0.006469 -0.807087,
        -0.251193 -0.006469 -0.807087,
        -0.225672 0.051086 -0.807087,
        -0.226998 0.055865 -0.807087,
        -0.227878 0.060748 -0.807087,
        -0.228324 0.060748 -0.807087,
        -0.229223 0.055880 -0.807087,
        -0.230450 0.051086 -0.807087,
        -0.083623 -0.060243 -0.803150,
        -0.046155 -0.060243 -0.803150,
        -0.046155 0.077552 -0.803150,
        -0.085041 0.077552 -0.803150,
        -0.157063 0.010388 -0.803150,
        -0.156062 0.023354 -0.803150,
        -0.152361 0.036930 -0.803150,
        -0.145957 0.048781 -0.803150,
        -0.136213 0.059585 -0.803150,
        -0.136069 0.059712 -0.803150,
        -0.121071 0.069763 -0.803150,
        -0.104948 0.075424 -0.803150,
        -0.100673 -0.058755 -0.803150,
        -0.116550 -0.054022 -0.803150,
        -0.130938 -0.045661 -0.803150,
        -0.142280 -0.034801 -0.803150,
        -0.150182 -0.022476 -0.803150,
        -0.155130 -0.008053 -0.803150,
        -0.129404 0.043106 -0.803150,
        -0.122711 0.050212 -0.803150,
        -0.112646 0.056715 -0.803150,
        -0.101271 0.060695 -0.803150,
        -0.084962 0.062429 -0.803150,
        -0.064639 0.062429 -0.803150,
        -0.064639 -0.045119 -0.803150,
        -0.084201 -0.045119 -0.803150,
        -0.098738 -0.043766 -0.803150,
        -0.110334 -0.040146 -0.803150,
        -0.119731 -0.034566 -0.803150,
        -0.127460 -0.026932 -0.803150,
        -0.133272 -0.017432 -0.803150,
        -0.137313 -0.004479 -0.803150,
        -0.138578 0.009994 -0.803150,
        -0.137407 0.023708 -0.803150,
        -0.134191 0.034607 -0.803150,
        -0.084962 0.062429 -0.807087,
        -0.064639 0.062429 -0.807087,
        -0.101271 0.060695 -0.807087,
        -0.112646 0.056715 -0.807087,
        -0.122711 0.050212 -0.807087,
        -0.129404 0.043106 -0.807087,
        -0.134191 0.034607 -0.807087,
        -0.137407 0.023708 -0.807087,
        -0.138578 0.009994 -0.807087,
        -0.137313 -0.004479 -0.807087,
        -0.133272 -0.017432 -0.807087,
        -0.127460 -0.026932 -0.807087,
        -0.119731 -0.034566 -0.807087,
        -0.110334 -0.040146 -0.807087,
        -0.098738 -0.043766 -0.807087,
        -0.084201 -0.045119 -0.807087,
        -0.064639 -0.045119 -0.807087,
        -0.019268 -0.045119 -0.803150,
        -0.019268 -0.060243 -0.803150,
        0.054671 -0.060243 -0.803150,
        0.054671 0.077552 -0.803150,
        -0.015907 0.077552 -0.803150,
        -0.015907 0.062429 -0.803150,
        0.036186 0.062429 -0.803150,
        0.036186 0.017057 -0.803150,
        -0.012546 0.017057 -0.803150,
        -0.012546 0.001933 -0.803150,
        0.036186 0.001933 -0.803150,
        0.036186 -0.045119 -0.803150,
        0.081558 -0.037977 -0.803150,
        0.081558 -0.053101 -0.803150,
        0.096246 -0.059132 -0.803150,
        0.119473 -0.061923 -0.803150,
        0.115705 -0.061859 -0.803150,
        0.184064 0.006056 -0.803150,
        0.182732 -0.009903 -0.803150,
        0.178585 -0.024489 -0.803150,
        0.171244 -0.037591 -0.803150,
        0.160894 -0.048487 -0.803150,
        0.149810 -0.055565 -0.803150,
        0.136454 -0.060163 -0.803150,
        0.113985 0.079233 -0.803150,
        0.127825 0.078103 -0.803150,
        0.143187 0.073640 -0.803150,
        0.156275 0.066106 -0.803150,
        0.168715 0.054142 -0.803150,
        0.176792 0.041259 -0.803150,
        0.182082 0.025646 -0.803150,
        0.081558 0.073772 -0.803150,
        0.097489 0.078094 -0.803150,
        0.081558 0.055287 -0.803150,
        0.113828 0.064109 -0.803150,
        0.097079 0.061933 -0.803150,
        0.165580 0.007184 -0.803150,
        0.164922 0.017906 -0.803150,
        0.161249 0.032657 -0.803150,
        0.155569 0.043296 -0.803150,
        0.147247 0.052483 -0.803150,
        0.137710 0.058863 -0.803150,
        0.127396 0.062585 -0.803150,
        0.116926 -0.046799 -0.803150,
        0.129778 -0.045358 -0.803150,
        0.139819 -0.041661 -0.803150,
        0.148276 -0.035961 -0.803150,
        0.154742 -0.029140 -0.803150,
        0.160441 -0.019585 -0.803150,
        0.164184 -0.007733 -0.803150,
        0.084028 -0.039345 -0.803150,
        0.098635 -0.044769 -0.803150,
        0.195827 -0.045119 -0.803150,
        0.195827 -0.060243 -0.803150,
        0.266406 -0.060243 -0.803150,
        0.266406 0.077552 -0.803150,
        0.247920 0.077552 -0.803150,
        0.247920 -0.045119 -0.803150,
      ]
    }
    coordIndex [
      86, 87, 56, -1,
      56, 87, 71, -1,
      87, 88, 71, -1,
      71, 88, 72, -1,
      88, 89, 72, -1,
      72, 89, 77, -1,
      89, 90, 77, -1,
      77, 90, 78, -1,
      90, 91, 78, -1,
      78, 91, 79, -1,
      91, 92, 79, -1,
      79, 92, 48, -1,
      92, 93, 48, -1,
      48, 93, 55, -1,
      93, 86, 55, -1,
      55, 86, 56, -1,
      94, 90, 95, -1,
      95, 90, 89, -1,
      96, 93, 94, -1,
      94, 93, 92, -1,
      94, 92, 90, -1,
      90, 92, 91, -1,
      96, 97, 93, -1,
      93, 97, 98, -1,
      93, 98, 86, -1,
      86, 98, 99, -1,
      86, 99, 100, -1,
      100, 101, 86, -1,
      86, 101, 95, -1,
      86, 95, 87, -1,
      87, 95, 89, -1,
      87, 89, 88, -1,
      94, 95, 102, -1,
      102, 95, 103, -1,
      96, 94, 104, -1,
      104, 94, 102, -1,
      96, 104, 105, -1,
      96, 105, 97, -1,
      97, 105, 106, -1,
      97, 106, 98, -1,
      99, 98, 107, -1,
      107, 98, 106, -1,
      99, 107, 108, -1,
      99, 108, 100, -1,
      100, 108, 109, -1,
      100, 109, 101, -1,
      95, 101, 103, -1,
      103, 101, 109, -1,
      110, 111, 70, -1,
      70, 111, 69, -1,
      111, 112, 69, -1,
      69, 112, 64, -1,
      112, 113, 64, -1,
      64, 113, 73, -1,
      114, 84, 83, -1,
      114, 83, 115, -1,
      115, 83, 82, -1,
      115, 82, 116, -1,
      116, 82, 81, -1,
      116, 81, 117, -1,
      117, 81, 80, -1,
      117, 80, 118, -1,
      118, 80, 76, -1,
      118, 76, 119, -1,
      119, 76, 75, -1,
      119, 75, 120, -1,
      120, 75, 74, -1,
      120, 74, 121, -1,
      121, 74, 73, -1,
      121, 73, 113, -1,
      110, 70, 59, -1,
      110, 59, 122, -1,
      122, 59, 58, -1,
      122, 58, 123, -1,
      123, 58, 57, -1,
      123, 57, 124, -1,
      124, 57, 50, -1,
      124, 50, 125, -1,
      125, 50, 49, -1,
      125, 49, 126, -1,
      126, 49, 85, -1,
      126, 85, 127, -1,
      127, 85, 84, -1,
      127, 84, 114, -1,
      116, 117, 128, -1,
      128, 117, 118, -1,
      128, 118, 129, -1,
      129, 118, 119, -1,
      129, 119, 130, -1,
      130, 119, 120, -1,
      130, 120, 131, -1,
      131, 120, 121, -1,
      131, 121, 132, -1,
      132, 121, 113, -1,
      132, 113, 133, -1,
      133, 113, 112, -1,
      133, 112, 134, -1,
      134, 112, 111, -1,
      134, 111, 135, -1,
      135, 111, 110, -1,
      135, 110, 136, -1,
      136, 110, 122, -1,
      136, 122, 137, -1,
      137, 122, 123, -1,
      137, 123, 138, -1,
      138, 123, 124, -1,
      138, 124, 139, -1,
      139, 124, 125, -1,
      139, 125, 140, -1,
      140, 125, 126, -1,
      140, 126, 141, -1,
      141, 126, 127, -1,
      141, 127, 142, -1,
      142, 127, 114, -1,
      142, 114, 143, -1,
      143, 114, 115, -1,
      143, 115, 144, -1,
      144, 115, 116, -1,
      144, 116, 128, -1,
      132, 133, 145, -1,
      145, 133, 146, -1,
      132, 145, 147, -1,
      132, 147, 131, -1,
      131, 147, 148, -1,
      131, 148, 130, -1,
      130, 148, 149, -1,
      130, 149, 129, -1,
      129, 149, 150, -1,
      129, 150, 128, -1,
      128, 150, 151, -1,
      128, 151, 144, -1,
      144, 151, 152, -1,
      144, 152, 143, -1,
      143, 152, 153, -1,
      143, 153, 142, -1,
      142, 153, 154, -1,
      142, 154, 141, -1,
      141, 154, 155, -1,
      141, 155, 140, -1,
      140, 155, 156, -1,
      140, 156, 139, -1,
      139, 156, 157, -1,
      139, 157, 138, -1,
      138, 157, 158, -1,
      138, 158, 137, -1,
      137, 158, 159, -1,
      137, 159, 136, -1,
      136, 159, 160, -1,
      136, 160, 135, -1,
      134, 135, 161, -1,
      161, 135, 160, -1,
      133, 134, 146, -1,
      146, 134, 161, -1,
      162, 163, 68, -1,
      68, 163, 51, -1,
      163, 164, 51, -1,
      51, 164, 52, -1,
      164, 165, 52, -1,
      52, 165, 53, -1,
      165, 166, 53, -1,
      53, 166, 54, -1,
      166, 167, 54, -1,
      54, 167, 62, -1,
      167, 168, 62, -1,
      62, 168, 60, -1,
      168, 169, 60, -1,
      60, 169, 61, -1,
      169, 170, 61, -1,
      61, 170, 63, -1,
      170, 171, 63, -1,
      63, 171, 65, -1,
      171, 172, 65, -1,
      65, 172, 66, -1,
      172, 173, 66, -1,
      66, 173, 67, -1,
      173, 162, 67, -1,
      67, 162, 68, -1,
      164, 163, 162, -1,
      162, 173, 164, -1,
      164, 173, 172, -1,
      164, 172, 165, -1,
      167, 166, 168, -1,
      168, 166, 165, -1,
      168, 165, 169, -1,
      169, 165, 172, -1,
      169, 172, 170, -1,
      170, 172, 171, -1,
      174, 175, 9, -1,
      9, 175, 42, -1,
      42, 175, 176, -1,
      177, 46, 45, -1,
      177, 45, 178, -1,
      178, 45, 44, -1,
      178, 44, 176, -1,
      176, 44, 43, -1,
      176, 43, 42, -1,
      179, 36, 35, -1,
      179, 35, 180, -1,
      180, 35, 29, -1,
      180, 29, 181, -1,
      181, 29, 27, -1,
      181, 27, 182, -1,
      182, 27, 26, -1,
      182, 26, 183, -1,
      183, 26, 7, -1,
      183, 7, 184, -1,
      184, 7, 6, -1,
      184, 6, 185, -1,
      185, 6, 177, -1,
      177, 6, 4, -1,
      177, 4, 46, -1,
      186, 40, 34, -1,
      186, 34, 187, -1,
      187, 34, 33, -1,
      187, 33, 188, -1,
      188, 33, 32, -1,
      188, 32, 189, -1,
      189, 32, 31, -1,
      189, 31, 190, -1,
      190, 31, 39, -1,
      190, 39, 191, -1,
      191, 39, 38, -1,
      191, 38, 192, -1,
      192, 38, 36, -1,
      192, 36, 179, -1,
      193, 11, 41, -1,
      193, 41, 194, -1,
      194, 41, 40, -1,
      194, 40, 186, -1,
      193, 195, 11, -1,
      11, 195, 10, -1,
      196, 0, 8, -1,
      196, 8, 197, -1,
      197, 8, 10, -1,
      197, 10, 195, -1,
      198, 15, 25, -1,
      198, 25, 199, -1,
      199, 25, 24, -1,
      199, 24, 200, -1,
      200, 24, 14, -1,
      200, 14, 201, -1,
      201, 14, 13, -1,
      201, 13, 202, -1,
      202, 13, 12, -1,
      202, 12, 203, -1,
      203, 12, 1, -1,
      203, 1, 204, -1,
      204, 1, 0, -1,
      204, 0, 196, -1,
      205, 19, 18, -1,
      205, 18, 206, -1,
      206, 18, 20, -1,
      206, 20, 207, -1,
      207, 20, 21, -1,
      207, 21, 208, -1,
      208, 21, 22, -1,
      208, 22, 209, -1,
      209, 22, 17, -1,
      209, 17, 210, -1,
      210, 17, 16, -1,
      210, 16, 211, -1,
      211, 16, 15, -1,
      211, 15, 198, -1,
      174, 9, 2, -1,
      174, 2, 212, -1,
      212, 2, 23, -1,
      212, 23, 213, -1,
      213, 23, 19, -1,
      213, 19, 205, -1,
      206, 177, 205, -1,
      205, 177, 178, -1,
      205, 178, 213, -1,
      213, 178, 176, -1,
      213, 176, 212, -1,
      212, 176, 175, -1,
      212, 175, 174, -1,
      195, 193, 197, -1,
      197, 193, 194, -1,
      197, 194, 196, -1,
      196, 194, 186, -1,
      196, 186, 204, -1,
      204, 186, 187, -1,
      204, 187, 203, -1,
      203, 187, 188, -1,
      203, 188, 202, -1,
      202, 188, 189, -1,
      202, 189, 201, -1,
      201, 189, 190, -1,
      201, 190, 200, -1,
      200, 190, 191, -1,
      200, 191, 199, -1,
      199, 191, 192, -1,
      199, 192, 198, -1,
      198, 192, 179, -1,
      198, 179, 211, -1,
      211, 179, 180, -1,
      211, 180, 210, -1,
      210, 180, 181, -1,
      210, 181, 209, -1,
      209, 181, 182, -1,
      209, 182, 208, -1,
      208, 182, 183, -1,
      208, 183, 207, -1,
      207, 183, 184, -1,
      207, 184, 206, -1,
      206, 184, 185, -1,
      206, 185, 177, -1,
      214, 215, 28, -1,
      28, 215, 5, -1,
      215, 216, 5, -1,
      5, 216, 3, -1,
      216, 217, 3, -1,
      3, 217, 47, -1,
      217, 218, 47, -1,
      47, 218, 37, -1,
      218, 219, 37, -1,
      37, 219, 30, -1,
      219, 214, 30, -1,
      30, 214, 28, -1,
      218, 217, 219, -1,
      219, 217, 216, -1,
      219, 216, 214, -1,
      214, 216, 215, -1,
    ]
  }
}

Shape {
  appearance Appearance {
    material Material {
      diffuseColor 1.0000 0.6667 0.5098
      specularColor 0.5020 0.3333 0.2549
      ambientIntensity 0.2
      transparency 0.0000
      shininess 0.5
    }
  }
  geometry IndexedFaceSet {
    ccw TRUE
    solid FALSE
    coord DEF co Coordinate {
      point [
        -0.205113 -0.006469 -0.807087,
        -0.251193 -0.006469 -0.807087,
        -0.225672 0.051086 -0.807087,
        -0.226998 0.055865 -0.807087,
        -0.227878 0.060748 -0.807087,
        -0.228324 0.060748 -0.807087,
        -0.229223 0.055880 -0.807087,
        -0.230450 0.051086 -0.807087,
        -0.084962 0.062429 -0.807087,
        -0.064639 0.062429 -0.807087,
        -0.101271 0.060695 -0.807087,
        -0.112646 0.056715 -0.807087,
        -0.122711 0.050212 -0.807087,
        -0.129404 0.043106 -0.807087,
        -0.134191 0.034607 -0.807087,
        -0.137407 0.023708 -0.807087,
        -0.138578 0.009994 -0.807087,
        -0.137313 -0.004479 -0.807087,
        -0.133272 -0.017432 -0.807087,
        -0.127460 -0.026932 -0.807087,
        -0.119731 -0.034566 -0.807087,
        -0.110334 -0.040146 -0.807087,
        -0.098738 -0.043766 -0.807087,
        -0.084201 -0.045119 -0.807087,
        -0.064639 -0.045119 -0.807087,
      ]
    }
    coordIndex [
      0, 1, 2, -1,
      2, 1, 7, -1,
      2, 7, 3, -1,
      3, 7, 6, -1,
      3, 6, 4, -1,
      4, 6, 5, -1,
      9, 24, 8, -1,
      8, 24, 23, -1,
      8, 23, 22, -1,
      16, 15, 8, -1,
      8, 15, 14, -1,
      8, 14, 10, -1,
      22, 21, 8, -1,
      8, 21, 20, -1,
      8, 20, 19, -1,
      19, 18, 8, -1,
      8, 18, 17, -1,
      8, 17, 16, -1,
      13, 12, 14, -1,
      14, 12, 11, -1,
      14, 11, 10, -1,
    ]
  }
}

Shape {
  appearance Appearance {
    material Material {
      diffuseColor 1.0000 1.0000 1.0000
      specularColor 0.5020 0.5020 0.5020
      ambientIntensity 0.2
      transparency 0.0000
      shininess 0.5
    }
  }
  geometry IndexedFaceSet {
    ccw TRUE
    solid FALSE
    coord DEF co Coordinate {
      point [
        -0.719345 -0.825993 0.447874,
        -0.728820 -0.826053 0.446729,
        -0.817541 -0.823109 0.502669,
        -0.813376 -0.823082 0.503172,
        -0.777733 -0.825717 0.453110,
        -0.762597 -0.825717 0.453110,
        -0.777733 -0.824726 0.471939,
        -0.762597 -0.824726 0.471939,
        -0.756099 -0.823446 0.496261,
        -0.756099 -0.823107 0.502700,
        -0.762597 -0.823107 0.502700,
        -0.757689 -0.824726 0.471939,
        -0.754824 -0.825717 0.453110,
        -0.757689 -0.824389 0.478348,
        -0.762597 -0.823446 0.496261,
        -0.762597 -0.824389 0.478348,
        -0.777733 -0.823446 0.496261,
        -0.777733 -0.824389 0.478348,
        -0.784969 -0.826053 0.446729,
        -0.762597 -0.826053 0.446729,
        -0.754824 -0.826053 0.446729,
        -0.784969 -0.823107 0.502700,
        -0.798580 -0.825981 0.448100,
        -0.797143 -0.825956 0.448571,
        -0.796187 -0.825931 0.449046,
        -0.796187 -0.825567 0.455971,
        -0.809397 -0.823401 0.497120,
        -0.811829 -0.823406 0.497011,
        -0.798580 -0.825626 0.454847,
        -0.802496 -0.823444 0.496297,
        -0.796187 -0.823575 0.493801,
        -0.796811 -0.823557 0.494137,
        -0.798580 -0.823522 0.494809,
        -0.816669 -0.823458 0.496023,
        -0.821050 -0.823569 0.493931,
        -0.824670 -0.823728 0.490911,
        -0.825072 -0.823751 0.490470,
        -0.827775 -0.823956 0.486575,
        -0.829646 -0.824211 0.481731,
        -0.830559 -0.824613 0.474085,
        -0.830485 -0.824732 0.471817,
        -0.800858 -0.825682 0.453776,
        -0.807041 -0.825754 0.452412,
        -0.810658 -0.825764 0.452223,
        -0.829557 -0.825025 0.466263,
        -0.827717 -0.825261 0.461776,
        -0.825057 -0.825454 0.458118,
        -0.823609 -0.825527 0.456722,
        -0.815767 -0.825735 0.452772,
        -0.819853 -0.825659 0.454218,
        -0.803452 -0.823082 0.503172,
        -0.802130 -0.823087 0.503069,
        -0.798580 -0.823141 0.502045,
        -0.796187 -0.823178 0.501355,
        -0.809469 -0.823057 0.503644,
        -0.834120 -0.823770 0.490103,
        -0.830057 -0.823491 0.495403,
        -0.828823 -0.823429 0.496588,
        -0.823403 -0.823228 0.500404,
        -0.836782 -0.824097 0.483886,
        -0.835645 -0.823957 0.486542,
        -0.835645 -0.825304 0.460954,
        -0.837059 -0.825113 0.464589,
        -0.838152 -0.824635 0.473656,
        -0.838054 -0.824482 0.476579,
        -0.821859 -0.826016 0.447434,
        -0.827053 -0.825876 0.450080,
        -0.803161 -0.826059 0.446600,
        -0.811704 -0.826102 0.445785,
        -0.815923 -0.826089 0.446037,
        -0.830960 -0.825700 0.453425,
        -0.831446 -0.825672 0.453955,
        -0.834783 -0.825421 0.458739,
        -0.862767 -0.823107 0.502700,
        -0.862767 -0.825717 0.453110,
        -0.840444 -0.825717 0.453110,
        -0.870002 -0.826053 0.446729,
        -0.870002 -0.823107 0.502700,
        -0.840444 -0.826053 0.446729,
        -0.744236 -0.826053 0.446729,
        -0.698772 -0.824730 0.471856,
        -0.700132 -0.825075 0.465304,
        -0.702894 -0.825380 0.459516,
        -0.707057 -0.825640 0.454569,
        -0.712948 -0.825862 0.450358,
        -0.701595 -0.823857 0.488450,
        -0.699528 -0.824138 0.483106,
        -0.698604 -0.824542 0.475430,
        -0.744236 -0.823107 0.502700,
        -0.728247 -0.823107 0.502700,
        -0.719688 -0.823157 0.501756,
        -0.712924 -0.823287 0.499289,
        -0.707057 -0.823497 0.495289,
        -0.705060 -0.823600 0.493336,
        -0.840444 -0.826110 0.453131,
        -0.840444 -0.826446 0.446750,
        -0.862767 -0.826110 0.453131,
        -0.862767 -0.823500 0.502721,
        -0.870002 -0.823500 0.502721,
        -0.870002 -0.826446 0.446750,
        -0.796187 -0.826324 0.449067,
        -0.797143 -0.826349 0.448592,
        -0.811704 -0.826496 0.445805,
        -0.803161 -0.826453 0.446621,
        -0.796187 -0.825959 0.455992,
        -0.800858 -0.826075 0.453796,
        -0.807041 -0.826147 0.452433,
        -0.810658 -0.826157 0.452244,
        -0.815767 -0.826128 0.452793,
        -0.819853 -0.826052 0.454239,
        -0.823609 -0.825920 0.456743,
        -0.825057 -0.825846 0.458138,
        -0.827717 -0.825654 0.461797,
        -0.829557 -0.825418 0.466283,
        -0.830485 -0.825126 0.471837,
        -0.830559 -0.825006 0.474106,
        -0.829646 -0.824604 0.481752,
        -0.827775 -0.824349 0.486596,
        -0.825072 -0.824144 0.490491,
        -0.824670 -0.824120 0.490931,
        -0.821050 -0.823962 0.493952,
        -0.816669 -0.823852 0.496044,
        -0.811829 -0.823800 0.497031,
        -0.809397 -0.823794 0.497141,
        -0.796187 -0.823969 0.493821,
        -0.796811 -0.823951 0.494158,
        -0.802496 -0.823837 0.496318,
        -0.796187 -0.823571 0.501376,
        -0.802130 -0.823481 0.503089,
        -0.809469 -0.823450 0.503665,
        -0.817541 -0.823502 0.502689,
        -0.823403 -0.823621 0.500425,
        -0.828823 -0.823822 0.496608,
        -0.830057 -0.823884 0.495424,
        -0.834120 -0.824163 0.490124,
        -0.836782 -0.824490 0.483906,
        -0.838054 -0.824875 0.476600,
        -0.838152 -0.825029 0.473676,
        -0.837059 -0.825506 0.464610,
        -0.834783 -0.825814 0.458760,
        -0.831446 -0.826066 0.453976,
        -0.830960 -0.826094 0.453445,
        -0.827053 -0.826270 0.450101,
        -0.821859 -0.826409 0.447454,
        -0.815923 -0.826482 0.446057,
        -0.754824 -0.826110 0.453131,
        -0.754824 -0.826446 0.446750,
        -0.777733 -0.826110 0.453131,
        -0.777733 -0.825119 0.471959,
        -0.757689 -0.825119 0.471959,
        -0.757689 -0.824782 0.478369,
        -0.777733 -0.824782 0.478369,
        -0.777733 -0.823839 0.496282,
        -0.756099 -0.823839 0.496282,
        -0.756099 -0.823500 0.502721,
        -0.784969 -0.823500 0.502721,
        -0.784969 -0.826446 0.446750,
        -0.709428 -0.825622 0.462396,
        -0.712200 -0.825803 0.458968,
        -0.707057 -0.826033 0.454590,
        -0.712883 -0.825836 0.458333,
        -0.712948 -0.826255 0.450379,
        -0.716505 -0.825968 0.455831,
        -0.719345 -0.826386 0.447895,
        -0.721146 -0.826062 0.454044,
        -0.728820 -0.826446 0.446750,
        -0.728863 -0.826110 0.453131,
        -0.744236 -0.826446 0.446750,
        -0.737001 -0.826110 0.453131,
        -0.744236 -0.823500 0.502721,
        -0.737001 -0.823839 0.496282,
        -0.728247 -0.823500 0.502721,
        -0.728533 -0.823839 0.496282,
        -0.719688 -0.823550 0.501777,
        -0.721016 -0.823885 0.495413,
        -0.712924 -0.823680 0.499309,
        -0.716207 -0.823980 0.493609,
        -0.707057 -0.823890 0.495309,
        -0.712358 -0.824116 0.491017,
        -0.705060 -0.823993 0.493357,
        -0.710769 -0.824198 0.489450,
        -0.701595 -0.824250 0.488471,
        -0.708603 -0.824364 0.486306,
        -0.699528 -0.824531 0.483127,
        -0.707030 -0.824580 0.482205,
        -0.698604 -0.824935 0.475450,
        -0.706211 -0.824946 0.475250,
        -0.698772 -0.825124 0.471877,
        -0.706401 -0.825135 0.471667,
        -0.700132 -0.825468 0.465325,
        -0.707494 -0.825404 0.466547,
        -0.702894 -0.825773 0.459537,
        -0.728533 -0.823446 0.496261,
        -0.737001 -0.823446 0.496261,
        -0.737001 -0.825717 0.453110,
        -0.728863 -0.825717 0.453110,
        -0.712200 -0.825410 0.458947,
        -0.712883 -0.825443 0.458313,
        -0.716505 -0.825575 0.455811,
        -0.721146 -0.825669 0.454024,
        -0.706211 -0.824553 0.475230,
        -0.706401 -0.824741 0.471646,
        -0.707494 -0.825011 0.466527,
        -0.709428 -0.825229 0.462375,
        -0.712358 -0.823723 0.490996,
        -0.710769 -0.823806 0.489430,
        -0.708603 -0.823971 0.486285,
        -0.707030 -0.824187 0.482185,
        -0.721016 -0.823492 0.495392,
        -0.716207 -0.823587 0.493589,
      ]
    }
    coordIndex [
      94, 95, 75, -1,
      75, 95, 78, -1,
      96, 94, 74, -1,
      74, 94, 75, -1,
      97, 96, 73, -1,
      73, 96, 74, -1,
      98, 97, 77, -1,
      77, 97, 73, -1,
      99, 98, 76, -1,
      76, 98, 77, -1,
      95, 99, 78, -1,
      78, 99, 76, -1,
      97, 98, 96, -1,
      96, 98, 99, -1,
      96, 99, 94, -1,
      94, 99, 95, -1,
      24, 100, 101, -1,
      102, 68, 67, -1,
      102, 67, 103, -1,
      103, 67, 22, -1,
      103, 22, 101, -1,
      101, 22, 23, -1,
      101, 23, 24, -1,
      104, 100, 25, -1,
      25, 100, 24, -1,
      105, 104, 28, -1,
      28, 104, 25, -1,
      28, 41, 105, -1,
      105, 41, 42, -1,
      105, 42, 106, -1,
      106, 42, 43, -1,
      106, 43, 107, -1,
      107, 43, 48, -1,
      107, 48, 108, -1,
      108, 48, 49, -1,
      108, 49, 109, -1,
      109, 49, 47, -1,
      109, 47, 110, -1,
      110, 47, 46, -1,
      110, 46, 111, -1,
      111, 46, 45, -1,
      111, 45, 112, -1,
      112, 45, 44, -1,
      112, 44, 113, -1,
      113, 44, 40, -1,
      113, 40, 114, -1,
      114, 40, 39, -1,
      114, 39, 115, -1,
      115, 39, 38, -1,
      115, 38, 116, -1,
      116, 38, 37, -1,
      116, 37, 117, -1,
      117, 37, 36, -1,
      117, 36, 118, -1,
      118, 36, 35, -1,
      118, 35, 119, -1,
      119, 35, 34, -1,
      119, 34, 120, -1,
      120, 34, 33, -1,
      120, 33, 121, -1,
      121, 33, 27, -1,
      121, 27, 122, -1,
      122, 27, 26, -1,
      122, 26, 123, -1,
      30, 124, 125, -1,
      123, 26, 29, -1,
      123, 29, 126, -1,
      126, 29, 32, -1,
      126, 32, 125, -1,
      125, 32, 31, -1,
      125, 31, 30, -1,
      127, 124, 53, -1,
      53, 124, 30, -1,
      127, 53, 52, -1,
      127, 52, 128, -1,
      54, 129, 50, -1,
      50, 129, 128, -1,
      50, 128, 51, -1,
      51, 128, 52, -1,
      129, 54, 3, -1,
      129, 3, 130, -1,
      3, 2, 130, -1,
      130, 2, 58, -1,
      130, 58, 131, -1,
      131, 58, 57, -1,
      131, 57, 132, -1,
      132, 57, 56, -1,
      132, 56, 133, -1,
      133, 56, 55, -1,
      133, 55, 134, -1,
      134, 55, 60, -1,
      134, 60, 135, -1,
      60, 59, 135, -1,
      135, 59, 64, -1,
      135, 64, 136, -1,
      136, 64, 63, -1,
      136, 63, 137, -1,
      137, 63, 62, -1,
      137, 62, 138, -1,
      138, 62, 61, -1,
      138, 61, 139, -1,
      61, 72, 139, -1,
      139, 72, 71, -1,
      139, 71, 140, -1,
      140, 71, 70, -1,
      140, 70, 141, -1,
      141, 70, 66, -1,
      141, 66, 142, -1,
      142, 66, 65, -1,
      142, 65, 143, -1,
      143, 65, 69, -1,
      143, 69, 144, -1,
      144, 69, 68, -1,
      144, 68, 102, -1,
      116, 117, 134, -1,
      120, 121, 130, -1,
      134, 117, 133, -1,
      130, 121, 129, -1,
      130, 131, 120, -1,
      120, 131, 132, -1,
      120, 132, 119, -1,
      119, 132, 133, -1,
      119, 133, 118, -1,
      118, 133, 117, -1,
      121, 122, 129, -1,
      129, 122, 123, -1,
      129, 123, 128, -1,
      128, 123, 126, -1,
      128, 126, 127, -1,
      127, 126, 125, -1,
      127, 125, 124, -1,
      137, 115, 136, -1,
      136, 115, 116, -1,
      136, 116, 135, -1,
      135, 116, 134, -1,
      100, 104, 101, -1,
      101, 104, 105, -1,
      101, 105, 103, -1,
      103, 105, 106, -1,
      103, 106, 102, -1,
      102, 106, 107, -1,
      102, 107, 144, -1,
      144, 107, 108, -1,
      144, 108, 143, -1,
      143, 108, 109, -1,
      143, 109, 142, -1,
      142, 109, 110, -1,
      142, 110, 141, -1,
      141, 110, 111, -1,
      141, 111, 140, -1,
      140, 111, 112, -1,
      140, 112, 139, -1,
      139, 112, 138, -1,
      138, 112, 113, -1,
      138, 113, 137, -1,
      137, 113, 114, -1,
      137, 114, 115, -1,
      145, 146, 12, -1,
      12, 146, 20, -1,
      4, 147, 5, -1,
      5, 147, 145, -1,
      5, 145, 12, -1,
      148, 147, 6, -1,
      6, 147, 4, -1,
      11, 149, 7, -1,
      7, 149, 148, -1,
      7, 148, 6, -1,
      150, 149, 13, -1,
      13, 149, 11, -1,
      17, 151, 15, -1,
      15, 151, 150, -1,
      15, 150, 13, -1,
      152, 151, 16, -1,
      16, 151, 17, -1,
      8, 153, 14, -1,
      14, 153, 152, -1,
      14, 152, 16, -1,
      154, 153, 9, -1,
      9, 153, 8, -1,
      21, 155, 10, -1,
      10, 155, 154, -1,
      10, 154, 9, -1,
      156, 155, 18, -1,
      18, 155, 21, -1,
      20, 146, 19, -1,
      19, 146, 156, -1,
      19, 156, 18, -1,
      156, 146, 145, -1,
      145, 147, 156, -1,
      156, 147, 148, -1,
      156, 148, 155, -1,
      153, 154, 152, -1,
      152, 154, 155, -1,
      152, 155, 151, -1,
      151, 155, 148, -1,
      151, 148, 150, -1,
      150, 148, 149, -1,
      157, 158, 159, -1,
      159, 158, 160, -1,
      159, 160, 161, -1,
      161, 160, 162, -1,
      161, 162, 163, -1,
      163, 162, 164, -1,
      163, 164, 165, -1,
      165, 164, 166, -1,
      165, 166, 167, -1,
      167, 166, 168, -1,
      167, 168, 169, -1,
      169, 168, 170, -1,
      169, 170, 171, -1,
      171, 170, 172, -1,
      171, 172, 173, -1,
      173, 172, 174, -1,
      173, 174, 175, -1,
      175, 174, 176, -1,
      175, 176, 177, -1,
      177, 176, 178, -1,
      177, 178, 179, -1,
      179, 178, 180, -1,
      179, 180, 181, -1,
      181, 180, 182, -1,
      181, 182, 183, -1,
      183, 182, 184, -1,
      183, 184, 185, -1,
      185, 184, 186, -1,
      185, 186, 187, -1,
      187, 186, 188, -1,
      187, 188, 189, -1,
      189, 188, 190, -1,
      189, 190, 191, -1,
      191, 190, 157, -1,
      191, 157, 159, -1,
      165, 167, 1, -1,
      1, 167, 79, -1,
      165, 1, 0, -1,
      165, 0, 163, -1,
      163, 0, 84, -1,
      163, 84, 161, -1,
      161, 84, 83, -1,
      161, 83, 159, -1,
      159, 83, 82, -1,
      159, 82, 191, -1,
      191, 82, 81, -1,
      191, 81, 189, -1,
      189, 81, 80, -1,
      189, 80, 187, -1,
      187, 80, 87, -1,
      187, 87, 185, -1,
      185, 87, 86, -1,
      185, 86, 183, -1,
      183, 86, 85, -1,
      183, 85, 181, -1,
      181, 85, 93, -1,
      181, 93, 179, -1,
      179, 93, 92, -1,
      179, 92, 177, -1,
      177, 92, 91, -1,
      177, 91, 175, -1,
      175, 91, 90, -1,
      175, 90, 173, -1,
      173, 90, 89, -1,
      173, 89, 171, -1,
      169, 171, 88, -1,
      88, 171, 89, -1,
      167, 169, 79, -1,
      79, 169, 88, -1,
      172, 170, 192, -1,
      192, 170, 193, -1,
      170, 168, 193, -1,
      193, 168, 194, -1,
      168, 166, 194, -1,
      194, 166, 195, -1,
      158, 196, 197, -1,
      158, 197, 160, -1,
      160, 197, 198, -1,
      160, 198, 162, -1,
      162, 198, 199, -1,
      162, 199, 164, -1,
      164, 199, 195, -1,
      164, 195, 166, -1,
      186, 200, 201, -1,
      186, 201, 188, -1,
      188, 201, 202, -1,
      188, 202, 190, -1,
      190, 202, 203, -1,
      190, 203, 157, -1,
      157, 203, 196, -1,
      157, 196, 158, -1,
      178, 204, 205, -1,
      178, 205, 180, -1,
      180, 205, 206, -1,
      180, 206, 182, -1,
      182, 206, 207, -1,
      182, 207, 184, -1,
      184, 207, 200, -1,
      184, 200, 186, -1,
      172, 192, 208, -1,
      172, 208, 174, -1,
      174, 208, 209, -1,
      174, 209, 176, -1,
      176, 209, 204, -1,
      176, 204, 178, -1,
    ]
  }
}

Shape {
  appearance Appearance {
    material Material {
      diffuseColor 1.0000 0.6667 0.5098
      specularColor 0.5020 0.3333 0.2549
      ambientIntensity 0.2
      transparency 0.0000
      shininess 0.5
    }
  }
  geometry IndexedFaceSet {
    ccw TRUE
    solid FALSE
    coord DEF co Coordinate {
      point [
        -0.728533 -0.823446 0.496261,
        -0.737001 -0.823446 0.496261,
        -0.737001 -0.825717 0.453110,
        -0.728863 -0.825717 0.453110,
        -0.712200 -0.825410 0.458947,
        -0.712883 -0.825443 0.458313,
        -0.716505 -0.825575 0.455811,
        -0.721146 -0.825669 0.454024,
        -0.706211 -0.824553 0.475230,
        -0.706401 -0.824741 0.471646,
        -0.707494 -0.825011 0.466527,
        -0.709428 -0.825229 0.462375,
        -0.712358 -0.823723 0.490996,
        -0.710769 -0.823806 0.489430,
        -0.708603 -0.823971 0.486285,
        -0.707030 -0.824187 0.482185,
        -0.721016 -0.823492 0.495392,
        -0.716207 -0.823587 0.493589,
      ]
    }
    coordIndex [
      1, 2, 0, -1,
      0, 2, 3, -1,
      3, 7, 0, -1,
      0, 7, 6, -1,
      0, 6, 5, -1,
      5, 4, 0, -1,
      0, 4, 11, -1,
      0, 11, 10, -1,
      8, 12, 17, -1,
      15, 14, 8, -1,
      8, 14, 13, -1,
      8, 13, 12, -1,
      10, 9, 0, -1,
      0, 9, 8, -1,
      0, 8, 16, -1,
      16, 8, 17, -1,
    ]
  }
}

Shape {
  appearance Appearance {
    material Material {
      diffuseColor 1.0000 1.0000 1.0000
      specularColor 0.5020 0.5020 0.5020
      ambientIntensity 0.2
      transparency 0.0000
      shininess 0.5
    }
  }
  geometry IndexedFaceSet {
    ccw TRUE
    solid FALSE
    coord DEF co Coordinate {
      point [
        -0.679340 -0.823824 0.489083,
        -0.674146 -0.823107 0.502700,
        -0.658773 -0.825247 0.462038,
        -0.679340 -0.825247 0.462038,
        -0.653057 -0.826053 0.446729,
        -0.645062 -0.826053 0.446729,
        -0.666410 -0.823107 0.502700,
        -0.695494 -0.826053 0.446729,
        -0.687500 -0.826053 0.446729,
        -0.682113 -0.825247 0.462038,
        -0.679820 -0.825307 0.468383,
        -0.682113 -0.825640 0.462059,
        -0.661008 -0.825307 0.468383,
        -0.658773 -0.825640 0.462059,
        -0.671439 -0.824083 0.491646,
        -0.674146 -0.823500 0.502721,
        -0.695494 -0.826446 0.446750,
        -0.687500 -0.826446 0.446750,
        -0.670954 -0.823995 0.493317,
        -0.670522 -0.823877 0.495567,
        -0.666410 -0.823500 0.502721,
        -0.670350 -0.823877 0.495567,
        -0.669897 -0.824001 0.493199,
        -0.669476 -0.824083 0.491646,
        -0.645062 -0.826446 0.446750,
        -0.653057 -0.826446 0.446750,
        -0.679820 -0.824914 0.468362,
        -0.661008 -0.824914 0.468362,
        -0.669476 -0.823690 0.491626,
        -0.670350 -0.823483 0.495546,
        -0.669897 -0.823608 0.493178,
        -0.670522 -0.823483 0.495546,
        -0.671439 -0.823690 0.491626,
        -0.670954 -0.823602 0.493296,
      ]
    }
    coordIndex [
      10, 11, 12, -1,
      12, 11, 13, -1,
      14, 15, 10, -1,
      10, 15, 16, -1,
      10, 16, 11, -1,
      11, 16, 17, -1,
      14, 18, 15, -1,
      15, 18, 19, -1,
      15, 19, 20, -1,
      20, 19, 21, -1,
      20, 21, 22, -1,
      22, 23, 20, -1,
      20, 23, 12, -1,
      20, 12, 24, -1,
      24, 12, 13, -1,
      24, 13, 25, -1,
      20, 24, 6, -1,
      6, 24, 5, -1,
      15, 20, 1, -1,
      1, 20, 6, -1,
      7, 16, 0, -1,
      0, 16, 15, -1,
      0, 15, 1, -1,
      17, 16, 8, -1,
      8, 16, 7, -1,
      11, 17, 9, -1,
      9, 17, 8, -1,
      2, 13, 3, -1,
      3, 13, 11, -1,
      3, 11, 9, -1,
      25, 13, 4, -1,
      4, 13, 2, -1,
      24, 25, 5, -1,
      5, 25, 4, -1,
      10, 12, 26, -1,
      26, 12, 27, -1,
      12, 23, 27, -1,
      27, 23, 28, -1,
      21, 29, 30, -1,
      21, 30, 22, -1,
      22, 30, 28, -1,
      22, 28, 23, -1,
      21, 19, 29, -1,
      29, 19, 31, -1,
      14, 32, 33, -1,
      14, 33, 18, -1,
      18, 33, 31, -1,
      18, 31, 19, -1,
      14, 10, 32, -1,
      32, 10, 26, -1,
    ]
  }
}

Shape {
  appearance Appearance {
    material Material {
      diffuseColor 1.0000 0.6667 0.5098
      specularColor 0.5020 0.3333 0.2549
      ambientIntensity 0.2
      transparency 0.0000
      shininess 0.5
    }
  }
  geometry IndexedFaceSet {
    ccw TRUE
    solid FALSE
    coord DEF co Coordinate {
      point [
        -0.679820 -0.824914 0.468362,
        -0.661008 -0.824914 0.468362,
        -0.669476 -0.823690 0.491626,
        -0.670350 -0.823483 0.495546,
        -0.669897 -0.823608 0.493178,
        -0.670522 -0.823483 0.495546,
        -0.671439 -0.823690 0.491626,
        -0.670954 -0.823602 0.493296,
      ]
    }
    coordIndex [
      3, 5, 4, -1,
      4, 5, 7, -1,
      4, 7, 2, -1,
      2, 7, 6, -1,
      2, 6, 1, -1,
      1, 6, 0, -1,
    ]
  }
}

Shape {
  appearance Appearance {
    material Material {
      diffuseColor 1.0000 1.0000 1.0000
      specularColor 0.5020 0.5020 0.5020
      ambientIntensity 0.2
      transparency 0.0000
      shininess 0.5
    }
  }
  geometry IndexedFaceSet {
    ccw TRUE
    solid FALSE
    coord DEF co Coordinate {
      point [
        -0.830292 -0.829722 0.377004,
        -0.829226 -0.829128 0.388297,
        -0.831698 -0.829828 0.374999,
        -0.832665 -0.829958 0.372530,
        -0.800972 -0.830726 0.357936,
        -0.807993 -0.830726 0.357936,
        -0.831940 -0.830455 0.363083,
        -0.832790 -0.830330 0.365454,
        -0.811257 -0.828594 0.398454,
        -0.808287 -0.828641 0.397563,
        -0.805949 -0.828710 0.396237,
        -0.804072 -0.828804 0.394456,
        -0.828134 -0.829625 0.378865,
        -0.825131 -0.829544 0.380393,
        -0.824902 -0.828981 0.391091,
        -0.819856 -0.829476 0.381687,
        -0.813724 -0.828887 0.392884,
        -0.816102 -0.828874 0.393133,
        -0.820519 -0.828899 0.392647,
        -0.827335 -0.830697 0.358492,
        -0.829699 -0.830610 0.360139,
        -0.830481 -0.830569 0.360930,
        -0.807993 -0.830401 0.364117,
        -0.808179 -0.830401 0.364117,
        -0.809303 -0.830491 0.362414,
        -0.811524 -0.830615 0.360041,
        -0.829226 -0.828770 0.395107,
        -0.827750 -0.828725 0.395960,
        -0.822524 -0.828619 0.397974,
        -0.815443 -0.828574 0.398827,
        -0.833137 -0.830163 0.368638,
        -0.833117 -0.830117 0.369509,
        -0.802632 -0.828923 0.392200,
        -0.801528 -0.829090 0.389026,
        -0.800972 -0.829372 0.383661,
        -0.807993 -0.829389 0.383346,
        -0.808237 -0.829226 0.386446,
        -0.808963 -0.829094 0.388943,
        -0.809788 -0.829018 0.390386,
        -0.810849 -0.828959 0.391514,
        -0.812096 -0.828917 0.392316,
        -0.813964 -0.830700 0.358426,
        -0.816619 -0.830751 0.357464,
        -0.816808 -0.830755 0.357396,
        -0.820443 -0.830776 0.356992,
        -0.824515 -0.830751 0.357464,
        -0.824643 -0.830750 0.357479,
        -0.839857 -0.830726 0.357936,
        -0.870002 -0.830726 0.357936,
        -0.839857 -0.830390 0.364317,
        -0.841132 -0.828119 0.407469,
        -0.870002 -0.827780 0.413907,
        -0.841132 -0.827780 0.413907,
        -0.862767 -0.829399 0.383146,
        -0.862767 -0.830390 0.364317,
        -0.842722 -0.829399 0.383146,
        -0.842722 -0.829062 0.389556,
        -0.862767 -0.829062 0.389556,
        -0.862767 -0.828119 0.407469,
        -0.839857 -0.830783 0.364338,
        -0.839857 -0.831119 0.357957,
        -0.862767 -0.830783 0.364338,
        -0.862767 -0.829793 0.383167,
        -0.842722 -0.829793 0.383167,
        -0.842722 -0.829455 0.389576,
        -0.862767 -0.829455 0.389576,
        -0.862767 -0.828512 0.407489,
        -0.841132 -0.828512 0.407489,
        -0.841132 -0.828174 0.413928,
        -0.870002 -0.828174 0.413928,
        -0.870002 -0.831119 0.357957,
        -0.808179 -0.830794 0.364137,
        -0.807993 -0.830794 0.364137,
        -0.808452 -0.830454 0.370588,
        -0.808000 -0.830290 0.373716,
        -0.800972 -0.829765 0.383681,
        -0.807993 -0.830265 0.374181,
        -0.807993 -0.830063 0.378016,
        -0.807993 -0.831119 0.357957,
        -0.800972 -0.831119 0.357957,
        -0.825957 -0.830467 0.370344,
        -0.825611 -0.830383 0.371949,
        -0.831698 -0.830221 0.375020,
        -0.809481 -0.830586 0.368087,
        -0.811002 -0.830694 0.366026,
        -0.809303 -0.830883 0.362435,
        -0.811882 -0.830740 0.365167,
        -0.811524 -0.831009 0.360062,
        -0.813866 -0.830810 0.363830,
        -0.813964 -0.831093 0.358446,
        -0.815996 -0.830851 0.363057,
        -0.816808 -0.831148 0.357416,
        -0.818624 -0.830866 0.362764,
        -0.820443 -0.831169 0.357012,
        -0.820995 -0.830852 0.363031,
        -0.824643 -0.831143 0.357499,
        -0.822583 -0.830822 0.363613,
        -0.827335 -0.831090 0.358513,
        -0.823982 -0.830771 0.364567,
        -0.829699 -0.831003 0.360160,
        -0.824579 -0.830740 0.365166,
        -0.830292 -0.830116 0.377025,
        -0.824994 -0.830314 0.373257,
        -0.828134 -0.830018 0.378886,
        -0.824154 -0.830259 0.374296,
        -0.825131 -0.829937 0.380414,
        -0.823273 -0.830224 0.374976,
        -0.821633 -0.830182 0.375765,
        -0.819856 -0.829869 0.381707,
        -0.817363 -0.830130 0.376757,
        -0.807993 -0.829782 0.383367,
        -0.832665 -0.830351 0.372551,
        -0.833117 -0.830510 0.369530,
        -0.826017 -0.830526 0.369231,
        -0.833137 -0.830556 0.368659,
        -0.825839 -0.830611 0.367622,
        -0.832790 -0.830724 0.365474,
        -0.825377 -0.830678 0.366348,
        -0.831940 -0.830848 0.363104,
        -0.830481 -0.830962 0.360951,
        -0.829226 -0.829163 0.395128,
        -0.829226 -0.829521 0.388317,
        -0.827750 -0.829118 0.395981,
        -0.824902 -0.829374 0.391111,
        -0.822524 -0.829012 0.397994,
        -0.820519 -0.829293 0.392668,
        -0.815443 -0.828967 0.398848,
        -0.816102 -0.829267 0.393153,
        -0.811257 -0.828987 0.398475,
        -0.813724 -0.829280 0.392904,
        -0.808287 -0.829034 0.397583,
        -0.812096 -0.829310 0.392337,
        -0.805949 -0.829104 0.396258,
        -0.810849 -0.829352 0.391534,
        -0.804072 -0.829197 0.394477,
        -0.809788 -0.829411 0.390407,
        -0.802632 -0.829316 0.392220,
        -0.808963 -0.829487 0.388963,
        -0.801528 -0.829483 0.389046,
        -0.808237 -0.829619 0.386467,
        -0.824154 -0.829866 0.374275,
        -0.823273 -0.829830 0.374956,
        -0.821633 -0.829789 0.375744,
        -0.817363 -0.829737 0.376736,
        -0.826017 -0.830133 0.369210,
        -0.825957 -0.830074 0.370323,
        -0.825611 -0.829990 0.371929,
        -0.824994 -0.829921 0.373236,
        -0.823982 -0.830378 0.364546,
        -0.824579 -0.830347 0.365145,
        -0.825377 -0.830285 0.366327,
        -0.825839 -0.830217 0.367601,
        -0.818624 -0.830473 0.362743,
        -0.820995 -0.830459 0.363010,
        -0.822583 -0.830428 0.363592,
        -0.811002 -0.830302 0.366006,
        -0.811882 -0.830347 0.365146,
        -0.813866 -0.830417 0.363809,
        -0.815996 -0.830458 0.363037,
        -0.807993 -0.829872 0.374161,
        -0.808000 -0.829897 0.373696,
        -0.808452 -0.830061 0.370567,
        -0.809481 -0.830193 0.368066,
        -0.807993 -0.829670 0.377995,
      ]
    }
    coordIndex [
      59, 60, 49, -1,
      49, 60, 47, -1,
      61, 59, 54, -1,
      54, 59, 49, -1,
      62, 61, 53, -1,
      53, 61, 54, -1,
      63, 62, 55, -1,
      55, 62, 53, -1,
      64, 63, 56, -1,
      56, 63, 55, -1,
      65, 64, 57, -1,
      57, 64, 56, -1,
      66, 65, 58, -1,
      58, 65, 57, -1,
      67, 66, 50, -1,
      50, 66, 58, -1,
      68, 67, 52, -1,
      52, 67, 50, -1,
      69, 68, 51, -1,
      51, 68, 52, -1,
      70, 69, 48, -1,
      48, 69, 51, -1,
      60, 70, 47, -1,
      47, 70, 48, -1,
      70, 60, 59, -1,
      59, 61, 70, -1,
      70, 61, 62, -1,
      70, 62, 69, -1,
      67, 68, 66, -1,
      66, 68, 69, -1,
      66, 69, 65, -1,
      65, 69, 62, -1,
      65, 62, 64, -1,
      64, 62, 63, -1,
      71, 72, 73, -1,
      74, 75, 76, -1,
      76, 75, 77, -1,
      78, 79, 72, -1,
      72, 79, 75, -1,
      72, 75, 73, -1,
      73, 75, 74, -1,
      80, 81, 82, -1,
      73, 83, 71, -1,
      71, 83, 84, -1,
      71, 84, 85, -1,
      85, 84, 86, -1,
      85, 86, 87, -1,
      87, 86, 88, -1,
      87, 88, 89, -1,
      89, 88, 90, -1,
      89, 90, 91, -1,
      91, 90, 92, -1,
      91, 92, 93, -1,
      93, 92, 94, -1,
      93, 94, 95, -1,
      95, 94, 96, -1,
      95, 96, 97, -1,
      97, 96, 98, -1,
      97, 98, 99, -1,
      99, 98, 100, -1,
      82, 81, 101, -1,
      101, 81, 102, -1,
      101, 102, 103, -1,
      103, 102, 104, -1,
      103, 104, 105, -1,
      104, 106, 105, -1,
      105, 106, 107, -1,
      105, 107, 108, -1,
      108, 107, 109, -1,
      108, 109, 110, -1,
      82, 111, 80, -1,
      80, 111, 112, -1,
      80, 112, 113, -1,
      113, 112, 114, -1,
      113, 114, 115, -1,
      115, 114, 116, -1,
      115, 116, 117, -1,
      117, 116, 118, -1,
      117, 118, 100, -1,
      100, 118, 119, -1,
      100, 119, 99, -1,
      120, 121, 122, -1,
      122, 121, 123, -1,
      122, 123, 124, -1,
      124, 123, 125, -1,
      124, 125, 126, -1,
      126, 125, 127, -1,
      126, 127, 128, -1,
      128, 127, 129, -1,
      128, 129, 130, -1,
      130, 129, 131, -1,
      130, 131, 132, -1,
      132, 131, 133, -1,
      132, 133, 134, -1,
      134, 133, 135, -1,
      134, 135, 136, -1,
      136, 135, 137, -1,
      136, 137, 138, -1,
      138, 137, 139, -1,
      138, 139, 75, -1,
      75, 139, 110, -1,
      75, 110, 77, -1,
      77, 110, 109, -1,
      126, 29, 28, -1,
      126, 28, 124, -1,
      124, 28, 27, -1,
      124, 27, 122, -1,
      122, 27, 26, -1,
      122, 26, 120, -1,
      121, 120, 1, -1,
      1, 120, 26, -1,
      121, 1, 14, -1,
      121, 14, 123, -1,
      123, 14, 18, -1,
      123, 18, 125, -1,
      125, 18, 17, -1,
      125, 17, 127, -1,
      127, 17, 16, -1,
      127, 16, 129, -1,
      129, 16, 40, -1,
      129, 40, 131, -1,
      131, 40, 39, -1,
      131, 39, 133, -1,
      133, 39, 38, -1,
      133, 38, 135, -1,
      135, 38, 37, -1,
      135, 37, 137, -1,
      137, 37, 36, -1,
      137, 36, 139, -1,
      139, 36, 35, -1,
      139, 35, 110, -1,
      108, 110, 15, -1,
      15, 110, 35, -1,
      108, 15, 13, -1,
      108, 13, 105, -1,
      105, 13, 12, -1,
      105, 12, 103, -1,
      103, 12, 0, -1,
      103, 0, 101, -1,
      101, 0, 2, -1,
      101, 2, 82, -1,
      82, 2, 3, -1,
      82, 3, 111, -1,
      111, 3, 31, -1,
      111, 31, 112, -1,
      112, 31, 30, -1,
      112, 30, 114, -1,
      114, 30, 7, -1,
      114, 7, 116, -1,
      116, 7, 6, -1,
      116, 6, 118, -1,
      118, 6, 21, -1,
      118, 21, 119, -1,
      119, 21, 20, -1,
      119, 20, 99, -1,
      44, 93, 45, -1,
      45, 93, 95, -1,
      45, 95, 46, -1,
      46, 95, 97, -1,
      46, 97, 19, -1,
      19, 97, 99, -1,
      19, 99, 20, -1,
      93, 44, 43, -1,
      93, 43, 91, -1,
      91, 43, 42, -1,
      91, 42, 89, -1,
      42, 41, 89, -1,
      89, 41, 25, -1,
      89, 25, 87, -1,
      87, 25, 24, -1,
      87, 24, 85, -1,
      85, 24, 23, -1,
      85, 23, 71, -1,
      72, 71, 22, -1,
      22, 71, 23, -1,
      78, 72, 5, -1,
      5, 72, 22, -1,
      79, 78, 4, -1,
      4, 78, 5, -1,
      75, 79, 34, -1,
      34, 79, 4, -1,
      75, 34, 33, -1,
      75, 33, 138, -1,
      138, 33, 32, -1,
      138, 32, 136, -1,
      136, 32, 11, -1,
      136, 11, 134, -1,
      134, 11, 10, -1,
      134, 10, 132, -1,
      132, 10, 9, -1,
      132, 9, 130, -1,
      130, 9, 8, -1,
      130, 8, 128, -1,
      128, 8, 29, -1,
      128, 29, 126, -1,
      104, 140, 141, -1,
      104, 141, 106, -1,
      106, 141, 142, -1,
      106, 142, 107, -1,
      107, 142, 143, -1,
      107, 143, 109, -1,
      113, 144, 145, -1,
      113, 145, 80, -1,
      80, 145, 146, -1,
      80, 146, 81, -1,
      81, 146, 147, -1,
      81, 147, 102, -1,
      102, 147, 140, -1,
      102, 140, 104, -1,
      98, 148, 149, -1,
      98, 149, 100, -1,
      100, 149, 150, -1,
      100, 150, 117, -1,
      117, 150, 151, -1,
      117, 151, 115, -1,
      115, 151, 144, -1,
      115, 144, 113, -1,
      92, 152, 153, -1,
      92, 153, 94, -1,
      94, 153, 154, -1,
      94, 154, 96, -1,
      96, 154, 148, -1,
      96, 148, 98, -1,
      84, 155, 156, -1,
      84, 156, 86, -1,
      86, 156, 157, -1,
      86, 157, 88, -1,
      88, 157, 158, -1,
      88, 158, 90, -1,
      90, 158, 152, -1,
      90, 152, 92, -1,
      76, 159, 160, -1,
      76, 160, 74, -1,
      74, 160, 161, -1,
      74, 161, 73, -1,
      73, 161, 162, -1,
      73, 162, 83, -1,
      83, 162, 155, -1,
      83, 155, 84, -1,
      76, 77, 159, -1,
      159, 77, 163, -1,
      77, 109, 163, -1,
      163, 109, 143, -1,
    ]
  }
}

Shape {
  appearance Appearance {
    material Material {
      diffuseColor 1.0000 0.6667 0.5098
      specularColor 0.5020 0.3333 0.2549
      ambientIntensity 0.2
      transparency 0.0000
      shininess 0.5
    }
  }
  geometry IndexedFaceSet {
    ccw TRUE
    solid FALSE
    coord DEF co Coordinate {
      point [
        -0.824154 -0.829866 0.374275,
        -0.823273 -0.829830 0.374956,
        -0.821633 -0.829789 0.375744,
        -0.817363 -0.829737 0.376736,
        -0.826017 -0.830133 0.369210,
        -0.825957 -0.830074 0.370323,
        -0.825611 -0.829990 0.371929,
        -0.824994 -0.829921 0.373236,
        -0.823982 -0.830378 0.364546,
        -0.824579 -0.830347 0.365145,
        -0.825377 -0.830285 0.366327,
        -0.825839 -0.830217 0.367601,
        -0.818624 -0.830473 0.362743,
        -0.820995 -0.830459 0.363010,
        -0.822583 -0.830428 0.363592,
        -0.811002 -0.830302 0.366006,
        -0.811882 -0.830347 0.365146,
        -0.813866 -0.830417 0.363809,
        -0.815996 -0.830458 0.363037,
        -0.807993 -0.829872 0.374161,
        -0.808000 -0.829897 0.373696,
        -0.808452 -0.830061 0.370567,
        -0.809481 -0.830193 0.368066,
        -0.807993 -0.829670 0.377995,
      ]
    }
    coordIndex [
      20, 19, 0, -1,
      19, 23, 3, -1,
      3, 2, 19, -1,
      19, 2, 1, -1,
      19, 1, 0, -1,
      20, 0, 21, -1,
      21, 0, 7, -1,
      21, 7, 22, -1,
      9, 8, 16, -1,
      9, 16, 10, -1,
      17, 16, 18, -1,
      18, 16, 12, -1,
      7, 6, 22, -1,
      22, 6, 5, -1,
      22, 5, 15, -1,
      15, 5, 4, -1,
      15, 4, 16, -1,
      16, 4, 11, -1,
      16, 11, 10, -1,
      8, 14, 16, -1,
      16, 14, 13, -1,
      16, 13, 12, -1,
    ]
  }
}

Shape {
  appearance Appearance {
    material Material {
      diffuseColor 1.0000 1.0000 1.0000
      specularColor 0.5020 0.5020 0.5020
      ambientIntensity 0.2
      transparency 0.0000
      shininess 0.5
    }
  }
  geometry IndexedFaceSet {
    ccw TRUE
    solid FALSE
    coord DEF co Coordinate {
      point [
        -0.707544 -0.828119 0.407469,
        -0.707544 -0.829062 0.389556,
        -0.697049 -0.829062 0.389556,
        -0.750837 -0.831314 0.346766,
        -0.749530 -0.831237 0.348225,
        -0.775078 -0.830746 0.357546,
        -0.775899 -0.830751 0.357464,
        -0.788214 -0.830714 0.358161,
        -0.791459 -0.830652 0.359338,
        -0.791459 -0.830271 0.366578,
        -0.791416 -0.829190 0.387124,
        -0.791139 -0.829058 0.389630,
        -0.790340 -0.829446 0.382261,
        -0.791114 -0.829333 0.384402,
        -0.788824 -0.830357 0.364940,
        -0.788214 -0.830370 0.364706,
        -0.788214 -0.829588 0.379559,
        -0.789425 -0.829523 0.380800,
        -0.788276 -0.829586 0.379600,
        -0.786975 -0.830738 0.357711,
        -0.784781 -0.830751 0.357464,
        -0.780599 -0.830776 0.356992,
        -0.766343 -0.828667 0.397053,
        -0.766343 -0.829026 0.390243,
        -0.786917 -0.828741 0.395651,
        -0.784807 -0.828675 0.396907,
        -0.764757 -0.830302 0.365993,
        -0.765620 -0.830419 0.363771,
        -0.766928 -0.830517 0.361922,
        -0.790303 -0.828939 0.391887,
        -0.788999 -0.828839 0.393782,
        -0.788214 -0.828802 0.394487,
        -0.780947 -0.828603 0.398276,
        -0.775828 -0.828574 0.398827,
        -0.771105 -0.828595 0.398427,
        -0.766773 -0.829806 0.375420,
        -0.765463 -0.829907 0.373489,
        -0.764714 -0.830016 0.371422,
        -0.764423 -0.830154 0.368810,
        -0.768937 -0.830609 0.360168,
        -0.771186 -0.830678 0.358856,
        -0.776516 -0.828874 0.393133,
        -0.778594 -0.828882 0.392977,
        -0.784181 -0.829157 0.387753,
        -0.780472 -0.828908 0.392481,
        -0.782046 -0.828952 0.391644,
        -0.784117 -0.829206 0.386820,
        -0.783838 -0.829263 0.385731,
        -0.783333 -0.829313 0.384785,
        -0.782648 -0.829352 0.384033,
        -0.780173 -0.829434 0.382488,
        -0.771823 -0.828902 0.392590,
        -0.775828 -0.829533 0.380599,
        -0.767871 -0.828980 0.391121,
        -0.773110 -0.829591 0.379501,
        -0.768447 -0.829727 0.376911,
        -0.783106 -0.829001 0.390710,
        -0.783707 -0.829048 0.389818,
        -0.784054 -0.829098 0.388871,
        -0.784428 -0.830446 0.363256,
        -0.780785 -0.829801 0.375506,
        -0.784970 -0.829701 0.377421,
        -0.779911 -0.830475 0.362715,
        -0.779601 -0.830474 0.362717,
        -0.776176 -0.829903 0.373578,
        -0.776002 -0.830453 0.363119,
        -0.771630 -0.830190 0.368123,
        -0.771699 -0.830144 0.368995,
        -0.774191 -0.830419 0.363781,
        -0.773551 -0.830398 0.364169,
        -0.772745 -0.830360 0.364883,
        -0.772132 -0.830313 0.365789,
        -0.771776 -0.830260 0.366785,
        -0.772018 -0.830087 0.370090,
        -0.772561 -0.830037 0.371019,
        -0.773435 -0.829990 0.371929,
        -0.714779 -0.827780 0.413907,
        -0.697049 -0.827780 0.413907,
        -0.684634 -0.830726 0.357936,
        -0.697049 -0.830726 0.357936,
        -0.714779 -0.830726 0.357936,
        -0.742459 -0.830204 0.367865,
        -0.741600 -0.830377 0.364575,
        -0.741414 -0.830377 0.364575,
        -0.722344 -0.828622 0.397911,
        -0.729622 -0.828622 0.397911,
        -0.749530 -0.829135 0.388177,
        -0.740554 -0.830207 0.367808,
        -0.741091 -0.830305 0.365944,
        -0.749530 -0.830125 0.369359,
        -0.760770 -0.828622 0.397911,
        -0.752919 -0.828622 0.397911,
        -0.745067 -0.830722 0.358022,
        -0.745304 -0.830751 0.357464,
        -0.748148 -0.831104 0.350754,
        -0.759323 -0.831687 0.339680,
        -0.759323 -0.831359 0.345918,
        -0.757887 -0.831383 0.345448,
        -0.755340 -0.831401 0.345117,
        -0.749530 -0.831651 0.340357,
        -0.751959 -0.831700 0.339433,
        -0.754795 -0.831717 0.339107,
        -0.756345 -0.831714 0.339163,
        -0.753620 -0.831391 0.345313,
        -0.752087 -0.831360 0.345897,
        -0.740511 -0.831044 0.351898,
        -0.743689 -0.831369 0.345717,
        -0.738313 -0.830751 0.357464,
        -0.746258 -0.831531 0.342636,
        -0.746737 -0.831554 0.342198,
        -0.749189 -0.831644 0.340487,
        -0.707544 -0.830390 0.364317,
        -0.697049 -0.830390 0.364317,
        -0.707544 -0.829399 0.383146,
        -0.697049 -0.829399 0.383146,
        -0.685909 -0.828119 0.407469,
        -0.684634 -0.830390 0.364317,
        -0.685909 -0.827780 0.413907,
        -0.687500 -0.829399 0.383146,
        -0.687500 -0.829062 0.389556,
        -0.697049 -0.828119 0.407469,
        -0.629942 -0.829748 0.376512,
        -0.632704 -0.830053 0.370724,
        -0.636867 -0.830313 0.365776,
        -0.642758 -0.830535 0.361565,
        -0.649156 -0.830666 0.359081,
        -0.658630 -0.830726 0.357936,
        -0.674046 -0.830726 0.357936,
        -0.674046 -0.827780 0.413907,
        -0.658057 -0.827780 0.413907,
        -0.649498 -0.827830 0.412963,
        -0.642734 -0.827960 0.410496,
        -0.636867 -0.828170 0.406496,
        -0.634870 -0.828273 0.404543,
        -0.631406 -0.828530 0.399657,
        -0.629338 -0.828811 0.394313,
        -0.628414 -0.829215 0.386637,
        -0.628583 -0.829404 0.383063,
        -0.779911 -0.830868 0.362735,
        -0.788824 -0.830751 0.364961,
        -0.784428 -0.830839 0.363277,
        -0.791459 -0.830665 0.366598,
        -0.791459 -0.831045 0.359359,
        -0.786975 -0.831131 0.357732,
        -0.780599 -0.831169 0.357012,
        -0.775078 -0.831140 0.357567,
        -0.771186 -0.831071 0.358876,
        -0.768937 -0.831002 0.360189,
        -0.766928 -0.830909 0.361943,
        -0.765620 -0.830812 0.363792,
        -0.764757 -0.830695 0.366014,
        -0.764423 -0.830547 0.368830,
        -0.764714 -0.830409 0.371442,
        -0.765463 -0.830301 0.373509,
        -0.766773 -0.830199 0.375441,
        -0.768447 -0.830120 0.376932,
        -0.773110 -0.829984 0.379522,
        -0.775828 -0.829926 0.380620,
        -0.780173 -0.829827 0.382509,
        -0.782648 -0.829746 0.384054,
        -0.783333 -0.829706 0.384806,
        -0.783838 -0.829656 0.385752,
        -0.784117 -0.829599 0.386841,
        -0.784181 -0.829550 0.387774,
        -0.784054 -0.829491 0.388892,
        -0.783707 -0.829441 0.389838,
        -0.783106 -0.829394 0.390731,
        -0.782046 -0.829345 0.391665,
        -0.780472 -0.829301 0.392501,
        -0.778594 -0.829275 0.392998,
        -0.776516 -0.829267 0.393153,
        -0.771823 -0.829295 0.392610,
        -0.767871 -0.829373 0.391142,
        -0.766343 -0.829419 0.390263,
        -0.766343 -0.829061 0.397074,
        -0.771105 -0.828988 0.398448,
        -0.775828 -0.828967 0.398848,
        -0.780947 -0.828996 0.398297,
        -0.784807 -0.829068 0.396928,
        -0.786917 -0.829134 0.395671,
        -0.788999 -0.829233 0.393803,
        -0.790303 -0.829332 0.391908,
        -0.791139 -0.829451 0.389651,
        -0.791416 -0.829583 0.387144,
        -0.791114 -0.829726 0.384422,
        -0.790340 -0.829839 0.382281,
        -0.789425 -0.829916 0.380820,
        -0.780785 -0.830194 0.375526,
        -0.784970 -0.830094 0.377442,
        -0.788276 -0.829979 0.379620,
        -0.776176 -0.830296 0.373598,
        -0.773435 -0.830383 0.371950,
        -0.772561 -0.830431 0.371040,
        -0.772018 -0.830480 0.370111,
        -0.771699 -0.830537 0.369016,
        -0.771630 -0.830583 0.368144,
        -0.771776 -0.830654 0.366806,
        -0.772132 -0.830706 0.365809,
        -0.772745 -0.830754 0.364904,
        -0.773551 -0.830791 0.364190,
        -0.774191 -0.830811 0.363802,
        -0.776002 -0.830846 0.363140,
        -0.779601 -0.830868 0.362737,
        -0.729622 -0.829015 0.397932,
        -0.722344 -0.829015 0.397932,
        -0.740554 -0.830600 0.367829,
        -0.741091 -0.830698 0.365965,
        -0.741414 -0.830770 0.364595,
        -0.741600 -0.830770 0.364595,
        -0.742459 -0.830596 0.367886,
        -0.752919 -0.829015 0.397932,
        -0.760770 -0.829015 0.397932,
        -0.745067 -0.831115 0.358043,
        -0.748148 -0.831497 0.350774,
        -0.749530 -0.831630 0.348246,
        -0.750837 -0.831707 0.346787,
        -0.752087 -0.831753 0.345917,
        -0.753620 -0.831784 0.345333,
        -0.755340 -0.831794 0.345137,
        -0.757887 -0.831776 0.345469,
        -0.759323 -0.831752 0.345938,
        -0.759323 -0.832080 0.339700,
        -0.756345 -0.832107 0.339183,
        -0.754795 -0.832110 0.339128,
        -0.749189 -0.832038 0.340507,
        -0.751959 -0.832093 0.339454,
        -0.746737 -0.831948 0.342219,
        -0.746258 -0.831924 0.342657,
        -0.743689 -0.831762 0.345738,
        -0.740511 -0.831437 0.351919,
        -0.684634 -0.830783 0.364338,
        -0.684634 -0.831119 0.357957,
        -0.707544 -0.830783 0.364338,
        -0.707544 -0.829793 0.383167,
        -0.687500 -0.829793 0.383167,
        -0.687500 -0.829455 0.389576,
        -0.707544 -0.829455 0.389576,
        -0.707544 -0.828512 0.407489,
        -0.685909 -0.828512 0.407489,
        -0.685909 -0.828174 0.413928,
        -0.714779 -0.828174 0.413928,
        -0.714779 -0.831119 0.357957,
        -0.639239 -0.830296 0.373603,
        -0.642010 -0.830476 0.370175,
        -0.636867 -0.830707 0.365797,
        -0.642693 -0.830509 0.369541,
        -0.642758 -0.830928 0.361586,
        -0.646315 -0.830641 0.367039,
        -0.649156 -0.831059 0.359102,
        -0.650956 -0.830735 0.365252,
        -0.658630 -0.831119 0.357957,
        -0.658673 -0.830783 0.364338,
        -0.674046 -0.831119 0.357957,
        -0.666811 -0.830783 0.364338,
        -0.674046 -0.828174 0.413928,
        -0.666811 -0.828512 0.407489,
        -0.658057 -0.828174 0.413928,
        -0.658344 -0.828512 0.407489,
        -0.649498 -0.828223 0.412984,
        -0.650826 -0.828558 0.406620,
        -0.642734 -0.828353 0.410516,
        -0.646017 -0.828653 0.404817,
        -0.636867 -0.828563 0.406517,
        -0.642168 -0.828789 0.402224,
        -0.634870 -0.828666 0.404564,
        -0.640580 -0.828872 0.400657,
        -0.631406 -0.828923 0.399678,
        -0.638413 -0.829037 0.397513,
        -0.629338 -0.829205 0.394334,
        -0.636840 -0.829253 0.393413,
        -0.628414 -0.829609 0.386658,
        -0.636022 -0.829619 0.386457,
        -0.628583 -0.829797 0.383084,
        -0.636211 -0.829808 0.382874,
        -0.629942 -0.830142 0.376532,
        -0.637304 -0.830077 0.377755,
        -0.632704 -0.830446 0.370744,
        -0.658344 -0.828119 0.407469,
        -0.666811 -0.828119 0.407469,
        -0.666811 -0.830390 0.364317,
        -0.658673 -0.830390 0.364317,
        -0.642010 -0.830083 0.370155,
        -0.642693 -0.830117 0.369520,
        -0.646315 -0.830248 0.367018,
        -0.650956 -0.830342 0.365231,
        -0.636022 -0.829226 0.386437,
        -0.636211 -0.829415 0.382853,
        -0.637304 -0.829684 0.377734,
        -0.639239 -0.829903 0.373583,
        -0.642168 -0.828396 0.402204,
        -0.640580 -0.828479 0.400637,
        -0.638413 -0.828644 0.397492,
        -0.636840 -0.828860 0.393392,
        -0.650826 -0.828165 0.406599,
        -0.646017 -0.828260 0.404796,
      ]
    }
    coordIndex [
      138, 62, 59, -1,
      15, 139, 59, -1,
      59, 139, 140, -1,
      59, 140, 138, -1,
      15, 14, 139, -1,
      139, 14, 9, -1,
      139, 9, 141, -1,
      142, 141, 8, -1,
      8, 141, 9, -1,
      143, 142, 7, -1,
      7, 142, 8, -1,
      21, 144, 20, -1,
      20, 144, 143, -1,
      20, 143, 19, -1,
      19, 143, 7, -1,
      144, 21, 145, -1,
      145, 21, 6, -1,
      6, 5, 145, -1,
      145, 5, 40, -1,
      145, 40, 146, -1,
      146, 40, 39, -1,
      146, 39, 147, -1,
      147, 39, 28, -1,
      147, 28, 148, -1,
      148, 28, 27, -1,
      148, 27, 149, -1,
      149, 27, 26, -1,
      149, 26, 150, -1,
      150, 26, 38, -1,
      150, 38, 151, -1,
      151, 38, 37, -1,
      151, 37, 152, -1,
      152, 37, 36, -1,
      152, 36, 153, -1,
      153, 36, 35, -1,
      153, 35, 154, -1,
      154, 35, 55, -1,
      154, 55, 155, -1,
      155, 55, 54, -1,
      155, 54, 156, -1,
      156, 54, 52, -1,
      156, 52, 157, -1,
      157, 52, 50, -1,
      157, 50, 158, -1,
      158, 50, 49, -1,
      158, 49, 159, -1,
      159, 49, 48, -1,
      159, 48, 160, -1,
      160, 48, 47, -1,
      160, 47, 161, -1,
      161, 47, 46, -1,
      161, 46, 162, -1,
      162, 46, 43, -1,
      162, 43, 163, -1,
      163, 43, 58, -1,
      163, 58, 164, -1,
      164, 58, 57, -1,
      164, 57, 165, -1,
      165, 57, 56, -1,
      165, 56, 166, -1,
      166, 56, 45, -1,
      166, 45, 167, -1,
      167, 45, 44, -1,
      167, 44, 168, -1,
      168, 44, 42, -1,
      168, 42, 169, -1,
      169, 42, 41, -1,
      169, 41, 170, -1,
      170, 41, 51, -1,
      170, 51, 171, -1,
      171, 51, 53, -1,
      171, 53, 172, -1,
      172, 53, 23, -1,
      172, 23, 173, -1,
      174, 173, 22, -1,
      22, 173, 23, -1,
      174, 22, 34, -1,
      174, 34, 175, -1,
      175, 34, 33, -1,
      175, 33, 176, -1,
      176, 33, 32, -1,
      176, 32, 177, -1,
      177, 32, 25, -1,
      177, 25, 178, -1,
      178, 25, 24, -1,
      178, 24, 179, -1,
      179, 24, 180, -1,
      180, 24, 31, -1,
      31, 30, 180, -1,
      180, 30, 29, -1,
      180, 29, 181, -1,
      181, 29, 11, -1,
      181, 11, 182, -1,
      182, 11, 10, -1,
      182, 10, 183, -1,
      183, 10, 13, -1,
      183, 13, 184, -1,
      184, 13, 12, -1,
      184, 12, 185, -1,
      185, 12, 17, -1,
      185, 17, 186, -1,
      60, 187, 188, -1,
      186, 17, 18, -1,
      186, 18, 189, -1,
      189, 18, 16, -1,
      189, 16, 188, -1,
      188, 16, 61, -1,
      188, 61, 60, -1,
      187, 60, 64, -1,
      187, 64, 190, -1,
      190, 64, 75, -1,
      190, 75, 191, -1,
      191, 75, 74, -1,
      191, 74, 192, -1,
      192, 74, 73, -1,
      192, 73, 193, -1,
      193, 73, 67, -1,
      193, 67, 194, -1,
      194, 67, 66, -1,
      194, 66, 195, -1,
      195, 66, 72, -1,
      195, 72, 196, -1,
      196, 72, 71, -1,
      196, 71, 197, -1,
      197, 71, 70, -1,
      197, 70, 198, -1,
      198, 70, 69, -1,
      198, 69, 199, -1,
      199, 69, 68, -1,
      199, 68, 200, -1,
      200, 68, 65, -1,
      200, 65, 201, -1,
      201, 65, 63, -1,
      201, 63, 202, -1,
      202, 63, 62, -1,
      202, 62, 138, -1,
      166, 167, 178, -1,
      178, 167, 177, -1,
      190, 157, 187, -1,
      187, 157, 158, -1,
      146, 147, 198, -1,
      198, 147, 148, -1,
      198, 148, 197, -1,
      197, 148, 149, -1,
      197, 149, 196, -1,
      196, 149, 150, -1,
      196, 150, 195, -1,
      195, 150, 151, -1,
      195, 151, 194, -1,
      194, 151, 152, -1,
      194, 152, 193, -1,
      193, 152, 153, -1,
      193, 153, 192, -1,
      192, 153, 154, -1,
      192, 154, 191, -1,
      191, 154, 155, -1,
      191, 155, 190, -1,
      190, 155, 156, -1,
      190, 156, 157, -1,
      144, 138, 143, -1,
      143, 138, 140, -1,
      143, 140, 142, -1,
      142, 140, 139, -1,
      142, 139, 141, -1,
      167, 168, 177, -1,
      177, 168, 169, -1,
      177, 169, 176, -1,
      176, 169, 170, -1,
      176, 170, 175, -1,
      175, 170, 171, -1,
      175, 171, 174, -1,
      174, 171, 172, -1,
      174, 172, 173, -1,
      198, 199, 146, -1,
      146, 199, 200, -1,
      146, 200, 145, -1,
      145, 200, 201, -1,
      145, 201, 144, -1,
      144, 201, 202, -1,
      144, 202, 138, -1,
      178, 179, 166, -1,
      166, 179, 180, -1,
      166, 180, 165, -1,
      165, 180, 181, -1,
      165, 181, 164, -1,
      164, 181, 182, -1,
      164, 182, 163, -1,
      163, 182, 183, -1,
      163, 183, 162, -1,
      162, 183, 184, -1,
      162, 184, 161, -1,
      161, 184, 185, -1,
      161, 185, 160, -1,
      160, 185, 186, -1,
      160, 186, 159, -1,
      159, 186, 189, -1,
      159, 189, 158, -1,
      158, 189, 188, -1,
      158, 188, 187, -1,
      203, 204, 85, -1,
      85, 204, 84, -1,
      205, 203, 87, -1,
      87, 203, 85, -1,
      205, 87, 88, -1,
      205, 88, 206, -1,
      206, 88, 83, -1,
      206, 83, 207, -1,
      208, 207, 82, -1,
      82, 207, 83, -1,
      209, 208, 81, -1,
      81, 208, 82, -1,
      91, 210, 86, -1,
      86, 210, 209, -1,
      86, 209, 81, -1,
      211, 210, 90, -1,
      90, 210, 91, -1,
      92, 212, 89, -1,
      89, 212, 211, -1,
      89, 211, 90, -1,
      94, 213, 93, -1,
      93, 213, 212, -1,
      93, 212, 92, -1,
      213, 94, 4, -1,
      213, 4, 214, -1,
      214, 4, 3, -1,
      214, 3, 215, -1,
      215, 3, 104, -1,
      215, 104, 216, -1,
      216, 104, 103, -1,
      216, 103, 217, -1,
      217, 103, 98, -1,
      217, 98, 218, -1,
      218, 98, 97, -1,
      218, 97, 219, -1,
      219, 97, 96, -1,
      219, 96, 220, -1,
      221, 220, 95, -1,
      95, 220, 96, -1,
      221, 95, 102, -1,
      221, 102, 222, -1,
      222, 102, 101, -1,
      222, 101, 223, -1,
      223, 101, 100, -1,
      99, 224, 100, -1,
      100, 224, 225, -1,
      100, 225, 223, -1,
      99, 110, 224, -1,
      224, 110, 109, -1,
      224, 109, 226, -1,
      226, 109, 108, -1,
      226, 108, 227, -1,
      227, 108, 106, -1,
      227, 106, 228, -1,
      228, 106, 105, -1,
      228, 105, 229, -1,
      84, 204, 107, -1,
      107, 204, 229, -1,
      107, 229, 105, -1,
      206, 207, 229, -1,
      204, 203, 229, -1,
      229, 203, 205, -1,
      229, 205, 206, -1,
      210, 211, 209, -1,
      209, 211, 212, -1,
      209, 212, 208, -1,
      220, 221, 219, -1,
      219, 221, 222, -1,
      219, 222, 218, -1,
      218, 222, 223, -1,
      218, 223, 217, -1,
      217, 223, 225, -1,
      217, 225, 216, -1,
      216, 225, 224, -1,
      216, 224, 215, -1,
      228, 214, 227, -1,
      227, 214, 215, -1,
      227, 215, 226, -1,
      226, 215, 224, -1,
      207, 208, 229, -1,
      229, 208, 212, -1,
      229, 212, 228, -1,
      228, 212, 213, -1,
      228, 213, 214, -1,
      230, 231, 116, -1,
      116, 231, 78, -1,
      111, 232, 112, -1,
      112, 232, 230, -1,
      112, 230, 116, -1,
      233, 232, 113, -1,
      113, 232, 111, -1,
      118, 234, 114, -1,
      114, 234, 233, -1,
      114, 233, 113, -1,
      235, 234, 119, -1,
      119, 234, 118, -1,
      1, 236, 2, -1,
      2, 236, 235, -1,
      2, 235, 119, -1,
      237, 236, 0, -1,
      0, 236, 1, -1,
      115, 238, 120, -1,
      120, 238, 237, -1,
      120, 237, 0, -1,
      239, 238, 117, -1,
      117, 238, 115, -1,
      76, 240, 77, -1,
      77, 240, 239, -1,
      77, 239, 117, -1,
      241, 240, 80, -1,
      80, 240, 76, -1,
      78, 231, 79, -1,
      79, 231, 241, -1,
      79, 241, 80, -1,
      241, 231, 230, -1,
      230, 232, 241, -1,
      241, 232, 233, -1,
      241, 233, 240, -1,
      238, 239, 237, -1,
      237, 239, 240, -1,
      237, 240, 236, -1,
      236, 240, 233, -1,
      236, 233, 235, -1,
      235, 233, 234, -1,
      242, 243, 244, -1,
      244, 243, 245, -1,
      244, 245, 246, -1,
      246, 245, 247, -1,
      246, 247, 248, -1,
      248, 247, 249, -1,
      248, 249, 250, -1,
      250, 249, 251, -1,
      250, 251, 252, -1,
      252, 251, 253, -1,
      252, 253, 254, -1,
      254, 253, 255, -1,
      254, 255, 256, -1,
      256, 255, 257, -1,
      256, 257, 258, -1,
      258, 257, 259, -1,
      258, 259, 260, -1,
      260, 259, 261, -1,
      260, 261, 262, -1,
      262, 261, 263, -1,
      262, 263, 264, -1,
      264, 263, 265, -1,
      264, 265, 266, -1,
      266, 265, 267, -1,
      266, 267, 268, -1,
      268, 267, 269, -1,
      268, 269, 270, -1,
      270, 269, 271, -1,
      270, 271, 272, -1,
      272, 271, 273, -1,
      272, 273, 274, -1,
      274, 273, 275, -1,
      274, 275, 276, -1,
      276, 275, 242, -1,
      276, 242, 244, -1,
      250, 252, 126, -1,
      126, 252, 127, -1,
      250, 126, 125, -1,
      250, 125, 248, -1,
      248, 125, 124, -1,
      248, 124, 246, -1,
      246, 124, 123, -1,
      246, 123, 244, -1,
      244, 123, 122, -1,
      244, 122, 276, -1,
      276, 122, 121, -1,
      276, 121, 274, -1,
      274, 121, 137, -1,
      274, 137, 272, -1,
      272, 137, 136, -1,
      272, 136, 270, -1,
      270, 136, 135, -1,
      270, 135, 268, -1,
      268, 135, 134, -1,
      268, 134, 266, -1,
      266, 134, 133, -1,
      266, 133, 264, -1,
      264, 133, 132, -1,
      264, 132, 262, -1,
      262, 132, 131, -1,
      262, 131, 260, -1,
      260, 131, 130, -1,
      260, 130, 258, -1,
      258, 130, 129, -1,
      258, 129, 256, -1,
      254, 256, 128, -1,
      128, 256, 129, -1,
      252, 254, 127, -1,
      127, 254, 128, -1,
      257, 255, 277, -1,
      277, 255, 278, -1,
      255, 253, 278, -1,
      278, 253, 279, -1,
      253, 251, 279, -1,
      279, 251, 280, -1,
      243, 281, 282, -1,
      243, 282, 245, -1,
      245, 282, 283, -1,
      245, 283, 247, -1,
      247, 283, 284, -1,
      247, 284, 249, -1,
      249, 284, 280, -1,
      249, 280, 251, -1,
      271, 285, 286, -1,
      271, 286, 273, -1,
      273, 286, 287, -1,
      273, 287, 275, -1,
      275, 287, 288, -1,
      275, 288, 242, -1,
      242, 288, 281, -1,
      242, 281, 243, -1,
      263, 289, 290, -1,
      263, 290, 265, -1,
      265, 290, 291, -1,
      265, 291, 267, -1,
      267, 291, 292, -1,
      267, 292, 269, -1,
      269, 292, 285, -1,
      269, 285, 271, -1,
      257, 277, 293, -1,
      257, 293, 259, -1,
      259, 293, 294, -1,
      259, 294, 261, -1,
      261, 294, 289, -1,
      261, 289, 263, -1,
    ]
  }
}

Shape {
  appearance Appearance {
    material Material {
      diffuseColor 1.0000 0.6667 0.5098
      specularColor 0.5020 0.3333 0.2549
      ambientIntensity 0.2
      transparency 0.0000
      shininess 0.5
    }
  }
  geometry IndexedFaceSet {
    ccw TRUE
    solid FALSE
    coord DEF co Coordinate {
      point [
        -0.658344 -0.828119 0.407469,
        -0.666811 -0.828119 0.407469,
        -0.666811 -0.830390 0.364317,
        -0.658673 -0.830390 0.364317,
        -0.642010 -0.830083 0.370155,
        -0.642693 -0.830117 0.369520,
        -0.646315 -0.830248 0.367018,
        -0.650956 -0.830342 0.365231,
        -0.636022 -0.829226 0.386437,
        -0.636211 -0.829415 0.382853,
        -0.637304 -0.829684 0.377734,
        -0.639239 -0.829903 0.373583,
        -0.642168 -0.828396 0.402204,
        -0.640580 -0.828479 0.400637,
        -0.638413 -0.828644 0.397492,
        -0.636840 -0.828860 0.393392,
        -0.650826 -0.828165 0.406599,
        -0.646017 -0.828260 0.404796,
      ]
    }
    coordIndex [
      1, 2, 0, -1,
      0, 2, 3, -1,
      3, 7, 0, -1,
      0, 7, 6, -1,
      0, 6, 5, -1,
      5, 4, 0, -1,
      0, 4, 11, -1,
      0, 11, 10, -1,
      8, 12, 17, -1,
      15, 14, 8, -1,
      8, 14, 13, -1,
      8, 13, 12, -1,
      10, 9, 0, -1,
      0, 9, 8, -1,
      0, 8, 16, -1,
      16, 8, 17, -1,
    ]
  }
}

Shape {
  appearance Appearance {
    material Material {
      diffuseColor 1.0000 1.0000 1.0000
      specularColor 0.5020 0.5020 0.5020
      ambientIntensity 0.2
      transparency 0.0000
      shininess 0.5
    }
  }
  geometry IndexedFaceSet {
    ccw TRUE
    solid FALSE
    coord DEF co Coordinate {
      point [
        -0.574872 -0.830726 0.357936,
        -0.582867 -0.830726 0.357936,
        -0.596220 -0.827780 0.413907,
        -0.588583 -0.829920 0.373245,
        -0.611923 -0.829920 0.373245,
        -0.617310 -0.830726 0.357936,
        -0.625305 -0.830726 0.357936,
        -0.603957 -0.827780 0.413907,
        -0.609630 -0.829981 0.379590,
        -0.611923 -0.830313 0.373266,
        -0.590819 -0.829981 0.379590,
        -0.588583 -0.830313 0.373266,
        -0.601249 -0.828756 0.402854,
        -0.603957 -0.828174 0.413928,
        -0.625305 -0.831119 0.357957,
        -0.617310 -0.831119 0.357957,
        -0.600764 -0.828669 0.404524,
        -0.600332 -0.828550 0.406774,
        -0.596220 -0.828174 0.413928,
        -0.600160 -0.828550 0.406774,
        -0.599707 -0.828675 0.404406,
        -0.599286 -0.828756 0.402854,
        -0.574872 -0.831119 0.357957,
        -0.582867 -0.831119 0.357957,
        -0.609630 -0.829587 0.379569,
        -0.590819 -0.829587 0.379569,
        -0.599286 -0.828363 0.402833,
        -0.600160 -0.828157 0.406754,
        -0.599707 -0.828281 0.404385,
        -0.600332 -0.828157 0.406754,
        -0.601249 -0.828363 0.402833,
        -0.600764 -0.828275 0.404504,
      ]
    }
    coordIndex [
      8, 9, 10, -1,
      10, 9, 11, -1,
      12, 13, 8, -1,
      8, 13, 14, -1,
      8, 14, 9, -1,
      9, 14, 15, -1,
      12, 16, 13, -1,
      13, 16, 17, -1,
      13, 17, 18, -1,
      18, 17, 19, -1,
      18, 19, 20, -1,
      20, 21, 18, -1,
      18, 21, 10, -1,
      18, 10, 22, -1,
      22, 10, 11, -1,
      22, 11, 23, -1,
      18, 22, 2, -1,
      2, 22, 0, -1,
      13, 18, 7, -1,
      7, 18, 2, -1,
      14, 13, 6, -1,
      6, 13, 7, -1,
      15, 14, 5, -1,
      5, 14, 6, -1,
      9, 15, 4, -1,
      4, 15, 5, -1,
      11, 9, 3, -1,
      3, 9, 4, -1,
      23, 11, 1, -1,
      1, 11, 3, -1,
      22, 23, 0, -1,
      0, 23, 1, -1,
      8, 10, 24, -1,
      24, 10, 25, -1,
      10, 21, 25, -1,
      25, 21, 26, -1,
      19, 27, 28, -1,
      19, 28, 20, -1,
      20, 28, 26, -1,
      20, 26, 21, -1,
      19, 17, 27, -1,
      27, 17, 29, -1,
      12, 30, 31, -1,
      12, 31, 16, -1,
      16, 31, 29, -1,
      16, 29, 17, -1,
      12, 8, 30, -1,
      30, 8, 24, -1,
    ]
  }
}

Shape {
  appearance Appearance {
    material Material {
      diffuseColor 1.0000 0.6667 0.5098
      specularColor 0.5020 0.3333 0.2549
      ambientIntensity 0.2
      transparency 0.0000
      shininess 0.5
    }
  }
  geometry IndexedFaceSet {
    ccw TRUE
    solid FALSE
    coord DEF co Coordinate {
      point [
        -0.609630 -0.829587 0.379569,
        -0.590819 -0.829587 0.379569,
        -0.599286 -0.828363 0.402833,
        -0.600160 -0.828157 0.406754,
        -0.599707 -0.828281 0.404385,
        -0.600332 -0.828157 0.406754,
        -0.601249 -0.828363 0.402833,
        -0.600764 -0.828275 0.404504,
      ]
    }
    coordIndex [
      3, 5, 4, -1,
      4, 5, 7, -1,
      4, 7, 2, -1,
      2, 7, 6, -1,
      2, 6, 1, -1,
      1, 6, 0, -1,
    ]
  }
}

Shape {
  appearance Appearance {
    material Material {
      diffuseColor 1.0000 1.0000 1.0000
      specularColor 0.5020 0.5020 0.5020
      ambientIntensity 0.2
      transparency 0.0000
      shininess 0.5
    }
  }
  geometry IndexedFaceSet {
    ccw TRUE
    solid FALSE
    coord DEF co Coordinate {
      point [
        -0.985850 -0.823082 0.503172,
        -0.976875 -0.823406 0.497024,
        -0.963549 -0.824219 0.481580,
        -0.919090 -0.826941 0.429846,
        -0.922600 -0.826481 0.438603,
        -0.930734 -0.825885 0.449924,
        -0.941543 -0.825404 0.459053,
        -0.955356 -0.825060 0.465586,
        -0.953402 -0.825095 0.464930,
        -1.049904 -0.822433 0.515509,
        -1.031071 -0.822317 0.517718,
        -1.013080 -0.822426 0.515647,
        -0.993224 -0.822816 0.508223,
        -1.068337 -0.822794 0.508647,
        -1.077296 -0.823082 0.503172,
        -1.078891 -0.823133 0.502198,
        -1.160999 -0.825664 0.454118,
        -1.151419 -0.825019 0.466382,
        -1.121290 -0.824115 0.483547,
        -1.105591 -0.824013 0.485484,
        -1.088256 -0.823555 0.494189,
        -1.101008 -0.824026 0.485235,
        -1.096425 -0.824055 0.484688,
        -1.148727 -0.824885 0.468926,
        -1.136052 -0.824416 0.477824,
        -1.140970 -0.830246 0.367047,
        -1.153411 -0.829689 0.377639,
        -1.126567 -0.830615 0.360043,
        -1.162511 -0.829006 0.390613,
        -1.168220 -0.828226 0.405429,
        -1.170148 -0.827406 0.421016,
        -1.170035 -0.827205 0.424835,
        -1.169139 -0.826941 0.429846,
        -1.167359 -0.826418 0.439791,
        -1.121531 -0.830694 0.358538,
        -1.121028 -0.830751 0.357464,
        -1.117530 -0.831144 0.349992,
        -1.111602 -0.831528 0.342690,
        -1.103805 -0.831837 0.336824,
        -1.067176 -0.831918 0.335292,
        -1.094609 -0.832040 0.332969,
        -1.100151 -0.831918 0.335292,
        -1.074022 -0.832056 0.332665,
        -1.083673 -0.832119 0.331477,
        -1.085200 -0.832117 0.331506,
        -1.046335 -0.830751 0.357464,
        -1.046376 -0.830760 0.357292,
        -1.051094 -0.831227 0.348425,
        -1.057198 -0.831586 0.341593,
        -1.065134 -0.831877 0.336076,
        -0.995450 -0.829515 0.380940,
        -0.992715 -0.829459 0.382019,
        -0.988033 -0.828265 0.404700,
        -1.053786 -0.828621 0.397935,
        -1.000387 -0.827155 0.425791,
        -1.060754 -0.828287 0.404270,
        -1.069211 -0.828049 0.408795,
        -0.997900 -0.829607 0.379206,
        -0.922738 -0.829215 0.386655,
        -0.930649 -0.829794 0.375650,
        -0.940809 -0.827641 0.416561,
        -0.942685 -0.827239 0.424204,
        -0.945734 -0.826941 0.429846,
        -1.144051 -0.826941 0.429846,
        -0.917728 -0.827120 0.426450,
        -0.915905 -0.827804 0.413455,
        -0.917733 -0.828552 0.399254,
        -0.989627 -0.829438 0.382415,
        -0.989239 -0.829439 0.382387,
        -0.988044 -0.829453 0.382122,
        -1.141702 -0.828200 0.405925,
        -1.136964 -0.828624 0.397876,
        -1.116731 -0.828841 0.393751,
        -1.129820 -0.829010 0.390545,
        -1.121132 -0.829291 0.385200,
        -1.101996 -0.828148 0.406929,
        -1.110143 -0.828445 0.401274,
        -1.145042 -0.827364 0.421812,
        -1.144563 -0.827688 0.415663,
        -1.093194 -0.827970 0.410293,
        -1.083673 -0.827909 0.411465,
        -1.078831 -0.827924 0.411179,
        -0.941491 -0.830276 0.366484,
        -0.953650 -0.830589 0.360543,
        -0.966913 -0.830736 0.357742,
        -1.001981 -0.830087 0.370078,
        -1.001880 -0.830004 0.371649,
        -1.043823 -0.829815 0.375252,
        -1.001079 -0.829845 0.374678,
        -0.999547 -0.829702 0.377393,
        -0.948703 -0.828933 0.392006,
        -0.944317 -0.828606 0.398212,
        -0.941570 -0.828233 0.405304,
        -0.940611 -0.827825 0.413057,
        -0.990424 -0.830736 0.357742,
        -0.992669 -0.830717 0.358103,
        -0.995305 -0.830663 0.359139,
        -0.997889 -0.830566 0.360974,
        -0.998816 -0.830517 0.361916,
        -1.000553 -0.830385 0.364416,
        -1.001602 -0.830243 0.367114,
        -1.044041 -0.830243 0.367115,
        -1.043823 -0.830024 0.371272,
        -0.987236 -0.829459 0.382017,
        -0.969304 -0.829459 0.382017,
        -0.962139 -0.829387 0.383389,
        -0.955109 -0.829215 0.386645,
        -0.949219 -0.828962 0.391452,
        -0.983481 -0.824932 0.468017,
        -0.992473 -0.824368 0.478737,
        -1.084072 -0.825584 0.455637,
        -0.993463 -0.824321 0.479638,
        -1.004659 -0.823912 0.487398,
        -1.077983 -0.824921 0.468227,
        -1.086895 -0.825503 0.457180,
        -1.095830 -0.825331 0.460446,
        -0.946394 -0.826877 0.431067,
        -0.950976 -0.826608 0.436174,
        -0.971694 -0.826191 0.444097,
        -0.957156 -0.826381 0.440485,
        -0.964110 -0.826241 0.443162,
        -0.974883 -0.826191 0.444097,
        -0.977328 -0.825607 0.455197,
        -1.119192 -0.825404 0.459057,
        -1.128071 -0.825652 0.454346,
        -1.109355 -0.825281 0.461389,
        -1.134913 -0.825973 0.448250,
        -1.140438 -0.826390 0.440325,
        -1.069044 -0.824360 0.478890,
        -1.017155 -0.823661 0.492181,
        -1.058363 -0.823950 0.486683,
        -1.030673 -0.823573 0.493841,
        -1.045346 -0.823672 0.491953,
        -1.105192 -0.825270 0.461607,
        -1.143853 -0.826857 0.431450,
        -1.128071 -0.826045 0.454367,
        -1.119192 -0.825797 0.459078,
        -1.121290 -0.824508 0.483568,
        -1.051094 -0.831620 0.348446,
        -1.046376 -0.831153 0.357313,
        -1.044041 -0.830636 0.367136,
        -1.096425 -0.824448 0.484709,
        -1.084072 -0.825977 0.455658,
        -1.077983 -0.825315 0.468248,
        -1.098834 -0.830695 0.366021,
        -1.099572 -0.830498 0.369753,
        -1.121132 -0.829684 0.385221,
        -1.121531 -0.831088 0.358558,
        -1.126567 -0.831008 0.360063,
        -1.129820 -0.829403 0.390566,
        -1.105591 -0.824406 0.485504,
        -0.988033 -0.828658 0.404720,
        -1.000387 -0.827548 0.425812,
        -1.043823 -0.830208 0.375272,
        -1.053786 -0.829014 0.397956,
        -1.043823 -0.830417 0.371293,
        -1.065134 -0.832270 0.336096,
        -1.057198 -0.831980 0.341613,
        -1.097257 -0.830871 0.362676,
        -1.111602 -0.831922 0.342710,
        -1.117530 -0.831537 0.350013,
        -0.974883 -0.826585 0.444118,
        -0.971694 -0.826585 0.444118,
        -0.955356 -0.825454 0.465607,
        -0.964110 -0.826633 0.443183,
        -0.953402 -0.825488 0.464951,
        -0.957156 -0.826774 0.440506,
        -0.941543 -0.825797 0.459074,
        -0.930734 -0.826278 0.449945,
        -1.088256 -0.823948 0.494209,
        -1.069044 -0.824753 0.478911,
        -1.078891 -0.823527 0.502218,
        -1.058363 -0.824343 0.486704,
        -1.068337 -0.823187 0.508668,
        -1.109355 -0.825674 0.461410,
        -1.105192 -0.825663 0.461628,
        -1.101008 -0.824419 0.485256,
        -1.095830 -0.825724 0.460467,
        -1.086895 -0.825896 0.457201,
        -1.071415 -0.830911 0.361907,
        -1.073611 -0.831042 0.359424,
        -1.076640 -0.831156 0.357259,
        -1.074022 -0.832449 0.332686,
        -1.080093 -0.831228 0.355885,
        -1.083673 -0.832512 0.331498,
        -1.084072 -0.831255 0.355375,
        -1.085200 -0.832510 0.331526,
        -1.084751 -0.831254 0.355390,
        -1.094609 -0.832433 0.332989,
        -1.088328 -0.831224 0.355972,
        -1.103805 -0.832230 0.336845,
        -1.091930 -0.831143 0.357517,
        -1.094981 -0.831020 0.359852,
        -1.069534 -0.830148 0.376402,
        -1.068634 -0.830343 0.372709,
        -1.068629 -0.830530 0.369153,
        -1.069570 -0.830731 0.365331,
        -0.930649 -0.830187 0.375670,
        -0.949219 -0.829355 0.391473,
        -0.941491 -0.830669 0.366505,
        -0.955109 -0.829608 0.386666,
        -0.953650 -0.830982 0.360563,
        -0.962139 -0.829780 0.383410,
        -0.966913 -0.831130 0.357763,
        -0.969304 -0.829852 0.382037,
        -0.990424 -0.831130 0.357763,
        -0.987236 -0.829852 0.382037,
        -0.992669 -0.831111 0.358124,
        -1.099374 -0.830294 0.373631,
        -1.098200 -0.830097 0.377377,
        -1.116731 -0.829234 0.393772,
        -1.096140 -0.829924 0.380668,
        -1.110143 -0.828838 0.401295,
        -1.094565 -0.829836 0.382331,
        -1.101996 -0.828541 0.406950,
        -1.091449 -0.829720 0.384544,
        -1.093194 -0.828364 0.410313,
        -1.087969 -0.829648 0.385916,
        -1.083673 -0.828302 0.411486,
        -1.084072 -0.829622 0.386415,
        -1.078831 -0.828317 0.411199,
        -1.080710 -0.829641 0.386045,
        -1.069211 -0.828443 0.408816,
        -1.077014 -0.829711 0.384712,
        -1.060754 -0.828681 0.404291,
        -1.073815 -0.829825 0.382543,
        -1.071256 -0.829976 0.379674,
        -0.950976 -0.827002 0.436194,
        -0.946394 -0.827270 0.431087,
        -0.922600 -0.826874 0.438624,
        -0.942685 -0.827631 0.424224,
        -0.917728 -0.827513 0.426470,
        -0.940809 -0.828034 0.416582,
        -0.915905 -0.828197 0.413476,
        -0.940611 -0.828218 0.413078,
        -0.917733 -0.828944 0.399274,
        -0.941570 -0.828626 0.405324,
        -0.922738 -0.829608 0.386676,
        -0.944317 -0.829000 0.398232,
        -0.948703 -0.829326 0.392026,
        -0.976875 -0.823799 0.497045,
        -0.992473 -0.824761 0.478758,
        -0.963549 -0.824612 0.481601,
        -0.983481 -0.825326 0.468037,
        -0.977328 -0.826000 0.455218,
        -1.143853 -0.827250 0.431471,
        -1.170035 -0.827598 0.424856,
        -1.145042 -0.827757 0.421833,
        -1.170148 -0.827799 0.421037,
        -1.144563 -0.828081 0.415683,
        -1.168220 -0.828620 0.405450,
        -1.141702 -0.828594 0.405946,
        -1.162511 -0.829399 0.390634,
        -1.136964 -0.829017 0.397897,
        -1.153411 -0.830082 0.377660,
        -1.140970 -0.830640 0.367068,
        -1.049904 -0.822826 0.515529,
        -1.045346 -0.824066 0.491974,
        -1.031071 -0.822710 0.517738,
        -1.030673 -0.823967 0.493861,
        -1.013080 -0.822819 0.515668,
        -1.017155 -0.824054 0.492201,
        -0.993224 -0.823209 0.508244,
        -1.004659 -0.824306 0.487419,
        -0.993463 -0.824714 0.479659,
        -1.136052 -0.824809 0.477844,
        -1.148727 -0.825278 0.468946,
        -1.134913 -0.826366 0.448271,
        -1.151419 -0.825411 0.466403,
        -1.140438 -0.826783 0.440346,
        -1.160999 -0.826057 0.454139,
        -1.167359 -0.826811 0.439812,
        -0.989239 -0.829832 0.382407,
        -0.998816 -0.830910 0.361937,
        -0.997889 -0.830959 0.360995,
        -0.988044 -0.829846 0.382143,
        -0.995305 -0.831056 0.359160,
        -1.001981 -0.830480 0.370099,
        -1.001602 -0.830636 0.367135,
        -1.000553 -0.830778 0.364436,
        -0.992715 -0.829852 0.382040,
        -0.995450 -0.829909 0.380961,
        -1.001880 -0.830398 0.371670,
        -0.997900 -0.830000 0.379227,
        -0.999547 -0.830095 0.377413,
        -1.001079 -0.830238 0.374698,
        -0.989627 -0.829831 0.382435,
        -1.084072 -0.829228 0.386394,
        -1.080710 -0.829248 0.386024,
        -1.077014 -0.829318 0.384691,
        -1.073815 -0.829432 0.382522,
        -1.071256 -0.829583 0.379653,
        -1.069534 -0.829756 0.376381,
        -1.068634 -0.829950 0.372689,
        -1.068629 -0.830137 0.369132,
        -1.069570 -0.830338 0.365311,
        -1.071415 -0.830518 0.361886,
        -1.073611 -0.830649 0.359404,
        -1.076640 -0.830763 0.357239,
        -1.080093 -0.830835 0.355865,
        -1.084072 -0.830862 0.355354,
        -1.084751 -0.830861 0.355369,
        -1.088328 -0.830831 0.355952,
        -1.091930 -0.830749 0.357496,
        -1.094981 -0.830626 0.359831,
        -1.097257 -0.830478 0.362655,
        -1.098834 -0.830302 0.366000,
        -1.099572 -0.830106 0.369732,
        -1.099374 -0.829901 0.373611,
        -1.098200 -0.829704 0.377356,
        -1.096140 -0.829531 0.380648,
        -1.094565 -0.829443 0.382311,
        -1.091449 -0.829327 0.384523,
        -1.087969 -0.829255 0.385895,
      ]
    }
    coordIndex [
      135, 136, 137, -1,
      138, 139, 140, -1,
      141, 142, 143, -1,
      144, 145, 146, -1,
      147, 146, 148, -1,
      148, 146, 149, -1,
      137, 136, 150, -1,
      151, 152, 153, -1,
      153, 152, 154, -1,
      153, 154, 155, -1,
      155, 154, 156, -1,
      155, 156, 140, -1,
      140, 156, 157, -1,
      140, 157, 138, -1,
      158, 144, 159, -1,
      159, 144, 146, -1,
      159, 146, 160, -1,
      160, 146, 147, -1,
      161, 162, 163, -1,
      163, 162, 164, -1,
      163, 164, 165, -1,
      165, 164, 166, -1,
      165, 166, 167, -1,
      167, 166, 168, -1,
      141, 143, 169, -1,
      169, 143, 170, -1,
      169, 170, 171, -1,
      171, 170, 172, -1,
      171, 172, 173, -1,
      136, 174, 150, -1,
      150, 174, 175, -1,
      150, 175, 176, -1,
      176, 175, 177, -1,
      176, 177, 141, -1,
      141, 177, 178, -1,
      141, 178, 142, -1,
      179, 180, 156, -1,
      156, 180, 181, -1,
      156, 181, 182, -1,
      182, 181, 183, -1,
      182, 183, 184, -1,
      184, 183, 185, -1,
      184, 185, 186, -1,
      186, 185, 187, -1,
      186, 187, 188, -1,
      188, 187, 189, -1,
      188, 189, 190, -1,
      190, 189, 191, -1,
      190, 191, 159, -1,
      159, 191, 192, -1,
      159, 192, 158, -1,
      193, 194, 154, -1,
      154, 194, 195, -1,
      154, 195, 156, -1,
      156, 195, 196, -1,
      156, 196, 179, -1,
      197, 198, 199, -1,
      199, 198, 200, -1,
      199, 200, 201, -1,
      201, 200, 202, -1,
      201, 202, 203, -1,
      203, 202, 204, -1,
      203, 204, 205, -1,
      205, 204, 206, -1,
      205, 206, 207, -1,
      145, 208, 146, -1,
      146, 208, 209, -1,
      146, 209, 210, -1,
      210, 209, 211, -1,
      210, 211, 212, -1,
      212, 211, 213, -1,
      212, 213, 214, -1,
      214, 213, 215, -1,
      214, 215, 216, -1,
      216, 215, 217, -1,
      216, 217, 218, -1,
      218, 217, 219, -1,
      218, 219, 220, -1,
      220, 219, 221, -1,
      220, 221, 222, -1,
      222, 221, 223, -1,
      222, 223, 224, -1,
      224, 223, 225, -1,
      224, 225, 154, -1,
      154, 225, 226, -1,
      154, 226, 193, -1,
      166, 227, 168, -1,
      168, 227, 228, -1,
      168, 228, 229, -1,
      229, 228, 230, -1,
      229, 230, 231, -1,
      231, 230, 232, -1,
      231, 232, 233, -1,
      233, 232, 234, -1,
      233, 234, 235, -1,
      235, 234, 236, -1,
      235, 236, 237, -1,
      237, 236, 238, -1,
      237, 238, 197, -1,
      197, 238, 239, -1,
      197, 239, 198, -1,
      240, 241, 242, -1,
      242, 241, 243, -1,
      242, 243, 163, -1,
      163, 243, 244, -1,
      163, 244, 161, -1,
      245, 246, 247, -1,
      247, 246, 248, -1,
      247, 248, 249, -1,
      249, 248, 250, -1,
      249, 250, 251, -1,
      251, 250, 252, -1,
      251, 252, 253, -1,
      253, 252, 254, -1,
      253, 254, 149, -1,
      149, 254, 255, -1,
      149, 255, 148, -1,
      173, 172, 256, -1,
      256, 172, 257, -1,
      256, 257, 258, -1,
      258, 257, 259, -1,
      258, 259, 260, -1,
      260, 259, 261, -1,
      260, 261, 262, -1,
      262, 261, 263, -1,
      262, 263, 240, -1,
      240, 263, 264, -1,
      240, 264, 241, -1,
      137, 265, 135, -1,
      135, 265, 266, -1,
      135, 266, 267, -1,
      267, 266, 268, -1,
      267, 268, 269, -1,
      269, 268, 270, -1,
      269, 270, 245, -1,
      245, 270, 271, -1,
      245, 271, 246, -1,
      272, 273, 274, -1,
      206, 275, 207, -1,
      207, 275, 272, -1,
      207, 272, 276, -1,
      276, 272, 274, -1,
      277, 278, 272, -1,
      272, 278, 279, -1,
      272, 279, 273, -1,
      280, 281, 282, -1,
      281, 283, 282, -1,
      282, 283, 284, -1,
      282, 284, 285, -1,
      277, 272, 282, -1,
      282, 272, 286, -1,
      282, 286, 280, -1,
      233, 65, 64, -1,
      233, 64, 231, -1,
      231, 64, 3, -1,
      231, 3, 229, -1,
      3, 4, 229, -1,
      229, 4, 5, -1,
      229, 5, 168, -1,
      168, 5, 6, -1,
      168, 6, 167, -1,
      167, 6, 8, -1,
      167, 8, 165, -1,
      165, 8, 7, -1,
      165, 7, 163, -1,
      163, 7, 2, -1,
      163, 2, 242, -1,
      242, 2, 1, -1,
      242, 1, 240, -1,
      262, 240, 0, -1,
      0, 240, 1, -1,
      0, 12, 262, -1,
      262, 12, 11, -1,
      262, 11, 260, -1,
      260, 11, 10, -1,
      260, 10, 258, -1,
      15, 171, 14, -1,
      14, 171, 173, -1,
      14, 173, 13, -1,
      13, 173, 256, -1,
      13, 256, 9, -1,
      9, 256, 258, -1,
      9, 258, 10, -1,
      171, 15, 20, -1,
      171, 20, 169, -1,
      169, 20, 22, -1,
      169, 22, 141, -1,
      141, 22, 21, -1,
      141, 21, 176, -1,
      176, 21, 19, -1,
      176, 19, 150, -1,
      150, 19, 18, -1,
      150, 18, 137, -1,
      137, 18, 24, -1,
      137, 24, 265, -1,
      265, 24, 23, -1,
      265, 23, 266, -1,
      266, 23, 17, -1,
      266, 17, 268, -1,
      30, 248, 246, -1,
      268, 17, 16, -1,
      268, 16, 270, -1,
      270, 16, 33, -1,
      270, 33, 271, -1,
      271, 33, 32, -1,
      271, 32, 246, -1,
      246, 32, 31, -1,
      246, 31, 30, -1,
      248, 30, 29, -1,
      248, 29, 250, -1,
      250, 29, 28, -1,
      250, 28, 252, -1,
      252, 28, 26, -1,
      252, 26, 254, -1,
      254, 26, 25, -1,
      254, 25, 255, -1,
      255, 25, 27, -1,
      255, 27, 148, -1,
      148, 27, 34, -1,
      148, 34, 147, -1,
      147, 34, 35, -1,
      147, 35, 160, -1,
      35, 36, 160, -1,
      160, 36, 37, -1,
      160, 37, 159, -1,
      159, 37, 38, -1,
      159, 38, 190, -1,
      190, 38, 41, -1,
      190, 41, 188, -1,
      41, 40, 188, -1,
      188, 40, 44, -1,
      188, 44, 186, -1,
      186, 44, 43, -1,
      186, 43, 184, -1,
      102, 155, 140, -1,
      184, 43, 42, -1,
      184, 42, 182, -1,
      182, 42, 39, -1,
      182, 39, 156, -1,
      39, 49, 156, -1,
      156, 49, 48, -1,
      156, 48, 157, -1,
      157, 48, 47, -1,
      157, 47, 138, -1,
      138, 47, 46, -1,
      138, 46, 139, -1,
      139, 46, 45, -1,
      139, 45, 140, -1,
      140, 45, 101, -1,
      140, 101, 102, -1,
      153, 155, 87, -1,
      87, 155, 102, -1,
      151, 153, 52, -1,
      52, 153, 87, -1,
      152, 151, 54, -1,
      54, 151, 52, -1,
      154, 152, 53, -1,
      53, 152, 54, -1,
      154, 53, 55, -1,
      154, 55, 224, -1,
      224, 55, 56, -1,
      224, 56, 222, -1,
      222, 56, 81, -1,
      222, 81, 220, -1,
      220, 81, 80, -1,
      220, 80, 218, -1,
      218, 80, 79, -1,
      218, 79, 216, -1,
      216, 79, 75, -1,
      216, 75, 214, -1,
      214, 75, 76, -1,
      214, 76, 212, -1,
      212, 76, 72, -1,
      212, 72, 210, -1,
      210, 72, 74, -1,
      210, 74, 146, -1,
      146, 74, 73, -1,
      146, 73, 149, -1,
      149, 73, 71, -1,
      149, 71, 253, -1,
      253, 71, 70, -1,
      253, 70, 251, -1,
      251, 70, 78, -1,
      251, 78, 249, -1,
      249, 78, 77, -1,
      249, 77, 247, -1,
      245, 247, 63, -1,
      63, 247, 77, -1,
      63, 134, 245, -1,
      245, 134, 127, -1,
      245, 127, 269, -1,
      269, 127, 126, -1,
      269, 126, 267, -1,
      267, 126, 124, -1,
      267, 124, 135, -1,
      135, 124, 123, -1,
      135, 123, 136, -1,
      136, 123, 125, -1,
      136, 125, 174, -1,
      174, 125, 133, -1,
      174, 133, 175, -1,
      175, 133, 115, -1,
      175, 115, 177, -1,
      177, 115, 114, -1,
      177, 114, 178, -1,
      178, 114, 110, -1,
      178, 110, 142, -1,
      142, 110, 113, -1,
      142, 113, 143, -1,
      143, 113, 128, -1,
      143, 128, 170, -1,
      170, 128, 130, -1,
      170, 130, 172, -1,
      172, 130, 132, -1,
      172, 132, 257, -1,
      257, 132, 131, -1,
      257, 131, 259, -1,
      259, 131, 129, -1,
      259, 129, 261, -1,
      261, 129, 112, -1,
      261, 112, 263, -1,
      263, 112, 111, -1,
      263, 111, 264, -1,
      264, 111, 109, -1,
      264, 109, 241, -1,
      241, 109, 108, -1,
      241, 108, 243, -1,
      243, 108, 122, -1,
      243, 122, 244, -1,
      244, 122, 121, -1,
      244, 121, 161, -1,
      162, 161, 118, -1,
      118, 161, 121, -1,
      162, 118, 120, -1,
      162, 120, 164, -1,
      164, 120, 119, -1,
      164, 119, 166, -1,
      166, 119, 117, -1,
      166, 117, 227, -1,
      227, 117, 116, -1,
      227, 116, 228, -1,
      228, 116, 62, -1,
      228, 62, 230, -1,
      62, 61, 230, -1,
      230, 61, 60, -1,
      230, 60, 232, -1,
      232, 60, 93, -1,
      232, 93, 234, -1,
      234, 93, 92, -1,
      234, 92, 236, -1,
      236, 92, 91, -1,
      236, 91, 238, -1,
      238, 91, 90, -1,
      238, 90, 239, -1,
      239, 90, 107, -1,
      239, 107, 198, -1,
      198, 107, 106, -1,
      198, 106, 200, -1,
      200, 106, 105, -1,
      200, 105, 202, -1,
      202, 105, 104, -1,
      202, 104, 204, -1,
      206, 204, 103, -1,
      103, 204, 104, -1,
      206, 103, 69, -1,
      206, 69, 275, -1,
      275, 69, 68, -1,
      275, 68, 272, -1,
      272, 68, 67, -1,
      272, 67, 286, -1,
      286, 67, 51, -1,
      286, 51, 280, -1,
      280, 51, 50, -1,
      280, 50, 281, -1,
      281, 50, 57, -1,
      281, 57, 283, -1,
      283, 57, 89, -1,
      283, 89, 284, -1,
      284, 89, 88, -1,
      284, 88, 285, -1,
      285, 88, 86, -1,
      285, 86, 282, -1,
      282, 86, 85, -1,
      282, 85, 277, -1,
      277, 85, 100, -1,
      277, 100, 278, -1,
      278, 100, 99, -1,
      278, 99, 279, -1,
      279, 99, 98, -1,
      279, 98, 273, -1,
      273, 98, 97, -1,
      273, 97, 274, -1,
      274, 97, 96, -1,
      274, 96, 276, -1,
      276, 96, 95, -1,
      276, 95, 207, -1,
      207, 95, 94, -1,
      207, 94, 205, -1,
      203, 205, 84, -1,
      84, 205, 94, -1,
      203, 84, 83, -1,
      203, 83, 201, -1,
      201, 83, 82, -1,
      201, 82, 199, -1,
      199, 82, 59, -1,
      199, 59, 197, -1,
      197, 59, 58, -1,
      197, 58, 237, -1,
      237, 58, 66, -1,
      237, 66, 235, -1,
      235, 66, 65, -1,
      235, 65, 233, -1,
      219, 287, 288, -1,
      219, 288, 221, -1,
      221, 288, 289, -1,
      221, 289, 223, -1,
      223, 289, 290, -1,
      223, 290, 225, -1,
      225, 290, 291, -1,
      225, 291, 226, -1,
      226, 291, 292, -1,
      226, 292, 193, -1,
      193, 292, 293, -1,
      193, 293, 194, -1,
      194, 293, 294, -1,
      194, 294, 195, -1,
      195, 294, 295, -1,
      195, 295, 196, -1,
      196, 295, 296, -1,
      196, 296, 179, -1,
      179, 296, 297, -1,
      179, 297, 180, -1,
      180, 297, 298, -1,
      180, 298, 181, -1,
      181, 298, 299, -1,
      181, 299, 183, -1,
      183, 299, 300, -1,
      183, 300, 185, -1,
      185, 300, 301, -1,
      185, 301, 187, -1,
      187, 301, 302, -1,
      187, 302, 189, -1,
      189, 302, 303, -1,
      189, 303, 191, -1,
      191, 303, 304, -1,
      191, 304, 192, -1,
      192, 304, 305, -1,
      192, 305, 158, -1,
      158, 305, 306, -1,
      158, 306, 144, -1,
      144, 306, 307, -1,
      144, 307, 145, -1,
      145, 307, 308, -1,
      145, 308, 208, -1,
      208, 308, 309, -1,
      208, 309, 209, -1,
      209, 309, 310, -1,
      209, 310, 211, -1,
      211, 310, 311, -1,
      211, 311, 213, -1,
      213, 311, 312, -1,
      213, 312, 215, -1,
      215, 312, 313, -1,
      215, 313, 217, -1,
      217, 313, 287, -1,
      217, 287, 219, -1,
    ]
  }
}

Shape {
  appearance Appearance {
    material Material {
      diffuseColor 1.0000 0.6667 0.5098
      specularColor 0.5020 0.3333 0.2549
      ambientIntensity 0.2
      transparency 0.0000
      shininess 0.5
    }
  }
  geometry IndexedFaceSet {
    ccw TRUE
    solid FALSE
    coord DEF co Coordinate {
      point [
        -1.084072 -0.829228 0.386394,
        -1.080710 -0.829248 0.386024,
        -1.077014 -0.829318 0.384691,
        -1.073815 -0.829432 0.382522,
        -1.071256 -0.829583 0.379653,
        -1.069534 -0.829756 0.376381,
        -1.068634 -0.829950 0.372689,
        -1.068629 -0.830137 0.369132,
        -1.069570 -0.830338 0.365311,
        -1.071415 -0.830518 0.361886,
        -1.073611 -0.830649 0.359404,
        -1.076640 -0.830763 0.357239,
        -1.080093 -0.830835 0.355865,
        -1.084072 -0.830862 0.355354,
        -1.084751 -0.830861 0.355369,
        -1.088328 -0.830831 0.355952,
        -1.091930 -0.830749 0.357496,
        -1.094981 -0.830626 0.359831,
        -1.097257 -0.830478 0.362655,
        -1.098834 -0.830302 0.366000,
        -1.099572 -0.830106 0.369732,
        -1.099374 -0.829901 0.373611,
        -1.098200 -0.829704 0.377356,
        -1.096140 -0.829531 0.380648,
        -1.094565 -0.829443 0.382311,
        -1.091449 -0.829327 0.384523,
        -1.087969 -0.829255 0.385895,
      ]
    }
    coordIndex [
      14, 24, 23, -1,
      12, 11, 1, -1,
      0, 26, 14, -1,
      14, 26, 25, -1,
      14, 25, 24, -1,
      19, 18, 23, -1,
      23, 18, 17, -1,
      0, 14, 1, -1,
      1, 14, 13, -1,
      1, 13, 12, -1,
      22, 21, 23, -1,
      23, 21, 20, -1,
      23, 20, 19, -1,
      17, 16, 23, -1,
      23, 16, 15, -1,
      23, 15, 14, -1,
      11, 10, 1, -1,
      1, 10, 9, -1,
      1, 9, 8, -1,
      8, 7, 1, -1,
      1, 7, 6, -1,
      1, 6, 5, -1,
      5, 4, 1, -1,
      1, 4, 3, -1,
      1, 3, 2, -1,
    ]
  }
}
