#VRML V2.0 utf8

Shape {
  appearance Appearance {
    material Material {
      diffuseColor 0.2235 0.2235 0.2235
      specularColor 0.1137 0.1137 0.1137
      ambientIntensity 0.2
      transparency 0.0000
      shininess 0.5
    }
  }
  geometry IndexedFaceSet {
    ccw TRUE
    solid FALSE
    coord DEF co Coordinate {
      point [
        -0.033706 0.500220 0.031496,
        -0.024104 -0.034336 0.031496,
        -0.033706 -0.045739 0.031496,
        -0.024104 -0.045139 0.031496,
        0.028709 -0.045139 0.031496,
        -0.021703 0.042484 0.031496,
        0.015506 0.042484 0.031496,
        0.015506 0.010076 0.031496,
        0.047915 -0.040037 0.031496,
        0.047915 -0.029235 0.031496,
        0.028709 0.053287 0.031496,
        0.015506 -0.000727 0.031496,
        0.015506 -0.034336 0.031496,
        -0.019303 -0.000727 0.031496,
        -0.019303 0.010076 0.031496,
        0.179948 -0.045139 0.031496,
        0.080785 -0.045739 0.031496,
        0.129535 -0.045139 0.031496,
        0.087126 -0.045081 0.031496,
        0.096666 -0.041798 0.031496,
        -0.021703 0.053287 0.031496,
        0.115939 0.027363 0.031496,
        0.110170 0.036565 0.031496,
        0.166745 0.053287 0.031496,
        0.080656 0.042596 0.031496,
        0.088023 0.039937 0.031496,
        0.049678 -0.030212 0.031496,
        0.094835 0.035380 0.031496,
        0.100779 0.028818 0.031496,
        0.107930 0.003024 0.031496,
        0.106933 -0.007631 0.031496,
        0.104259 -0.016098 0.031496,
        0.082357 -0.034506 0.031496,
        0.073177 -0.035536 0.031496,
        0.089529 -0.031866 0.031496,
        0.095570 -0.027795 0.031496,
        0.100189 -0.022922 0.031496,
        0.060112 -0.034086 0.031496,
        0.104837 0.021219 0.031496,
        0.107460 0.010681 0.031496,
        0.104583 -0.036742 0.031496,
        0.111976 -0.028959 0.031496,
        0.129535 -0.034336 0.031496,
        0.117219 -0.019600 0.031496,
        0.166745 -0.034336 0.031496,
        0.120181 -0.009182 0.031496,
        0.121133 0.002217 0.031496,
        0.119717 0.016210 0.031496,
        0.101284 0.045111 0.031496,
        0.091935 0.050492 0.031496,
        0.080963 0.053680 0.031496,
        0.071077 0.054487 0.031496,
        0.059294 0.053674 0.031496,
        0.047915 0.050586 0.031496,
        0.047915 0.037382 0.031496,
        0.059001 0.042130 0.031496,
        0.070964 0.043684 0.031496,
        0.068352 -0.045739 0.031496,
        0.072305 -0.046293 0.031496,
        -0.033706 -0.500220 0.031496,
        0.074996 -0.046339 0.031496,
        0.179948 0.053287 0.031496,
        0.519905 0.500220 0.031496,
        0.519905 -0.045739 0.031496,
        0.519905 -0.500220 0.031496,
        -0.519905 -0.500220 0.031496,
        -0.519905 -0.045739 0.031496,
        0.058406 -0.044345 0.031496,
        -0.129731 -0.045139 0.031496,
        -0.117614 -0.018163 0.031496,
        -0.111970 -0.026966 0.031496,
        -0.204150 -0.045139 0.031496,
        -0.218554 -0.045139 0.031496,
        -0.180144 0.053287 0.031496,
        -0.519905 0.500220 0.031496,
        -0.166941 0.053287 0.031496,
        -0.103869 -0.034723 0.031496,
        -0.093592 -0.040695 0.031496,
        -0.082250 -0.044076 0.031496,
        -0.070072 -0.045139 0.031496,
        -0.043309 -0.045139 0.031496,
        -0.043309 0.053287 0.031496,
        -0.071085 0.053287 0.031496,
        -0.107636 0.040453 0.031496,
        -0.114596 0.032735 0.031496,
        -0.119170 0.024270 0.031496,
        -0.085304 0.051767 0.031496,
        -0.096820 0.047723 0.031496,
        -0.107533 0.040543 0.031496,
        -0.144135 -0.045139 0.031496,
        -0.153531 -0.017531 0.031496,
        -0.194191 -0.017531 0.031496,
        -0.121814 0.014573 0.031496,
        -0.122529 0.005312 0.031496,
        -0.121148 -0.007861 0.031496,
        0.171260 -0.551181 0.207677,
        0.171260 -0.551181 0.150591,
        0.340551 -0.551181 0.207677,
        0.340551 -0.551181 0.150591,
        -0.084646 -0.551181 0.207677,
        -0.084646 -0.551181 0.150591,
        0.084646 -0.551181 0.207677,
        0.084646 -0.551181 0.150591,
        -0.340551 -0.551181 0.207677,
        -0.340551 -0.551181 0.150591,
        -0.171260 -0.551181 0.207677,
        -0.171260 -0.551181 0.150591,
        0.171260 0.551181 0.150591,
        0.171260 0.551181 0.207677,
        0.340551 0.551181 0.150591,
        0.340551 0.551181 0.207677,
        -0.084646 0.551181 0.150591,
        -0.084646 0.551181 0.207677,
        0.084646 0.551181 0.150591,
        0.084646 0.551181 0.207677,
        -0.340551 0.551181 0.150591,
        -0.340551 0.551181 0.207677,
        -0.171260 0.551181 0.150591,
        -0.171260 0.551181 0.207677,
        -0.531496 0.551181 0.150591,
        -0.531496 0.551181 0.207677,
        -0.427165 0.551181 0.150591,
        -0.427165 0.551181 0.207677,
        -0.531496 -0.551181 0.207677,
        -0.531496 -0.551181 0.150591,
        -0.427165 -0.551181 0.207677,
        -0.427165 -0.551181 0.150591,
        0.570866 -0.511811 0.150591,
        0.570866 0.511811 0.150591,
        0.570866 -0.511811 0.207677,
        0.570866 0.511811 0.207677,
        0.427165 0.551181 0.207677,
        0.531496 0.551181 0.207677,
        0.427165 0.551181 0.150591,
        0.531496 0.551181 0.150591,
        -0.570866 0.511811 0.150591,
        -0.570866 -0.511811 0.150591,
        -0.570866 0.511811 0.207677,
        -0.570866 -0.511811 0.207677,
        0.427165 -0.551181 0.150591,
        0.531496 -0.551181 0.150591,
        0.427165 -0.551181 0.207677,
        0.531496 -0.551181 0.207677,
        -0.519905 -0.500220 0.326772,
        -0.446276 -0.400152 0.326772,
        -0.452696 -0.384653 0.326772,
        -0.326360 -0.368020 0.326772,
        -0.328550 -0.384653 0.326772,
        0.519905 -0.500220 0.326772,
        -0.334970 -0.400152 0.326772,
        -0.345182 -0.413461 0.326772,
        -0.358491 -0.423673 0.326772,
        -0.373990 -0.430093 0.326772,
        -0.390623 -0.432283 0.326772,
        -0.407255 -0.430093 0.326772,
        -0.422754 -0.423673 0.326772,
        -0.436063 -0.413461 0.326772,
        -0.328550 -0.351388 0.326772,
        0.068694 -0.118981 0.326772,
        0.097148 -0.097148 0.326772,
        0.118981 -0.068694 0.326772,
        -0.454885 -0.368020 0.326772,
        -0.452696 -0.351388 0.326772,
        -0.519905 0.500220 0.326772,
        -0.446276 -0.335889 0.326772,
        -0.436063 -0.322580 0.326772,
        -0.422754 -0.312367 0.326772,
        -0.407255 -0.305947 0.326772,
        -0.390623 -0.303757 0.326772,
        -0.334970 -0.335889 0.326772,
        0.035558 -0.132706 0.326772,
        -0.000000 -0.137387 0.326772,
        -0.035558 -0.132706 0.326772,
        -0.068694 -0.118981 0.326772,
        -0.097148 -0.097148 0.326772,
        0.035558 0.132706 0.326772,
        0.068694 0.118981 0.326772,
        0.519905 0.500220 0.326772,
        0.097148 0.097148 0.326772,
        0.118981 0.068694 0.326772,
        0.132706 0.035558 0.326772,
        0.137387 0.000000 0.326772,
        0.132706 -0.035558 0.326772,
        -0.118981 -0.068694 0.326772,
        -0.132706 -0.035558 0.326772,
        -0.358491 -0.312367 0.326772,
        -0.373990 -0.305947 0.326772,
        -0.137387 0.000000 0.326772,
        -0.132706 0.035558 0.326772,
        -0.118981 0.068694 0.326772,
        -0.097148 0.097148 0.326772,
        -0.068694 0.118981 0.326772,
        -0.035558 0.132706 0.326772,
        0.000000 0.137387 0.326772,
        -0.345182 -0.322580 0.326772,
        0.531877 -0.551179 0.150578,
        0.519905 -0.539207 0.065387,
        -0.519905 -0.539207 0.065387,
        -0.531877 -0.551179 0.150578,
        0.570864 -0.512192 0.150578,
        0.558892 -0.500220 0.065387,
        0.558892 0.500220 0.065387,
        0.570864 0.512192 0.150578,
        -0.570864 0.512192 0.150578,
        -0.558892 0.500220 0.065387,
        -0.558892 -0.500220 0.065387,
        -0.570864 -0.512192 0.150578,
        -0.531877 0.551179 0.150578,
        -0.519905 0.539207 0.065387,
        0.519905 0.539207 0.065387,
        0.531877 0.551179 0.150578,
        0.519905 0.539207 0.292881,
        0.531877 0.551179 0.207690,
        -0.519905 0.539207 0.292881,
        -0.531877 0.551179 0.207690,
        -0.570864 -0.512192 0.207690,
        -0.558892 -0.500220 0.292881,
        -0.558892 0.500220 0.292881,
        -0.570864 0.512192 0.207690,
        0.570864 0.512192 0.207690,
        0.558892 0.500220 0.292881,
        0.558892 -0.500220 0.292881,
        0.570864 -0.512192 0.207690,
        -0.519905 -0.539207 0.292881,
        -0.531877 -0.551179 0.207690,
        0.519905 -0.539207 0.292881,
        0.531877 -0.551179 0.207690,
        0.519905 0.536911 0.301675,
        -0.519905 0.536911 0.301675,
        0.519905 0.536779 0.301922,
        -0.519905 0.536779 0.301922,
        0.519905 0.532468 0.309986,
        -0.519905 0.532468 0.309986,
        0.519905 0.532318 0.310153,
        -0.519905 0.532318 0.310153,
        0.519905 0.526176 0.317004,
        -0.519905 0.526176 0.317004,
        0.519905 0.526037 0.317098,
        -0.519905 0.526037 0.317098,
        0.519905 0.518397 0.322324,
        -0.519905 0.518397 0.322324,
        0.519905 0.518292 0.322363,
        -0.519905 0.518292 0.322363,
        0.519905 0.509576 0.325644,
        -0.519905 0.509576 0.325644,
        0.519905 0.509521 0.325650,
        -0.519905 0.509521 0.325650,
        0.526622 0.525292 0.317004,
        0.524609 0.517778 0.322324,
        0.522326 0.509257 0.325644,
        0.524583 0.508323 0.325644,
        0.528008 0.504898 0.325644,
        0.526521 0.506836 0.325644,
        0.528943 0.502641 0.325644,
        0.529401 0.535661 0.301675,
        0.529943 0.537689 0.294078,
        0.529876 0.537717 0.294073,
        0.539183 0.533735 0.294821,
        0.538250 0.531995 0.301675,
        0.539232 0.533697 0.294823,
        0.545850 0.526165 0.301675,
        0.547209 0.527524 0.295076,
        0.551680 0.518565 0.301675,
        0.553382 0.519547 0.294823,
        0.553420 0.519498 0.294821,
        0.555346 0.509716 0.301675,
        0.557374 0.510258 0.294078,
        0.557402 0.510191 0.294073,
        0.556596 0.500220 0.301675,
        0.529206 0.500220 0.325650,
        0.528993 0.515962 0.322324,
        0.532758 0.513073 0.322324,
        0.535647 0.509308 0.322324,
        0.537463 0.504924 0.322324,
        0.529261 0.500220 0.325644,
        0.537977 0.500220 0.322363,
        0.538082 0.500220 0.322324,
        0.545722 0.500220 0.317098,
        0.532883 0.522698 0.317004,
        0.538259 0.518574 0.317004,
        0.542383 0.513198 0.317004,
        0.544977 0.506937 0.317004,
        0.528251 0.531369 0.309986,
        0.536029 0.528147 0.309986,
        0.542707 0.523022 0.309986,
        0.547832 0.516344 0.309986,
        0.551054 0.508566 0.309986,
        0.545861 0.500220 0.317004,
        0.552003 0.500220 0.310153,
        0.552153 0.500220 0.309986,
        0.556464 0.500220 0.301922,
        -0.552003 0.500220 0.310153,
        -0.545861 0.500220 0.317004,
        -0.544977 0.506937 0.317004,
        -0.537463 0.504924 0.322324,
        -0.528943 0.502641 0.325644,
        -0.528008 0.504898 0.325644,
        -0.524583 0.508323 0.325644,
        -0.526521 0.506836 0.325644,
        -0.522326 0.509257 0.325644,
        -0.529206 0.500220 0.325650,
        -0.555346 0.509716 0.301675,
        -0.557374 0.510258 0.294078,
        -0.557402 0.510191 0.294073,
        -0.553420 0.519498 0.294821,
        -0.551680 0.518565 0.301675,
        -0.553382 0.519547 0.294823,
        -0.545850 0.526165 0.301675,
        -0.547209 0.527524 0.295076,
        -0.538250 0.531995 0.301675,
        -0.539232 0.533697 0.294823,
        -0.539183 0.533735 0.294821,
        -0.529401 0.535661 0.301675,
        -0.529943 0.537689 0.294078,
        -0.529876 0.537717 0.294073,
        -0.545722 0.500220 0.317098,
        -0.538082 0.500220 0.322324,
        -0.537977 0.500220 0.322363,
        -0.529261 0.500220 0.325644,
        -0.535647 0.509308 0.322324,
        -0.532758 0.513073 0.322324,
        -0.528993 0.515962 0.322324,
        -0.524609 0.517778 0.322324,
        -0.542383 0.513198 0.317004,
        -0.538259 0.518574 0.317004,
        -0.532883 0.522698 0.317004,
        -0.526622 0.525292 0.317004,
        -0.556464 0.500220 0.301922,
        -0.552153 0.500220 0.309986,
        -0.551054 0.508566 0.309986,
        -0.547832 0.516344 0.309986,
        -0.542707 0.523022 0.309986,
        -0.536029 0.528147 0.309986,
        -0.528251 0.531369 0.309986,
        -0.556596 0.500220 0.301675,
        0.556596 -0.500220 0.301675,
        0.556464 -0.500220 0.301922,
        0.552153 -0.500220 0.309986,
        0.552003 -0.500220 0.310153,
        0.545861 -0.500220 0.317004,
        0.545722 -0.500220 0.317098,
        0.538082 -0.500220 0.322324,
        0.537977 -0.500220 0.322363,
        0.529261 -0.500220 0.325644,
        0.529206 -0.500220 0.325650,
        0.551291 0.545843 0.208670,
        0.551175 0.545892 0.208665,
        0.541931 0.549773 0.208292,
        0.541681 0.549808 0.208277,
        0.559335 0.539650 0.208799,
        0.565528 0.531606 0.208670,
        0.565577 0.531490 0.208665,
        0.569458 0.522246 0.208292,
        0.569493 0.521996 0.208277,
        -0.565528 0.531606 0.208670,
        -0.565577 0.531490 0.208665,
        -0.569458 0.522246 0.208292,
        -0.569493 0.521996 0.208277,
        -0.559335 0.539650 0.208799,
        -0.551291 0.545843 0.208670,
        -0.551175 0.545892 0.208665,
        -0.541931 0.549773 0.208292,
        -0.541681 0.549808 0.208277,
        -0.556596 -0.500220 0.301675,
        -0.556464 -0.500220 0.301922,
        -0.552153 -0.500220 0.309986,
        -0.552003 -0.500220 0.310153,
        -0.545861 -0.500220 0.317004,
        -0.545722 -0.500220 0.317098,
        -0.538082 -0.500220 0.322324,
        -0.537977 -0.500220 0.322363,
        -0.529261 -0.500220 0.325644,
        -0.529206 -0.500220 0.325650,
        -0.519905 -0.536911 0.301675,
        0.519905 -0.536911 0.301675,
        -0.519905 -0.536779 0.301922,
        0.519905 -0.536779 0.301922,
        -0.519905 -0.532468 0.309986,
        0.519905 -0.532468 0.309986,
        -0.519905 -0.532318 0.310153,
        0.519905 -0.532318 0.310153,
        -0.519905 -0.526176 0.317004,
        0.519905 -0.526176 0.317004,
        -0.519905 -0.526037 0.317098,
        0.519905 -0.526037 0.317098,
        -0.519905 -0.518397 0.322324,
        0.519905 -0.518397 0.322324,
        -0.519905 -0.518292 0.322363,
        0.519905 -0.518292 0.322363,
        -0.519905 -0.509576 0.325644,
        0.519905 -0.509576 0.325644,
        -0.519905 -0.509521 0.325650,
        0.519905 -0.509521 0.325650,
        0.544977 -0.506937 0.317004,
        0.537463 -0.504924 0.322324,
        0.528943 -0.502641 0.325644,
        0.528008 -0.504898 0.325644,
        0.524583 -0.508323 0.325644,
        0.526521 -0.506836 0.325644,
        0.522326 -0.509257 0.325644,
        0.555346 -0.509716 0.301675,
        0.557374 -0.510258 0.294078,
        0.557402 -0.510191 0.294073,
        0.553420 -0.519498 0.294821,
        0.551680 -0.518565 0.301675,
        0.553382 -0.519547 0.294823,
        0.545850 -0.526165 0.301675,
        0.547209 -0.527524 0.295076,
        0.538250 -0.531995 0.301675,
        0.539232 -0.533697 0.294823,
        0.539183 -0.533735 0.294821,
        0.529401 -0.535661 0.301675,
        0.529943 -0.537689 0.294078,
        0.529876 -0.537717 0.294073,
        0.535647 -0.509308 0.322324,
        0.532758 -0.513073 0.322324,
        0.528993 -0.515962 0.322324,
        0.524609 -0.517778 0.322324,
        0.542383 -0.513198 0.317004,
        0.538259 -0.518574 0.317004,
        0.532883 -0.522698 0.317004,
        0.526622 -0.525292 0.317004,
        0.551054 -0.508566 0.309986,
        0.547832 -0.516344 0.309986,
        0.542707 -0.523022 0.309986,
        0.536029 -0.528147 0.309986,
        0.528251 -0.531369 0.309986,
        0.541681 0.549808 0.149991,
        0.541931 0.549773 0.149976,
        0.551175 0.545892 0.149602,
        0.551291 0.545843 0.149598,
        0.559335 0.539650 0.149469,
        0.565528 0.531606 0.149598,
        0.565577 0.531490 0.149602,
        0.569458 0.522246 0.149976,
        0.569493 0.521996 0.149991,
        -0.569493 0.521996 0.149991,
        -0.569458 0.522246 0.149976,
        -0.565577 0.531490 0.149602,
        -0.565528 0.531606 0.149598,
        -0.559335 0.539650 0.149469,
        -0.551291 0.545843 0.149598,
        -0.551175 0.545892 0.149602,
        -0.541931 0.549773 0.149976,
        -0.541681 0.549808 0.149991,
        -0.526622 -0.525292 0.317004,
        -0.524609 -0.517778 0.322324,
        -0.522326 -0.509257 0.325644,
        -0.524583 -0.508323 0.325644,
        -0.528008 -0.504898 0.325644,
        -0.526521 -0.506836 0.325644,
        -0.528943 -0.502641 0.325644,
        -0.529401 -0.535661 0.301675,
        -0.529943 -0.537689 0.294078,
        -0.529876 -0.537717 0.294073,
        -0.539183 -0.533735 0.294821,
        -0.538250 -0.531995 0.301675,
        -0.539232 -0.533697 0.294823,
        -0.545850 -0.526165 0.301675,
        -0.547209 -0.527524 0.295076,
        -0.551680 -0.518565 0.301675,
        -0.553382 -0.519547 0.294823,
        -0.553420 -0.519498 0.294821,
        -0.555346 -0.509716 0.301675,
        -0.557374 -0.510258 0.294078,
        -0.557402 -0.510191 0.294073,
        -0.528993 -0.515962 0.322324,
        -0.532758 -0.513073 0.322324,
        -0.535647 -0.509308 0.322324,
        -0.537463 -0.504924 0.322324,
        -0.532883 -0.522698 0.317004,
        -0.538259 -0.518574 0.317004,
        -0.542383 -0.513198 0.317004,
        -0.544977 -0.506937 0.317004,
        -0.528251 -0.531369 0.309986,
        -0.536029 -0.528147 0.309986,
        -0.542707 -0.523022 0.309986,
        -0.547832 -0.516344 0.309986,
        -0.551054 -0.508566 0.309986,
        0.565528 -0.531606 0.208670,
        0.565577 -0.531490 0.208665,
        0.569458 -0.522246 0.208292,
        0.569493 -0.521996 0.208277,
        0.559335 -0.539650 0.208799,
        0.551291 -0.545843 0.208670,
        0.551175 -0.545892 0.208665,
        0.541931 -0.549773 0.208292,
        0.541681 -0.549808 0.208277,
        0.557605 0.508837 0.064357,
        0.557402 0.510191 0.064195,
        0.554529 0.516907 0.063655,
        0.553420 0.519498 0.063446,
        0.549853 0.524108 0.063300,
        0.528522 0.537920 0.064357,
        0.529876 0.537717 0.064195,
        0.536592 0.534844 0.063655,
        0.539183 0.533735 0.063446,
        0.543793 0.530168 0.063300,
        0.547209 0.527524 0.063191,
        -0.519905 0.536911 0.056593,
        0.519905 0.536911 0.056593,
        -0.519905 0.536779 0.056346,
        0.519905 0.536779 0.056346,
        -0.519905 0.532468 0.048281,
        0.519905 0.532468 0.048281,
        -0.519905 0.532318 0.048115,
        0.519905 0.532318 0.048115,
        -0.519905 0.526176 0.041264,
        0.519905 0.526176 0.041264,
        -0.519905 0.526037 0.041170,
        0.519905 0.526037 0.041170,
        -0.519905 0.518397 0.035944,
        0.519905 0.518397 0.035944,
        -0.519905 0.518292 0.035904,
        0.519905 0.518292 0.035904,
        -0.519905 0.509576 0.032624,
        0.519905 0.509576 0.032624,
        -0.519905 0.509521 0.032617,
        0.519905 0.509521 0.032617,
        -0.529876 0.537717 0.064195,
        -0.529943 0.537689 0.064189,
        -0.539183 0.533735 0.063446,
        -0.539232 0.533697 0.063445,
        -0.547209 0.527524 0.063191,
        -0.553382 0.519547 0.063445,
        -0.553420 0.519498 0.063446,
        -0.557374 0.510258 0.064189,
        -0.557402 0.510191 0.064195,
        -0.551291 -0.545843 0.208670,
        -0.551175 -0.545892 0.208665,
        -0.541931 -0.549773 0.208292,
        -0.541681 -0.549808 0.208277,
        -0.559335 -0.539650 0.208799,
        -0.565528 -0.531606 0.208670,
        -0.565577 -0.531490 0.208665,
        -0.569458 -0.522246 0.208292,
        -0.569493 -0.521996 0.208277,
        0.569493 -0.521996 0.149991,
        0.569458 -0.522246 0.149976,
        0.565577 -0.531490 0.149602,
        0.565528 -0.531606 0.149598,
        0.559335 -0.539650 0.149469,
        0.551291 -0.545843 0.149598,
        0.551175 -0.545892 0.149602,
        0.541931 -0.549773 0.149976,
        0.541681 -0.549808 0.149991,
        0.529206 0.500220 0.032617,
        0.529027 0.502302 0.032624,
        0.525739 0.507535 0.032624,
        0.527220 0.506054 0.032624,
        0.523950 0.517941 0.035944,
        0.525680 0.525525 0.041264,
        0.527080 0.531659 0.048281,
        0.528069 0.535991 0.056593,
        0.535824 0.533278 0.056593,
        0.552963 0.516139 0.056593,
        0.555676 0.508384 0.056593,
        0.542781 0.528906 0.056593,
        0.556596 0.500220 0.056593,
        0.556464 0.500220 0.056346,
        0.551344 0.507395 0.048281,
        0.533896 0.529274 0.048281,
        0.552153 0.500220 0.048281,
        0.552003 0.500220 0.048115,
        0.545210 0.505995 0.041264,
        0.531167 0.523606 0.041264,
        0.540011 0.525432 0.048281,
        0.548591 0.523096 0.056593,
        0.545861 0.500220 0.041264,
        0.545722 0.500220 0.041170,
        0.537626 0.504265 0.035944,
        0.545117 0.520326 0.048281,
        0.536088 0.520513 0.041264,
        0.527791 0.516597 0.035944,
        0.521987 0.509342 0.032624,
        0.534116 0.511553 0.035944,
        0.548959 0.514211 0.048281,
        0.543291 0.511481 0.041264,
        0.536282 0.508107 0.035944,
        0.528335 0.504280 0.032624,
        0.540198 0.516403 0.041264,
        0.531238 0.514431 0.035944,
        0.523965 0.508650 0.032624,
        0.538082 0.500220 0.035944,
        0.537977 0.500220 0.035904,
        0.529261 0.500220 0.032624,
        -0.522326 0.509257 0.032624,
        -0.537977 0.500220 0.035904,
        -0.538082 0.500220 0.035944,
        -0.537463 0.504924 0.035944,
        -0.545722 0.500220 0.041170,
        -0.545861 0.500220 0.041264,
        -0.544977 0.506937 0.041264,
        -0.551054 0.508566 0.048281,
        -0.555346 0.509716 0.056593,
        -0.551680 0.518565 0.056593,
        -0.529401 0.535661 0.056593,
        -0.556596 0.500220 0.056593,
        -0.556464 0.500220 0.056346,
        -0.552153 0.500220 0.048281,
        -0.552003 0.500220 0.048115,
        -0.528251 0.531369 0.048281,
        -0.547832 0.516344 0.048281,
        -0.545850 0.526165 0.056593,
        -0.526622 0.525292 0.041264,
        -0.542383 0.513198 0.041264,
        -0.542707 0.523022 0.048281,
        -0.524609 0.517778 0.035944,
        -0.538259 0.518574 0.041264,
        -0.535647 0.509308 0.035944,
        -0.528943 0.502641 0.032624,
        -0.538250 0.531995 0.056593,
        -0.536029 0.528147 0.048281,
        -0.532883 0.522698 0.041264,
        -0.528993 0.515962 0.035944,
        -0.524583 0.508323 0.032624,
        -0.529206 0.500220 0.032617,
        -0.529261 0.500220 0.032624,
        -0.532758 0.513073 0.035944,
        -0.528008 0.504898 0.032624,
        -0.526521 0.506836 0.032624,
        -0.541681 -0.549808 0.149991,
        -0.541931 -0.549773 0.149976,
        -0.551175 -0.545892 0.149602,
        -0.551291 -0.545843 0.149598,
        -0.559335 -0.539650 0.149469,
        -0.565528 -0.531606 0.149598,
        -0.565577 -0.531490 0.149602,
        -0.569458 -0.522246 0.149976,
        -0.569493 -0.521996 0.149991,
        0.529876 -0.537717 0.064195,
        0.529943 -0.537689 0.064189,
        0.539183 -0.533735 0.063446,
        0.539232 -0.533697 0.063445,
        0.547209 -0.527524 0.063191,
        0.553382 -0.519547 0.063445,
        0.553420 -0.519498 0.063446,
        0.557374 -0.510258 0.064189,
        0.557402 -0.510191 0.064195,
        0.556596 -0.500220 0.056593,
        0.556464 -0.500220 0.056346,
        0.552153 -0.500220 0.048281,
        0.552003 -0.500220 0.048115,
        0.545861 -0.500220 0.041264,
        0.545722 -0.500220 0.041170,
        0.538082 -0.500220 0.035944,
        0.537977 -0.500220 0.035904,
        0.529261 -0.500220 0.032624,
        0.529206 -0.500220 0.032617,
        -0.556596 -0.500220 0.056593,
        -0.556464 -0.500220 0.056346,
        -0.552153 -0.500220 0.048281,
        -0.552003 -0.500220 0.048115,
        -0.545861 -0.500220 0.041264,
        -0.545722 -0.500220 0.041170,
        -0.538082 -0.500220 0.035944,
        -0.537977 -0.500220 0.035904,
        -0.529261 -0.500220 0.032624,
        -0.529206 -0.500220 0.032617,
        -0.557402 -0.510191 0.064195,
        -0.557374 -0.510258 0.064189,
        -0.553420 -0.519498 0.063446,
        -0.553382 -0.519547 0.063445,
        -0.547209 -0.527524 0.063191,
        -0.539232 -0.533697 0.063445,
        -0.539183 -0.533735 0.063446,
        -0.529943 -0.537689 0.064189,
        -0.529876 -0.537717 0.064195,
        0.519905 -0.509521 0.032617,
        0.522326 -0.509257 0.032624,
        0.537463 -0.504924 0.035944,
        0.544977 -0.506937 0.041264,
        0.551054 -0.508566 0.048281,
        0.555346 -0.509716 0.056593,
        0.551680 -0.518565 0.056593,
        0.519905 -0.536911 0.056593,
        0.529401 -0.535661 0.056593,
        0.519905 -0.536779 0.056346,
        0.528251 -0.531369 0.048281,
        0.547832 -0.516344 0.048281,
        0.545850 -0.526165 0.056593,
        0.519905 -0.532468 0.048281,
        0.519905 -0.532318 0.048115,
        0.526622 -0.525292 0.041264,
        0.542383 -0.513198 0.041264,
        0.542707 -0.523022 0.048281,
        0.519905 -0.526176 0.041264,
        0.519905 -0.526037 0.041170,
        0.524609 -0.517778 0.035944,
        0.538259 -0.518574 0.041264,
        0.535647 -0.509308 0.035944,
        0.528943 -0.502641 0.032624,
        0.538250 -0.531995 0.056593,
        0.536029 -0.528147 0.048281,
        0.532883 -0.522698 0.041264,
        0.528993 -0.515962 0.035944,
        0.524583 -0.508323 0.032624,
        0.532758 -0.513073 0.035944,
        0.528008 -0.504898 0.032624,
        0.526521 -0.506836 0.032624,
        0.519905 -0.518397 0.035944,
        0.519905 -0.518292 0.035904,
        0.519905 -0.509576 0.032624,
        -0.528943 -0.502641 0.032624,
        -0.519905 -0.518292 0.035904,
        -0.519905 -0.518397 0.035944,
        -0.524609 -0.517778 0.035944,
        -0.519905 -0.526037 0.041170,
        -0.519905 -0.526176 0.041264,
        -0.526622 -0.525292 0.041264,
        -0.528251 -0.531369 0.048281,
        -0.529401 -0.535661 0.056593,
        -0.538250 -0.531995 0.056593,
        -0.555346 -0.509716 0.056593,
        -0.519905 -0.536911 0.056593,
        -0.519905 -0.536779 0.056346,
        -0.519905 -0.532468 0.048281,
        -0.519905 -0.532318 0.048115,
        -0.551054 -0.508566 0.048281,
        -0.536029 -0.528147 0.048281,
        -0.545850 -0.526165 0.056593,
        -0.544977 -0.506937 0.041264,
        -0.532883 -0.522698 0.041264,
        -0.542707 -0.523022 0.048281,
        -0.537463 -0.504924 0.035944,
        -0.538259 -0.518574 0.041264,
        -0.528993 -0.515962 0.035944,
        -0.522326 -0.509257 0.032624,
        -0.551680 -0.518565 0.056593,
        -0.547832 -0.516344 0.048281,
        -0.542383 -0.513198 0.041264,
        -0.535647 -0.509308 0.035944,
        -0.528008 -0.504898 0.032624,
        -0.519905 -0.509521 0.032617,
        -0.519905 -0.509576 0.032624,
        -0.532758 -0.513073 0.035944,
        -0.524583 -0.508323 0.032624,
        -0.526521 -0.506836 0.032624,
        0.137387 -0.000000 0.322835,
        0.132706 0.035558 0.322835,
        0.118981 0.068694 0.322835,
        0.097148 0.097148 0.322835,
        0.068694 0.118981 0.322835,
        0.035558 0.132706 0.322835,
        0.000000 0.137387 0.322835,
        -0.035558 0.132706 0.322835,
        -0.068694 0.118981 0.322835,
        -0.097148 0.097148 0.322835,
        -0.118981 0.068694 0.322835,
        -0.132706 0.035558 0.322835,
        -0.137387 0.000000 0.322835,
        -0.132706 -0.035558 0.322835,
        -0.118981 -0.068694 0.322835,
        -0.097148 -0.097148 0.322835,
        -0.068694 -0.118981 0.322835,
        -0.035558 -0.132706 0.322835,
        -0.000000 -0.137387 0.322835,
        0.035558 -0.132706 0.322835,
        0.068694 -0.118981 0.322835,
        0.097148 -0.097148 0.322835,
        0.118981 -0.068694 0.322835,
        0.132706 -0.035558 0.322835,
        0.000000 0.000000 0.322835,
        -0.326360 -0.368020 0.322835,
        -0.328550 -0.351388 0.322835,
        -0.334970 -0.335889 0.322835,
        -0.345182 -0.322580 0.322835,
        -0.358491 -0.312367 0.322835,
        -0.373990 -0.305947 0.322835,
        -0.390623 -0.303757 0.322835,
        -0.407255 -0.305947 0.322835,
        -0.422754 -0.312367 0.322835,
        -0.436063 -0.322580 0.322835,
        -0.446276 -0.335889 0.322835,
        -0.452696 -0.351388 0.322835,
        -0.454885 -0.368020 0.322835,
        -0.452696 -0.384653 0.322835,
        -0.446276 -0.400152 0.322835,
        -0.436063 -0.413461 0.322835,
        -0.422754 -0.423673 0.322835,
        -0.407255 -0.430093 0.322835,
        -0.390623 -0.432283 0.322835,
        -0.373990 -0.430093 0.322835,
        -0.358491 -0.423673 0.322835,
        -0.345182 -0.413461 0.322835,
        -0.334970 -0.400152 0.322835,
        -0.328550 -0.384653 0.322835,
      ]
    }
    coordIndex [
      0, 1, 2, -1,
      2, 1, 3, -1,
      2, 3, 4, -1,
      5, 6, 7, -1,
      8, 4, 9, -1,
      9, 4, 10, -1,
      11, 12, 13, -1,
      13, 12, 1, -1,
      13, 1, 14, -1,
      15, 16, 17, -1,
      17, 16, 18, -1,
      17, 18, 19, -1,
      7, 14, 5, -1,
      5, 14, 1, -1,
      5, 1, 20, -1,
      20, 1, 0, -1,
      20, 0, 10, -1,
      21, 22, 23, -1,
      24, 25, 26, -1,
      26, 25, 27, -1,
      26, 27, 28, -1,
      29, 30, 26, -1,
      26, 30, 31, -1,
      32, 33, 34, -1,
      34, 33, 35, -1,
      31, 36, 26, -1,
      26, 36, 35, -1,
      26, 35, 37, -1,
      37, 35, 33, -1,
      28, 38, 26, -1,
      26, 38, 39, -1,
      26, 39, 29, -1,
      19, 40, 17, -1,
      17, 40, 41, -1,
      17, 41, 42, -1,
      42, 41, 43, -1,
      42, 43, 44, -1,
      43, 45, 44, -1,
      44, 45, 46, -1,
      44, 46, 23, -1,
      23, 46, 47, -1,
      23, 47, 21, -1,
      48, 49, 0, -1,
      0, 49, 50, -1,
      0, 50, 51, -1,
      51, 52, 0, -1,
      0, 52, 53, -1,
      0, 53, 10, -1,
      10, 53, 54, -1,
      10, 54, 9, -1,
      9, 54, 55, -1,
      9, 55, 26, -1,
      26, 55, 56, -1,
      26, 56, 24, -1,
      57, 58, 59, -1,
      59, 58, 60, -1,
      59, 60, 16, -1,
      22, 48, 23, -1,
      23, 48, 0, -1,
      23, 0, 61, -1,
      61, 0, 62, -1,
      61, 62, 15, -1,
      15, 62, 63, -1,
      15, 63, 16, -1,
      16, 63, 64, -1,
      16, 64, 59, -1,
      65, 66, 59, -1,
      59, 66, 2, -1,
      59, 2, 57, -1,
      57, 2, 4, -1,
      57, 4, 67, -1,
      67, 4, 8, -1,
      68, 69, 70, -1,
      71, 2, 72, -1,
      72, 2, 66, -1,
      72, 66, 73, -1,
      73, 66, 74, -1,
      73, 74, 75, -1,
      75, 74, 0, -1,
      70, 76, 68, -1,
      68, 76, 77, -1,
      68, 77, 78, -1,
      79, 80, 2, -1,
      2, 80, 81, -1,
      2, 81, 0, -1,
      0, 81, 82, -1,
      83, 84, 75, -1,
      75, 84, 85, -1,
      82, 86, 0, -1,
      0, 86, 87, -1,
      0, 87, 75, -1,
      75, 87, 88, -1,
      75, 88, 83, -1,
      78, 79, 68, -1,
      68, 79, 2, -1,
      68, 2, 89, -1,
      89, 2, 71, -1,
      89, 71, 90, -1,
      90, 71, 91, -1,
      85, 92, 75, -1,
      75, 92, 93, -1,
      75, 93, 68, -1,
      68, 93, 94, -1,
      68, 94, 69, -1,
      95, 96, 97, -1,
      97, 96, 98, -1,
      99, 100, 101, -1,
      101, 100, 102, -1,
      103, 104, 105, -1,
      105, 104, 106, -1,
      107, 108, 109, -1,
      109, 108, 110, -1,
      111, 112, 113, -1,
      113, 112, 114, -1,
      115, 116, 117, -1,
      117, 116, 118, -1,
      119, 120, 121, -1,
      121, 120, 122, -1,
      123, 124, 125, -1,
      125, 124, 126, -1,
      127, 128, 129, -1,
      129, 128, 130, -1,
      131, 132, 133, -1,
      133, 132, 134, -1,
      135, 136, 137, -1,
      137, 136, 138, -1,
      139, 140, 141, -1,
      141, 140, 142, -1,
      143, 144, 145, -1,
      146, 147, 148, -1,
      148, 147, 149, -1,
      148, 149, 150, -1,
      150, 151, 148, -1,
      148, 151, 152, -1,
      148, 152, 143, -1,
      143, 152, 153, -1,
      143, 153, 154, -1,
      154, 155, 143, -1,
      143, 155, 156, -1,
      143, 156, 144, -1,
      157, 146, 158, -1,
      158, 146, 148, -1,
      158, 148, 159, -1,
      159, 148, 160, -1,
      145, 161, 143, -1,
      143, 161, 162, -1,
      143, 162, 163, -1,
      163, 162, 164, -1,
      163, 164, 165, -1,
      165, 166, 163, -1,
      163, 166, 167, -1,
      163, 167, 168, -1,
      157, 158, 169, -1,
      169, 158, 170, -1,
      169, 170, 171, -1,
      171, 172, 169, -1,
      169, 172, 173, -1,
      169, 173, 174, -1,
      175, 176, 177, -1,
      177, 176, 178, -1,
      177, 178, 179, -1,
      179, 180, 177, -1,
      177, 180, 181, -1,
      177, 181, 148, -1,
      148, 181, 182, -1,
      148, 182, 160, -1,
      183, 184, 185, -1,
      185, 184, 186, -1,
      186, 184, 168, -1,
      168, 184, 187, -1,
      168, 187, 163, -1,
      187, 188, 163, -1,
      163, 188, 189, -1,
      163, 189, 190, -1,
      190, 191, 163, -1,
      163, 191, 192, -1,
      163, 192, 177, -1,
      177, 192, 193, -1,
      177, 193, 175, -1,
      183, 185, 174, -1,
      174, 185, 194, -1,
      174, 194, 169, -1,
      195, 140, 196, -1,
      196, 140, 139, -1,
      196, 139, 98, -1,
      98, 96, 196, -1,
      196, 96, 102, -1,
      196, 102, 197, -1,
      102, 100, 197, -1,
      197, 100, 106, -1,
      197, 106, 104, -1,
      104, 126, 197, -1,
      197, 126, 124, -1,
      197, 124, 198, -1,
      127, 199, 200, -1,
      127, 200, 128, -1,
      128, 200, 201, -1,
      128, 201, 202, -1,
      135, 203, 204, -1,
      135, 204, 136, -1,
      136, 204, 205, -1,
      136, 205, 206, -1,
      207, 119, 208, -1,
      208, 119, 121, -1,
      208, 121, 115, -1,
      115, 117, 208, -1,
      208, 117, 111, -1,
      208, 111, 209, -1,
      111, 113, 209, -1,
      209, 113, 107, -1,
      209, 107, 109, -1,
      109, 133, 209, -1,
      209, 133, 134, -1,
      209, 134, 210, -1,
      211, 212, 132, -1,
      132, 131, 211, -1,
      211, 131, 110, -1,
      211, 110, 108, -1,
      108, 114, 211, -1,
      211, 114, 112, -1,
      211, 112, 213, -1,
      213, 112, 118, -1,
      213, 118, 116, -1,
      116, 122, 213, -1,
      213, 122, 120, -1,
      213, 120, 214, -1,
      138, 215, 216, -1,
      138, 216, 137, -1,
      137, 216, 217, -1,
      137, 217, 218, -1,
      219, 220, 130, -1,
      130, 220, 221, -1,
      130, 221, 129, -1,
      129, 221, 222, -1,
      223, 224, 123, -1,
      123, 125, 223, -1,
      223, 125, 103, -1,
      223, 103, 105, -1,
      105, 99, 223, -1,
      223, 99, 101, -1,
      223, 101, 225, -1,
      225, 101, 95, -1,
      225, 95, 97, -1,
      97, 141, 225, -1,
      225, 141, 142, -1,
      225, 142, 226, -1,
      211, 213, 227, -1,
      227, 213, 228, -1,
      227, 228, 229, -1,
      229, 228, 230, -1,
      229, 230, 231, -1,
      231, 230, 232, -1,
      231, 232, 233, -1,
      233, 232, 234, -1,
      233, 234, 235, -1,
      235, 234, 236, -1,
      235, 236, 237, -1,
      237, 236, 238, -1,
      237, 238, 239, -1,
      239, 238, 240, -1,
      239, 240, 241, -1,
      241, 240, 242, -1,
      241, 242, 243, -1,
      243, 242, 244, -1,
      243, 244, 245, -1,
      244, 246, 245, -1,
      245, 246, 163, -1,
      245, 163, 177, -1,
      233, 235, 247, -1,
      248, 249, 250, -1,
      177, 251, 252, -1,
      253, 251, 177, -1,
      250, 249, 177, -1,
      245, 177, 249, -1,
      254, 255, 256, -1,
      255, 254, 257, -1,
      257, 254, 258, -1,
      257, 258, 259, -1,
      259, 258, 260, -1,
      259, 260, 261, -1,
      261, 260, 262, -1,
      261, 262, 263, -1,
      263, 262, 264, -1,
      264, 262, 265, -1,
      264, 265, 266, -1,
      266, 265, 267, -1,
      267, 265, 268, -1,
      267, 268, 220, -1,
      269, 253, 177, -1,
      237, 239, 248, -1,
      248, 239, 241, -1,
      248, 241, 249, -1,
      249, 241, 243, -1,
      249, 243, 245, -1,
      270, 252, 271, -1,
      271, 252, 251, -1,
      271, 251, 272, -1,
      272, 251, 253, -1,
      272, 253, 273, -1,
      269, 274, 253, -1,
      253, 274, 275, -1,
      253, 275, 273, -1,
      273, 275, 276, -1,
      273, 276, 277, -1,
      247, 270, 278, -1,
      278, 270, 271, -1,
      278, 271, 279, -1,
      279, 271, 272, -1,
      279, 272, 280, -1,
      280, 272, 273, -1,
      280, 273, 281, -1,
      281, 273, 277, -1,
      229, 231, 282, -1,
      282, 231, 233, -1,
      233, 247, 282, -1,
      282, 247, 278, -1,
      282, 278, 283, -1,
      283, 278, 279, -1,
      283, 279, 284, -1,
      284, 279, 280, -1,
      284, 280, 285, -1,
      285, 280, 281, -1,
      285, 281, 286, -1,
      235, 237, 247, -1,
      247, 237, 248, -1,
      247, 248, 270, -1,
      270, 248, 250, -1,
      270, 250, 252, -1,
      252, 250, 177, -1,
      229, 254, 227, -1,
      227, 254, 256, -1,
      227, 256, 211, -1,
      277, 287, 281, -1,
      281, 287, 288, -1,
      281, 288, 286, -1,
      286, 288, 289, -1,
      286, 289, 290, -1,
      229, 282, 254, -1,
      254, 282, 283, -1,
      254, 283, 258, -1,
      258, 283, 284, -1,
      258, 284, 260, -1,
      260, 284, 285, -1,
      260, 285, 262, -1,
      262, 285, 286, -1,
      262, 286, 265, -1,
      265, 286, 290, -1,
      265, 290, 268, -1,
      291, 292, 293, -1,
      294, 295, 296, -1,
      163, 297, 298, -1,
      299, 297, 163, -1,
      296, 295, 163, -1,
      300, 163, 295, -1,
      301, 302, 303, -1,
      302, 301, 304, -1,
      304, 301, 305, -1,
      304, 305, 306, -1,
      306, 305, 307, -1,
      306, 307, 308, -1,
      308, 307, 309, -1,
      308, 309, 310, -1,
      310, 309, 311, -1,
      311, 309, 312, -1,
      311, 312, 313, -1,
      313, 312, 314, -1,
      314, 312, 228, -1,
      314, 228, 213, -1,
      246, 299, 163, -1,
      315, 316, 294, -1,
      294, 316, 317, -1,
      294, 317, 295, -1,
      295, 317, 318, -1,
      295, 318, 300, -1,
      319, 298, 320, -1,
      320, 298, 297, -1,
      320, 297, 321, -1,
      321, 297, 299, -1,
      321, 299, 322, -1,
      246, 244, 299, -1,
      299, 244, 242, -1,
      299, 242, 322, -1,
      322, 242, 240, -1,
      322, 240, 238, -1,
      293, 319, 323, -1,
      323, 319, 320, -1,
      323, 320, 324, -1,
      324, 320, 321, -1,
      324, 321, 325, -1,
      325, 321, 322, -1,
      325, 322, 326, -1,
      326, 322, 238, -1,
      327, 328, 329, -1,
      329, 328, 291, -1,
      291, 293, 329, -1,
      329, 293, 323, -1,
      329, 323, 330, -1,
      330, 323, 324, -1,
      330, 324, 331, -1,
      331, 324, 325, -1,
      331, 325, 332, -1,
      332, 325, 326, -1,
      332, 326, 333, -1,
      292, 315, 293, -1,
      293, 315, 294, -1,
      293, 294, 319, -1,
      319, 294, 296, -1,
      319, 296, 298, -1,
      298, 296, 163, -1,
      327, 301, 334, -1,
      334, 301, 303, -1,
      334, 303, 217, -1,
      238, 236, 326, -1,
      326, 236, 234, -1,
      326, 234, 333, -1,
      333, 234, 232, -1,
      333, 232, 230, -1,
      327, 329, 301, -1,
      301, 329, 330, -1,
      301, 330, 305, -1,
      305, 330, 331, -1,
      305, 331, 307, -1,
      307, 331, 332, -1,
      307, 332, 309, -1,
      309, 332, 333, -1,
      309, 333, 312, -1,
      312, 333, 230, -1,
      312, 230, 228, -1,
      221, 220, 335, -1,
      335, 220, 268, -1,
      335, 268, 336, -1,
      336, 268, 290, -1,
      336, 290, 337, -1,
      337, 290, 289, -1,
      337, 289, 338, -1,
      338, 289, 288, -1,
      338, 288, 339, -1,
      339, 288, 287, -1,
      339, 287, 340, -1,
      340, 287, 277, -1,
      340, 277, 341, -1,
      341, 277, 276, -1,
      341, 276, 342, -1,
      342, 276, 275, -1,
      342, 275, 343, -1,
      343, 275, 274, -1,
      343, 274, 344, -1,
      274, 269, 344, -1,
      344, 269, 177, -1,
      344, 177, 148, -1,
      345, 346, 256, -1,
      256, 346, 347, -1,
      256, 347, 211, -1,
      211, 347, 348, -1,
      211, 348, 212, -1,
      256, 255, 345, -1,
      345, 255, 257, -1,
      345, 257, 349, -1,
      349, 257, 259, -1,
      259, 261, 349, -1,
      349, 261, 263, -1,
      349, 263, 350, -1,
      350, 263, 264, -1,
      350, 264, 351, -1,
      351, 264, 266, -1,
      351, 266, 352, -1,
      352, 266, 267, -1,
      352, 267, 353, -1,
      353, 267, 220, -1,
      353, 220, 219, -1,
      354, 355, 303, -1,
      303, 355, 356, -1,
      303, 356, 217, -1,
      217, 356, 357, -1,
      217, 357, 218, -1,
      303, 302, 354, -1,
      354, 302, 304, -1,
      354, 304, 358, -1,
      358, 304, 306, -1,
      306, 308, 358, -1,
      358, 308, 310, -1,
      358, 310, 359, -1,
      359, 310, 311, -1,
      359, 311, 360, -1,
      360, 311, 313, -1,
      360, 313, 361, -1,
      361, 313, 314, -1,
      361, 314, 362, -1,
      362, 314, 213, -1,
      362, 213, 214, -1,
      217, 216, 334, -1,
      334, 216, 363, -1,
      334, 363, 327, -1,
      327, 363, 364, -1,
      327, 364, 328, -1,
      328, 364, 365, -1,
      328, 365, 291, -1,
      291, 365, 366, -1,
      291, 366, 292, -1,
      292, 366, 367, -1,
      292, 367, 315, -1,
      315, 367, 368, -1,
      315, 368, 316, -1,
      316, 368, 369, -1,
      316, 369, 317, -1,
      317, 369, 370, -1,
      317, 370, 318, -1,
      318, 370, 371, -1,
      318, 371, 300, -1,
      371, 372, 300, -1,
      300, 372, 143, -1,
      300, 143, 163, -1,
      223, 225, 373, -1,
      373, 225, 374, -1,
      373, 374, 375, -1,
      375, 374, 376, -1,
      375, 376, 377, -1,
      377, 376, 378, -1,
      377, 378, 379, -1,
      379, 378, 380, -1,
      379, 380, 381, -1,
      381, 380, 382, -1,
      381, 382, 383, -1,
      383, 382, 384, -1,
      383, 384, 385, -1,
      385, 384, 386, -1,
      385, 386, 387, -1,
      387, 386, 388, -1,
      387, 388, 389, -1,
      389, 388, 390, -1,
      389, 390, 391, -1,
      390, 392, 391, -1,
      391, 392, 148, -1,
      391, 148, 143, -1,
      338, 339, 393, -1,
      394, 395, 396, -1,
      148, 397, 398, -1,
      399, 397, 148, -1,
      396, 395, 148, -1,
      344, 148, 395, -1,
      400, 401, 402, -1,
      401, 400, 403, -1,
      403, 400, 404, -1,
      403, 404, 405, -1,
      405, 404, 406, -1,
      405, 406, 407, -1,
      407, 406, 408, -1,
      407, 408, 409, -1,
      409, 408, 410, -1,
      410, 408, 411, -1,
      410, 411, 412, -1,
      412, 411, 413, -1,
      413, 411, 374, -1,
      413, 374, 225, -1,
      392, 399, 148, -1,
      340, 341, 394, -1,
      394, 341, 342, -1,
      394, 342, 395, -1,
      395, 342, 343, -1,
      395, 343, 344, -1,
      414, 398, 415, -1,
      415, 398, 397, -1,
      415, 397, 416, -1,
      416, 397, 399, -1,
      416, 399, 417, -1,
      392, 390, 399, -1,
      399, 390, 388, -1,
      399, 388, 417, -1,
      417, 388, 386, -1,
      417, 386, 384, -1,
      393, 414, 418, -1,
      418, 414, 415, -1,
      418, 415, 419, -1,
      419, 415, 416, -1,
      419, 416, 420, -1,
      420, 416, 417, -1,
      420, 417, 421, -1,
      421, 417, 384, -1,
      336, 337, 422, -1,
      422, 337, 338, -1,
      338, 393, 422, -1,
      422, 393, 418, -1,
      422, 418, 423, -1,
      423, 418, 419, -1,
      423, 419, 424, -1,
      424, 419, 420, -1,
      424, 420, 425, -1,
      425, 420, 421, -1,
      425, 421, 426, -1,
      339, 340, 393, -1,
      393, 340, 394, -1,
      393, 394, 414, -1,
      414, 394, 396, -1,
      414, 396, 398, -1,
      398, 396, 148, -1,
      336, 400, 335, -1,
      335, 400, 402, -1,
      335, 402, 221, -1,
      384, 382, 421, -1,
      421, 382, 380, -1,
      421, 380, 426, -1,
      426, 380, 378, -1,
      426, 378, 376, -1,
      336, 422, 400, -1,
      400, 422, 423, -1,
      400, 423, 404, -1,
      404, 423, 424, -1,
      404, 424, 406, -1,
      406, 424, 425, -1,
      406, 425, 408, -1,
      408, 425, 426, -1,
      408, 426, 411, -1,
      411, 426, 376, -1,
      411, 376, 374, -1,
      134, 132, 210, -1,
      210, 132, 212, -1,
      210, 212, 427, -1,
      427, 212, 348, -1,
      427, 348, 428, -1,
      428, 348, 347, -1,
      428, 347, 429, -1,
      429, 347, 346, -1,
      429, 346, 430, -1,
      430, 346, 345, -1,
      430, 345, 431, -1,
      431, 345, 349, -1,
      431, 349, 432, -1,
      432, 349, 350, -1,
      432, 350, 433, -1,
      433, 350, 351, -1,
      433, 351, 434, -1,
      434, 351, 352, -1,
      434, 352, 435, -1,
      435, 352, 353, -1,
      435, 353, 202, -1,
      202, 353, 219, -1,
      202, 219, 128, -1,
      128, 219, 130, -1,
      135, 137, 203, -1,
      203, 137, 218, -1,
      203, 218, 436, -1,
      436, 218, 357, -1,
      436, 357, 437, -1,
      437, 357, 356, -1,
      437, 356, 438, -1,
      438, 356, 355, -1,
      438, 355, 439, -1,
      439, 355, 354, -1,
      439, 354, 440, -1,
      440, 354, 358, -1,
      440, 358, 441, -1,
      441, 358, 359, -1,
      441, 359, 442, -1,
      442, 359, 360, -1,
      442, 360, 443, -1,
      443, 360, 361, -1,
      443, 361, 444, -1,
      444, 361, 362, -1,
      444, 362, 207, -1,
      207, 362, 214, -1,
      207, 214, 119, -1,
      119, 214, 120, -1,
      379, 381, 445, -1,
      446, 447, 448, -1,
      143, 449, 450, -1,
      451, 449, 143, -1,
      448, 447, 143, -1,
      391, 143, 447, -1,
      452, 453, 454, -1,
      453, 452, 455, -1,
      455, 452, 456, -1,
      455, 456, 457, -1,
      457, 456, 458, -1,
      457, 458, 459, -1,
      459, 458, 460, -1,
      459, 460, 461, -1,
      461, 460, 462, -1,
      462, 460, 463, -1,
      462, 463, 464, -1,
      464, 463, 465, -1,
      465, 463, 363, -1,
      465, 363, 216, -1,
      372, 451, 143, -1,
      383, 385, 446, -1,
      446, 385, 387, -1,
      446, 387, 447, -1,
      447, 387, 389, -1,
      447, 389, 391, -1,
      466, 450, 467, -1,
      467, 450, 449, -1,
      467, 449, 468, -1,
      468, 449, 451, -1,
      468, 451, 469, -1,
      372, 371, 451, -1,
      451, 371, 370, -1,
      451, 370, 469, -1,
      469, 370, 369, -1,
      469, 369, 368, -1,
      445, 466, 470, -1,
      470, 466, 467, -1,
      470, 467, 471, -1,
      471, 467, 468, -1,
      471, 468, 472, -1,
      472, 468, 469, -1,
      472, 469, 473, -1,
      473, 469, 368, -1,
      375, 377, 474, -1,
      474, 377, 379, -1,
      379, 445, 474, -1,
      474, 445, 470, -1,
      474, 470, 475, -1,
      475, 470, 471, -1,
      475, 471, 476, -1,
      476, 471, 472, -1,
      476, 472, 477, -1,
      477, 472, 473, -1,
      477, 473, 478, -1,
      381, 383, 445, -1,
      445, 383, 446, -1,
      445, 446, 466, -1,
      466, 446, 448, -1,
      466, 448, 450, -1,
      450, 448, 143, -1,
      375, 452, 373, -1,
      373, 452, 454, -1,
      373, 454, 223, -1,
      368, 367, 473, -1,
      473, 367, 366, -1,
      473, 366, 478, -1,
      478, 366, 365, -1,
      478, 365, 364, -1,
      375, 474, 452, -1,
      452, 474, 475, -1,
      452, 475, 456, -1,
      456, 475, 476, -1,
      456, 476, 458, -1,
      458, 476, 477, -1,
      458, 477, 460, -1,
      460, 477, 478, -1,
      460, 478, 463, -1,
      463, 478, 364, -1,
      463, 364, 363, -1,
      479, 480, 402, -1,
      402, 480, 481, -1,
      402, 481, 221, -1,
      221, 481, 482, -1,
      221, 482, 222, -1,
      402, 401, 479, -1,
      479, 401, 403, -1,
      479, 403, 483, -1,
      483, 403, 405, -1,
      405, 407, 483, -1,
      483, 407, 409, -1,
      483, 409, 484, -1,
      484, 409, 410, -1,
      484, 410, 485, -1,
      485, 410, 412, -1,
      485, 412, 486, -1,
      486, 412, 413, -1,
      486, 413, 487, -1,
      487, 413, 225, -1,
      487, 225, 226, -1,
      202, 201, 435, -1,
      435, 201, 488, -1,
      435, 488, 434, -1,
      434, 488, 489, -1,
      434, 489, 433, -1,
      433, 489, 490, -1,
      433, 490, 432, -1,
      490, 491, 432, -1,
      432, 491, 492, -1,
      432, 492, 431, -1,
      209, 210, 493, -1,
      493, 210, 427, -1,
      493, 427, 494, -1,
      494, 427, 428, -1,
      494, 428, 495, -1,
      495, 428, 429, -1,
      495, 429, 496, -1,
      496, 429, 430, -1,
      496, 430, 497, -1,
      497, 430, 431, -1,
      497, 431, 498, -1,
      498, 431, 492, -1,
      208, 209, 499, -1,
      499, 209, 500, -1,
      499, 500, 501, -1,
      501, 500, 502, -1,
      501, 502, 503, -1,
      503, 502, 504, -1,
      503, 504, 505, -1,
      505, 504, 506, -1,
      505, 506, 507, -1,
      507, 506, 508, -1,
      507, 508, 509, -1,
      509, 508, 510, -1,
      509, 510, 511, -1,
      511, 510, 512, -1,
      511, 512, 513, -1,
      513, 512, 514, -1,
      513, 514, 515, -1,
      515, 514, 516, -1,
      515, 516, 517, -1,
      516, 518, 517, -1,
      517, 518, 62, -1,
      517, 62, 74, -1,
      441, 442, 519, -1,
      519, 442, 443, -1,
      519, 443, 208, -1,
      208, 443, 444, -1,
      208, 444, 207, -1,
      519, 520, 441, -1,
      441, 520, 521, -1,
      441, 521, 440, -1,
      440, 521, 522, -1,
      522, 523, 440, -1,
      440, 523, 524, -1,
      440, 524, 439, -1,
      439, 524, 525, -1,
      439, 525, 438, -1,
      438, 525, 526, -1,
      438, 526, 437, -1,
      437, 526, 527, -1,
      437, 527, 436, -1,
      436, 527, 204, -1,
      436, 204, 203, -1,
      528, 529, 454, -1,
      454, 529, 530, -1,
      454, 530, 223, -1,
      223, 530, 531, -1,
      223, 531, 224, -1,
      454, 453, 528, -1,
      528, 453, 455, -1,
      528, 455, 532, -1,
      532, 455, 457, -1,
      457, 459, 532, -1,
      532, 459, 461, -1,
      532, 461, 533, -1,
      533, 461, 462, -1,
      533, 462, 534, -1,
      534, 462, 464, -1,
      534, 464, 535, -1,
      535, 464, 465, -1,
      535, 465, 536, -1,
      536, 465, 216, -1,
      536, 216, 215, -1,
      127, 129, 199, -1,
      199, 129, 222, -1,
      199, 222, 537, -1,
      537, 222, 482, -1,
      537, 482, 538, -1,
      538, 482, 481, -1,
      538, 481, 539, -1,
      539, 481, 480, -1,
      539, 480, 540, -1,
      540, 480, 479, -1,
      540, 479, 541, -1,
      541, 479, 483, -1,
      541, 483, 542, -1,
      542, 483, 484, -1,
      542, 484, 543, -1,
      543, 484, 485, -1,
      543, 485, 544, -1,
      544, 485, 486, -1,
      544, 486, 545, -1,
      545, 486, 487, -1,
      545, 487, 195, -1,
      195, 487, 226, -1,
      195, 226, 140, -1,
      140, 226, 142, -1,
      546, 62, 547, -1,
      548, 549, 62, -1,
      514, 512, 550, -1,
      510, 508, 551, -1,
      552, 553, 554, -1,
      491, 490, 555, -1,
      489, 488, 556, -1,
      556, 488, 201, -1,
      557, 497, 498, -1,
      554, 495, 496, -1,
      495, 554, 494, -1,
      494, 554, 553, -1,
      494, 553, 493, -1,
      209, 493, 500, -1,
      500, 493, 553, -1,
      500, 553, 502, -1,
      502, 553, 552, -1,
      502, 552, 504, -1,
      504, 552, 506, -1,
      201, 558, 556, -1,
      556, 558, 559, -1,
      556, 559, 560, -1,
      508, 506, 551, -1,
      551, 506, 552, -1,
      551, 552, 561, -1,
      561, 552, 554, -1,
      561, 554, 557, -1,
      557, 554, 496, -1,
      557, 496, 497, -1,
      559, 562, 560, -1,
      560, 562, 563, -1,
      560, 563, 564, -1,
      512, 510, 550, -1,
      550, 510, 551, -1,
      550, 551, 565, -1,
      565, 551, 561, -1,
      565, 561, 566, -1,
      566, 561, 557, -1,
      566, 557, 567, -1,
      567, 557, 498, -1,
      567, 498, 492, -1,
      563, 568, 564, -1,
      564, 568, 569, -1,
      564, 569, 570, -1,
      567, 571, 566, -1,
      566, 571, 572, -1,
      566, 572, 565, -1,
      565, 572, 573, -1,
      565, 573, 550, -1,
      550, 573, 574, -1,
      550, 574, 514, -1,
      549, 548, 575, -1,
      490, 489, 555, -1,
      555, 489, 556, -1,
      555, 556, 576, -1,
      576, 556, 560, -1,
      576, 560, 577, -1,
      577, 560, 564, -1,
      577, 564, 578, -1,
      578, 564, 570, -1,
      578, 570, 579, -1,
      579, 570, 547, -1,
      579, 547, 62, -1,
      62, 518, 574, -1,
      574, 518, 516, -1,
      574, 516, 514, -1,
      571, 580, 572, -1,
      572, 580, 581, -1,
      572, 581, 573, -1,
      573, 581, 582, -1,
      573, 582, 574, -1,
      574, 582, 62, -1,
      580, 575, 581, -1,
      581, 575, 548, -1,
      581, 548, 582, -1,
      582, 548, 62, -1,
      569, 583, 570, -1,
      570, 583, 584, -1,
      570, 584, 547, -1,
      547, 584, 585, -1,
      547, 585, 546, -1,
      492, 491, 567, -1,
      567, 491, 555, -1,
      567, 555, 571, -1,
      571, 555, 576, -1,
      571, 576, 580, -1,
      580, 576, 577, -1,
      580, 577, 575, -1,
      575, 577, 578, -1,
      575, 578, 549, -1,
      549, 578, 579, -1,
      549, 579, 62, -1,
      517, 74, 586, -1,
      587, 588, 589, -1,
      590, 591, 592, -1,
      593, 594, 595, -1,
      519, 208, 499, -1,
      521, 520, 596, -1,
      596, 520, 519, -1,
      527, 526, 594, -1,
      594, 526, 525, -1,
      594, 525, 595, -1,
      595, 525, 524, -1,
      595, 524, 523, -1,
      204, 527, 597, -1,
      597, 527, 594, -1,
      597, 594, 598, -1,
      598, 594, 593, -1,
      598, 593, 599, -1,
      599, 593, 600, -1,
      519, 499, 596, -1,
      596, 499, 501, -1,
      596, 501, 601, -1,
      591, 600, 592, -1,
      592, 600, 593, -1,
      592, 593, 602, -1,
      602, 593, 595, -1,
      602, 595, 603, -1,
      603, 595, 523, -1,
      501, 503, 601, -1,
      601, 503, 505, -1,
      601, 505, 604, -1,
      588, 590, 589, -1,
      589, 590, 592, -1,
      589, 592, 605, -1,
      605, 592, 602, -1,
      605, 602, 606, -1,
      606, 602, 603, -1,
      505, 507, 604, -1,
      604, 507, 509, -1,
      604, 509, 607, -1,
      606, 608, 605, -1,
      605, 608, 609, -1,
      605, 609, 589, -1,
      589, 609, 610, -1,
      589, 610, 587, -1,
      522, 521, 611, -1,
      611, 521, 596, -1,
      611, 596, 612, -1,
      612, 596, 601, -1,
      612, 601, 613, -1,
      613, 601, 604, -1,
      613, 604, 614, -1,
      614, 604, 607, -1,
      614, 607, 615, -1,
      615, 607, 586, -1,
      615, 586, 74, -1,
      74, 616, 610, -1,
      610, 616, 617, -1,
      610, 617, 587, -1,
      608, 618, 609, -1,
      609, 618, 619, -1,
      609, 619, 610, -1,
      610, 619, 74, -1,
      618, 620, 619, -1,
      619, 620, 74, -1,
      509, 511, 607, -1,
      607, 511, 513, -1,
      607, 513, 586, -1,
      586, 513, 515, -1,
      586, 515, 517, -1,
      523, 522, 603, -1,
      603, 522, 611, -1,
      603, 611, 606, -1,
      606, 611, 612, -1,
      606, 612, 608, -1,
      608, 612, 613, -1,
      608, 613, 618, -1,
      618, 613, 614, -1,
      618, 614, 620, -1,
      620, 614, 615, -1,
      620, 615, 74, -1,
      124, 123, 198, -1,
      198, 123, 224, -1,
      198, 224, 621, -1,
      621, 224, 531, -1,
      621, 531, 622, -1,
      622, 531, 530, -1,
      622, 530, 623, -1,
      623, 530, 529, -1,
      623, 529, 624, -1,
      624, 529, 528, -1,
      624, 528, 625, -1,
      625, 528, 532, -1,
      625, 532, 626, -1,
      626, 532, 533, -1,
      626, 533, 627, -1,
      627, 533, 534, -1,
      627, 534, 628, -1,
      628, 534, 535, -1,
      628, 535, 629, -1,
      629, 535, 536, -1,
      629, 536, 206, -1,
      206, 536, 215, -1,
      206, 215, 136, -1,
      136, 215, 138, -1,
      542, 543, 630, -1,
      630, 543, 544, -1,
      630, 544, 196, -1,
      196, 544, 545, -1,
      196, 545, 195, -1,
      630, 631, 542, -1,
      542, 631, 632, -1,
      542, 632, 541, -1,
      541, 632, 633, -1,
      633, 634, 541, -1,
      541, 634, 635, -1,
      541, 635, 540, -1,
      540, 635, 636, -1,
      540, 636, 539, -1,
      539, 636, 637, -1,
      539, 637, 538, -1,
      538, 637, 638, -1,
      538, 638, 537, -1,
      537, 638, 200, -1,
      537, 200, 199, -1,
      201, 200, 558, -1,
      558, 200, 639, -1,
      558, 639, 559, -1,
      559, 639, 640, -1,
      559, 640, 562, -1,
      562, 640, 641, -1,
      562, 641, 563, -1,
      563, 641, 642, -1,
      563, 642, 568, -1,
      568, 642, 643, -1,
      568, 643, 569, -1,
      569, 643, 644, -1,
      569, 644, 583, -1,
      583, 644, 645, -1,
      583, 645, 584, -1,
      584, 645, 646, -1,
      584, 646, 585, -1,
      585, 646, 647, -1,
      585, 647, 546, -1,
      647, 648, 546, -1,
      546, 648, 64, -1,
      546, 64, 62, -1,
      205, 204, 649, -1,
      649, 204, 597, -1,
      649, 597, 650, -1,
      650, 597, 598, -1,
      650, 598, 651, -1,
      651, 598, 599, -1,
      651, 599, 652, -1,
      652, 599, 600, -1,
      652, 600, 653, -1,
      653, 600, 591, -1,
      653, 591, 654, -1,
      654, 591, 590, -1,
      654, 590, 655, -1,
      655, 590, 588, -1,
      655, 588, 656, -1,
      656, 588, 587, -1,
      656, 587, 657, -1,
      657, 587, 617, -1,
      657, 617, 658, -1,
      617, 616, 658, -1,
      658, 616, 74, -1,
      658, 74, 65, -1,
      626, 627, 659, -1,
      659, 627, 628, -1,
      659, 628, 205, -1,
      205, 628, 629, -1,
      205, 629, 206, -1,
      659, 660, 626, -1,
      626, 660, 661, -1,
      626, 661, 625, -1,
      625, 661, 662, -1,
      662, 663, 625, -1,
      625, 663, 664, -1,
      625, 664, 624, -1,
      624, 664, 665, -1,
      624, 665, 623, -1,
      623, 665, 666, -1,
      623, 666, 622, -1,
      622, 666, 667, -1,
      622, 667, 621, -1,
      621, 667, 197, -1,
      621, 197, 198, -1,
      668, 64, 669, -1,
      646, 645, 670, -1,
      644, 643, 671, -1,
      672, 673, 674, -1,
      630, 196, 675, -1,
      632, 631, 676, -1,
      676, 631, 630, -1,
      638, 637, 673, -1,
      673, 637, 636, -1,
      673, 636, 674, -1,
      674, 636, 635, -1,
      674, 635, 634, -1,
      200, 638, 639, -1,
      639, 638, 673, -1,
      639, 673, 640, -1,
      640, 673, 672, -1,
      640, 672, 641, -1,
      641, 672, 642, -1,
      630, 675, 676, -1,
      676, 675, 677, -1,
      676, 677, 678, -1,
      643, 642, 671, -1,
      671, 642, 672, -1,
      671, 672, 679, -1,
      679, 672, 674, -1,
      679, 674, 680, -1,
      680, 674, 634, -1,
      677, 681, 678, -1,
      678, 681, 682, -1,
      678, 682, 683, -1,
      645, 644, 670, -1,
      670, 644, 671, -1,
      670, 671, 684, -1,
      684, 671, 679, -1,
      684, 679, 685, -1,
      685, 679, 680, -1,
      682, 686, 683, -1,
      683, 686, 687, -1,
      683, 687, 688, -1,
      685, 689, 684, -1,
      684, 689, 690, -1,
      684, 690, 670, -1,
      670, 690, 691, -1,
      670, 691, 646, -1,
      633, 632, 692, -1,
      692, 632, 676, -1,
      692, 676, 693, -1,
      693, 676, 678, -1,
      693, 678, 694, -1,
      694, 678, 683, -1,
      694, 683, 695, -1,
      695, 683, 688, -1,
      695, 688, 696, -1,
      696, 688, 669, -1,
      696, 669, 64, -1,
      64, 648, 691, -1,
      691, 648, 647, -1,
      691, 647, 646, -1,
      689, 697, 690, -1,
      690, 697, 698, -1,
      690, 698, 691, -1,
      691, 698, 64, -1,
      697, 699, 698, -1,
      698, 699, 64, -1,
      687, 700, 688, -1,
      688, 700, 701, -1,
      688, 701, 669, -1,
      669, 701, 702, -1,
      669, 702, 668, -1,
      634, 633, 680, -1,
      680, 633, 692, -1,
      680, 692, 685, -1,
      685, 692, 693, -1,
      685, 693, 689, -1,
      689, 693, 694, -1,
      689, 694, 697, -1,
      697, 694, 695, -1,
      697, 695, 699, -1,
      699, 695, 696, -1,
      699, 696, 64, -1,
      658, 65, 703, -1,
      704, 705, 706, -1,
      707, 708, 709, -1,
      710, 711, 712, -1,
      659, 205, 649, -1,
      661, 660, 713, -1,
      713, 660, 659, -1,
      667, 666, 711, -1,
      711, 666, 665, -1,
      711, 665, 712, -1,
      712, 665, 664, -1,
      712, 664, 663, -1,
      197, 667, 714, -1,
      714, 667, 711, -1,
      714, 711, 715, -1,
      715, 711, 710, -1,
      715, 710, 716, -1,
      716, 710, 717, -1,
      659, 649, 713, -1,
      713, 649, 650, -1,
      713, 650, 718, -1,
      708, 717, 709, -1,
      709, 717, 710, -1,
      709, 710, 719, -1,
      719, 710, 712, -1,
      719, 712, 720, -1,
      720, 712, 663, -1,
      650, 651, 718, -1,
      718, 651, 652, -1,
      718, 652, 721, -1,
      705, 707, 706, -1,
      706, 707, 709, -1,
      706, 709, 722, -1,
      722, 709, 719, -1,
      722, 719, 723, -1,
      723, 719, 720, -1,
      652, 653, 721, -1,
      721, 653, 654, -1,
      721, 654, 724, -1,
      723, 725, 722, -1,
      722, 725, 726, -1,
      722, 726, 706, -1,
      706, 726, 727, -1,
      706, 727, 704, -1,
      662, 661, 728, -1,
      728, 661, 713, -1,
      728, 713, 729, -1,
      729, 713, 718, -1,
      729, 718, 730, -1,
      730, 718, 721, -1,
      730, 721, 731, -1,
      731, 721, 724, -1,
      731, 724, 732, -1,
      732, 724, 703, -1,
      732, 703, 65, -1,
      65, 733, 727, -1,
      727, 733, 734, -1,
      727, 734, 704, -1,
      725, 735, 726, -1,
      726, 735, 736, -1,
      726, 736, 727, -1,
      727, 736, 65, -1,
      735, 737, 736, -1,
      736, 737, 65, -1,
      654, 655, 724, -1,
      724, 655, 656, -1,
      724, 656, 703, -1,
      703, 656, 657, -1,
      703, 657, 658, -1,
      663, 662, 720, -1,
      720, 662, 728, -1,
      720, 728, 723, -1,
      723, 728, 729, -1,
      723, 729, 725, -1,
      725, 729, 730, -1,
      725, 730, 735, -1,
      735, 730, 731, -1,
      735, 731, 737, -1,
      737, 731, 732, -1,
      737, 732, 65, -1,
      196, 197, 675, -1,
      675, 197, 714, -1,
      675, 714, 677, -1,
      677, 714, 715, -1,
      677, 715, 681, -1,
      681, 715, 716, -1,
      681, 716, 682, -1,
      682, 716, 717, -1,
      682, 717, 686, -1,
      686, 717, 708, -1,
      686, 708, 687, -1,
      687, 708, 707, -1,
      687, 707, 700, -1,
      700, 707, 705, -1,
      700, 705, 701, -1,
      701, 705, 704, -1,
      701, 704, 702, -1,
      702, 704, 734, -1,
      702, 734, 668, -1,
      734, 733, 668, -1,
      668, 733, 65, -1,
      668, 65, 64, -1,
      738, 181, 739, -1,
      739, 181, 180, -1,
      739, 180, 740, -1,
      740, 180, 179, -1,
      740, 179, 741, -1,
      741, 179, 178, -1,
      741, 178, 742, -1,
      742, 178, 176, -1,
      742, 176, 743, -1,
      743, 176, 175, -1,
      743, 175, 744, -1,
      744, 175, 193, -1,
      744, 193, 745, -1,
      745, 193, 192, -1,
      745, 192, 746, -1,
      746, 192, 191, -1,
      746, 191, 747, -1,
      747, 191, 190, -1,
      747, 190, 748, -1,
      748, 190, 189, -1,
      748, 189, 749, -1,
      749, 189, 188, -1,
      749, 188, 750, -1,
      750, 188, 187, -1,
      750, 187, 751, -1,
      751, 187, 184, -1,
      751, 184, 752, -1,
      752, 184, 183, -1,
      752, 183, 753, -1,
      753, 183, 174, -1,
      753, 174, 754, -1,
      754, 174, 173, -1,
      754, 173, 755, -1,
      755, 173, 172, -1,
      755, 172, 756, -1,
      756, 172, 171, -1,
      756, 171, 757, -1,
      757, 171, 170, -1,
      757, 170, 758, -1,
      758, 170, 158, -1,
      758, 158, 759, -1,
      759, 158, 159, -1,
      759, 159, 760, -1,
      760, 159, 160, -1,
      760, 160, 761, -1,
      761, 160, 182, -1,
      761, 182, 738, -1,
      738, 182, 181, -1,
      760, 761, 762, -1,
      762, 761, 738, -1,
      762, 738, 739, -1,
      757, 758, 762, -1,
      762, 758, 759, -1,
      762, 759, 760, -1,
      754, 755, 762, -1,
      762, 755, 756, -1,
      762, 756, 757, -1,
      751, 752, 762, -1,
      762, 752, 753, -1,
      762, 753, 754, -1,
      748, 749, 762, -1,
      762, 749, 750, -1,
      762, 750, 751, -1,
      745, 746, 762, -1,
      762, 746, 747, -1,
      762, 747, 748, -1,
      742, 743, 762, -1,
      762, 743, 744, -1,
      762, 744, 745, -1,
      739, 740, 762, -1,
      762, 740, 741, -1,
      762, 741, 742, -1,
      763, 146, 764, -1,
      764, 146, 157, -1,
      764, 157, 765, -1,
      765, 157, 169, -1,
      765, 169, 766, -1,
      766, 169, 194, -1,
      766, 194, 767, -1,
      767, 194, 185, -1,
      767, 185, 768, -1,
      768, 185, 186, -1,
      768, 186, 769, -1,
      769, 186, 168, -1,
      769, 168, 770, -1,
      770, 168, 167, -1,
      770, 167, 771, -1,
      771, 167, 166, -1,
      771, 166, 772, -1,
      772, 166, 165, -1,
      772, 165, 773, -1,
      773, 165, 164, -1,
      773, 164, 774, -1,
      774, 164, 162, -1,
      774, 162, 775, -1,
      775, 162, 161, -1,
      775, 161, 776, -1,
      776, 161, 145, -1,
      776, 145, 777, -1,
      777, 145, 144, -1,
      777, 144, 778, -1,
      778, 144, 156, -1,
      778, 156, 779, -1,
      779, 156, 155, -1,
      779, 155, 780, -1,
      780, 155, 154, -1,
      780, 154, 781, -1,
      781, 154, 153, -1,
      781, 153, 782, -1,
      782, 153, 152, -1,
      782, 152, 783, -1,
      783, 152, 151, -1,
      783, 151, 784, -1,
      784, 151, 150, -1,
      784, 150, 785, -1,
      785, 150, 149, -1,
      785, 149, 786, -1,
      786, 149, 147, -1,
      786, 147, 763, -1,
      763, 147, 146, -1,
    ]
  }
}

Shape {
  appearance Appearance {
    material Material {
      diffuseColor 0.8510 0.8510 0.8510
      specularColor 0.4235 0.4235 0.4235
      ambientIntensity 0.2
      transparency 0.0000
      shininess 0.5
    }
  }
  geometry IndexedFaceSet {
    ccw TRUE
    solid FALSE
    coord DEF co Coordinate {
      point [
        -0.326360 -0.368020 0.322835,
        -0.328550 -0.351388 0.322835,
        -0.334970 -0.335889 0.322835,
        -0.345182 -0.322580 0.322835,
        -0.358491 -0.312367 0.322835,
        -0.373990 -0.305947 0.322835,
        -0.390623 -0.303757 0.322835,
        -0.407255 -0.305947 0.322835,
        -0.422754 -0.312367 0.322835,
        -0.436063 -0.322580 0.322835,
        -0.446276 -0.335889 0.322835,
        -0.452696 -0.351388 0.322835,
        -0.454885 -0.368020 0.322835,
        -0.452696 -0.384653 0.322835,
        -0.446276 -0.400152 0.322835,
        -0.436063 -0.413461 0.322835,
        -0.422754 -0.423673 0.322835,
        -0.407255 -0.430093 0.322835,
        -0.390623 -0.432283 0.322835,
        -0.373990 -0.430093 0.322835,
        -0.358491 -0.423673 0.322835,
        -0.345182 -0.413461 0.322835,
        -0.334970 -0.400152 0.322835,
        -0.328550 -0.384653 0.322835,
        -0.390623 -0.368020 0.322835,
      ]
    }
    coordIndex [
      22, 23, 24, -1,
      24, 23, 0, -1,
      24, 0, 1, -1,
      19, 20, 24, -1,
      24, 20, 21, -1,
      24, 21, 22, -1,
      16, 17, 24, -1,
      24, 17, 18, -1,
      24, 18, 19, -1,
      13, 14, 24, -1,
      24, 14, 15, -1,
      24, 15, 16, -1,
      10, 11, 24, -1,
      24, 11, 12, -1,
      24, 12, 13, -1,
      7, 8, 24, -1,
      24, 8, 9, -1,
      24, 9, 10, -1,
      4, 5, 24, -1,
      24, 5, 6, -1,
      24, 6, 7, -1,
      1, 2, 24, -1,
      24, 2, 3, -1,
      24, 3, 4, -1,
    ]
  }
}

Shape {
  appearance Appearance {
    material Material {
      diffuseColor 0.6471 0.6196 0.5882
      specularColor 0.4510 0.4353 0.4118
      ambientIntensity 0.2
      transparency 0.0000
      shininess 0.5
    }
  }
  geometry IndexedFaceSet {
    ccw TRUE
    solid FALSE
    coord DEF co Coordinate {
      point [
        0.171260 -0.551181 0.207677,
        0.171260 -0.551181 0.150591,
        0.340551 -0.551181 0.207677,
        0.340551 -0.551181 0.150591,
        -0.084646 -0.551181 0.207677,
        -0.084646 -0.551181 0.150591,
        0.084646 -0.551181 0.207677,
        0.084646 -0.551181 0.150591,
        -0.340551 -0.551181 0.207677,
        -0.340551 -0.551181 0.150591,
        -0.171260 -0.551181 0.207677,
        -0.171260 -0.551181 0.150591,
        0.171260 0.551181 0.150591,
        0.171260 0.551181 0.207677,
        0.340551 0.551181 0.150591,
        0.340551 0.551181 0.207677,
        -0.084646 0.551181 0.150591,
        -0.084646 0.551181 0.207677,
        0.084646 0.551181 0.150591,
        0.084646 0.551181 0.207677,
        -0.340551 0.551181 0.150591,
        -0.340551 0.551181 0.207677,
        -0.171260 0.551181 0.150591,
        -0.171260 0.551181 0.207677,
        -0.427165 0.551181 0.150591,
        -0.427165 0.551181 0.207677,
        -0.427165 -0.551181 0.207677,
        -0.427165 -0.551181 0.150591,
        0.427165 0.551181 0.207677,
        0.427165 0.551181 0.150591,
        0.427165 -0.551181 0.150591,
        0.427165 -0.551181 0.207677,
        -0.340551 -0.787402 0.057087,
        -0.340551 -0.709179 0.057087,
        -0.427165 -0.787402 0.057087,
        -0.427165 -0.709179 0.057087,
        -0.340551 -0.787402 -0.000000,
        -0.427165 -0.787402 -0.000000,
        -0.340551 -0.709179 -0.000000,
        -0.427165 -0.709179 -0.000000,
        -0.427165 -0.690219 0.002076,
        -0.340551 -0.690219 0.002076,
        -0.427165 -0.672158 0.008207,
        -0.340551 -0.672158 0.008207,
        -0.427165 -0.655852 0.018102,
        -0.340551 -0.655852 0.018102,
        -0.427165 -0.642074 0.031291,
        -0.340551 -0.642074 0.031291,
        -0.427165 -0.631478 0.047150,
        -0.340551 -0.631478 0.047150,
        -0.427165 -0.624565 0.064926,
        -0.340551 -0.624565 0.064926,
        -0.340551 -0.607671 0.127976,
        -0.427165 -0.607671 0.127976,
        -0.340551 -0.605263 0.134168,
        -0.427165 -0.605263 0.134168,
        -0.340551 -0.601572 0.139691,
        -0.427165 -0.601572 0.139691,
        -0.340551 -0.596774 0.144285,
        -0.427165 -0.596774 0.144285,
        -0.340551 -0.591094 0.147732,
        -0.427165 -0.591094 0.147732,
        -0.340551 -0.584803 0.149867,
        -0.427165 -0.584803 0.149867,
        -0.340551 -0.578199 0.150591,
        -0.427165 -0.578199 0.150591,
        -0.340551 -0.578199 0.207677,
        -0.427165 -0.578199 0.207677,
        -0.427165 -0.600871 0.204693,
        -0.340551 -0.600871 0.204693,
        -0.427165 -0.621998 0.195941,
        -0.340551 -0.621998 0.195941,
        -0.427165 -0.640141 0.182020,
        -0.340551 -0.640141 0.182020,
        -0.427165 -0.654061 0.163878,
        -0.340551 -0.654061 0.163878,
        -0.427165 -0.662813 0.142751,
        -0.340551 -0.662813 0.142751,
        -0.340551 -0.679707 0.079702,
        -0.427165 -0.679707 0.079702,
        -0.340551 -0.682115 0.073509,
        -0.427165 -0.682115 0.073509,
        -0.340551 -0.685806 0.067986,
        -0.427165 -0.685806 0.067986,
        -0.340551 -0.690604 0.063392,
        -0.427165 -0.690604 0.063392,
        -0.340551 -0.696284 0.059945,
        -0.427165 -0.696284 0.059945,
        -0.340551 -0.702575 0.057810,
        -0.427165 -0.702575 0.057810,
        -0.340551 0.709179 0.057087,
        -0.340551 0.787402 0.057087,
        -0.427165 0.709179 0.057087,
        -0.427165 0.787402 0.057087,
        -0.340551 0.702575 0.057810,
        -0.427165 0.702575 0.057810,
        -0.340551 0.696284 0.059945,
        -0.427165 0.696284 0.059945,
        -0.340551 0.690604 0.063392,
        -0.427165 0.690604 0.063392,
        -0.340551 0.685806 0.067986,
        -0.427165 0.685806 0.067986,
        -0.340551 0.682115 0.073509,
        -0.427165 0.682115 0.073509,
        -0.340551 0.679707 0.079702,
        -0.427165 0.679707 0.079702,
        -0.340551 0.662813 0.142751,
        -0.427165 0.662813 0.142751,
        -0.427165 0.654061 0.163878,
        -0.340551 0.654061 0.163878,
        -0.427165 0.640141 0.182020,
        -0.340551 0.640141 0.182020,
        -0.427165 0.621998 0.195941,
        -0.340551 0.621998 0.195941,
        -0.427165 0.600871 0.204693,
        -0.340551 0.600871 0.204693,
        -0.427165 0.578199 0.207677,
        -0.340551 0.578199 0.207677,
        -0.340551 0.578199 0.150591,
        -0.427165 0.578199 0.150591,
        -0.340551 0.584803 0.149867,
        -0.427165 0.584803 0.149867,
        -0.340551 0.591094 0.147732,
        -0.427165 0.591094 0.147732,
        -0.340551 0.596774 0.144285,
        -0.427165 0.596774 0.144285,
        -0.340551 0.601572 0.139691,
        -0.427165 0.601572 0.139691,
        -0.340551 0.605263 0.134168,
        -0.427165 0.605263 0.134168,
        -0.340551 0.607671 0.127976,
        -0.427165 0.607671 0.127976,
        -0.340551 0.624565 0.064926,
        -0.427165 0.624565 0.064926,
        -0.427165 0.633317 0.043799,
        -0.340551 0.633317 0.043799,
        -0.427165 0.647237 0.025657,
        -0.340551 0.647237 0.025657,
        -0.427165 0.665380 0.011736,
        -0.340551 0.665380 0.011736,
        -0.427165 0.686507 0.002985,
        -0.340551 0.686507 0.002985,
        -0.427165 0.709179 -0.000000,
        -0.340551 0.709179 -0.000000,
        -0.340551 0.787402 -0.000000,
        -0.427165 0.787402 -0.000000,
        -0.084646 0.709179 0.057087,
        -0.084646 0.787402 0.057087,
        -0.171260 0.709179 0.057087,
        -0.171260 0.787402 0.057087,
        -0.084646 0.702575 0.057810,
        -0.171260 0.702575 0.057810,
        -0.084646 0.696284 0.059945,
        -0.171260 0.696284 0.059945,
        -0.084646 0.690604 0.063392,
        -0.171260 0.690604 0.063392,
        -0.084646 0.685806 0.067986,
        -0.171260 0.685806 0.067986,
        -0.084646 0.682115 0.073509,
        -0.171260 0.682115 0.073509,
        -0.084646 0.679707 0.079702,
        -0.171260 0.679707 0.079702,
        -0.084646 0.662813 0.142751,
        -0.171260 0.662813 0.142751,
        -0.171260 0.654061 0.163878,
        -0.084646 0.654061 0.163878,
        -0.171260 0.640141 0.182020,
        -0.084646 0.640141 0.182020,
        -0.171260 0.621998 0.195941,
        -0.084646 0.621998 0.195941,
        -0.171260 0.600871 0.204693,
        -0.084646 0.600871 0.204693,
        -0.171260 0.578199 0.207677,
        -0.084646 0.578199 0.207677,
        -0.084646 0.578199 0.150591,
        -0.171260 0.578199 0.150591,
        -0.084646 0.584803 0.149867,
        -0.171260 0.584803 0.149867,
        -0.084646 0.591094 0.147732,
        -0.171260 0.591094 0.147732,
        -0.084646 0.596774 0.144285,
        -0.171260 0.596774 0.144285,
        -0.084646 0.601572 0.139691,
        -0.171260 0.601572 0.139691,
        -0.084646 0.605263 0.134168,
        -0.171260 0.605263 0.134168,
        -0.084646 0.607671 0.127976,
        -0.171260 0.607671 0.127976,
        -0.084646 0.624565 0.064926,
        -0.171260 0.624565 0.064926,
        -0.171260 0.633317 0.043799,
        -0.084646 0.633317 0.043799,
        -0.171260 0.647237 0.025657,
        -0.084646 0.647237 0.025657,
        -0.171260 0.665380 0.011736,
        -0.084646 0.665380 0.011736,
        -0.171260 0.686507 0.002985,
        -0.084646 0.686507 0.002985,
        -0.171260 0.709179 -0.000000,
        -0.084646 0.709179 -0.000000,
        -0.084646 0.787402 -0.000000,
        -0.171260 0.787402 -0.000000,
        0.171260 0.709179 0.057087,
        0.171260 0.787402 0.057087,
        0.084646 0.709179 0.057087,
        0.084646 0.787402 0.057087,
        0.171260 0.702575 0.057810,
        0.084646 0.702575 0.057810,
        0.171260 0.696284 0.059945,
        0.084646 0.696284 0.059945,
        0.171260 0.690604 0.063392,
        0.084646 0.690604 0.063392,
        0.171260 0.685806 0.067986,
        0.084646 0.685806 0.067986,
        0.171260 0.682115 0.073509,
        0.084646 0.682115 0.073509,
        0.171260 0.679707 0.079702,
        0.084646 0.679707 0.079702,
        0.171260 0.662813 0.142751,
        0.084646 0.662813 0.142751,
        0.084646 0.654061 0.163878,
        0.171260 0.654061 0.163878,
        0.084646 0.640141 0.182020,
        0.171260 0.640141 0.182020,
        0.084646 0.621998 0.195941,
        0.171260 0.621998 0.195941,
        0.084646 0.600871 0.204693,
        0.171260 0.600871 0.204693,
        0.084646 0.578199 0.207677,
        0.171260 0.578199 0.207677,
        0.171260 0.578199 0.150591,
        0.084646 0.578199 0.150591,
        0.171260 0.584803 0.149867,
        0.084646 0.584803 0.149867,
        0.171260 0.591094 0.147732,
        0.084646 0.591094 0.147732,
        0.171260 0.596774 0.144285,
        0.084646 0.596774 0.144285,
        0.171260 0.601572 0.139691,
        0.084646 0.601572 0.139691,
        0.171260 0.605263 0.134168,
        0.084646 0.605263 0.134168,
        0.171260 0.607671 0.127976,
        0.084646 0.607671 0.127976,
        0.171260 0.624565 0.064926,
        0.084646 0.624565 0.064926,
        0.084646 0.633317 0.043799,
        0.171260 0.633317 0.043799,
        0.084646 0.647237 0.025657,
        0.171260 0.647237 0.025657,
        0.084646 0.665380 0.011736,
        0.171260 0.665380 0.011736,
        0.084646 0.686507 0.002985,
        0.171260 0.686507 0.002985,
        0.084646 0.709179 -0.000000,
        0.171260 0.709179 -0.000000,
        0.171260 0.787402 -0.000000,
        0.084646 0.787402 -0.000000,
        0.427165 0.709179 0.057087,
        0.427165 0.787402 0.057087,
        0.340551 0.709179 0.057087,
        0.340551 0.787402 0.057087,
        0.427165 0.702575 0.057810,
        0.340551 0.702575 0.057810,
        0.427165 0.696284 0.059945,
        0.340551 0.696284 0.059945,
        0.427165 0.690604 0.063392,
        0.340551 0.690604 0.063392,
        0.427165 0.685806 0.067986,
        0.340551 0.685806 0.067986,
        0.427165 0.682115 0.073509,
        0.340551 0.682115 0.073509,
        0.427165 0.679707 0.079702,
        0.340551 0.679707 0.079702,
        0.427165 0.662813 0.142751,
        0.340551 0.662813 0.142751,
        0.340551 0.654061 0.163878,
        0.427165 0.654061 0.163878,
        0.340551 0.640141 0.182020,
        0.427165 0.640141 0.182020,
        0.340551 0.621998 0.195941,
        0.427165 0.621998 0.195941,
        0.340551 0.600871 0.204693,
        0.427165 0.600871 0.204693,
        0.340551 0.578199 0.207677,
        0.427165 0.578199 0.207677,
        0.427165 0.578199 0.150591,
        0.340551 0.578199 0.150591,
        0.427165 0.584803 0.149867,
        0.340551 0.584803 0.149867,
        0.427165 0.591094 0.147732,
        0.340551 0.591094 0.147732,
        0.427165 0.596774 0.144285,
        0.340551 0.596774 0.144285,
        0.427165 0.601572 0.139691,
        0.340551 0.601572 0.139691,
        0.427165 0.605263 0.134168,
        0.340551 0.605263 0.134168,
        0.427165 0.607671 0.127976,
        0.340551 0.607671 0.127976,
        0.427165 0.624565 0.064926,
        0.340551 0.624565 0.064926,
        0.340551 0.633317 0.043799,
        0.427165 0.633317 0.043799,
        0.340551 0.647237 0.025657,
        0.427165 0.647237 0.025657,
        0.340551 0.665380 0.011736,
        0.427165 0.665380 0.011736,
        0.340551 0.686507 0.002985,
        0.427165 0.686507 0.002985,
        0.340551 0.709179 -0.000000,
        0.427165 0.709179 -0.000000,
        0.427165 0.787402 -0.000000,
        0.340551 0.787402 -0.000000,
        -0.084646 -0.787402 0.057087,
        -0.084646 -0.709179 0.057087,
        -0.171260 -0.787402 0.057087,
        -0.171260 -0.709179 0.057087,
        -0.084646 -0.787402 -0.000000,
        -0.171260 -0.787402 -0.000000,
        -0.084646 -0.709179 -0.000000,
        -0.171260 -0.709179 -0.000000,
        -0.171260 -0.690219 0.002076,
        -0.084646 -0.690219 0.002076,
        -0.171260 -0.672158 0.008207,
        -0.084646 -0.672158 0.008207,
        -0.171260 -0.655852 0.018102,
        -0.084646 -0.655852 0.018102,
        -0.171260 -0.642074 0.031291,
        -0.084646 -0.642074 0.031291,
        -0.171260 -0.631478 0.047150,
        -0.084646 -0.631478 0.047150,
        -0.171260 -0.624565 0.064926,
        -0.084646 -0.624565 0.064926,
        -0.084646 -0.607671 0.127976,
        -0.171260 -0.607671 0.127976,
        -0.084646 -0.605263 0.134168,
        -0.171260 -0.605263 0.134168,
        -0.084646 -0.601572 0.139691,
        -0.171260 -0.601572 0.139691,
        -0.084646 -0.596774 0.144285,
        -0.171260 -0.596774 0.144285,
        -0.084646 -0.591094 0.147732,
        -0.171260 -0.591094 0.147732,
        -0.084646 -0.584803 0.149867,
        -0.171260 -0.584803 0.149867,
        -0.084646 -0.578199 0.150591,
        -0.171260 -0.578199 0.150591,
        -0.084646 -0.578199 0.207677,
        -0.171260 -0.578199 0.207677,
        -0.171260 -0.600871 0.204693,
        -0.084646 -0.600871 0.204693,
        -0.171260 -0.621998 0.195941,
        -0.084646 -0.621998 0.195941,
        -0.171260 -0.640141 0.182020,
        -0.084646 -0.640141 0.182020,
        -0.171260 -0.654061 0.163878,
        -0.084646 -0.654061 0.163878,
        -0.171260 -0.662813 0.142751,
        -0.084646 -0.662813 0.142751,
        -0.084646 -0.679707 0.079702,
        -0.171260 -0.679707 0.079702,
        -0.084646 -0.682115 0.073509,
        -0.171260 -0.682115 0.073509,
        -0.084646 -0.685806 0.067986,
        -0.171260 -0.685806 0.067986,
        -0.084646 -0.690604 0.063392,
        -0.171260 -0.690604 0.063392,
        -0.084646 -0.696284 0.059945,
        -0.171260 -0.696284 0.059945,
        -0.084646 -0.702575 0.057810,
        -0.171260 -0.702575 0.057810,
        0.171260 -0.787402 0.057087,
        0.171260 -0.709179 0.057087,
        0.084646 -0.787402 0.057087,
        0.084646 -0.709179 0.057087,
        0.171260 -0.787402 -0.000000,
        0.084646 -0.787402 -0.000000,
        0.171260 -0.709179 -0.000000,
        0.084646 -0.709179 -0.000000,
        0.084646 -0.690219 0.002076,
        0.171260 -0.690219 0.002076,
        0.084646 -0.672158 0.008207,
        0.171260 -0.672158 0.008207,
        0.084646 -0.655852 0.018102,
        0.171260 -0.655852 0.018102,
        0.084646 -0.642074 0.031291,
        0.171260 -0.642074 0.031291,
        0.084646 -0.631478 0.047150,
        0.171260 -0.631478 0.047150,
        0.084646 -0.624565 0.064926,
        0.171260 -0.624565 0.064926,
        0.171260 -0.607671 0.127976,
        0.084646 -0.607671 0.127976,
        0.171260 -0.605263 0.134168,
        0.084646 -0.605263 0.134168,
        0.171260 -0.601572 0.139691,
        0.084646 -0.601572 0.139691,
        0.171260 -0.596774 0.144285,
        0.084646 -0.596774 0.144285,
        0.171260 -0.591094 0.147732,
        0.084646 -0.591094 0.147732,
        0.171260 -0.584803 0.149867,
        0.084646 -0.584803 0.149867,
        0.171260 -0.578199 0.150591,
        0.084646 -0.578199 0.150591,
        0.171260 -0.578199 0.207677,
        0.084646 -0.578199 0.207677,
        0.084646 -0.600871 0.204693,
        0.171260 -0.600871 0.204693,
        0.084646 -0.621998 0.195941,
        0.171260 -0.621998 0.195941,
        0.084646 -0.640141 0.182020,
        0.171260 -0.640141 0.182020,
        0.084646 -0.654061 0.163878,
        0.171260 -0.654061 0.163878,
        0.084646 -0.662813 0.142751,
        0.171260 -0.662813 0.142751,
        0.171260 -0.679707 0.079702,
        0.084646 -0.679707 0.079702,
        0.171260 -0.682115 0.073509,
        0.084646 -0.682115 0.073509,
        0.171260 -0.685806 0.067986,
        0.084646 -0.685806 0.067986,
        0.171260 -0.690604 0.063392,
        0.084646 -0.690604 0.063392,
        0.171260 -0.696284 0.059945,
        0.084646 -0.696284 0.059945,
        0.171260 -0.702575 0.057810,
        0.084646 -0.702575 0.057810,
        0.427165 -0.787402 0.057087,
        0.427165 -0.709179 0.057087,
        0.340551 -0.787402 0.057087,
        0.340551 -0.709179 0.057087,
        0.427165 -0.787402 -0.000000,
        0.340551 -0.787402 -0.000000,
        0.427165 -0.709179 -0.000000,
        0.340551 -0.709179 -0.000000,
        0.340551 -0.690219 0.002076,
        0.427165 -0.690219 0.002076,
        0.340551 -0.672158 0.008207,
        0.427165 -0.672158 0.008207,
        0.340551 -0.655852 0.018102,
        0.427165 -0.655852 0.018102,
        0.340551 -0.642074 0.031291,
        0.427165 -0.642074 0.031291,
        0.340551 -0.631478 0.047150,
        0.427165 -0.631478 0.047150,
        0.340551 -0.624565 0.064926,
        0.427165 -0.624565 0.064926,
        0.427165 -0.607671 0.127976,
        0.340551 -0.607671 0.127976,
        0.427165 -0.605263 0.134168,
        0.340551 -0.605263 0.134168,
        0.427165 -0.601572 0.139691,
        0.340551 -0.601572 0.139691,
        0.427165 -0.596774 0.144285,
        0.340551 -0.596774 0.144285,
        0.427165 -0.591094 0.147732,
        0.340551 -0.591094 0.147732,
        0.427165 -0.584803 0.149867,
        0.340551 -0.584803 0.149867,
        0.427165 -0.578199 0.150591,
        0.340551 -0.578199 0.150591,
        0.427165 -0.578199 0.207677,
        0.340551 -0.578199 0.207677,
        0.340551 -0.600871 0.204693,
        0.427165 -0.600871 0.204693,
        0.340551 -0.621998 0.195941,
        0.427165 -0.621998 0.195941,
        0.340551 -0.640141 0.182020,
        0.427165 -0.640141 0.182020,
        0.340551 -0.654061 0.163878,
        0.427165 -0.654061 0.163878,
        0.340551 -0.662813 0.142751,
        0.427165 -0.662813 0.142751,
        0.427165 -0.679707 0.079702,
        0.340551 -0.679707 0.079702,
        0.427165 -0.682115 0.073509,
        0.340551 -0.682115 0.073509,
        0.427165 -0.685806 0.067986,
        0.340551 -0.685806 0.067986,
        0.427165 -0.690604 0.063392,
        0.340551 -0.690604 0.063392,
        0.427165 -0.696284 0.059945,
        0.340551 -0.696284 0.059945,
        0.427165 -0.702575 0.057810,
        0.340551 -0.702575 0.057810,
      ]
    }
    coordIndex [
      32, 33, 34, -1,
      34, 33, 35, -1,
      36, 32, 37, -1,
      37, 32, 34, -1,
      38, 36, 39, -1,
      39, 36, 37, -1,
      38, 39, 40, -1,
      38, 40, 41, -1,
      41, 40, 42, -1,
      41, 42, 43, -1,
      43, 42, 44, -1,
      43, 44, 45, -1,
      45, 44, 46, -1,
      45, 46, 47, -1,
      47, 46, 48, -1,
      47, 48, 49, -1,
      49, 48, 50, -1,
      49, 50, 51, -1,
      52, 51, 53, -1,
      53, 51, 50, -1,
      52, 53, 54, -1,
      54, 53, 55, -1,
      54, 55, 56, -1,
      56, 55, 57, -1,
      56, 57, 58, -1,
      58, 57, 59, -1,
      58, 59, 60, -1,
      60, 59, 61, -1,
      60, 61, 62, -1,
      62, 61, 63, -1,
      62, 63, 64, -1,
      64, 63, 65, -1,
      9, 64, 27, -1,
      27, 64, 65, -1,
      66, 8, 67, -1,
      67, 8, 26, -1,
      66, 67, 68, -1,
      66, 68, 69, -1,
      69, 68, 70, -1,
      69, 70, 71, -1,
      71, 70, 72, -1,
      71, 72, 73, -1,
      73, 72, 74, -1,
      73, 74, 75, -1,
      75, 74, 76, -1,
      75, 76, 77, -1,
      78, 77, 79, -1,
      79, 77, 76, -1,
      78, 79, 80, -1,
      80, 79, 81, -1,
      80, 81, 82, -1,
      82, 81, 83, -1,
      82, 83, 84, -1,
      84, 83, 85, -1,
      84, 85, 86, -1,
      86, 85, 87, -1,
      86, 87, 88, -1,
      88, 87, 89, -1,
      88, 89, 33, -1,
      33, 89, 35, -1,
      9, 8, 64, -1,
      64, 8, 66, -1,
      64, 66, 62, -1,
      62, 66, 69, -1,
      62, 69, 60, -1,
      60, 69, 71, -1,
      60, 71, 58, -1,
      58, 71, 73, -1,
      32, 36, 33, -1,
      33, 36, 38, -1,
      33, 38, 88, -1,
      88, 38, 41, -1,
      88, 41, 86, -1,
      86, 41, 43, -1,
      86, 43, 84, -1,
      84, 43, 45, -1,
      84, 45, 82, -1,
      82, 45, 47, -1,
      82, 47, 80, -1,
      80, 47, 49, -1,
      80, 49, 78, -1,
      78, 49, 51, -1,
      78, 51, 77, -1,
      77, 51, 52, -1,
      77, 52, 75, -1,
      75, 52, 54, -1,
      75, 54, 73, -1,
      73, 54, 56, -1,
      73, 56, 58, -1,
      26, 27, 67, -1,
      67, 27, 65, -1,
      67, 65, 68, -1,
      68, 65, 63, -1,
      68, 63, 70, -1,
      70, 63, 61, -1,
      70, 61, 72, -1,
      61, 59, 72, -1,
      72, 59, 57, -1,
      72, 57, 74, -1,
      74, 57, 55, -1,
      74, 55, 76, -1,
      76, 55, 53, -1,
      76, 53, 79, -1,
      79, 53, 50, -1,
      79, 50, 81, -1,
      81, 50, 48, -1,
      81, 48, 83, -1,
      83, 48, 46, -1,
      83, 46, 85, -1,
      85, 46, 44, -1,
      85, 44, 87, -1,
      87, 44, 42, -1,
      87, 42, 89, -1,
      89, 42, 40, -1,
      89, 40, 35, -1,
      35, 40, 39, -1,
      35, 39, 34, -1,
      34, 39, 37, -1,
      90, 91, 92, -1,
      92, 91, 93, -1,
      90, 92, 94, -1,
      94, 92, 95, -1,
      94, 95, 96, -1,
      96, 95, 97, -1,
      96, 97, 98, -1,
      98, 97, 99, -1,
      98, 99, 100, -1,
      100, 99, 101, -1,
      100, 101, 102, -1,
      102, 101, 103, -1,
      102, 103, 104, -1,
      104, 103, 105, -1,
      106, 104, 107, -1,
      107, 104, 105, -1,
      106, 107, 108, -1,
      106, 108, 109, -1,
      109, 108, 110, -1,
      109, 110, 111, -1,
      111, 110, 112, -1,
      111, 112, 113, -1,
      113, 112, 114, -1,
      113, 114, 115, -1,
      115, 114, 116, -1,
      115, 116, 117, -1,
      21, 117, 25, -1,
      25, 117, 116, -1,
      118, 20, 119, -1,
      119, 20, 24, -1,
      118, 119, 120, -1,
      120, 119, 121, -1,
      120, 121, 122, -1,
      122, 121, 123, -1,
      122, 123, 124, -1,
      124, 123, 125, -1,
      124, 125, 126, -1,
      126, 125, 127, -1,
      126, 127, 128, -1,
      128, 127, 129, -1,
      128, 129, 130, -1,
      130, 129, 131, -1,
      132, 130, 133, -1,
      133, 130, 131, -1,
      132, 133, 134, -1,
      132, 134, 135, -1,
      135, 134, 136, -1,
      135, 136, 137, -1,
      137, 136, 138, -1,
      137, 138, 139, -1,
      139, 138, 140, -1,
      139, 140, 141, -1,
      141, 140, 142, -1,
      141, 142, 143, -1,
      144, 143, 145, -1,
      145, 143, 142, -1,
      91, 144, 93, -1,
      93, 144, 145, -1,
      144, 91, 143, -1,
      143, 91, 90, -1,
      143, 90, 141, -1,
      141, 90, 94, -1,
      141, 94, 139, -1,
      21, 20, 117, -1,
      117, 20, 118, -1,
      117, 118, 115, -1,
      115, 118, 120, -1,
      115, 120, 113, -1,
      120, 122, 113, -1,
      113, 122, 124, -1,
      113, 124, 111, -1,
      111, 124, 126, -1,
      111, 126, 109, -1,
      109, 126, 128, -1,
      109, 128, 106, -1,
      106, 128, 130, -1,
      106, 130, 104, -1,
      104, 130, 132, -1,
      104, 132, 102, -1,
      102, 132, 135, -1,
      102, 135, 100, -1,
      100, 135, 137, -1,
      100, 137, 98, -1,
      98, 137, 139, -1,
      98, 139, 96, -1,
      96, 139, 94, -1,
      93, 145, 92, -1,
      92, 145, 142, -1,
      92, 142, 95, -1,
      95, 142, 140, -1,
      95, 140, 97, -1,
      97, 140, 138, -1,
      97, 138, 99, -1,
      24, 25, 119, -1,
      119, 25, 116, -1,
      119, 116, 121, -1,
      121, 116, 114, -1,
      121, 114, 123, -1,
      123, 114, 112, -1,
      99, 138, 101, -1,
      101, 138, 136, -1,
      101, 136, 103, -1,
      103, 136, 134, -1,
      103, 134, 105, -1,
      105, 134, 133, -1,
      105, 133, 107, -1,
      107, 133, 131, -1,
      107, 131, 108, -1,
      108, 131, 129, -1,
      108, 129, 110, -1,
      110, 129, 127, -1,
      110, 127, 112, -1,
      112, 127, 125, -1,
      112, 125, 123, -1,
      146, 147, 148, -1,
      148, 147, 149, -1,
      146, 148, 150, -1,
      150, 148, 151, -1,
      150, 151, 152, -1,
      152, 151, 153, -1,
      152, 153, 154, -1,
      154, 153, 155, -1,
      154, 155, 156, -1,
      156, 155, 157, -1,
      156, 157, 158, -1,
      158, 157, 159, -1,
      158, 159, 160, -1,
      160, 159, 161, -1,
      162, 160, 163, -1,
      163, 160, 161, -1,
      162, 163, 164, -1,
      162, 164, 165, -1,
      165, 164, 166, -1,
      165, 166, 167, -1,
      167, 166, 168, -1,
      167, 168, 169, -1,
      169, 168, 170, -1,
      169, 170, 171, -1,
      171, 170, 172, -1,
      171, 172, 173, -1,
      17, 173, 23, -1,
      23, 173, 172, -1,
      174, 16, 175, -1,
      175, 16, 22, -1,
      174, 175, 176, -1,
      176, 175, 177, -1,
      176, 177, 178, -1,
      178, 177, 179, -1,
      178, 179, 180, -1,
      180, 179, 181, -1,
      180, 181, 182, -1,
      182, 181, 183, -1,
      182, 183, 184, -1,
      184, 183, 185, -1,
      184, 185, 186, -1,
      186, 185, 187, -1,
      188, 186, 189, -1,
      189, 186, 187, -1,
      188, 189, 190, -1,
      188, 190, 191, -1,
      191, 190, 192, -1,
      191, 192, 193, -1,
      193, 192, 194, -1,
      193, 194, 195, -1,
      195, 194, 196, -1,
      195, 196, 197, -1,
      197, 196, 198, -1,
      197, 198, 199, -1,
      200, 199, 201, -1,
      201, 199, 198, -1,
      147, 200, 149, -1,
      149, 200, 201, -1,
      200, 147, 199, -1,
      199, 147, 146, -1,
      199, 146, 197, -1,
      197, 146, 150, -1,
      197, 150, 195, -1,
      17, 16, 173, -1,
      173, 16, 174, -1,
      173, 174, 171, -1,
      171, 174, 176, -1,
      171, 176, 169, -1,
      176, 178, 169, -1,
      169, 178, 180, -1,
      169, 180, 167, -1,
      167, 180, 182, -1,
      167, 182, 165, -1,
      165, 182, 184, -1,
      165, 184, 162, -1,
      162, 184, 186, -1,
      162, 186, 160, -1,
      160, 186, 188, -1,
      160, 188, 158, -1,
      158, 188, 191, -1,
      158, 191, 156, -1,
      156, 191, 193, -1,
      156, 193, 154, -1,
      154, 193, 195, -1,
      154, 195, 152, -1,
      152, 195, 150, -1,
      149, 201, 148, -1,
      148, 201, 198, -1,
      148, 198, 151, -1,
      151, 198, 196, -1,
      151, 196, 153, -1,
      153, 196, 194, -1,
      153, 194, 155, -1,
      22, 23, 175, -1,
      175, 23, 172, -1,
      175, 172, 177, -1,
      177, 172, 170, -1,
      177, 170, 179, -1,
      179, 170, 168, -1,
      155, 194, 157, -1,
      157, 194, 192, -1,
      157, 192, 159, -1,
      159, 192, 190, -1,
      159, 190, 161, -1,
      161, 190, 189, -1,
      161, 189, 163, -1,
      163, 189, 187, -1,
      163, 187, 164, -1,
      164, 187, 185, -1,
      164, 185, 166, -1,
      166, 185, 183, -1,
      166, 183, 168, -1,
      168, 183, 181, -1,
      168, 181, 179, -1,
      202, 203, 204, -1,
      204, 203, 205, -1,
      202, 204, 206, -1,
      206, 204, 207, -1,
      206, 207, 208, -1,
      208, 207, 209, -1,
      208, 209, 210, -1,
      210, 209, 211, -1,
      210, 211, 212, -1,
      212, 211, 213, -1,
      212, 213, 214, -1,
      214, 213, 215, -1,
      214, 215, 216, -1,
      216, 215, 217, -1,
      218, 216, 219, -1,
      219, 216, 217, -1,
      218, 219, 220, -1,
      218, 220, 221, -1,
      221, 220, 222, -1,
      221, 222, 223, -1,
      223, 222, 224, -1,
      223, 224, 225, -1,
      225, 224, 226, -1,
      225, 226, 227, -1,
      227, 226, 228, -1,
      227, 228, 229, -1,
      13, 229, 19, -1,
      19, 229, 228, -1,
      230, 12, 231, -1,
      231, 12, 18, -1,
      230, 231, 232, -1,
      232, 231, 233, -1,
      232, 233, 234, -1,
      234, 233, 235, -1,
      234, 235, 236, -1,
      236, 235, 237, -1,
      236, 237, 238, -1,
      238, 237, 239, -1,
      238, 239, 240, -1,
      240, 239, 241, -1,
      240, 241, 242, -1,
      242, 241, 243, -1,
      244, 242, 245, -1,
      245, 242, 243, -1,
      244, 245, 246, -1,
      244, 246, 247, -1,
      247, 246, 248, -1,
      247, 248, 249, -1,
      249, 248, 250, -1,
      249, 250, 251, -1,
      251, 250, 252, -1,
      251, 252, 253, -1,
      253, 252, 254, -1,
      253, 254, 255, -1,
      256, 255, 257, -1,
      257, 255, 254, -1,
      203, 256, 205, -1,
      205, 256, 257, -1,
      256, 203, 255, -1,
      255, 203, 202, -1,
      255, 202, 253, -1,
      253, 202, 206, -1,
      253, 206, 251, -1,
      13, 12, 229, -1,
      229, 12, 230, -1,
      229, 230, 227, -1,
      227, 230, 232, -1,
      227, 232, 225, -1,
      232, 234, 225, -1,
      225, 234, 236, -1,
      225, 236, 223, -1,
      223, 236, 238, -1,
      223, 238, 221, -1,
      221, 238, 240, -1,
      221, 240, 218, -1,
      218, 240, 242, -1,
      218, 242, 216, -1,
      216, 242, 244, -1,
      216, 244, 214, -1,
      214, 244, 247, -1,
      214, 247, 212, -1,
      212, 247, 249, -1,
      212, 249, 210, -1,
      210, 249, 251, -1,
      210, 251, 208, -1,
      208, 251, 206, -1,
      205, 257, 204, -1,
      204, 257, 254, -1,
      204, 254, 207, -1,
      207, 254, 252, -1,
      207, 252, 209, -1,
      209, 252, 250, -1,
      209, 250, 211, -1,
      18, 19, 231, -1,
      231, 19, 228, -1,
      231, 228, 233, -1,
      233, 228, 226, -1,
      233, 226, 235, -1,
      235, 226, 224, -1,
      211, 250, 213, -1,
      213, 250, 248, -1,
      213, 248, 215, -1,
      215, 248, 246, -1,
      215, 246, 217, -1,
      217, 246, 245, -1,
      217, 245, 219, -1,
      219, 245, 243, -1,
      219, 243, 220, -1,
      220, 243, 241, -1,
      220, 241, 222, -1,
      222, 241, 239, -1,
      222, 239, 224, -1,
      224, 239, 237, -1,
      224, 237, 235, -1,
      258, 259, 260, -1,
      260, 259, 261, -1,
      258, 260, 262, -1,
      262, 260, 263, -1,
      262, 263, 264, -1,
      264, 263, 265, -1,
      264, 265, 266, -1,
      266, 265, 267, -1,
      266, 267, 268, -1,
      268, 267, 269, -1,
      268, 269, 270, -1,
      270, 269, 271, -1,
      270, 271, 272, -1,
      272, 271, 273, -1,
      274, 272, 275, -1,
      275, 272, 273, -1,
      274, 275, 276, -1,
      274, 276, 277, -1,
      277, 276, 278, -1,
      277, 278, 279, -1,
      279, 278, 280, -1,
      279, 280, 281, -1,
      281, 280, 282, -1,
      281, 282, 283, -1,
      283, 282, 284, -1,
      283, 284, 285, -1,
      28, 285, 15, -1,
      15, 285, 284, -1,
      286, 29, 287, -1,
      287, 29, 14, -1,
      286, 287, 288, -1,
      288, 287, 289, -1,
      288, 289, 290, -1,
      290, 289, 291, -1,
      290, 291, 292, -1,
      292, 291, 293, -1,
      292, 293, 294, -1,
      294, 293, 295, -1,
      294, 295, 296, -1,
      296, 295, 297, -1,
      296, 297, 298, -1,
      298, 297, 299, -1,
      300, 298, 301, -1,
      301, 298, 299, -1,
      300, 301, 302, -1,
      300, 302, 303, -1,
      303, 302, 304, -1,
      303, 304, 305, -1,
      305, 304, 306, -1,
      305, 306, 307, -1,
      307, 306, 308, -1,
      307, 308, 309, -1,
      309, 308, 310, -1,
      309, 310, 311, -1,
      312, 311, 313, -1,
      313, 311, 310, -1,
      259, 312, 261, -1,
      261, 312, 313, -1,
      312, 259, 311, -1,
      311, 259, 258, -1,
      311, 258, 309, -1,
      309, 258, 262, -1,
      309, 262, 307, -1,
      28, 29, 285, -1,
      285, 29, 286, -1,
      285, 286, 283, -1,
      283, 286, 288, -1,
      283, 288, 281, -1,
      288, 290, 281, -1,
      281, 290, 292, -1,
      281, 292, 279, -1,
      279, 292, 294, -1,
      279, 294, 277, -1,
      277, 294, 296, -1,
      277, 296, 274, -1,
      274, 296, 298, -1,
      274, 298, 272, -1,
      272, 298, 300, -1,
      272, 300, 270, -1,
      270, 300, 303, -1,
      270, 303, 268, -1,
      268, 303, 305, -1,
      268, 305, 266, -1,
      266, 305, 307, -1,
      266, 307, 264, -1,
      264, 307, 262, -1,
      261, 313, 260, -1,
      260, 313, 310, -1,
      260, 310, 263, -1,
      263, 310, 308, -1,
      263, 308, 265, -1,
      265, 308, 306, -1,
      265, 306, 267, -1,
      14, 15, 287, -1,
      287, 15, 284, -1,
      287, 284, 289, -1,
      289, 284, 282, -1,
      289, 282, 291, -1,
      291, 282, 280, -1,
      267, 306, 269, -1,
      269, 306, 304, -1,
      269, 304, 271, -1,
      271, 304, 302, -1,
      271, 302, 273, -1,
      273, 302, 301, -1,
      273, 301, 275, -1,
      275, 301, 299, -1,
      275, 299, 276, -1,
      276, 299, 297, -1,
      276, 297, 278, -1,
      278, 297, 295, -1,
      278, 295, 280, -1,
      280, 295, 293, -1,
      280, 293, 291, -1,
      314, 315, 316, -1,
      316, 315, 317, -1,
      318, 314, 319, -1,
      319, 314, 316, -1,
      320, 318, 321, -1,
      321, 318, 319, -1,
      320, 321, 322, -1,
      320, 322, 323, -1,
      323, 322, 324, -1,
      323, 324, 325, -1,
      325, 324, 326, -1,
      325, 326, 327, -1,
      327, 326, 328, -1,
      327, 328, 329, -1,
      329, 328, 330, -1,
      329, 330, 331, -1,
      331, 330, 332, -1,
      331, 332, 333, -1,
      334, 333, 335, -1,
      335, 333, 332, -1,
      334, 335, 336, -1,
      336, 335, 337, -1,
      336, 337, 338, -1,
      338, 337, 339, -1,
      338, 339, 340, -1,
      340, 339, 341, -1,
      340, 341, 342, -1,
      342, 341, 343, -1,
      342, 343, 344, -1,
      344, 343, 345, -1,
      344, 345, 346, -1,
      346, 345, 347, -1,
      5, 346, 11, -1,
      11, 346, 347, -1,
      348, 4, 349, -1,
      349, 4, 10, -1,
      348, 349, 350, -1,
      348, 350, 351, -1,
      351, 350, 352, -1,
      351, 352, 353, -1,
      353, 352, 354, -1,
      353, 354, 355, -1,
      355, 354, 356, -1,
      355, 356, 357, -1,
      357, 356, 358, -1,
      357, 358, 359, -1,
      360, 359, 361, -1,
      361, 359, 358, -1,
      360, 361, 362, -1,
      362, 361, 363, -1,
      362, 363, 364, -1,
      364, 363, 365, -1,
      364, 365, 366, -1,
      366, 365, 367, -1,
      366, 367, 368, -1,
      368, 367, 369, -1,
      368, 369, 370, -1,
      370, 369, 371, -1,
      370, 371, 315, -1,
      315, 371, 317, -1,
      5, 4, 346, -1,
      346, 4, 348, -1,
      346, 348, 344, -1,
      344, 348, 351, -1,
      344, 351, 342, -1,
      342, 351, 353, -1,
      342, 353, 340, -1,
      340, 353, 355, -1,
      314, 318, 315, -1,
      315, 318, 320, -1,
      315, 320, 370, -1,
      370, 320, 323, -1,
      370, 323, 368, -1,
      368, 323, 325, -1,
      368, 325, 366, -1,
      366, 325, 327, -1,
      366, 327, 364, -1,
      364, 327, 329, -1,
      364, 329, 362, -1,
      362, 329, 331, -1,
      362, 331, 360, -1,
      360, 331, 333, -1,
      360, 333, 359, -1,
      359, 333, 334, -1,
      359, 334, 357, -1,
      357, 334, 336, -1,
      357, 336, 355, -1,
      355, 336, 338, -1,
      355, 338, 340, -1,
      10, 11, 349, -1,
      349, 11, 347, -1,
      349, 347, 350, -1,
      350, 347, 345, -1,
      350, 345, 352, -1,
      352, 345, 343, -1,
      352, 343, 354, -1,
      343, 341, 354, -1,
      354, 341, 339, -1,
      354, 339, 356, -1,
      356, 339, 337, -1,
      356, 337, 358, -1,
      358, 337, 335, -1,
      358, 335, 361, -1,
      361, 335, 332, -1,
      361, 332, 363, -1,
      363, 332, 330, -1,
      363, 330, 365, -1,
      365, 330, 328, -1,
      365, 328, 367, -1,
      367, 328, 326, -1,
      367, 326, 369, -1,
      369, 326, 324, -1,
      369, 324, 371, -1,
      371, 324, 322, -1,
      371, 322, 317, -1,
      317, 322, 321, -1,
      317, 321, 316, -1,
      316, 321, 319, -1,
      372, 373, 374, -1,
      374, 373, 375, -1,
      376, 372, 377, -1,
      377, 372, 374, -1,
      378, 376, 379, -1,
      379, 376, 377, -1,
      378, 379, 380, -1,
      378, 380, 381, -1,
      381, 380, 382, -1,
      381, 382, 383, -1,
      383, 382, 384, -1,
      383, 384, 385, -1,
      385, 384, 386, -1,
      385, 386, 387, -1,
      387, 386, 388, -1,
      387, 388, 389, -1,
      389, 388, 390, -1,
      389, 390, 391, -1,
      392, 391, 393, -1,
      393, 391, 390, -1,
      392, 393, 394, -1,
      394, 393, 395, -1,
      394, 395, 396, -1,
      396, 395, 397, -1,
      396, 397, 398, -1,
      398, 397, 399, -1,
      398, 399, 400, -1,
      400, 399, 401, -1,
      400, 401, 402, -1,
      402, 401, 403, -1,
      402, 403, 404, -1,
      404, 403, 405, -1,
      1, 404, 7, -1,
      7, 404, 405, -1,
      406, 0, 407, -1,
      407, 0, 6, -1,
      406, 407, 408, -1,
      406, 408, 409, -1,
      409, 408, 410, -1,
      409, 410, 411, -1,
      411, 410, 412, -1,
      411, 412, 413, -1,
      413, 412, 414, -1,
      413, 414, 415, -1,
      415, 414, 416, -1,
      415, 416, 417, -1,
      418, 417, 419, -1,
      419, 417, 416, -1,
      418, 419, 420, -1,
      420, 419, 421, -1,
      420, 421, 422, -1,
      422, 421, 423, -1,
      422, 423, 424, -1,
      424, 423, 425, -1,
      424, 425, 426, -1,
      426, 425, 427, -1,
      426, 427, 428, -1,
      428, 427, 429, -1,
      428, 429, 373, -1,
      373, 429, 375, -1,
      1, 0, 404, -1,
      404, 0, 406, -1,
      404, 406, 402, -1,
      402, 406, 409, -1,
      402, 409, 400, -1,
      400, 409, 411, -1,
      400, 411, 398, -1,
      398, 411, 413, -1,
      372, 376, 373, -1,
      373, 376, 378, -1,
      373, 378, 428, -1,
      428, 378, 381, -1,
      428, 381, 426, -1,
      426, 381, 383, -1,
      426, 383, 424, -1,
      424, 383, 385, -1,
      424, 385, 422, -1,
      422, 385, 387, -1,
      422, 387, 420, -1,
      420, 387, 389, -1,
      420, 389, 418, -1,
      418, 389, 391, -1,
      418, 391, 417, -1,
      417, 391, 392, -1,
      417, 392, 415, -1,
      415, 392, 394, -1,
      415, 394, 413, -1,
      413, 394, 396, -1,
      413, 396, 398, -1,
      6, 7, 407, -1,
      407, 7, 405, -1,
      407, 405, 408, -1,
      408, 405, 403, -1,
      408, 403, 410, -1,
      410, 403, 401, -1,
      410, 401, 412, -1,
      401, 399, 412, -1,
      412, 399, 397, -1,
      412, 397, 414, -1,
      414, 397, 395, -1,
      414, 395, 416, -1,
      416, 395, 393, -1,
      416, 393, 419, -1,
      419, 393, 390, -1,
      419, 390, 421, -1,
      421, 390, 388, -1,
      421, 388, 423, -1,
      423, 388, 386, -1,
      423, 386, 425, -1,
      425, 386, 384, -1,
      425, 384, 427, -1,
      427, 384, 382, -1,
      427, 382, 429, -1,
      429, 382, 380, -1,
      429, 380, 375, -1,
      375, 380, 379, -1,
      375, 379, 374, -1,
      374, 379, 377, -1,
      430, 431, 432, -1,
      432, 431, 433, -1,
      434, 430, 435, -1,
      435, 430, 432, -1,
      436, 434, 437, -1,
      437, 434, 435, -1,
      436, 437, 438, -1,
      436, 438, 439, -1,
      439, 438, 440, -1,
      439, 440, 441, -1,
      441, 440, 442, -1,
      441, 442, 443, -1,
      443, 442, 444, -1,
      443, 444, 445, -1,
      445, 444, 446, -1,
      445, 446, 447, -1,
      447, 446, 448, -1,
      447, 448, 449, -1,
      450, 449, 451, -1,
      451, 449, 448, -1,
      450, 451, 452, -1,
      452, 451, 453, -1,
      452, 453, 454, -1,
      454, 453, 455, -1,
      454, 455, 456, -1,
      456, 455, 457, -1,
      456, 457, 458, -1,
      458, 457, 459, -1,
      458, 459, 460, -1,
      460, 459, 461, -1,
      460, 461, 462, -1,
      462, 461, 463, -1,
      30, 462, 3, -1,
      3, 462, 463, -1,
      464, 31, 465, -1,
      465, 31, 2, -1,
      464, 465, 466, -1,
      464, 466, 467, -1,
      467, 466, 468, -1,
      467, 468, 469, -1,
      469, 468, 470, -1,
      469, 470, 471, -1,
      471, 470, 472, -1,
      471, 472, 473, -1,
      473, 472, 474, -1,
      473, 474, 475, -1,
      476, 475, 477, -1,
      477, 475, 474, -1,
      476, 477, 478, -1,
      478, 477, 479, -1,
      478, 479, 480, -1,
      480, 479, 481, -1,
      480, 481, 482, -1,
      482, 481, 483, -1,
      482, 483, 484, -1,
      484, 483, 485, -1,
      484, 485, 486, -1,
      486, 485, 487, -1,
      486, 487, 431, -1,
      431, 487, 433, -1,
      30, 31, 462, -1,
      462, 31, 464, -1,
      462, 464, 460, -1,
      460, 464, 467, -1,
      460, 467, 458, -1,
      458, 467, 469, -1,
      458, 469, 456, -1,
      456, 469, 471, -1,
      430, 434, 431, -1,
      431, 434, 436, -1,
      431, 436, 486, -1,
      486, 436, 439, -1,
      486, 439, 484, -1,
      484, 439, 441, -1,
      484, 441, 482, -1,
      482, 441, 443, -1,
      482, 443, 480, -1,
      480, 443, 445, -1,
      480, 445, 478, -1,
      478, 445, 447, -1,
      478, 447, 476, -1,
      476, 447, 449, -1,
      476, 449, 475, -1,
      475, 449, 450, -1,
      475, 450, 473, -1,
      473, 450, 452, -1,
      473, 452, 471, -1,
      471, 452, 454, -1,
      471, 454, 456, -1,
      2, 3, 465, -1,
      465, 3, 463, -1,
      465, 463, 466, -1,
      466, 463, 461, -1,
      466, 461, 468, -1,
      468, 461, 459, -1,
      468, 459, 470, -1,
      459, 457, 470, -1,
      470, 457, 455, -1,
      470, 455, 472, -1,
      472, 455, 453, -1,
      472, 453, 474, -1,
      474, 453, 451, -1,
      474, 451, 477, -1,
      477, 451, 448, -1,
      477, 448, 479, -1,
      479, 448, 446, -1,
      479, 446, 481, -1,
      481, 446, 444, -1,
      481, 444, 483, -1,
      483, 444, 442, -1,
      483, 442, 485, -1,
      485, 442, 440, -1,
      485, 440, 487, -1,
      487, 440, 438, -1,
      487, 438, 433, -1,
      433, 438, 437, -1,
      433, 437, 432, -1,
      432, 437, 435, -1,
    ]
  }
}

Shape {
  appearance Appearance {
    material Material {
      diffuseColor 1.0000 1.0000 1.0000
      specularColor 0.8784 0.8784 0.8784
      ambientIntensity 0.2
      transparency 0.0000
      shininess 0.5
    }
  }
  geometry IndexedFaceSet {
    ccw TRUE
    solid FALSE
    coord DEF co Coordinate {
      point [
        -0.024104 -0.034336 0.031496,
        -0.024104 -0.045139 0.031496,
        0.028709 -0.045139 0.031496,
        -0.021703 0.042484 0.031496,
        0.015506 0.042484 0.031496,
        0.015506 0.010076 0.031496,
        0.047915 -0.040037 0.031496,
        0.047915 -0.029235 0.031496,
        0.028709 0.053287 0.031496,
        0.015506 -0.000727 0.031496,
        0.015506 -0.034336 0.031496,
        -0.019303 -0.000727 0.031496,
        -0.019303 0.010076 0.031496,
        0.179948 -0.045139 0.031496,
        0.080785 -0.045739 0.031496,
        0.129535 -0.045139 0.031496,
        0.087126 -0.045081 0.031496,
        0.096666 -0.041798 0.031496,
        -0.021703 0.053287 0.031496,
        0.115939 0.027363 0.031496,
        0.110170 0.036565 0.031496,
        0.166745 0.053287 0.031496,
        0.080656 0.042596 0.031496,
        0.088023 0.039937 0.031496,
        0.049678 -0.030212 0.031496,
        0.094835 0.035380 0.031496,
        0.100779 0.028818 0.031496,
        0.107930 0.003024 0.031496,
        0.106933 -0.007631 0.031496,
        0.104259 -0.016098 0.031496,
        0.082357 -0.034506 0.031496,
        0.073177 -0.035536 0.031496,
        0.089529 -0.031866 0.031496,
        0.095570 -0.027795 0.031496,
        0.100189 -0.022922 0.031496,
        0.060112 -0.034086 0.031496,
        0.104837 0.021219 0.031496,
        0.107460 0.010681 0.031496,
        0.104583 -0.036742 0.031496,
        0.111976 -0.028959 0.031496,
        0.129535 -0.034336 0.031496,
        0.117219 -0.019600 0.031496,
        0.166745 -0.034336 0.031496,
        0.120181 -0.009182 0.031496,
        0.121133 0.002217 0.031496,
        0.119717 0.016210 0.031496,
        0.101284 0.045111 0.031496,
        0.091935 0.050492 0.031496,
        0.080963 0.053680 0.031496,
        0.071077 0.054487 0.031496,
        0.059294 0.053674 0.031496,
        0.047915 0.050586 0.031496,
        0.047915 0.037382 0.031496,
        0.059001 0.042130 0.031496,
        0.070964 0.043684 0.031496,
        0.068352 -0.045739 0.031496,
        0.072305 -0.046293 0.031496,
        0.074996 -0.046339 0.031496,
        0.179948 0.053287 0.031496,
        0.058406 -0.044345 0.031496,
        -0.129731 -0.045139 0.031496,
        -0.117614 -0.018163 0.031496,
        -0.111970 -0.026966 0.031496,
        -0.204150 -0.045139 0.031496,
        -0.218554 -0.045139 0.031496,
        -0.180144 0.053287 0.031496,
        -0.166941 0.053287 0.031496,
        -0.103869 -0.034723 0.031496,
        -0.093592 -0.040695 0.031496,
        -0.082250 -0.044076 0.031496,
        -0.070072 -0.045139 0.031496,
        -0.043309 -0.045139 0.031496,
        -0.043309 0.053287 0.031496,
        -0.071085 0.053287 0.031496,
        -0.107636 0.040453 0.031496,
        -0.114596 0.032735 0.031496,
        -0.119170 0.024270 0.031496,
        -0.085304 0.051767 0.031496,
        -0.096820 0.047723 0.031496,
        -0.107533 0.040543 0.031496,
        -0.144135 -0.045139 0.031496,
        -0.153531 -0.017531 0.031496,
        -0.194191 -0.017531 0.031496,
        -0.121814 0.014573 0.031496,
        -0.122529 0.005312 0.031496,
        -0.121148 -0.007861 0.031496,
        -0.180144 0.053287 0.035433,
        -0.218554 -0.045139 0.035433,
        -0.204150 -0.045139 0.035433,
        -0.194191 -0.017531 0.035433,
        -0.153531 -0.017531 0.035433,
        -0.144135 -0.045139 0.035433,
        -0.129731 -0.045139 0.035433,
        -0.166941 0.053287 0.035433,
        -0.156850 -0.006729 0.035433,
        -0.189765 -0.006729 0.035433,
        -0.171535 0.034381 0.035433,
        -0.172483 0.037795 0.035433,
        -0.173111 0.041283 0.035433,
        -0.173430 0.041283 0.035433,
        -0.174072 0.037806 0.035433,
        -0.174949 0.034381 0.035433,
        -0.156850 -0.006729 0.031496,
        -0.189765 -0.006729 0.031496,
        -0.171535 0.034381 0.031496,
        -0.172483 0.037795 0.031496,
        -0.173111 0.041283 0.031496,
        -0.173430 0.041283 0.031496,
        -0.174072 0.037806 0.031496,
        -0.174949 0.034381 0.031496,
        -0.070072 -0.045139 0.035433,
        -0.043309 -0.045139 0.035433,
        -0.043309 0.053287 0.035433,
        -0.071085 0.053287 0.035433,
        -0.122529 0.005312 0.035433,
        -0.121814 0.014573 0.035433,
        -0.119170 0.024270 0.035433,
        -0.114596 0.032735 0.035433,
        -0.107636 0.040453 0.035433,
        -0.107533 0.040543 0.035433,
        -0.096820 0.047723 0.035433,
        -0.085304 0.051767 0.035433,
        -0.082250 -0.044076 0.035433,
        -0.093592 -0.040695 0.035433,
        -0.103869 -0.034723 0.035433,
        -0.111970 -0.026966 0.035433,
        -0.117614 -0.018163 0.035433,
        -0.121148 -0.007861 0.035433,
        -0.102772 0.028681 0.035433,
        -0.097992 0.033758 0.035433,
        -0.090802 0.038402 0.035433,
        -0.082678 0.041245 0.035433,
        -0.071028 0.042484 0.035433,
        -0.056512 0.042484 0.035433,
        -0.056512 -0.034336 0.035433,
        -0.070485 -0.034336 0.035433,
        -0.080869 -0.033369 0.035433,
        -0.089151 -0.030784 0.035433,
        -0.095863 -0.026798 0.035433,
        -0.101384 -0.021346 0.035433,
        -0.105535 -0.014559 0.035433,
        -0.108422 -0.005307 0.035433,
        -0.109326 0.005030 0.035433,
        -0.108489 0.014826 0.035433,
        -0.106192 0.022611 0.035433,
        -0.071028 0.042484 0.031496,
        -0.056512 0.042484 0.031496,
        -0.082678 0.041245 0.031496,
        -0.090802 0.038402 0.031496,
        -0.097992 0.033758 0.031496,
        -0.102772 0.028681 0.031496,
        -0.106192 0.022611 0.031496,
        -0.108489 0.014826 0.031496,
        -0.109326 0.005030 0.031496,
        -0.108422 -0.005307 0.031496,
        -0.105535 -0.014559 0.031496,
        -0.101384 -0.021346 0.031496,
        -0.095863 -0.026798 0.031496,
        -0.089151 -0.030784 0.031496,
        -0.080869 -0.033369 0.031496,
        -0.070485 -0.034336 0.031496,
        -0.056512 -0.034336 0.031496,
        -0.024104 -0.034336 0.035433,
        -0.024104 -0.045139 0.035433,
        0.028709 -0.045139 0.035433,
        0.028709 0.053287 0.035433,
        -0.021703 0.053287 0.035433,
        -0.021703 0.042484 0.035433,
        0.015506 0.042484 0.035433,
        0.015506 0.010076 0.035433,
        -0.019303 0.010076 0.035433,
        -0.019303 -0.000727 0.035433,
        0.015506 -0.000727 0.035433,
        0.015506 -0.034336 0.035433,
        0.047915 -0.029235 0.035433,
        0.047915 -0.040037 0.035433,
        0.058406 -0.044345 0.035433,
        0.074996 -0.046339 0.035433,
        0.072305 -0.046293 0.035433,
        0.121133 0.002217 0.035433,
        0.120181 -0.009182 0.035433,
        0.117219 -0.019600 0.035433,
        0.111976 -0.028959 0.035433,
        0.104583 -0.036742 0.035433,
        0.096666 -0.041798 0.035433,
        0.087126 -0.045081 0.035433,
        0.071077 0.054487 0.035433,
        0.080963 0.053680 0.035433,
        0.091935 0.050492 0.035433,
        0.101284 0.045111 0.035433,
        0.110170 0.036565 0.035433,
        0.115939 0.027363 0.035433,
        0.119717 0.016210 0.035433,
        0.047915 0.050586 0.035433,
        0.059294 0.053674 0.035433,
        0.047915 0.037382 0.035433,
        0.070964 0.043684 0.035433,
        0.059001 0.042130 0.035433,
        0.107930 0.003024 0.035433,
        0.107460 0.010681 0.035433,
        0.104837 0.021219 0.035433,
        0.100779 0.028818 0.035433,
        0.094835 0.035380 0.035433,
        0.088023 0.039937 0.035433,
        0.080656 0.042596 0.035433,
        0.073177 -0.035536 0.035433,
        0.082357 -0.034506 0.035433,
        0.089529 -0.031866 0.035433,
        0.095570 -0.027795 0.035433,
        0.100189 -0.022922 0.035433,
        0.104259 -0.016098 0.035433,
        0.106933 -0.007631 0.035433,
        0.049678 -0.030212 0.035433,
        0.060112 -0.034086 0.035433,
        0.129535 -0.034336 0.035433,
        0.129535 -0.045139 0.035433,
        0.179948 -0.045139 0.035433,
        0.179948 0.053287 0.035433,
        0.166745 0.053287 0.035433,
        0.166745 -0.034336 0.035433,
      ]
    }
    coordIndex [
      86, 87, 65, -1,
      65, 87, 64, -1,
      87, 88, 64, -1,
      64, 88, 63, -1,
      88, 89, 63, -1,
      63, 89, 82, -1,
      89, 90, 82, -1,
      82, 90, 81, -1,
      90, 91, 81, -1,
      81, 91, 80, -1,
      91, 92, 80, -1,
      80, 92, 60, -1,
      92, 93, 60, -1,
      60, 93, 66, -1,
      93, 86, 66, -1,
      66, 86, 65, -1,
      94, 90, 95, -1,
      95, 90, 89, -1,
      96, 93, 94, -1,
      94, 93, 92, -1,
      94, 92, 90, -1,
      90, 92, 91, -1,
      96, 97, 93, -1,
      93, 97, 98, -1,
      93, 98, 86, -1,
      86, 98, 99, -1,
      86, 99, 100, -1,
      100, 101, 86, -1,
      86, 101, 95, -1,
      86, 95, 87, -1,
      87, 95, 89, -1,
      87, 89, 88, -1,
      94, 95, 102, -1,
      102, 95, 103, -1,
      96, 94, 104, -1,
      104, 94, 102, -1,
      96, 104, 105, -1,
      96, 105, 97, -1,
      97, 105, 106, -1,
      97, 106, 98, -1,
      99, 98, 107, -1,
      107, 98, 106, -1,
      99, 107, 108, -1,
      99, 108, 100, -1,
      100, 108, 109, -1,
      100, 109, 101, -1,
      95, 101, 103, -1,
      103, 101, 109, -1,
      110, 111, 70, -1,
      70, 111, 71, -1,
      111, 112, 71, -1,
      71, 112, 72, -1,
      112, 113, 72, -1,
      72, 113, 73, -1,
      114, 84, 83, -1,
      114, 83, 115, -1,
      115, 83, 76, -1,
      115, 76, 116, -1,
      116, 76, 75, -1,
      116, 75, 117, -1,
      117, 75, 74, -1,
      117, 74, 118, -1,
      118, 74, 79, -1,
      118, 79, 119, -1,
      119, 79, 78, -1,
      119, 78, 120, -1,
      120, 78, 77, -1,
      120, 77, 121, -1,
      121, 77, 73, -1,
      121, 73, 113, -1,
      110, 70, 69, -1,
      110, 69, 122, -1,
      122, 69, 68, -1,
      122, 68, 123, -1,
      123, 68, 67, -1,
      123, 67, 124, -1,
      124, 67, 62, -1,
      124, 62, 125, -1,
      125, 62, 61, -1,
      125, 61, 126, -1,
      126, 61, 85, -1,
      126, 85, 127, -1,
      127, 85, 84, -1,
      127, 84, 114, -1,
      116, 117, 128, -1,
      128, 117, 118, -1,
      128, 118, 129, -1,
      129, 118, 119, -1,
      129, 119, 130, -1,
      130, 119, 120, -1,
      130, 120, 131, -1,
      131, 120, 121, -1,
      131, 121, 132, -1,
      132, 121, 113, -1,
      132, 113, 133, -1,
      133, 113, 112, -1,
      133, 112, 134, -1,
      134, 112, 111, -1,
      134, 111, 135, -1,
      135, 111, 110, -1,
      135, 110, 136, -1,
      136, 110, 122, -1,
      136, 122, 137, -1,
      137, 122, 123, -1,
      137, 123, 138, -1,
      138, 123, 124, -1,
      138, 124, 139, -1,
      139, 124, 125, -1,
      139, 125, 140, -1,
      140, 125, 126, -1,
      140, 126, 141, -1,
      141, 126, 127, -1,
      141, 127, 142, -1,
      142, 127, 114, -1,
      142, 114, 143, -1,
      143, 114, 115, -1,
      143, 115, 144, -1,
      144, 115, 116, -1,
      144, 116, 128, -1,
      132, 133, 145, -1,
      145, 133, 146, -1,
      132, 145, 147, -1,
      132, 147, 131, -1,
      131, 147, 148, -1,
      131, 148, 130, -1,
      130, 148, 149, -1,
      130, 149, 129, -1,
      129, 149, 150, -1,
      129, 150, 128, -1,
      128, 150, 151, -1,
      128, 151, 144, -1,
      144, 151, 152, -1,
      144, 152, 143, -1,
      143, 152, 153, -1,
      143, 153, 142, -1,
      142, 153, 154, -1,
      142, 154, 141, -1,
      141, 154, 155, -1,
      141, 155, 140, -1,
      140, 155, 156, -1,
      140, 156, 139, -1,
      139, 156, 157, -1,
      139, 157, 138, -1,
      138, 157, 158, -1,
      138, 158, 137, -1,
      137, 158, 159, -1,
      137, 159, 136, -1,
      136, 159, 160, -1,
      136, 160, 135, -1,
      134, 135, 161, -1,
      161, 135, 160, -1,
      133, 134, 146, -1,
      146, 134, 161, -1,
      162, 163, 0, -1,
      0, 163, 1, -1,
      163, 164, 1, -1,
      1, 164, 2, -1,
      164, 165, 2, -1,
      2, 165, 8, -1,
      165, 166, 8, -1,
      8, 166, 18, -1,
      166, 167, 18, -1,
      18, 167, 3, -1,
      167, 168, 3, -1,
      3, 168, 4, -1,
      168, 169, 4, -1,
      4, 169, 5, -1,
      169, 170, 5, -1,
      5, 170, 12, -1,
      170, 171, 12, -1,
      12, 171, 11, -1,
      171, 172, 11, -1,
      11, 172, 9, -1,
      172, 173, 9, -1,
      9, 173, 10, -1,
      173, 162, 10, -1,
      10, 162, 0, -1,
      164, 163, 162, -1,
      162, 173, 164, -1,
      164, 173, 172, -1,
      164, 172, 165, -1,
      167, 166, 168, -1,
      168, 166, 165, -1,
      168, 165, 169, -1,
      169, 165, 172, -1,
      169, 172, 170, -1,
      170, 172, 171, -1,
      174, 175, 7, -1,
      7, 175, 6, -1,
      6, 175, 176, -1,
      177, 57, 56, -1,
      177, 56, 178, -1,
      178, 56, 55, -1,
      178, 55, 176, -1,
      176, 55, 59, -1,
      176, 59, 6, -1,
      179, 44, 43, -1,
      179, 43, 180, -1,
      180, 43, 41, -1,
      180, 41, 181, -1,
      181, 41, 39, -1,
      181, 39, 182, -1,
      182, 39, 38, -1,
      182, 38, 183, -1,
      183, 38, 17, -1,
      183, 17, 184, -1,
      184, 17, 16, -1,
      184, 16, 185, -1,
      185, 16, 177, -1,
      177, 16, 14, -1,
      177, 14, 57, -1,
      186, 49, 48, -1,
      186, 48, 187, -1,
      187, 48, 47, -1,
      187, 47, 188, -1,
      188, 47, 46, -1,
      188, 46, 189, -1,
      189, 46, 20, -1,
      189, 20, 190, -1,
      190, 20, 19, -1,
      190, 19, 191, -1,
      191, 19, 45, -1,
      191, 45, 192, -1,
      192, 45, 44, -1,
      192, 44, 179, -1,
      193, 51, 50, -1,
      193, 50, 194, -1,
      194, 50, 49, -1,
      194, 49, 186, -1,
      193, 195, 51, -1,
      51, 195, 52, -1,
      196, 54, 53, -1,
      196, 53, 197, -1,
      197, 53, 52, -1,
      197, 52, 195, -1,
      198, 27, 37, -1,
      198, 37, 199, -1,
      199, 37, 36, -1,
      199, 36, 200, -1,
      200, 36, 26, -1,
      200, 26, 201, -1,
      201, 26, 25, -1,
      201, 25, 202, -1,
      202, 25, 23, -1,
      202, 23, 203, -1,
      203, 23, 22, -1,
      203, 22, 204, -1,
      204, 22, 54, -1,
      204, 54, 196, -1,
      205, 31, 30, -1,
      205, 30, 206, -1,
      206, 30, 32, -1,
      206, 32, 207, -1,
      207, 32, 33, -1,
      207, 33, 208, -1,
      208, 33, 34, -1,
      208, 34, 209, -1,
      209, 34, 29, -1,
      209, 29, 210, -1,
      210, 29, 28, -1,
      210, 28, 211, -1,
      211, 28, 27, -1,
      211, 27, 198, -1,
      174, 7, 24, -1,
      174, 24, 212, -1,
      212, 24, 35, -1,
      212, 35, 213, -1,
      213, 35, 31, -1,
      213, 31, 205, -1,
      206, 177, 205, -1,
      205, 177, 178, -1,
      205, 178, 213, -1,
      213, 178, 176, -1,
      213, 176, 212, -1,
      212, 176, 175, -1,
      212, 175, 174, -1,
      195, 193, 197, -1,
      197, 193, 194, -1,
      197, 194, 196, -1,
      196, 194, 186, -1,
      196, 186, 204, -1,
      204, 186, 187, -1,
      204, 187, 203, -1,
      203, 187, 188, -1,
      203, 188, 202, -1,
      202, 188, 189, -1,
      202, 189, 201, -1,
      201, 189, 190, -1,
      201, 190, 200, -1,
      200, 190, 191, -1,
      200, 191, 199, -1,
      199, 191, 192, -1,
      199, 192, 198, -1,
      198, 192, 179, -1,
      198, 179, 211, -1,
      211, 179, 180, -1,
      211, 180, 210, -1,
      210, 180, 181, -1,
      210, 181, 209, -1,
      209, 181, 182, -1,
      209, 182, 208, -1,
      208, 182, 183, -1,
      208, 183, 207, -1,
      207, 183, 184, -1,
      207, 184, 206, -1,
      206, 184, 185, -1,
      206, 185, 177, -1,
      214, 215, 40, -1,
      40, 215, 15, -1,
      215, 216, 15, -1,
      15, 216, 13, -1,
      216, 217, 13, -1,
      13, 217, 58, -1,
      217, 218, 58, -1,
      58, 218, 21, -1,
      218, 219, 21, -1,
      21, 219, 42, -1,
      219, 214, 42, -1,
      42, 214, 40, -1,
      218, 217, 219, -1,
      219, 217, 216, -1,
      219, 216, 214, -1,
      214, 216, 215, -1,
    ]
  }
}

Shape {
  appearance Appearance {
    material Material {
      diffuseColor 0.2235 0.2235 0.2235
      specularColor 0.1137 0.1137 0.1137
      ambientIntensity 0.2
      transparency 0.0000
      shininess 0.5
    }
  }
  geometry IndexedFaceSet {
    ccw TRUE
    solid FALSE
    coord DEF co Coordinate {
      point [
        -0.156850 -0.006729 0.031496,
        -0.189765 -0.006729 0.031496,
        -0.171535 0.034381 0.031496,
        -0.172483 0.037795 0.031496,
        -0.173111 0.041283 0.031496,
        -0.173430 0.041283 0.031496,
        -0.174072 0.037806 0.031496,
        -0.174949 0.034381 0.031496,
        -0.071028 0.042484 0.031496,
        -0.056512 0.042484 0.031496,
        -0.082678 0.041245 0.031496,
        -0.090802 0.038402 0.031496,
        -0.097992 0.033758 0.031496,
        -0.102772 0.028681 0.031496,
        -0.106192 0.022611 0.031496,
        -0.108489 0.014826 0.031496,
        -0.109326 0.005030 0.031496,
        -0.108422 -0.005307 0.031496,
        -0.105535 -0.014559 0.031496,
        -0.101384 -0.021346 0.031496,
        -0.095863 -0.026798 0.031496,
        -0.089151 -0.030784 0.031496,
        -0.080869 -0.033369 0.031496,
        -0.070485 -0.034336 0.031496,
        -0.056512 -0.034336 0.031496,
      ]
    }
    coordIndex [
      0, 1, 2, -1,
      2, 1, 7, -1,
      2, 7, 3, -1,
      3, 7, 6, -1,
      3, 6, 4, -1,
      4, 6, 5, -1,
      9, 24, 8, -1,
      8, 24, 23, -1,
      8, 23, 22, -1,
      16, 15, 8, -1,
      8, 15, 14, -1,
      8, 14, 10, -1,
      22, 21, 8, -1,
      8, 21, 20, -1,
      8, 20, 19, -1,
      19, 18, 8, -1,
      8, 18, 17, -1,
      8, 17, 16, -1,
      13, 12, 14, -1,
      14, 12, 11, -1,
      14, 11, 10, -1,
    ]
  }
}
