#VRML V2.0 utf8

Shape {
  appearance Appearance {
    material Material {
      diffuseColor 0.1490 0.1490 0.1490
      specularColor 0.0745 0.0745 0.0745
      ambientIntensity 0.2
      transparency 0.0000
      shininess 0.5
    }
  }
  geometry IndexedFaceSet {
    ccw TRUE
    solid FALSE
    coord DEF co Coordinate {
      point [
        -10.500000 0.708661 0.196850,
        -10.500000 0.706693 0.196850,
        -11.500000 0.706693 0.196850,
        -5.500000 0.708661 0.196850,
        -5.500000 0.706693 0.196850,
        -6.500000 0.706693 0.196850,
        6.500000 0.708661 0.196850,
        6.500000 0.706693 0.196850,
        5.500000 0.706693 0.196850,
        -0.122300 -0.787402 0.196850,
        -0.122300 -0.625984 0.196850,
        0.050374 -0.625984 0.196850,
        -0.122300 0.199374 0.196850,
        -0.122300 0.374016 0.196850,
        0.050374 0.374016 0.196850,
        -0.790329 0.176420 0.196850,
        -0.800020 0.196850 0.196850,
        -0.790329 0.199374 0.196850,
        -0.802544 0.196850 0.196850,
        -1.009691 0.199374 0.196850,
        -0.893398 0.000000 0.196850,
        -0.580890 0.000000 0.196850,
        -0.519887 0.000000 0.196850,
        -0.353321 -0.189531 0.196850,
        -0.790329 0.063093 0.196850,
        -0.755855 0.063093 0.196850,
        -0.790329 -0.189531 0.196850,
        -0.725925 0.000000 0.196850,
        -0.670936 0.047682 0.196850,
        -0.657514 0.027439 0.196850,
        -0.706643 0.000000 0.196850,
        -0.559635 0.196850 0.196850,
        -0.591169 0.195646 0.196850,
        -0.622098 0.189752 0.196850,
        -0.642018 0.179690 0.196850,
        -0.391177 0.176661 0.196850,
        -0.391177 0.116091 0.196850,
        -0.484555 0.176661 0.196850,
        -0.484555 0.116091 0.196850,
        -0.642779 0.014431 0.196850,
        -0.627967 0.006792 0.196850,
        -0.603953 0.001296 0.196850,
        -0.373511 0.000000 0.196850,
        -0.373511 0.196850 0.196850,
        -0.353321 0.199374 0.196850,
        -0.484555 0.196850 0.196850,
        -0.519887 0.196850 0.196850,
        -0.484555 0.095902 0.196850,
        -0.391177 0.095902 0.196850,
        -0.391177 0.020190 0.196850,
        -0.484555 0.020190 0.196850,
        -0.484555 0.000000 0.196850,
        -0.656394 0.167197 0.196850,
        -0.668943 0.149430 0.196850,
        -0.677173 0.128897 0.196850,
        -0.681126 0.105064 0.196850,
        -0.681405 0.095941 0.196850,
        -0.678635 0.069621 0.196850,
        -0.122300 0.625984 0.196850,
        -0.125984 0.625984 0.196850,
        -0.133656 0.706693 0.196850,
        -0.125984 0.374016 0.196850,
        -0.133656 0.199374 0.196850,
        -0.122300 0.706693 0.196850,
        0.050374 0.706693 0.196850,
        0.050374 0.625984 0.196850,
        0.125984 0.625984 0.196850,
        0.500000 0.706693 0.196850,
        0.125984 0.374016 0.196850,
        0.500000 0.199374 0.196850,
        0.050374 0.199374 0.196850,
        0.125984 -0.374016 0.196850,
        0.500000 -0.189531 0.196850,
        0.500000 -0.708661 0.196850,
        0.125984 -0.625984 0.196850,
        0.432508 -0.787402 0.196850,
        0.050374 -0.787402 0.196850,
        0.050374 -0.189531 0.196850,
        0.050374 -0.374016 0.196850,
        -0.122300 -0.374016 0.196850,
        -0.353321 -0.787402 0.196850,
        -0.432508 -0.787402 0.196850,
        -0.500000 -0.708661 0.196850,
        -0.567492 -0.787402 0.196850,
        -0.790329 -0.787402 0.196850,
        1.125984 -0.374016 0.196850,
        1.500000 -0.708661 0.196850,
        1.125984 -0.625984 0.196850,
        1.432508 -0.787402 0.196850,
        0.874016 -0.625984 0.196850,
        2.125984 -0.374016 0.196850,
        1.874016 -0.374016 0.196850,
        1.500000 -0.189531 0.196850,
        0.567492 -0.787402 0.196850,
        0.874016 -0.374016 0.196850,
        1.874016 -0.625984 0.196850,
        2.500000 -0.189531 0.196850,
        2.500000 -0.708661 0.196850,
        2.125984 -0.625984 0.196850,
        2.432508 -0.787402 0.196850,
        1.567492 -0.787402 0.196850,
        3.125984 -0.374016 0.196850,
        3.500000 -0.708661 0.196850,
        3.125984 -0.625984 0.196850,
        3.432509 -0.787402 0.196850,
        2.874016 -0.625984 0.196850,
        4.500000 -0.708661 0.196850,
        3.874016 -0.625984 0.196850,
        4.125984 -0.625984 0.196850,
        3.874016 -0.374016 0.196850,
        3.500000 -0.189531 0.196850,
        4.125984 -0.374016 0.196850,
        5.500000 -0.189531 0.196850,
        4.874016 -0.374016 0.196850,
        5.125984 -0.374016 0.196850,
        4.432509 -0.787402 0.196850,
        3.567492 -0.787402 0.196850,
        2.567492 -0.787402 0.196850,
        2.874016 -0.374016 0.196850,
        4.567491 -0.787402 0.196850,
        4.874016 -0.625984 0.196850,
        5.432509 -0.787402 0.196850,
        5.125984 -0.625984 0.196850,
        5.500000 -0.708661 0.196850,
        6.125984 -0.374016 0.196850,
        5.874016 -0.374016 0.196850,
        5.874016 -0.625984 0.196850,
        6.500000 -0.189531 0.196850,
        6.500000 -0.708661 0.196850,
        6.125984 -0.625984 0.196850,
        6.432509 -0.787402 0.196850,
        5.567491 -0.787402 0.196850,
        7.125984 -0.374016 0.196850,
        7.500000 -0.708661 0.196850,
        7.125984 -0.625984 0.196850,
        7.432509 -0.787402 0.196850,
        6.874015 -0.625984 0.196850,
        8.125985 -0.374016 0.196850,
        7.874016 -0.374016 0.196850,
        7.500000 -0.189531 0.196850,
        6.567492 -0.787402 0.196850,
        6.874015 -0.374016 0.196850,
        7.874016 -0.625984 0.196850,
        8.500000 -0.189531 0.196850,
        8.500000 -0.708661 0.196850,
        8.125985 -0.625984 0.196850,
        8.432508 -0.787402 0.196850,
        7.567491 -0.787402 0.196850,
        9.125984 -0.374016 0.196850,
        9.500000 -0.708661 0.196850,
        9.125984 -0.625984 0.196850,
        9.432508 -0.787402 0.196850,
        8.874015 -0.625984 0.196850,
        10.125985 -0.374016 0.196850,
        9.874016 -0.374016 0.196850,
        9.500000 -0.189531 0.196850,
        8.567492 -0.787402 0.196850,
        8.874015 -0.374016 0.196850,
        9.874016 -0.625984 0.196850,
        10.500000 -0.189531 0.196850,
        10.500000 -0.708661 0.196850,
        10.125985 -0.625984 0.196850,
        10.432508 -0.787402 0.196850,
        9.567491 -0.787402 0.196850,
        11.125984 -0.374016 0.196850,
        11.500000 -0.708661 0.196850,
        11.125984 -0.625984 0.196850,
        11.432508 -0.787402 0.196850,
        10.874016 -0.625984 0.196850,
        12.125984 -0.374016 0.196850,
        11.874016 -0.374016 0.196850,
        11.500000 -0.189531 0.196850,
        12.500001 -0.708661 0.196850,
        12.125984 -0.625984 0.196850,
        11.874016 -0.625984 0.196850,
        11.567491 -0.787402 0.196850,
        12.432508 -0.787402 0.196850,
        10.567492 -0.787402 0.196850,
        10.874016 -0.374016 0.196850,
        12.874015 -0.374016 0.196850,
        13.500000 -0.189531 0.196850,
        13.125984 -0.374016 0.196850,
        13.500000 -0.708661 0.196850,
        13.125984 -0.625984 0.196850,
        13.432509 -0.787402 0.196850,
        12.874015 -0.625984 0.196850,
        12.567491 -0.787402 0.196850,
        11.567491 0.787402 0.196850,
        12.432508 0.787402 0.196850,
        11.500000 0.708661 0.196850,
        12.500001 0.708661 0.196850,
        12.567491 0.787402 0.196850,
        13.432509 0.787402 0.196850,
        13.500000 0.708661 0.196850,
        11.500000 0.706693 0.196850,
        10.500000 0.706693 0.196850,
        10.500000 0.708661 0.196850,
        10.567492 0.787402 0.196850,
        11.432508 0.787402 0.196850,
        13.500000 0.706693 0.196850,
        9.500000 0.708661 0.196850,
        9.567491 0.787402 0.196850,
        10.432508 0.787402 0.196850,
        8.567492 0.787402 0.196850,
        9.432508 0.787402 0.196850,
        8.500000 0.708661 0.196850,
        7.567491 0.787402 0.196850,
        8.432508 0.787402 0.196850,
        7.500000 0.708661 0.196850,
        7.500000 0.706693 0.196850,
        6.567492 0.787402 0.196850,
        7.432509 0.787402 0.196850,
        8.500000 0.706693 0.196850,
        9.500000 0.706693 0.196850,
        5.500000 0.708661 0.196850,
        5.567491 0.787402 0.196850,
        6.432509 0.787402 0.196850,
        3.567492 0.787402 0.196850,
        4.432509 0.787402 0.196850,
        3.500000 0.708661 0.196850,
        4.500000 0.708661 0.196850,
        4.567491 0.787402 0.196850,
        5.432509 0.787402 0.196850,
        2.567492 0.787402 0.196850,
        3.432509 0.787402 0.196850,
        2.500000 0.708661 0.196850,
        1.567492 0.787402 0.196850,
        2.432508 0.787402 0.196850,
        1.500000 0.708661 0.196850,
        0.567492 0.787402 0.196850,
        1.432508 0.787402 0.196850,
        0.500000 0.708661 0.196850,
        3.500000 0.706693 0.196850,
        2.500000 0.706693 0.196850,
        1.500000 0.706693 0.196850,
        0.432508 0.787402 0.196850,
        -1.500000 0.706693 0.196850,
        -2.500000 0.706693 0.196850,
        -2.500000 0.708661 0.196850,
        -2.432508 0.787402 0.196850,
        -1.567492 0.787402 0.196850,
        -1.500000 0.708661 0.196850,
        -3.432509 0.787402 0.196850,
        -2.567492 0.787402 0.196850,
        -3.500000 0.708661 0.196850,
        -3.500000 0.706693 0.196850,
        -4.432509 0.787402 0.196850,
        -3.567492 0.787402 0.196850,
        -4.500000 0.708661 0.196850,
        -4.500000 0.706693 0.196850,
        -5.432509 0.787402 0.196850,
        -4.567491 0.787402 0.196850,
        -6.500000 0.708661 0.196850,
        -6.432509 0.787402 0.196850,
        -5.567491 0.787402 0.196850,
        -8.432508 0.787402 0.196850,
        -7.567491 0.787402 0.196850,
        -8.500000 0.708661 0.196850,
        -7.500000 0.708661 0.196850,
        -7.432509 0.787402 0.196850,
        -6.567492 0.787402 0.196850,
        -8.500000 0.706693 0.196850,
        -9.432508 0.787402 0.196850,
        -8.567492 0.787402 0.196850,
        -9.500000 0.708661 0.196850,
        -9.500000 0.706693 0.196850,
        -10.432508 0.787402 0.196850,
        -9.567491 0.787402 0.196850,
        -11.500000 0.708661 0.196850,
        -11.432508 0.787402 0.196850,
        -10.567492 0.787402 0.196850,
        -12.432508 0.787402 0.196850,
        -11.567491 0.787402 0.196850,
        -12.500001 0.708661 0.196850,
        -12.500001 0.706693 0.196850,
        -13.312992 0.706693 0.196850,
        -12.567491 0.787402 0.196850,
        -13.312992 0.787402 0.196850,
        -13.500000 0.708661 0.196850,
        -13.432509 0.787402 0.196850,
        -13.500000 -0.189531 0.196850,
        -13.312992 -0.189531 0.196850,
        -13.500000 -0.708661 0.196850,
        -13.312992 -0.787402 0.196850,
        -13.432509 -0.787402 0.196850,
        -11.874016 -0.374016 0.196850,
        -12.125984 -0.374016 0.196850,
        -12.500001 -0.189531 0.196850,
        -12.874015 -0.374016 0.196850,
        -12.500001 -0.708661 0.196850,
        -12.874015 -0.625984 0.196850,
        -12.567491 -0.787402 0.196850,
        -13.125984 -0.625984 0.196850,
        -13.125984 -0.374016 0.196850,
        -12.125984 -0.625984 0.196850,
        -11.500000 -0.189531 0.196850,
        -11.500000 -0.708661 0.196850,
        -11.874016 -0.625984 0.196850,
        -11.567491 -0.787402 0.196850,
        -12.432508 -0.787402 0.196850,
        -10.874016 -0.374016 0.196850,
        -10.500000 -0.708661 0.196850,
        -10.874016 -0.625984 0.196850,
        -10.567492 -0.787402 0.196850,
        -11.125984 -0.625984 0.196850,
        -9.874016 -0.374016 0.196850,
        -10.125985 -0.374016 0.196850,
        -10.500000 -0.189531 0.196850,
        -11.432508 -0.787402 0.196850,
        -11.125984 -0.374016 0.196850,
        -10.125985 -0.625984 0.196850,
        -9.500000 -0.189531 0.196850,
        -9.500000 -0.708661 0.196850,
        -9.874016 -0.625984 0.196850,
        -9.567491 -0.787402 0.196850,
        -10.432508 -0.787402 0.196850,
        -8.874015 -0.374016 0.196850,
        -8.500000 -0.708661 0.196850,
        -8.874015 -0.625984 0.196850,
        -8.567492 -0.787402 0.196850,
        -9.125984 -0.625984 0.196850,
        -7.500000 -0.708661 0.196850,
        -8.125985 -0.625984 0.196850,
        -7.874016 -0.625984 0.196850,
        -8.125985 -0.374016 0.196850,
        -8.500000 -0.189531 0.196850,
        -7.874016 -0.374016 0.196850,
        -6.500000 -0.189531 0.196850,
        -7.125984 -0.374016 0.196850,
        -6.874015 -0.374016 0.196850,
        -7.567491 -0.787402 0.196850,
        -8.432508 -0.787402 0.196850,
        -9.432508 -0.787402 0.196850,
        -9.125984 -0.374016 0.196850,
        -7.432509 -0.787402 0.196850,
        -7.125984 -0.625984 0.196850,
        -6.567492 -0.787402 0.196850,
        -6.874015 -0.625984 0.196850,
        -6.500000 -0.708661 0.196850,
        -5.874016 -0.374016 0.196850,
        -6.125984 -0.374016 0.196850,
        -6.125984 -0.625984 0.196850,
        -5.500000 -0.189531 0.196850,
        -5.500000 -0.708661 0.196850,
        -5.874016 -0.625984 0.196850,
        -5.567491 -0.787402 0.196850,
        -6.432509 -0.787402 0.196850,
        -4.874016 -0.374016 0.196850,
        -4.500000 -0.708661 0.196850,
        -4.874016 -0.625984 0.196850,
        -4.567491 -0.787402 0.196850,
        -5.125984 -0.625984 0.196850,
        -3.874016 -0.374016 0.196850,
        -4.125984 -0.374016 0.196850,
        -4.500000 -0.189531 0.196850,
        -5.432509 -0.787402 0.196850,
        -5.125984 -0.374016 0.196850,
        -4.125984 -0.625984 0.196850,
        -3.500000 -0.189531 0.196850,
        -3.500000 -0.708661 0.196850,
        -3.874016 -0.625984 0.196850,
        -3.567492 -0.787402 0.196850,
        -4.432509 -0.787402 0.196850,
        -2.874016 -0.374016 0.196850,
        -2.500000 -0.708661 0.196850,
        -2.874016 -0.625984 0.196850,
        -2.567492 -0.787402 0.196850,
        -3.125984 -0.625984 0.196850,
        -1.874016 -0.374016 0.196850,
        -2.125984 -0.374016 0.196850,
        -2.500000 -0.189531 0.196850,
        -3.432509 -0.787402 0.196850,
        -3.125984 -0.374016 0.196850,
        -2.125984 -0.625984 0.196850,
        -1.500000 -0.189531 0.196850,
        -1.500000 -0.708661 0.196850,
        -1.874016 -0.625984 0.196850,
        -1.567492 -0.787402 0.196850,
        -2.432508 -0.787402 0.196850,
        -1.009691 -0.787402 0.196850,
        -1.432508 -0.787402 0.196850,
        -1.125984 -0.625984 0.196850,
        -1.125984 -0.374016 0.196850,
        -1.009691 -0.374016 0.196850,
        -1.009691 -0.189531 0.196850,
        -0.874016 -0.374016 0.196850,
        -0.874016 -0.625984 0.196850,
        -1.009691 -0.625984 0.196850,
        -1.009691 0.706693 0.196850,
        -1.125984 0.625984 0.196850,
        -1.500000 0.199374 0.196850,
        -1.125984 0.374016 0.196850,
        -1.009691 0.374016 0.196850,
        -0.874016 0.374016 0.196850,
        -0.790329 0.706693 0.196850,
        -0.874016 0.625984 0.196850,
        -1.009691 0.625984 0.196850,
        -0.353321 0.706693 0.196850,
        -0.269182 0.199374 0.196850,
        -0.275894 0.198602 0.196850,
        -0.293836 0.192447 0.196850,
        -0.315284 0.179447 0.196850,
        -0.327343 0.167984 0.196850,
        -0.333131 0.160730 0.196850,
        -0.186630 0.184669 0.196850,
        -0.207485 0.195254 0.196850,
        -0.224841 0.199374 0.196850,
        -0.231517 0.200959 0.196850,
        -0.247246 0.201898 0.196850,
        -0.159440 0.107473 0.196850,
        -0.158994 0.098228 0.196850,
        -0.246142 0.181708 0.196850,
        -0.333131 0.036239 0.196850,
        -0.317674 0.047951 0.196850,
        -0.133656 -0.189531 0.196850,
        -0.193206 0.007526 0.196850,
        -0.174180 0.021181 0.196850,
        -0.141328 0.099569 0.196850,
        -0.144583 0.126457 0.196850,
        -0.163653 0.126596 0.196850,
        -0.315754 0.018029 0.196850,
        -0.295374 0.005173 0.196850,
        -0.272990 -0.002428 0.196850,
        -0.166290 0.029378 0.196850,
        -0.151991 0.050954 0.196850,
        -0.144091 0.073585 0.196850,
        -0.178420 0.044779 0.196850,
        -0.192648 0.031767 0.196850,
        -0.257316 -0.004689 0.196850,
        -0.247483 -0.005048 0.196850,
        -0.216763 -0.001531 0.196850,
        -0.152613 0.147323 0.196850,
        -0.166126 0.166701 0.196850,
        -0.317674 0.148900 0.196850,
        -0.301888 0.164179 0.196850,
        -0.306778 0.036951 0.196850,
        -0.283378 0.174633 0.196850,
        -0.289368 0.025028 0.196850,
        -0.270417 0.017866 0.196850,
        -0.222868 0.178846 0.196850,
        -0.202774 0.171059 0.196850,
        -0.161593 0.076537 0.196850,
        -0.167814 0.060194 0.196850,
        -0.274750 0.177696 0.196850,
        -0.253007 0.181471 0.196850,
        -0.231709 0.016215 0.196850,
        -0.211707 0.021372 0.196850,
        -0.247364 0.015143 0.196850,
        -0.184655 0.158327 0.196850,
        -0.172428 0.144051 0.196850,
        -13.312992 0.199374 0.196850,
        -13.500000 0.199374 0.196850,
        -13.500000 0.706693 0.196850,
        -12.874015 0.625984 0.196850,
        -12.874015 0.374016 0.196850,
        -12.500001 0.199374 0.196850,
        -13.125984 0.374016 0.196850,
        -13.125984 0.625984 0.196850,
        -12.125984 0.625984 0.196850,
        -12.125984 0.374016 0.196850,
        -11.500000 0.199374 0.196850,
        -11.874016 0.374016 0.196850,
        -11.874016 0.625984 0.196850,
        -10.874016 0.625984 0.196850,
        -10.874016 0.374016 0.196850,
        -10.500000 0.199374 0.196850,
        -11.125984 0.374016 0.196850,
        -11.125984 0.625984 0.196850,
        -9.874016 0.625984 0.196850,
        -9.874016 0.374016 0.196850,
        -9.500000 0.199374 0.196850,
        -10.125985 0.374016 0.196850,
        -10.125985 0.625984 0.196850,
        -8.874015 0.625984 0.196850,
        -8.874015 0.374016 0.196850,
        -8.500000 0.199374 0.196850,
        -9.125984 0.374016 0.196850,
        -9.125984 0.625984 0.196850,
        -6.874015 0.625984 0.196850,
        -6.874015 0.374016 0.196850,
        -6.500000 0.199374 0.196850,
        -7.125984 0.374016 0.196850,
        -7.874016 0.374016 0.196850,
        -7.125984 0.625984 0.196850,
        -7.874016 0.625984 0.196850,
        -8.125985 0.625984 0.196850,
        -8.125985 0.374016 0.196850,
        -5.874016 0.625984 0.196850,
        -5.874016 0.374016 0.196850,
        -5.500000 0.199374 0.196850,
        -6.125984 0.374016 0.196850,
        -6.125984 0.625984 0.196850,
        -4.874016 0.625984 0.196850,
        -4.874016 0.374016 0.196850,
        -4.500000 0.199374 0.196850,
        -5.125984 0.374016 0.196850,
        -5.125984 0.625984 0.196850,
        -3.874016 0.625984 0.196850,
        -3.874016 0.374016 0.196850,
        -3.500000 0.199374 0.196850,
        -4.125984 0.374016 0.196850,
        -4.125984 0.625984 0.196850,
        -2.874016 0.625984 0.196850,
        -2.874016 0.374016 0.196850,
        -2.500000 0.199374 0.196850,
        -3.125984 0.374016 0.196850,
        -3.125984 0.625984 0.196850,
        -1.874016 0.625984 0.196850,
        -1.874016 0.374016 0.196850,
        -2.125984 0.374016 0.196850,
        -2.125984 0.625984 0.196850,
        -0.845092 0.063093 0.196850,
        -0.874194 0.000000 0.196850,
        -0.567492 0.787402 0.196850,
        -0.790329 0.787402 0.196850,
        -1.009691 0.787402 0.196850,
        -1.432508 0.787402 0.196850,
        -0.500000 0.708661 0.196850,
        -0.133656 -0.787402 0.196850,
        -0.025237 0.000000 0.196850,
        -0.025237 0.196850 0.196850,
        -0.042903 0.196850 0.196850,
        -0.042903 0.020190 0.196850,
        -0.118615 0.020190 0.196850,
        -0.118615 0.000000 0.196850,
        -0.122300 -0.189531 0.196850,
        -0.125984 -0.625984 0.196850,
        -0.125984 -0.374016 0.196850,
        0.050374 0.787402 0.196850,
        -0.122300 0.787402 0.196850,
        -0.133656 0.787402 0.196850,
        -0.353321 0.787402 0.196850,
        -0.432508 0.787402 0.196850,
        1.125984 0.625984 0.196850,
        1.125984 0.374016 0.196850,
        1.500000 0.199374 0.196850,
        0.874016 0.374016 0.196850,
        0.874016 0.625984 0.196850,
        2.125984 0.625984 0.196850,
        2.125984 0.374016 0.196850,
        2.500000 0.199374 0.196850,
        1.874016 0.374016 0.196850,
        1.874016 0.625984 0.196850,
        3.125984 0.625984 0.196850,
        3.125984 0.374016 0.196850,
        3.500000 0.199374 0.196850,
        2.874016 0.374016 0.196850,
        2.874016 0.625984 0.196850,
        5.125984 0.625984 0.196850,
        5.125984 0.374016 0.196850,
        5.500000 0.199374 0.196850,
        4.874016 0.374016 0.196850,
        4.125984 0.374016 0.196850,
        4.874016 0.625984 0.196850,
        4.125984 0.625984 0.196850,
        3.874016 0.625984 0.196850,
        3.874016 0.374016 0.196850,
        6.125984 0.625984 0.196850,
        6.125984 0.374016 0.196850,
        6.500000 0.199374 0.196850,
        5.874016 0.374016 0.196850,
        5.874016 0.625984 0.196850,
        7.125984 0.625984 0.196850,
        7.125984 0.374016 0.196850,
        7.500000 0.199374 0.196850,
        6.874015 0.374016 0.196850,
        6.874015 0.625984 0.196850,
        8.125985 0.625984 0.196850,
        8.125985 0.374016 0.196850,
        8.500000 0.199374 0.196850,
        7.874016 0.374016 0.196850,
        7.874016 0.625984 0.196850,
        9.125984 0.625984 0.196850,
        9.125984 0.374016 0.196850,
        9.500000 0.199374 0.196850,
        8.874015 0.374016 0.196850,
        8.874015 0.625984 0.196850,
        9.874016 0.625984 0.196850,
        9.874016 0.374016 0.196850,
        10.500000 0.199374 0.196850,
        10.125985 0.374016 0.196850,
        10.125985 0.625984 0.196850,
        11.500000 0.199374 0.196850,
        11.125984 0.625984 0.196850,
        11.125984 0.374016 0.196850,
        10.874016 0.374016 0.196850,
        10.874016 0.625984 0.196850,
        13.125984 0.625984 0.196850,
        13.125984 0.374016 0.196850,
        13.500000 0.199374 0.196850,
        12.874015 0.374016 0.196850,
        12.125984 0.374016 0.196850,
        12.874015 0.625984 0.196850,
        12.125984 0.625984 0.196850,
        11.874016 0.625984 0.196850,
        11.874016 0.374016 0.196850,
        -13.312992 -0.926837 1.000000,
        -13.312992 -0.805118 1.000000,
        -13.417322 -0.805118 1.000000,
        -1.736220 -0.984252 1.000000,
        -1.582677 -0.805118 1.000000,
        -2.263780 -0.984252 1.000000,
        -2.417323 -0.805118 1.000000,
        -2.125984 -0.625984 1.000000,
        -2.125984 -0.374016 1.000000,
        -2.500000 -0.000000 1.000000,
        -1.874016 -0.374016 1.000000,
        -1.125984 -0.625984 1.000000,
        -1.125984 -0.374016 1.000000,
        -2.500000 -0.708661 1.000000,
        -1.874016 -0.625984 1.000000,
        -1.500000 -0.708661 1.000000,
        -1.417323 -0.805118 1.000000,
        -0.874016 -0.625984 1.000000,
        -0.500000 -0.000000 1.000000,
        -0.874016 -0.374016 1.000000,
        -0.500000 -0.708661 1.000000,
        -0.582677 -0.805118 1.000000,
        -2.874016 -0.625984 1.000000,
        -3.125984 -0.625984 1.000000,
        -3.417323 -0.805118 1.000000,
        -2.582677 -0.805118 1.000000,
        -2.874016 -0.374016 1.000000,
        -3.125984 -0.374016 1.000000,
        -3.500000 -0.000000 1.000000,
        -3.500000 -0.708661 1.000000,
        -3.263780 -0.984252 1.000000,
        -2.736220 -0.984252 1.000000,
        -3.874016 -0.625984 1.000000,
        -4.125984 -0.625984 1.000000,
        -4.417322 -0.805118 1.000000,
        -3.582677 -0.805118 1.000000,
        -3.874016 -0.374016 1.000000,
        -4.125984 -0.374016 1.000000,
        -4.500000 -0.000000 1.000000,
        -4.500000 -0.708661 1.000000,
        -4.263780 -0.984252 1.000000,
        -3.736220 -0.984252 1.000000,
        -4.874016 -0.625984 1.000000,
        -5.125984 -0.625984 1.000000,
        -5.417322 -0.805118 1.000000,
        -4.582677 -0.805118 1.000000,
        -4.874016 -0.374016 1.000000,
        -5.125984 -0.374016 1.000000,
        -5.500000 -0.000000 1.000000,
        -5.500000 -0.708661 1.000000,
        -5.263780 -0.984252 1.000000,
        -4.736220 -0.984252 1.000000,
        -5.874016 -0.625984 1.000000,
        -6.125984 -0.625984 1.000000,
        -6.417323 -0.805118 1.000000,
        -5.582677 -0.805118 1.000000,
        -5.874016 -0.374016 1.000000,
        -6.125984 -0.374016 1.000000,
        -6.500000 -0.000000 1.000000,
        -6.500000 -0.708661 1.000000,
        -6.263780 -0.984252 1.000000,
        -5.736220 -0.984252 1.000000,
        -6.874015 -0.625984 1.000000,
        -7.125984 -0.625984 1.000000,
        -7.417323 -0.805118 1.000000,
        -6.582678 -0.805118 1.000000,
        -6.874015 -0.374016 1.000000,
        -7.125984 -0.374016 1.000000,
        -7.500000 -0.000000 1.000000,
        -7.500000 -0.708661 1.000000,
        -7.263779 -0.984252 1.000000,
        -6.736220 -0.984252 1.000000,
        -8.500000 -0.708661 1.000000,
        -8.874015 -0.374016 1.000000,
        -8.582678 -0.805118 1.000000,
        -8.874015 -0.625984 1.000000,
        -9.125984 -0.625984 1.000000,
        -9.417323 -0.805118 1.000000,
        -7.874016 -0.625984 1.000000,
        -8.125985 -0.625984 1.000000,
        -8.417322 -0.805118 1.000000,
        -8.125985 -0.374016 1.000000,
        -9.125984 -0.374016 1.000000,
        -9.500000 -0.000000 1.000000,
        -9.500000 -0.708661 1.000000,
        -7.874016 -0.374016 1.000000,
        -7.582677 -0.805118 1.000000,
        -8.263780 -0.984252 1.000000,
        -7.736220 -0.984252 1.000000,
        -9.263780 -0.984252 1.000000,
        -8.736221 -0.984252 1.000000,
        -9.874016 -0.625984 1.000000,
        -10.125985 -0.625984 1.000000,
        -10.417322 -0.805118 1.000000,
        -9.582677 -0.805118 1.000000,
        -9.874016 -0.374016 1.000000,
        -10.125985 -0.374016 1.000000,
        -10.500000 -0.000000 1.000000,
        -10.500000 -0.708661 1.000000,
        -10.263780 -0.984252 1.000000,
        -9.736221 -0.984252 1.000000,
        -10.874016 -0.625984 1.000000,
        -11.125984 -0.625984 1.000000,
        -11.417323 -0.805118 1.000000,
        -10.582677 -0.805118 1.000000,
        -10.874016 -0.374016 1.000000,
        -11.125984 -0.374016 1.000000,
        -11.500000 -0.000000 1.000000,
        -11.500000 -0.708661 1.000000,
        -11.263780 -0.984252 1.000000,
        -10.736220 -0.984252 1.000000,
        -11.874016 -0.625984 1.000000,
        -12.125984 -0.625984 1.000000,
        -12.417322 -0.805118 1.000000,
        -11.582677 -0.805118 1.000000,
        -11.874016 -0.374016 1.000000,
        -12.125984 -0.374016 1.000000,
        -12.500001 -0.000000 1.000000,
        -12.500001 -0.708661 1.000000,
        -12.263780 -0.984252 1.000000,
        -11.736220 -0.984252 1.000000,
        -13.125984 -0.625984 1.000000,
        -13.125984 -0.374016 1.000000,
        -13.312992 -0.000000 1.000000,
        -12.874015 -0.374016 1.000000,
        -12.874015 -0.625984 1.000000,
        -12.582677 -0.805118 1.000000,
        -13.263780 -0.984252 1.000000,
        -12.736220 -0.984252 1.000000,
        -13.500000 -0.708661 1.000000,
        -13.312992 0.926837 1.000000,
        -13.500000 0.708661 1.000000,
        -13.500000 -0.000000 1.000000,
        -12.500001 0.708661 1.000000,
        -12.736220 0.984252 1.000000,
        -12.874015 0.625984 1.000000,
        -13.263780 0.984252 1.000000,
        -13.125984 0.625984 1.000000,
        -13.125984 0.374016 1.000000,
        -12.874015 0.374016 1.000000,
        -12.125984 0.625984 1.000000,
        -11.874016 0.625984 1.000000,
        -11.736220 0.984252 1.000000,
        -12.263780 0.984252 1.000000,
        -12.125984 0.374016 1.000000,
        -11.874016 0.374016 1.000000,
        -11.500000 0.708661 1.000000,
        -11.125984 0.625984 1.000000,
        -10.874016 0.625984 1.000000,
        -10.736220 0.984252 1.000000,
        -11.263780 0.984252 1.000000,
        -11.125984 0.374016 1.000000,
        -10.874016 0.374016 1.000000,
        -10.500000 0.708661 1.000000,
        -10.125985 0.625984 1.000000,
        -9.874016 0.625984 1.000000,
        -9.736221 0.984252 1.000000,
        -10.263780 0.984252 1.000000,
        -10.125985 0.374016 1.000000,
        -9.874016 0.374016 1.000000,
        -9.500000 0.708661 1.000000,
        -7.874016 0.625984 1.000000,
        -7.874016 0.374016 1.000000,
        -8.736221 0.984252 1.000000,
        -9.125984 0.625984 1.000000,
        -8.500000 0.708661 1.000000,
        -8.874015 0.625984 1.000000,
        -8.125985 0.374016 1.000000,
        -8.874015 0.374016 1.000000,
        -9.125984 0.374016 1.000000,
        -9.263780 0.984252 1.000000,
        -8.263780 0.984252 1.000000,
        -8.125985 0.625984 1.000000,
        -7.736220 0.984252 1.000000,
        -7.500000 0.708661 1.000000,
        -7.125984 0.625984 1.000000,
        -6.874015 0.625984 1.000000,
        -6.736220 0.984252 1.000000,
        -7.263779 0.984252 1.000000,
        -7.125984 0.374016 1.000000,
        -6.874015 0.374016 1.000000,
        -6.500000 0.708661 1.000000,
        -6.125984 0.625984 1.000000,
        -5.874016 0.625984 1.000000,
        -5.736220 0.984252 1.000000,
        -6.263780 0.984252 1.000000,
        -6.125984 0.374016 1.000000,
        -5.874016 0.374016 1.000000,
        -5.500000 0.708661 1.000000,
        -5.125984 0.625984 1.000000,
        -4.874016 0.625984 1.000000,
        -4.736220 0.984252 1.000000,
        -5.263780 0.984252 1.000000,
        -5.125984 0.374016 1.000000,
        -4.874016 0.374016 1.000000,
        -4.500000 0.708661 1.000000,
        -4.125984 0.625984 1.000000,
        -3.874016 0.625984 1.000000,
        -3.736220 0.984252 1.000000,
        -4.263780 0.984252 1.000000,
        -4.125984 0.374016 1.000000,
        -3.874016 0.374016 1.000000,
        -3.500000 0.708661 1.000000,
        -3.125984 0.625984 1.000000,
        -2.874016 0.625984 1.000000,
        -2.736220 0.984252 1.000000,
        -3.263780 0.984252 1.000000,
        -3.125984 0.374016 1.000000,
        -2.874016 0.374016 1.000000,
        -2.500000 0.708661 1.000000,
        -1.500000 0.708661 1.000000,
        -1.125984 0.374016 1.000000,
        -1.263780 0.984252 1.000000,
        -1.125984 0.625984 1.000000,
        -0.736220 0.984252 1.000000,
        -0.874016 0.625984 1.000000,
        -0.500000 0.708661 1.000000,
        -1.874016 0.374016 1.000000,
        -2.125984 0.374016 1.000000,
        -2.125984 0.625984 1.000000,
        -0.874016 0.374016 1.000000,
        -1.874016 0.625984 1.000000,
        -1.736220 0.984252 1.000000,
        -2.263780 0.984252 1.000000,
        -0.125984 0.625984 1.000000,
        0.125984 0.625984 1.000000,
        0.263780 0.984252 1.000000,
        -0.263780 0.984252 1.000000,
        -0.125984 0.374016 1.000000,
        0.125984 0.374016 1.000000,
        0.500000 -0.000000 1.000000,
        0.500000 0.708661 1.000000,
        0.874016 0.625984 1.000000,
        1.125984 0.625984 1.000000,
        1.263780 0.984252 1.000000,
        0.736220 0.984252 1.000000,
        0.874016 0.374016 1.000000,
        1.125984 0.374016 1.000000,
        1.500000 -0.000000 1.000000,
        1.500000 0.708661 1.000000,
        1.874016 0.625984 1.000000,
        2.125984 0.625984 1.000000,
        2.263780 0.984252 1.000000,
        1.736220 0.984252 1.000000,
        1.874016 0.374016 1.000000,
        2.125984 0.374016 1.000000,
        2.500000 -0.000000 1.000000,
        2.500000 0.708661 1.000000,
        2.874016 0.625984 1.000000,
        3.125984 0.625984 1.000000,
        3.263780 0.984252 1.000000,
        2.736220 0.984252 1.000000,
        2.874016 0.374016 1.000000,
        3.125984 0.374016 1.000000,
        3.500000 -0.000000 1.000000,
        3.500000 0.708661 1.000000,
        3.874016 0.625984 1.000000,
        4.125984 0.625984 1.000000,
        4.263780 0.984252 1.000000,
        3.736220 0.984252 1.000000,
        3.874016 0.374016 1.000000,
        4.125984 0.374016 1.000000,
        4.500000 -0.000000 1.000000,
        4.500000 0.708661 1.000000,
        6.125984 0.625984 1.000000,
        6.125984 0.374016 1.000000,
        6.500000 -0.000000 1.000000,
        5.874016 0.374016 1.000000,
        5.263780 0.984252 1.000000,
        4.874016 0.625984 1.000000,
        5.500000 0.708661 1.000000,
        5.125984 0.625984 1.000000,
        5.125984 0.374016 1.000000,
        4.736220 0.984252 1.000000,
        4.874016 0.374016 1.000000,
        6.500000 0.708661 1.000000,
        6.263780 0.984252 1.000000,
        5.874016 0.625984 1.000000,
        5.736220 0.984252 1.000000,
        6.874015 0.625984 1.000000,
        7.125984 0.625984 1.000000,
        7.263779 0.984252 1.000000,
        6.736220 0.984252 1.000000,
        6.874015 0.374016 1.000000,
        7.125984 0.374016 1.000000,
        7.500000 -0.000000 1.000000,
        7.500000 0.708661 1.000000,
        7.874016 0.625984 1.000000,
        8.125985 0.625984 1.000000,
        8.263780 0.984252 1.000000,
        7.736220 0.984252 1.000000,
        7.874016 0.374016 1.000000,
        8.125985 0.374016 1.000000,
        8.500000 -0.000000 1.000000,
        8.500000 0.708661 1.000000,
        8.874015 0.625984 1.000000,
        9.125984 0.625984 1.000000,
        9.263780 0.984252 1.000000,
        8.736221 0.984252 1.000000,
        8.874015 0.374016 1.000000,
        9.125984 0.374016 1.000000,
        9.500000 -0.000000 1.000000,
        9.500000 0.708661 1.000000,
        9.874016 0.625984 1.000000,
        10.125985 0.625984 1.000000,
        10.263780 0.984252 1.000000,
        9.736221 0.984252 1.000000,
        9.874016 0.374016 1.000000,
        10.125985 0.374016 1.000000,
        10.500000 -0.000000 1.000000,
        10.500000 0.708661 1.000000,
        10.874016 0.625984 1.000000,
        11.125984 0.625984 1.000000,
        11.263780 0.984252 1.000000,
        10.736220 0.984252 1.000000,
        10.874016 0.374016 1.000000,
        11.125984 0.374016 1.000000,
        11.500000 -0.000000 1.000000,
        11.500000 0.708661 1.000000,
        13.125984 0.625984 1.000000,
        13.125984 0.374016 1.000000,
        13.500000 -0.000000 1.000000,
        12.874015 0.374016 1.000000,
        12.263780 0.984252 1.000000,
        11.874016 0.625984 1.000000,
        12.500001 0.708661 1.000000,
        12.125984 0.625984 1.000000,
        12.125984 0.374016 1.000000,
        11.736220 0.984252 1.000000,
        11.874016 0.374016 1.000000,
        13.500000 0.708661 1.000000,
        13.263780 0.984252 1.000000,
        12.874015 0.625984 1.000000,
        12.736220 0.984252 1.000000,
        12.874015 -0.374016 1.000000,
        13.125984 -0.374016 1.000000,
        12.500001 -0.708661 1.000000,
        12.125984 -0.374016 1.000000,
        12.417322 -0.805118 1.000000,
        12.125984 -0.625984 1.000000,
        11.874016 -0.625984 1.000000,
        11.582677 -0.805118 1.000000,
        11.500000 -0.708661 1.000000,
        13.500000 -0.708661 1.000000,
        13.125984 -0.625984 1.000000,
        13.417322 -0.805118 1.000000,
        12.874015 -0.625984 1.000000,
        12.582677 -0.805118 1.000000,
        11.874016 -0.374016 1.000000,
        12.736220 -0.984252 1.000000,
        13.263780 -0.984252 1.000000,
        11.736220 -0.984252 1.000000,
        12.263780 -0.984252 1.000000,
        11.125984 -0.625984 1.000000,
        10.874016 -0.625984 1.000000,
        10.582677 -0.805118 1.000000,
        11.417323 -0.805118 1.000000,
        11.125984 -0.374016 1.000000,
        10.874016 -0.374016 1.000000,
        10.500000 -0.708661 1.000000,
        10.736220 -0.984252 1.000000,
        11.263780 -0.984252 1.000000,
        10.125985 -0.625984 1.000000,
        9.874016 -0.625984 1.000000,
        9.582677 -0.805118 1.000000,
        10.417322 -0.805118 1.000000,
        10.125985 -0.374016 1.000000,
        9.874016 -0.374016 1.000000,
        9.500000 -0.708661 1.000000,
        9.736221 -0.984252 1.000000,
        10.263780 -0.984252 1.000000,
        9.125984 -0.625984 1.000000,
        8.874015 -0.625984 1.000000,
        8.582678 -0.805118 1.000000,
        9.417323 -0.805118 1.000000,
        9.125984 -0.374016 1.000000,
        8.874015 -0.374016 1.000000,
        8.500000 -0.708661 1.000000,
        8.736221 -0.984252 1.000000,
        9.263780 -0.984252 1.000000,
        8.125985 -0.625984 1.000000,
        7.874016 -0.625984 1.000000,
        7.582677 -0.805118 1.000000,
        8.417322 -0.805118 1.000000,
        8.125985 -0.374016 1.000000,
        7.874016 -0.374016 1.000000,
        7.500000 -0.708661 1.000000,
        7.736220 -0.984252 1.000000,
        8.263780 -0.984252 1.000000,
        7.125984 -0.625984 1.000000,
        6.874015 -0.625984 1.000000,
        6.582678 -0.805118 1.000000,
        7.417323 -0.805118 1.000000,
        7.125984 -0.374016 1.000000,
        6.874015 -0.374016 1.000000,
        6.500000 -0.708661 1.000000,
        6.736220 -0.984252 1.000000,
        7.263779 -0.984252 1.000000,
        5.874016 -0.374016 1.000000,
        6.125984 -0.374016 1.000000,
        5.500000 -0.708661 1.000000,
        5.125984 -0.374016 1.000000,
        5.417322 -0.805118 1.000000,
        5.125984 -0.625984 1.000000,
        4.874016 -0.625984 1.000000,
        4.582677 -0.805118 1.000000,
        4.500000 -0.708661 1.000000,
        6.125984 -0.625984 1.000000,
        6.417323 -0.805118 1.000000,
        5.874016 -0.625984 1.000000,
        5.582677 -0.805118 1.000000,
        4.874016 -0.374016 1.000000,
        5.736220 -0.984252 1.000000,
        6.263780 -0.984252 1.000000,
        4.736220 -0.984252 1.000000,
        5.263780 -0.984252 1.000000,
        4.125984 -0.625984 1.000000,
        3.874016 -0.625984 1.000000,
        3.582677 -0.805118 1.000000,
        4.417322 -0.805118 1.000000,
        4.125984 -0.374016 1.000000,
        3.874016 -0.374016 1.000000,
        3.500000 -0.708661 1.000000,
        3.736220 -0.984252 1.000000,
        4.263780 -0.984252 1.000000,
        3.125984 -0.625984 1.000000,
        2.874016 -0.625984 1.000000,
        2.582677 -0.805118 1.000000,
        3.417323 -0.805118 1.000000,
        3.125984 -0.374016 1.000000,
        2.874016 -0.374016 1.000000,
        2.500000 -0.708661 1.000000,
        2.736220 -0.984252 1.000000,
        3.263780 -0.984252 1.000000,
        2.125984 -0.625984 1.000000,
        1.874016 -0.625984 1.000000,
        1.582677 -0.805118 1.000000,
        2.417323 -0.805118 1.000000,
        2.125984 -0.374016 1.000000,
        1.874016 -0.374016 1.000000,
        1.500000 -0.708661 1.000000,
        1.736220 -0.984252 1.000000,
        2.263780 -0.984252 1.000000,
        1.125984 -0.625984 1.000000,
        0.874016 -0.625984 1.000000,
        0.582677 -0.805118 1.000000,
        1.417323 -0.805118 1.000000,
        1.125984 -0.374016 1.000000,
        0.874016 -0.374016 1.000000,
        0.500000 -0.708661 1.000000,
        0.736220 -0.984252 1.000000,
        1.263780 -0.984252 1.000000,
        0.125984 -0.625984 1.000000,
        -0.125984 -0.625984 1.000000,
        -0.417323 -0.805118 1.000000,
        0.417323 -0.805118 1.000000,
        0.125984 -0.374016 1.000000,
        -0.125984 -0.374016 1.000000,
        -0.263780 -0.984252 1.000000,
        0.263780 -0.984252 1.000000,
        -1.263780 -0.984252 1.000000,
        -0.736220 -0.984252 1.000000,
        -1.567492 0.787402 0.000000,
        -2.432508 0.787402 0.000000,
        -1.736220 0.984252 0.000000,
        -2.263780 0.984252 0.000000,
        -1.263780 0.984252 0.000000,
        -0.736220 0.984252 0.000000,
        -1.432508 0.787402 0.000000,
        -0.567492 0.787402 0.000000,
        -3.567492 0.787402 0.000000,
        -4.432509 0.787402 0.000000,
        -3.736220 0.984252 0.000000,
        -4.263780 0.984252 0.000000,
        -3.263780 0.984252 0.000000,
        -2.736220 0.984252 0.000000,
        -3.432509 0.787402 0.000000,
        -2.567492 0.787402 0.000000,
        2.432508 0.787402 0.000000,
        1.567492 0.787402 0.000000,
        2.263780 0.984252 0.000000,
        1.736220 0.984252 0.000000,
        2.736220 0.984252 0.000000,
        3.263780 0.984252 0.000000,
        2.567492 0.787402 0.000000,
        3.432509 0.787402 0.000000,
        -0.263780 0.984252 0.000000,
        0.263780 0.984252 0.000000,
        -0.432508 0.787402 0.000000,
        0.432508 0.787402 0.000000,
        0.736220 0.984252 0.000000,
        1.263780 0.984252 0.000000,
        0.567492 0.787402 0.000000,
        1.432508 0.787402 0.000000,
        -9.567491 0.787402 0.000000,
        -10.432508 0.787402 0.000000,
        -9.736221 0.984252 0.000000,
        -10.263780 0.984252 0.000000,
        -9.263780 0.984252 0.000000,
        -8.736221 0.984252 0.000000,
        -9.432508 0.787402 0.000000,
        -8.567492 0.787402 0.000000,
        -11.567491 0.787402 0.000000,
        -12.432508 0.787402 0.000000,
        -11.736220 0.984252 0.000000,
        -12.263780 0.984252 0.000000,
        -11.263780 0.984252 0.000000,
        -10.736220 0.984252 0.000000,
        -11.432508 0.787402 0.000000,
        -10.567492 0.787402 0.000000,
        -5.567491 0.787402 0.000000,
        -6.432509 0.787402 0.000000,
        -5.736220 0.984252 0.000000,
        -6.263780 0.984252 0.000000,
        -5.263780 0.984252 0.000000,
        -4.736220 0.984252 0.000000,
        -5.432509 0.787402 0.000000,
        -4.567491 0.787402 0.000000,
        -8.263780 0.984252 0.000000,
        -7.736220 0.984252 0.000000,
        -8.432508 0.787402 0.000000,
        -7.567491 0.787402 0.000000,
        -7.263779 0.984252 0.000000,
        -6.736220 0.984252 0.000000,
        -7.432509 0.787402 0.000000,
        -6.567492 0.787402 0.000000,
        12.432508 0.787402 0.000000,
        11.567491 0.787402 0.000000,
        12.263780 0.984252 0.000000,
        11.736220 0.984252 0.000000,
        6.432509 0.787402 0.000000,
        5.567491 0.787402 0.000000,
        6.263780 0.984252 0.000000,
        5.736220 0.984252 0.000000,
        6.736220 0.984252 0.000000,
        7.263779 0.984252 0.000000,
        6.567492 0.787402 0.000000,
        7.432509 0.787402 0.000000,
        3.736220 0.984252 0.000000,
        4.263780 0.984252 0.000000,
        3.567492 0.787402 0.000000,
        4.432509 0.787402 0.000000,
        4.736220 0.984252 0.000000,
        5.263780 0.984252 0.000000,
        4.567491 0.787402 0.000000,
        5.432509 0.787402 0.000000,
        10.432508 0.787402 0.000000,
        9.567491 0.787402 0.000000,
        10.263780 0.984252 0.000000,
        9.736221 0.984252 0.000000,
        10.736220 0.984252 0.000000,
        11.263780 0.984252 0.000000,
        10.567492 0.787402 0.000000,
        11.432508 0.787402 0.000000,
        7.736220 0.984252 0.000000,
        8.263780 0.984252 0.000000,
        7.567491 0.787402 0.000000,
        8.432508 0.787402 0.000000,
        8.736221 0.984252 0.000000,
        9.263780 0.984252 0.000000,
        8.567492 0.787402 0.000000,
        9.432508 0.787402 0.000000,
        -1.736220 -0.984252 0.000000,
        -2.263780 -0.984252 0.000000,
        -1.263780 -0.984252 0.000000,
        -0.736220 -0.984252 0.000000,
        -3.736220 -0.984252 0.000000,
        -4.263780 -0.984252 0.000000,
        -3.263780 -0.984252 0.000000,
        -2.736220 -0.984252 0.000000,
        2.263780 -0.984252 0.000000,
        1.736220 -0.984252 0.000000,
        2.736220 -0.984252 0.000000,
        3.263780 -0.984252 0.000000,
        -0.263780 -0.984252 0.000000,
        0.263780 -0.984252 0.000000,
        0.736220 -0.984252 0.000000,
        1.263780 -0.984252 0.000000,
        -9.736221 -0.984252 0.000000,
        -10.263780 -0.984252 0.000000,
        -9.263780 -0.984252 0.000000,
        -8.736221 -0.984252 0.000000,
        -12.263780 -0.984252 0.000000,
        -11.736220 -0.984252 0.000000,
        -11.263780 -0.984252 0.000000,
        -10.736220 -0.984252 0.000000,
        -5.736220 -0.984252 0.000000,
        -6.263780 -0.984252 0.000000,
        -5.263780 -0.984252 0.000000,
        -4.736220 -0.984252 0.000000,
        -8.263780 -0.984252 0.000000,
        -7.736220 -0.984252 0.000000,
        -7.263779 -0.984252 0.000000,
        -6.736220 -0.984252 0.000000,
        12.263780 -0.984252 0.000000,
        11.736220 -0.984252 0.000000,
        6.263780 -0.984252 0.000000,
        5.736220 -0.984252 0.000000,
        6.736220 -0.984252 0.000000,
        7.263779 -0.984252 0.000000,
        3.736220 -0.984252 0.000000,
        4.263780 -0.984252 0.000000,
        4.736220 -0.984252 0.000000,
        5.263780 -0.984252 0.000000,
        10.263780 -0.984252 0.000000,
        9.736221 -0.984252 0.000000,
        10.736220 -0.984252 0.000000,
        11.263780 -0.984252 0.000000,
        7.736220 -0.984252 0.000000,
        8.263780 -0.984252 0.000000,
        8.736221 -0.984252 0.000000,
        9.263780 -0.984252 0.000000,
        -1.567492 -0.787402 0.000000,
        -2.432508 -0.787402 0.000000,
        -1.432508 -0.787402 0.000000,
        -0.567492 -0.787402 0.000000,
        -3.567492 -0.787402 0.000000,
        -4.432509 -0.787402 0.000000,
        -3.432509 -0.787402 0.000000,
        -2.567492 -0.787402 0.000000,
        2.432508 -0.787402 0.000000,
        1.567492 -0.787402 0.000000,
        2.567492 -0.787402 0.000000,
        3.432509 -0.787402 0.000000,
        -0.432508 -0.787402 0.000000,
        0.432508 -0.787402 0.000000,
        0.567492 -0.787402 0.000000,
        1.432508 -0.787402 0.000000,
        -9.567491 -0.787402 0.000000,
        -10.432508 -0.787402 0.000000,
        -9.432508 -0.787402 0.000000,
        -8.567492 -0.787402 0.000000,
        -12.432508 -0.787402 0.000000,
        -11.567491 -0.787402 0.000000,
        -11.432508 -0.787402 0.000000,
        -10.567492 -0.787402 0.000000,
        -5.567491 -0.787402 0.000000,
        -6.432509 -0.787402 0.000000,
        -5.432509 -0.787402 0.000000,
        -4.567491 -0.787402 0.000000,
        -8.432508 -0.787402 0.000000,
        -7.567491 -0.787402 0.000000,
        -7.432509 -0.787402 0.000000,
        -6.567492 -0.787402 0.000000,
        12.432508 -0.787402 0.000000,
        11.567491 -0.787402 0.000000,
        6.432509 -0.787402 0.000000,
        5.567491 -0.787402 0.000000,
        6.567492 -0.787402 0.000000,
        7.432509 -0.787402 0.000000,
        3.567492 -0.787402 0.000000,
        4.432509 -0.787402 0.000000,
        4.567491 -0.787402 0.000000,
        5.432509 -0.787402 0.000000,
        10.432508 -0.787402 0.000000,
        9.567491 -0.787402 0.000000,
        10.567492 -0.787402 0.000000,
        11.432508 -0.787402 0.000000,
        7.567491 -0.787402 0.000000,
        8.432508 -0.787402 0.000000,
        8.567492 -0.787402 0.000000,
        9.432508 -0.787402 0.000000,
        12.736220 0.984252 0.000000,
        13.263780 0.984252 0.000000,
        12.567491 0.787402 0.000000,
        13.432509 0.787402 0.000000,
        -13.432509 0.787402 0.000000,
        -13.263780 0.984252 0.000000,
        -12.567491 0.787402 0.000000,
        -12.736220 0.984252 0.000000,
        -12.567491 -0.787402 0.000000,
        -12.736220 -0.984252 0.000000,
        -13.432509 -0.787402 0.000000,
        -13.263780 -0.984252 0.000000,
        12.736220 -0.984252 0.000000,
        13.263780 -0.984252 0.000000,
        12.567491 -0.787402 0.000000,
        13.432509 -0.787402 0.000000,
      ]
    }
    coordIndex [
      0, 1, 2, -1,
      3, 4, 5, -1,
      6, 7, 8, -1,
      9, 10, 11, -1,
      12, 13, 14, -1,
      15, 16, 17, -1,
      17, 16, 18, -1,
      17, 18, 19, -1,
      19, 18, 20, -1,
      21, 22, 23, -1,
      24, 25, 26, -1,
      26, 25, 27, -1,
      28, 29, 30, -1,
      31, 32, 17, -1,
      17, 32, 33, -1,
      17, 33, 34, -1,
      35, 36, 37, -1,
      37, 36, 38, -1,
      29, 39, 30, -1,
      30, 39, 40, -1,
      30, 40, 23, -1,
      23, 40, 41, -1,
      23, 41, 21, -1,
      42, 43, 44, -1,
      44, 43, 45, -1,
      44, 45, 46, -1,
      46, 45, 37, -1,
      46, 37, 22, -1,
      22, 37, 38, -1,
      22, 38, 47, -1,
      48, 49, 47, -1,
      47, 49, 50, -1,
      47, 50, 22, -1,
      22, 50, 51, -1,
      22, 51, 23, -1,
      34, 52, 17, -1,
      17, 52, 53, -1,
      17, 53, 15, -1,
      15, 53, 54, -1,
      54, 55, 15, -1,
      15, 55, 56, -1,
      15, 56, 30, -1,
      30, 56, 57, -1,
      30, 57, 28, -1,
      58, 59, 60, -1,
      60, 59, 61, -1,
      60, 61, 62, -1,
      60, 63, 58, -1,
      58, 63, 64, -1,
      58, 64, 65, -1,
      65, 64, 66, -1,
      66, 64, 67, -1,
      66, 67, 68, -1,
      68, 67, 69, -1,
      68, 69, 14, -1,
      14, 69, 70, -1,
      14, 70, 12, -1,
      71, 72, 73, -1,
      71, 73, 74, -1,
      74, 73, 75, -1,
      74, 75, 11, -1,
      11, 75, 76, -1,
      11, 76, 9, -1,
      72, 71, 77, -1,
      77, 71, 78, -1,
      77, 78, 79, -1,
      80, 81, 23, -1,
      23, 81, 82, -1,
      83, 84, 82, -1,
      82, 84, 26, -1,
      82, 26, 23, -1,
      23, 26, 27, -1,
      23, 27, 30, -1,
      85, 86, 87, -1,
      87, 86, 88, -1,
      87, 88, 89, -1,
      90, 91, 92, -1,
      88, 93, 89, -1,
      89, 93, 73, -1,
      89, 73, 94, -1,
      94, 73, 72, -1,
      94, 72, 85, -1,
      85, 72, 92, -1,
      85, 92, 86, -1,
      86, 92, 91, -1,
      86, 91, 95, -1,
      92, 96, 90, -1,
      90, 96, 97, -1,
      90, 97, 98, -1,
      98, 97, 99, -1,
      98, 99, 95, -1,
      95, 99, 100, -1,
      95, 100, 86, -1,
      101, 102, 103, -1,
      103, 102, 104, -1,
      103, 104, 105, -1,
      106, 107, 108, -1,
      109, 110, 111, -1,
      111, 110, 112, -1,
      111, 112, 113, -1,
      113, 112, 114, -1,
      106, 115, 107, -1,
      107, 115, 116, -1,
      107, 116, 102, -1,
      104, 117, 105, -1,
      105, 117, 97, -1,
      105, 97, 118, -1,
      118, 97, 96, -1,
      118, 96, 101, -1,
      101, 96, 110, -1,
      101, 110, 102, -1,
      102, 110, 109, -1,
      102, 109, 107, -1,
      108, 111, 106, -1,
      106, 111, 113, -1,
      106, 113, 119, -1,
      119, 113, 120, -1,
      119, 120, 121, -1,
      121, 120, 122, -1,
      121, 122, 123, -1,
      123, 122, 114, -1,
      124, 125, 112, -1,
      114, 112, 123, -1,
      123, 112, 125, -1,
      123, 125, 126, -1,
      112, 127, 124, -1,
      124, 127, 128, -1,
      124, 128, 129, -1,
      129, 128, 130, -1,
      129, 130, 126, -1,
      126, 130, 131, -1,
      126, 131, 123, -1,
      132, 133, 134, -1,
      134, 133, 135, -1,
      134, 135, 136, -1,
      137, 138, 139, -1,
      135, 140, 136, -1,
      136, 140, 128, -1,
      136, 128, 141, -1,
      141, 128, 127, -1,
      141, 127, 132, -1,
      132, 127, 139, -1,
      132, 139, 133, -1,
      133, 139, 138, -1,
      133, 138, 142, -1,
      139, 143, 137, -1,
      137, 143, 144, -1,
      137, 144, 145, -1,
      145, 144, 146, -1,
      145, 146, 142, -1,
      142, 146, 147, -1,
      142, 147, 133, -1,
      148, 149, 150, -1,
      150, 149, 151, -1,
      150, 151, 152, -1,
      153, 154, 155, -1,
      151, 156, 152, -1,
      152, 156, 144, -1,
      152, 144, 157, -1,
      157, 144, 143, -1,
      157, 143, 148, -1,
      148, 143, 155, -1,
      148, 155, 149, -1,
      149, 155, 154, -1,
      149, 154, 158, -1,
      155, 159, 153, -1,
      153, 159, 160, -1,
      153, 160, 161, -1,
      161, 160, 162, -1,
      161, 162, 158, -1,
      158, 162, 163, -1,
      158, 163, 149, -1,
      164, 165, 166, -1,
      166, 165, 167, -1,
      166, 167, 168, -1,
      169, 170, 171, -1,
      172, 173, 169, -1,
      174, 175, 165, -1,
      173, 172, 174, -1,
      174, 172, 176, -1,
      174, 176, 175, -1,
      167, 177, 168, -1,
      168, 177, 160, -1,
      168, 160, 178, -1,
      178, 160, 159, -1,
      178, 159, 164, -1,
      164, 159, 171, -1,
      164, 171, 165, -1,
      165, 171, 170, -1,
      165, 170, 174, -1,
      179, 180, 181, -1,
      181, 180, 182, -1,
      181, 182, 183, -1,
      183, 182, 184, -1,
      183, 184, 185, -1,
      185, 184, 186, -1,
      185, 186, 179, -1,
      187, 188, 189, -1,
      189, 188, 190, -1,
      191, 192, 190, -1,
      190, 192, 193, -1,
      194, 195, 196, -1,
      197, 198, 196, -1,
      196, 198, 189, -1,
      196, 189, 194, -1,
      194, 189, 190, -1,
      194, 190, 199, -1,
      199, 190, 193, -1,
      200, 201, 202, -1,
      203, 204, 205, -1,
      205, 204, 200, -1,
      206, 207, 208, -1,
      208, 207, 205, -1,
      7, 6, 209, -1,
      210, 211, 6, -1,
      6, 211, 208, -1,
      6, 208, 209, -1,
      209, 208, 205, -1,
      209, 205, 212, -1,
      212, 205, 200, -1,
      212, 200, 213, -1,
      214, 215, 216, -1,
      217, 218, 219, -1,
      219, 218, 220, -1,
      221, 222, 220, -1,
      220, 222, 214, -1,
      223, 224, 225, -1,
      225, 224, 219, -1,
      226, 227, 228, -1,
      228, 227, 225, -1,
      229, 230, 231, -1,
      231, 230, 228, -1,
      216, 6, 214, -1,
      214, 6, 8, -1,
      214, 8, 220, -1,
      220, 8, 232, -1,
      220, 232, 219, -1,
      219, 232, 233, -1,
      219, 233, 225, -1,
      225, 233, 234, -1,
      225, 234, 228, -1,
      228, 234, 67, -1,
      228, 67, 231, -1,
      231, 67, 64, -1,
      231, 64, 235, -1,
      236, 237, 238, -1,
      239, 240, 238, -1,
      238, 240, 241, -1,
      238, 241, 236, -1,
      242, 243, 244, -1,
      244, 243, 238, -1,
      244, 238, 245, -1,
      245, 238, 237, -1,
      246, 247, 248, -1,
      248, 247, 244, -1,
      248, 244, 249, -1,
      249, 244, 245, -1,
      250, 251, 3, -1,
      3, 251, 248, -1,
      3, 248, 4, -1,
      4, 248, 249, -1,
      252, 253, 254, -1,
      255, 256, 257, -1,
      257, 256, 258, -1,
      259, 260, 258, -1,
      258, 260, 252, -1,
      254, 3, 252, -1,
      252, 3, 5, -1,
      252, 5, 258, -1,
      258, 5, 261, -1,
      258, 261, 257, -1,
      262, 263, 264, -1,
      264, 263, 257, -1,
      264, 257, 265, -1,
      265, 257, 261, -1,
      266, 267, 0, -1,
      0, 267, 264, -1,
      0, 264, 1, -1,
      1, 264, 265, -1,
      268, 269, 270, -1,
      271, 272, 273, -1,
      273, 272, 268, -1,
      268, 274, 273, -1,
      273, 274, 275, -1,
      273, 275, 276, -1,
      276, 275, 277, -1,
      277, 275, 278, -1,
      277, 278, 279, -1,
      280, 281, 282, -1,
      282, 281, 283, -1,
      282, 283, 284, -1,
      285, 286, 287, -1,
      288, 289, 290, -1,
      290, 289, 291, -1,
      290, 291, 292, -1,
      292, 291, 283, -1,
      292, 283, 293, -1,
      293, 283, 281, -1,
      293, 281, 288, -1,
      288, 281, 287, -1,
      288, 287, 289, -1,
      289, 287, 286, -1,
      289, 286, 294, -1,
      287, 295, 285, -1,
      285, 295, 296, -1,
      285, 296, 297, -1,
      297, 296, 298, -1,
      297, 298, 294, -1,
      294, 298, 299, -1,
      294, 299, 289, -1,
      300, 301, 302, -1,
      302, 301, 303, -1,
      302, 303, 304, -1,
      305, 306, 307, -1,
      303, 308, 304, -1,
      304, 308, 296, -1,
      304, 296, 309, -1,
      309, 296, 295, -1,
      309, 295, 300, -1,
      300, 295, 307, -1,
      300, 307, 301, -1,
      301, 307, 306, -1,
      301, 306, 310, -1,
      307, 311, 305, -1,
      305, 311, 312, -1,
      305, 312, 313, -1,
      313, 312, 314, -1,
      313, 314, 310, -1,
      310, 314, 315, -1,
      310, 315, 301, -1,
      316, 317, 318, -1,
      318, 317, 319, -1,
      318, 319, 320, -1,
      321, 322, 323, -1,
      324, 325, 326, -1,
      326, 325, 327, -1,
      326, 327, 328, -1,
      328, 327, 329, -1,
      321, 330, 322, -1,
      322, 330, 331, -1,
      322, 331, 317, -1,
      319, 332, 320, -1,
      320, 332, 312, -1,
      320, 312, 333, -1,
      333, 312, 311, -1,
      333, 311, 316, -1,
      316, 311, 325, -1,
      316, 325, 317, -1,
      317, 325, 324, -1,
      317, 324, 322, -1,
      323, 326, 321, -1,
      321, 326, 328, -1,
      321, 328, 334, -1,
      334, 328, 335, -1,
      334, 335, 336, -1,
      336, 335, 337, -1,
      336, 337, 338, -1,
      338, 337, 329, -1,
      339, 340, 327, -1,
      329, 327, 338, -1,
      338, 327, 340, -1,
      338, 340, 341, -1,
      327, 342, 339, -1,
      339, 342, 343, -1,
      339, 343, 344, -1,
      344, 343, 345, -1,
      344, 345, 341, -1,
      341, 345, 346, -1,
      341, 346, 338, -1,
      347, 348, 349, -1,
      349, 348, 350, -1,
      349, 350, 351, -1,
      352, 353, 354, -1,
      350, 355, 351, -1,
      351, 355, 343, -1,
      351, 343, 356, -1,
      356, 343, 342, -1,
      356, 342, 347, -1,
      347, 342, 354, -1,
      347, 354, 348, -1,
      348, 354, 353, -1,
      348, 353, 357, -1,
      354, 358, 352, -1,
      352, 358, 359, -1,
      352, 359, 360, -1,
      360, 359, 361, -1,
      360, 361, 357, -1,
      357, 361, 362, -1,
      357, 362, 348, -1,
      363, 364, 365, -1,
      365, 364, 366, -1,
      365, 366, 367, -1,
      368, 369, 370, -1,
      366, 371, 367, -1,
      367, 371, 359, -1,
      367, 359, 372, -1,
      372, 359, 358, -1,
      372, 358, 363, -1,
      363, 358, 370, -1,
      363, 370, 364, -1,
      364, 370, 369, -1,
      364, 369, 373, -1,
      370, 374, 368, -1,
      368, 374, 375, -1,
      368, 375, 376, -1,
      376, 375, 377, -1,
      376, 377, 373, -1,
      373, 377, 378, -1,
      373, 378, 364, -1,
      379, 380, 381, -1,
      381, 380, 375, -1,
      381, 375, 382, -1,
      382, 375, 374, -1,
      382, 374, 383, -1,
      383, 374, 384, -1,
      383, 384, 385, -1,
      385, 384, 26, -1,
      385, 26, 386, -1,
      386, 26, 84, -1,
      386, 84, 387, -1,
      387, 84, 379, -1,
      387, 379, 381, -1,
      241, 388, 236, -1,
      236, 388, 389, -1,
      236, 389, 390, -1,
      390, 389, 391, -1,
      390, 391, 19, -1,
      19, 391, 392, -1,
      19, 392, 17, -1,
      17, 392, 393, -1,
      17, 393, 394, -1,
      394, 393, 395, -1,
      394, 395, 388, -1,
      388, 395, 396, -1,
      388, 396, 389, -1,
      397, 398, 44, -1,
      44, 398, 399, -1,
      44, 399, 400, -1,
      400, 401, 44, -1,
      44, 401, 402, -1,
      44, 402, 403, -1,
      404, 405, 62, -1,
      62, 405, 406, -1,
      62, 406, 60, -1,
      60, 406, 407, -1,
      60, 407, 397, -1,
      397, 407, 408, -1,
      397, 408, 398, -1,
      409, 410, 411, -1,
      51, 42, 23, -1,
      23, 42, 44, -1,
      23, 44, 412, -1,
      412, 44, 403, -1,
      412, 403, 413, -1,
      414, 415, 416, -1,
      417, 418, 62, -1,
      409, 411, 419, -1,
      412, 420, 23, -1,
      23, 420, 421, -1,
      23, 421, 422, -1,
      416, 423, 414, -1,
      414, 423, 424, -1,
      414, 424, 425, -1,
      411, 426, 427, -1,
      428, 429, 414, -1,
      414, 429, 430, -1,
      414, 430, 415, -1,
      418, 431, 62, -1,
      62, 431, 432, -1,
      62, 432, 404, -1,
      403, 433, 413, -1,
      413, 433, 434, -1,
      413, 434, 435, -1,
      435, 434, 436, -1,
      435, 436, 437, -1,
      437, 436, 438, -1,
      411, 439, 440, -1,
      410, 441, 411, -1,
      411, 441, 442, -1,
      411, 442, 426, -1,
      443, 444, 445, -1,
      445, 444, 411, -1,
      445, 411, 446, -1,
      446, 411, 427, -1,
      425, 417, 414, -1,
      414, 417, 62, -1,
      414, 62, 12, -1,
      12, 62, 61, -1,
      12, 61, 13, -1,
      443, 445, 436, -1,
      436, 445, 447, -1,
      436, 447, 438, -1,
      440, 448, 411, -1,
      411, 448, 449, -1,
      411, 449, 419, -1,
      450, 451, 275, -1,
      275, 451, 452, -1,
      275, 452, 278, -1,
      453, 274, 454, -1,
      454, 274, 455, -1,
      454, 455, 456, -1,
      456, 455, 450, -1,
      456, 450, 457, -1,
      457, 450, 275, -1,
      457, 275, 453, -1,
      453, 275, 274, -1,
      270, 0, 268, -1,
      268, 0, 2, -1,
      268, 2, 274, -1,
      274, 2, 458, -1,
      274, 458, 455, -1,
      455, 458, 459, -1,
      455, 459, 460, -1,
      460, 459, 461, -1,
      460, 461, 2, -1,
      2, 461, 462, -1,
      2, 462, 458, -1,
      463, 1, 464, -1,
      464, 1, 465, -1,
      464, 465, 466, -1,
      466, 465, 460, -1,
      466, 460, 467, -1,
      467, 460, 2, -1,
      467, 2, 463, -1,
      463, 2, 1, -1,
      468, 265, 469, -1,
      469, 265, 470, -1,
      469, 470, 471, -1,
      471, 470, 465, -1,
      471, 465, 472, -1,
      472, 465, 1, -1,
      472, 1, 468, -1,
      468, 1, 265, -1,
      473, 261, 474, -1,
      474, 261, 475, -1,
      474, 475, 476, -1,
      476, 475, 470, -1,
      476, 470, 477, -1,
      477, 470, 265, -1,
      477, 265, 473, -1,
      473, 265, 261, -1,
      478, 5, 479, -1,
      479, 5, 480, -1,
      479, 480, 481, -1,
      480, 475, 481, -1,
      481, 475, 482, -1,
      481, 482, 483, -1,
      483, 482, 484, -1,
      478, 483, 5, -1,
      5, 483, 484, -1,
      5, 484, 261, -1,
      261, 484, 485, -1,
      261, 485, 475, -1,
      475, 485, 486, -1,
      475, 486, 482, -1,
      487, 4, 488, -1,
      488, 4, 489, -1,
      488, 489, 490, -1,
      490, 489, 480, -1,
      490, 480, 491, -1,
      491, 480, 5, -1,
      491, 5, 487, -1,
      487, 5, 4, -1,
      492, 249, 493, -1,
      493, 249, 494, -1,
      493, 494, 495, -1,
      495, 494, 489, -1,
      495, 489, 496, -1,
      496, 489, 4, -1,
      496, 4, 492, -1,
      492, 4, 249, -1,
      497, 245, 498, -1,
      498, 245, 499, -1,
      498, 499, 500, -1,
      500, 499, 494, -1,
      500, 494, 501, -1,
      501, 494, 249, -1,
      501, 249, 497, -1,
      497, 249, 245, -1,
      502, 237, 503, -1,
      503, 237, 504, -1,
      503, 504, 505, -1,
      505, 504, 499, -1,
      505, 499, 506, -1,
      506, 499, 245, -1,
      506, 245, 502, -1,
      502, 245, 237, -1,
      507, 236, 508, -1,
      508, 236, 390, -1,
      508, 390, 509, -1,
      509, 390, 504, -1,
      509, 504, 510, -1,
      510, 504, 237, -1,
      510, 237, 507, -1,
      507, 237, 236, -1,
      511, 24, 512, -1,
      512, 24, 26, -1,
      512, 26, 20, -1,
      20, 26, 384, -1,
      20, 384, 19, -1,
      19, 384, 374, -1,
      19, 374, 390, -1,
      390, 374, 370, -1,
      390, 370, 504, -1,
      504, 370, 358, -1,
      504, 358, 499, -1,
      499, 358, 354, -1,
      499, 354, 494, -1,
      494, 354, 342, -1,
      494, 342, 489, -1,
      489, 342, 327, -1,
      489, 327, 480, -1,
      480, 327, 325, -1,
      480, 325, 475, -1,
      475, 325, 311, -1,
      475, 311, 470, -1,
      470, 311, 307, -1,
      470, 307, 465, -1,
      465, 307, 295, -1,
      465, 295, 460, -1,
      460, 295, 287, -1,
      460, 287, 455, -1,
      455, 287, 281, -1,
      455, 281, 450, -1,
      450, 281, 280, -1,
      450, 280, 451, -1,
      513, 394, 514, -1,
      514, 394, 388, -1,
      514, 388, 515, -1,
      515, 388, 241, -1,
      515, 241, 516, -1,
      513, 517, 394, -1,
      394, 517, 397, -1,
      394, 397, 17, -1,
      17, 397, 44, -1,
      17, 44, 31, -1,
      31, 44, 46, -1,
      422, 428, 23, -1,
      23, 428, 414, -1,
      23, 414, 80, -1,
      80, 414, 518, -1,
      519, 520, 70, -1,
      70, 520, 521, -1,
      70, 521, 12, -1,
      12, 521, 522, -1,
      12, 522, 523, -1,
      523, 524, 12, -1,
      12, 524, 525, -1,
      12, 525, 414, -1,
      10, 9, 526, -1,
      526, 9, 518, -1,
      526, 518, 527, -1,
      527, 518, 414, -1,
      527, 414, 79, -1,
      79, 414, 525, -1,
      79, 525, 77, -1,
      77, 525, 524, -1,
      77, 524, 519, -1,
      235, 64, 528, -1,
      528, 64, 63, -1,
      528, 63, 529, -1,
      529, 63, 60, -1,
      529, 60, 530, -1,
      530, 60, 397, -1,
      530, 397, 531, -1,
      531, 397, 517, -1,
      531, 517, 532, -1,
      533, 234, 534, -1,
      534, 234, 535, -1,
      534, 535, 536, -1,
      536, 535, 69, -1,
      536, 69, 537, -1,
      537, 69, 67, -1,
      537, 67, 533, -1,
      533, 67, 234, -1,
      538, 233, 539, -1,
      539, 233, 540, -1,
      539, 540, 541, -1,
      541, 540, 535, -1,
      541, 535, 542, -1,
      542, 535, 234, -1,
      542, 234, 538, -1,
      538, 234, 233, -1,
      543, 232, 544, -1,
      544, 232, 545, -1,
      544, 545, 546, -1,
      546, 545, 540, -1,
      546, 540, 547, -1,
      547, 540, 233, -1,
      547, 233, 543, -1,
      543, 233, 232, -1,
      548, 8, 549, -1,
      549, 8, 550, -1,
      549, 550, 551, -1,
      550, 545, 551, -1,
      551, 545, 552, -1,
      551, 552, 553, -1,
      553, 552, 554, -1,
      548, 553, 8, -1,
      8, 553, 554, -1,
      8, 554, 232, -1,
      232, 554, 555, -1,
      232, 555, 545, -1,
      545, 555, 556, -1,
      545, 556, 552, -1,
      557, 7, 558, -1,
      558, 7, 559, -1,
      558, 559, 560, -1,
      560, 559, 550, -1,
      560, 550, 561, -1,
      561, 550, 8, -1,
      561, 8, 557, -1,
      557, 8, 7, -1,
      562, 209, 563, -1,
      563, 209, 564, -1,
      563, 564, 565, -1,
      565, 564, 559, -1,
      565, 559, 566, -1,
      566, 559, 7, -1,
      566, 7, 562, -1,
      562, 7, 209, -1,
      567, 212, 568, -1,
      568, 212, 569, -1,
      568, 569, 570, -1,
      570, 569, 564, -1,
      570, 564, 571, -1,
      571, 564, 209, -1,
      571, 209, 567, -1,
      567, 209, 212, -1,
      572, 213, 573, -1,
      573, 213, 574, -1,
      573, 574, 575, -1,
      575, 574, 569, -1,
      575, 569, 576, -1,
      576, 569, 212, -1,
      576, 212, 572, -1,
      572, 212, 213, -1,
      202, 196, 200, -1,
      200, 196, 195, -1,
      200, 195, 213, -1,
      213, 195, 577, -1,
      213, 577, 574, -1,
      574, 577, 578, -1,
      574, 578, 579, -1,
      579, 578, 580, -1,
      579, 580, 195, -1,
      195, 580, 581, -1,
      195, 581, 577, -1,
      519, 70, 77, -1,
      77, 70, 69, -1,
      77, 69, 72, -1,
      72, 69, 535, -1,
      72, 535, 92, -1,
      92, 535, 540, -1,
      92, 540, 96, -1,
      96, 540, 545, -1,
      96, 545, 110, -1,
      110, 545, 550, -1,
      110, 550, 112, -1,
      112, 550, 559, -1,
      112, 559, 127, -1,
      127, 559, 564, -1,
      127, 564, 139, -1,
      139, 564, 569, -1,
      139, 569, 143, -1,
      143, 569, 574, -1,
      143, 574, 155, -1,
      155, 574, 579, -1,
      155, 579, 159, -1,
      159, 579, 582, -1,
      159, 582, 171, -1,
      583, 194, 584, -1,
      584, 194, 582, -1,
      584, 582, 585, -1,
      585, 582, 579, -1,
      585, 579, 586, -1,
      586, 579, 195, -1,
      586, 195, 583, -1,
      583, 195, 194, -1,
      587, 199, 588, -1,
      588, 199, 589, -1,
      588, 589, 590, -1,
      186, 172, 179, -1,
      179, 172, 169, -1,
      179, 169, 180, -1,
      180, 169, 171, -1,
      180, 171, 589, -1,
      589, 171, 582, -1,
      589, 582, 590, -1,
      590, 582, 591, -1,
      590, 591, 592, -1,
      592, 591, 593, -1,
      587, 592, 199, -1,
      199, 592, 593, -1,
      199, 593, 194, -1,
      194, 593, 594, -1,
      194, 594, 582, -1,
      582, 594, 595, -1,
      582, 595, 591, -1,
      596, 597, 598, -1,
      599, 600, 601, -1,
      601, 600, 602, -1,
      603, 604, 605, -1,
      606, 607, 608, -1,
      605, 609, 603, -1,
      603, 609, 602, -1,
      603, 602, 610, -1,
      610, 602, 600, -1,
      610, 600, 606, -1,
      606, 600, 611, -1,
      606, 611, 607, -1,
      607, 611, 612, -1,
      607, 612, 613, -1,
      604, 606, 605, -1,
      605, 606, 608, -1,
      605, 608, 614, -1,
      614, 608, 615, -1,
      614, 615, 616, -1,
      616, 615, 613, -1,
      616, 613, 617, -1,
      618, 619, 620, -1,
      618, 621, 609, -1,
      618, 609, 622, -1,
      622, 609, 605, -1,
      622, 605, 623, -1,
      623, 605, 624, -1,
      623, 624, 619, -1,
      619, 624, 625, -1,
      619, 625, 620, -1,
      618, 620, 621, -1,
      621, 620, 626, -1,
      621, 626, 627, -1,
      628, 629, 630, -1,
      628, 631, 625, -1,
      628, 625, 632, -1,
      632, 625, 624, -1,
      632, 624, 633, -1,
      633, 624, 634, -1,
      633, 634, 629, -1,
      629, 634, 635, -1,
      629, 635, 630, -1,
      628, 630, 631, -1,
      631, 630, 636, -1,
      631, 636, 637, -1,
      638, 639, 640, -1,
      638, 641, 635, -1,
      638, 635, 642, -1,
      642, 635, 634, -1,
      642, 634, 643, -1,
      643, 634, 644, -1,
      643, 644, 639, -1,
      639, 644, 645, -1,
      639, 645, 640, -1,
      638, 640, 641, -1,
      641, 640, 646, -1,
      641, 646, 647, -1,
      648, 649, 650, -1,
      648, 651, 645, -1,
      648, 645, 652, -1,
      652, 645, 644, -1,
      652, 644, 653, -1,
      653, 644, 654, -1,
      653, 654, 649, -1,
      649, 654, 655, -1,
      649, 655, 650, -1,
      648, 650, 651, -1,
      651, 650, 656, -1,
      651, 656, 657, -1,
      658, 659, 660, -1,
      658, 661, 655, -1,
      658, 655, 662, -1,
      662, 655, 654, -1,
      662, 654, 663, -1,
      663, 654, 664, -1,
      663, 664, 659, -1,
      659, 664, 665, -1,
      659, 665, 660, -1,
      658, 660, 661, -1,
      661, 660, 666, -1,
      661, 666, 667, -1,
      668, 669, 670, -1,
      670, 669, 671, -1,
      671, 672, 673, -1,
      674, 675, 676, -1,
      677, 669, 675, -1,
      675, 669, 668, -1,
      675, 668, 676, -1,
      678, 679, 672, -1,
      672, 679, 680, -1,
      672, 680, 673, -1,
      678, 669, 679, -1,
      679, 669, 677, -1,
      679, 677, 664, -1,
      664, 677, 681, -1,
      664, 681, 665, -1,
      665, 681, 674, -1,
      665, 674, 682, -1,
      674, 676, 682, -1,
      682, 676, 683, -1,
      682, 683, 684, -1,
      671, 673, 670, -1,
      670, 673, 685, -1,
      670, 685, 686, -1,
      687, 688, 689, -1,
      687, 690, 680, -1,
      687, 680, 691, -1,
      691, 680, 679, -1,
      691, 679, 692, -1,
      692, 679, 693, -1,
      692, 693, 688, -1,
      688, 693, 694, -1,
      688, 694, 689, -1,
      687, 689, 690, -1,
      690, 689, 695, -1,
      690, 695, 696, -1,
      697, 698, 699, -1,
      697, 700, 694, -1,
      697, 694, 701, -1,
      701, 694, 693, -1,
      701, 693, 702, -1,
      702, 693, 703, -1,
      702, 703, 698, -1,
      698, 703, 704, -1,
      698, 704, 699, -1,
      697, 699, 700, -1,
      700, 699, 705, -1,
      700, 705, 706, -1,
      707, 708, 709, -1,
      707, 710, 704, -1,
      707, 704, 711, -1,
      711, 704, 703, -1,
      711, 703, 712, -1,
      712, 703, 713, -1,
      712, 713, 708, -1,
      708, 713, 714, -1,
      708, 714, 709, -1,
      707, 709, 710, -1,
      710, 709, 715, -1,
      710, 715, 716, -1,
      717, 718, 719, -1,
      719, 718, 713, -1,
      713, 718, 720, -1,
      713, 720, 714, -1,
      714, 720, 721, -1,
      714, 721, 722, -1,
      723, 724, 596, -1,
      596, 724, 722, -1,
      596, 722, 597, -1,
      597, 722, 721, -1,
      597, 721, 717, -1,
      717, 719, 597, -1,
      597, 719, 725, -1,
      597, 725, 598, -1,
      726, 727, 719, -1,
      719, 727, 728, -1,
      719, 728, 725, -1,
      729, 730, 731, -1,
      731, 730, 732, -1,
      731, 732, 733, -1,
      733, 732, 726, -1,
      733, 726, 734, -1,
      734, 726, 719, -1,
      734, 719, 735, -1,
      735, 719, 713, -1,
      735, 713, 731, -1,
      731, 713, 729, -1,
      736, 737, 738, -1,
      738, 739, 736, -1,
      736, 739, 729, -1,
      736, 729, 740, -1,
      740, 729, 713, -1,
      740, 713, 741, -1,
      741, 713, 703, -1,
      741, 703, 737, -1,
      737, 703, 742, -1,
      737, 742, 738, -1,
      743, 744, 745, -1,
      745, 746, 743, -1,
      743, 746, 742, -1,
      743, 742, 747, -1,
      747, 742, 703, -1,
      747, 703, 748, -1,
      748, 703, 693, -1,
      748, 693, 744, -1,
      744, 693, 749, -1,
      744, 749, 745, -1,
      750, 751, 752, -1,
      752, 753, 750, -1,
      750, 753, 749, -1,
      750, 749, 754, -1,
      754, 749, 693, -1,
      754, 693, 755, -1,
      755, 693, 679, -1,
      755, 679, 751, -1,
      751, 679, 756, -1,
      751, 756, 752, -1,
      757, 758, 664, -1,
      759, 760, 761, -1,
      761, 760, 762, -1,
      758, 763, 664, -1,
      664, 763, 764, -1,
      664, 764, 679, -1,
      679, 764, 765, -1,
      679, 765, 756, -1,
      756, 765, 760, -1,
      756, 760, 766, -1,
      766, 760, 759, -1,
      762, 764, 761, -1,
      761, 764, 763, -1,
      761, 763, 767, -1,
      767, 763, 768, -1,
      767, 768, 769, -1,
      769, 768, 757, -1,
      769, 757, 770, -1,
      770, 757, 664, -1,
      771, 772, 773, -1,
      773, 774, 771, -1,
      771, 774, 770, -1,
      771, 770, 775, -1,
      775, 770, 664, -1,
      775, 664, 776, -1,
      776, 664, 654, -1,
      776, 654, 772, -1,
      772, 654, 777, -1,
      772, 777, 773, -1,
      778, 779, 780, -1,
      780, 781, 778, -1,
      778, 781, 777, -1,
      778, 777, 782, -1,
      782, 777, 654, -1,
      782, 654, 783, -1,
      783, 654, 644, -1,
      783, 644, 779, -1,
      779, 644, 784, -1,
      779, 784, 780, -1,
      785, 786, 787, -1,
      787, 788, 785, -1,
      785, 788, 784, -1,
      785, 784, 789, -1,
      789, 784, 644, -1,
      789, 644, 790, -1,
      790, 644, 634, -1,
      790, 634, 786, -1,
      786, 634, 791, -1,
      786, 791, 787, -1,
      792, 793, 794, -1,
      794, 795, 792, -1,
      792, 795, 791, -1,
      792, 791, 796, -1,
      796, 791, 634, -1,
      796, 634, 797, -1,
      797, 634, 624, -1,
      797, 624, 793, -1,
      793, 624, 798, -1,
      793, 798, 794, -1,
      799, 800, 801, -1,
      801, 802, 799, -1,
      799, 802, 798, -1,
      799, 798, 803, -1,
      803, 798, 624, -1,
      803, 624, 804, -1,
      804, 624, 605, -1,
      804, 605, 800, -1,
      800, 605, 805, -1,
      800, 805, 801, -1,
      806, 807, 808, -1,
      808, 807, 809, -1,
      808, 809, 810, -1,
      810, 809, 811, -1,
      810, 811, 812, -1,
      812, 811, 614, -1,
      614, 813, 605, -1,
      605, 813, 814, -1,
      605, 814, 805, -1,
      805, 814, 815, -1,
      811, 816, 614, -1,
      614, 816, 807, -1,
      614, 807, 813, -1,
      813, 807, 806, -1,
      813, 806, 817, -1,
      817, 806, 818, -1,
      817, 818, 815, -1,
      815, 818, 819, -1,
      815, 819, 805, -1,
      820, 821, 822, -1,
      822, 823, 820, -1,
      820, 823, 812, -1,
      820, 812, 824, -1,
      824, 812, 614, -1,
      824, 614, 825, -1,
      825, 614, 826, -1,
      825, 826, 821, -1,
      821, 826, 827, -1,
      821, 827, 822, -1,
      828, 829, 830, -1,
      830, 831, 828, -1,
      828, 831, 827, -1,
      828, 827, 832, -1,
      832, 827, 826, -1,
      832, 826, 833, -1,
      833, 826, 834, -1,
      833, 834, 829, -1,
      829, 834, 835, -1,
      829, 835, 830, -1,
      836, 837, 838, -1,
      838, 839, 836, -1,
      836, 839, 835, -1,
      836, 835, 840, -1,
      840, 835, 834, -1,
      840, 834, 841, -1,
      841, 834, 842, -1,
      841, 842, 837, -1,
      837, 842, 843, -1,
      837, 843, 838, -1,
      844, 845, 846, -1,
      846, 847, 844, -1,
      844, 847, 843, -1,
      844, 843, 848, -1,
      848, 843, 842, -1,
      848, 842, 849, -1,
      849, 842, 850, -1,
      849, 850, 845, -1,
      845, 850, 851, -1,
      845, 851, 846, -1,
      852, 853, 854, -1,
      854, 855, 852, -1,
      852, 855, 851, -1,
      852, 851, 856, -1,
      856, 851, 850, -1,
      856, 850, 857, -1,
      857, 850, 858, -1,
      857, 858, 853, -1,
      853, 858, 859, -1,
      853, 859, 854, -1,
      860, 861, 862, -1,
      862, 861, 863, -1,
      864, 865, 866, -1,
      866, 865, 867, -1,
      866, 867, 868, -1,
      864, 869, 865, -1,
      865, 869, 859, -1,
      865, 859, 870, -1,
      870, 859, 858, -1,
      870, 858, 868, -1,
      862, 871, 860, -1,
      860, 871, 872, -1,
      860, 872, 873, -1,
      873, 872, 874, -1,
      873, 874, 863, -1,
      875, 876, 877, -1,
      877, 878, 875, -1,
      875, 878, 871, -1,
      875, 871, 879, -1,
      879, 871, 862, -1,
      879, 862, 880, -1,
      880, 862, 881, -1,
      880, 881, 876, -1,
      876, 881, 882, -1,
      876, 882, 877, -1,
      883, 884, 885, -1,
      885, 886, 883, -1,
      883, 886, 882, -1,
      883, 882, 887, -1,
      887, 882, 881, -1,
      887, 881, 888, -1,
      888, 881, 889, -1,
      888, 889, 884, -1,
      884, 889, 890, -1,
      884, 890, 885, -1,
      891, 892, 893, -1,
      893, 894, 891, -1,
      891, 894, 890, -1,
      891, 890, 895, -1,
      895, 890, 889, -1,
      895, 889, 896, -1,
      896, 889, 897, -1,
      896, 897, 892, -1,
      892, 897, 898, -1,
      892, 898, 893, -1,
      899, 900, 901, -1,
      901, 902, 899, -1,
      899, 902, 898, -1,
      899, 898, 903, -1,
      903, 898, 897, -1,
      903, 897, 904, -1,
      904, 897, 905, -1,
      904, 905, 900, -1,
      900, 905, 906, -1,
      900, 906, 901, -1,
      907, 908, 909, -1,
      909, 910, 907, -1,
      907, 910, 906, -1,
      907, 906, 911, -1,
      911, 906, 905, -1,
      911, 905, 912, -1,
      912, 905, 913, -1,
      912, 913, 908, -1,
      908, 913, 914, -1,
      908, 914, 909, -1,
      915, 916, 917, -1,
      917, 916, 918, -1,
      919, 920, 921, -1,
      921, 920, 922, -1,
      921, 922, 923, -1,
      919, 924, 920, -1,
      920, 924, 914, -1,
      920, 914, 925, -1,
      925, 914, 913, -1,
      925, 913, 923, -1,
      917, 926, 915, -1,
      915, 926, 927, -1,
      915, 927, 928, -1,
      928, 927, 929, -1,
      928, 929, 918, -1,
      930, 931, 917, -1,
      932, 933, 934, -1,
      934, 933, 935, -1,
      935, 936, 937, -1,
      937, 936, 938, -1,
      917, 931, 939, -1,
      939, 931, 940, -1,
      939, 940, 941, -1,
      940, 942, 943, -1,
      938, 936, 913, -1,
      913, 936, 944, -1,
      913, 944, 933, -1,
      929, 921, 918, -1,
      918, 921, 923, -1,
      918, 923, 917, -1,
      917, 923, 913, -1,
      917, 913, 930, -1,
      930, 913, 933, -1,
      930, 933, 942, -1,
      942, 933, 932, -1,
      942, 932, 943, -1,
      940, 943, 941, -1,
      941, 943, 945, -1,
      941, 945, 946, -1,
      935, 937, 934, -1,
      934, 937, 947, -1,
      934, 947, 948, -1,
      949, 950, 951, -1,
      949, 952, 938, -1,
      949, 938, 953, -1,
      953, 938, 913, -1,
      953, 913, 954, -1,
      954, 913, 905, -1,
      954, 905, 950, -1,
      950, 905, 955, -1,
      950, 955, 951, -1,
      949, 951, 952, -1,
      952, 951, 956, -1,
      952, 956, 957, -1,
      958, 959, 960, -1,
      958, 961, 955, -1,
      958, 955, 962, -1,
      962, 955, 905, -1,
      962, 905, 963, -1,
      963, 905, 897, -1,
      963, 897, 959, -1,
      959, 897, 964, -1,
      959, 964, 960, -1,
      958, 960, 961, -1,
      961, 960, 965, -1,
      961, 965, 966, -1,
      967, 968, 969, -1,
      967, 970, 964, -1,
      967, 964, 971, -1,
      971, 964, 897, -1,
      971, 897, 972, -1,
      972, 897, 889, -1,
      972, 889, 968, -1,
      968, 889, 973, -1,
      968, 973, 969, -1,
      967, 969, 970, -1,
      970, 969, 974, -1,
      970, 974, 975, -1,
      976, 977, 978, -1,
      976, 979, 973, -1,
      976, 973, 980, -1,
      980, 973, 889, -1,
      980, 889, 981, -1,
      981, 889, 881, -1,
      981, 881, 977, -1,
      977, 881, 982, -1,
      977, 982, 978, -1,
      976, 978, 979, -1,
      979, 978, 983, -1,
      979, 983, 984, -1,
      985, 986, 987, -1,
      985, 988, 982, -1,
      985, 982, 989, -1,
      989, 982, 881, -1,
      989, 881, 990, -1,
      990, 881, 862, -1,
      990, 862, 986, -1,
      986, 862, 991, -1,
      986, 991, 987, -1,
      985, 987, 988, -1,
      988, 987, 992, -1,
      988, 992, 993, -1,
      994, 995, 862, -1,
      996, 997, 998, -1,
      998, 997, 999, -1,
      999, 1000, 1001, -1,
      1001, 1000, 1002, -1,
      862, 995, 991, -1,
      991, 995, 1003, -1,
      991, 1003, 1004, -1,
      1003, 1005, 1006, -1,
      1002, 1000, 858, -1,
      858, 1000, 1007, -1,
      858, 1007, 997, -1,
      874, 866, 863, -1,
      863, 866, 868, -1,
      863, 868, 862, -1,
      862, 868, 858, -1,
      862, 858, 994, -1,
      994, 858, 997, -1,
      994, 997, 1005, -1,
      1005, 997, 996, -1,
      1005, 996, 1006, -1,
      1003, 1006, 1004, -1,
      1004, 1006, 1008, -1,
      1004, 1008, 1009, -1,
      999, 1001, 998, -1,
      998, 1001, 1010, -1,
      998, 1010, 1011, -1,
      1012, 1013, 1014, -1,
      1012, 1015, 1002, -1,
      1012, 1002, 1016, -1,
      1016, 1002, 858, -1,
      1016, 858, 1017, -1,
      1017, 858, 850, -1,
      1017, 850, 1013, -1,
      1013, 850, 1018, -1,
      1013, 1018, 1014, -1,
      1012, 1014, 1015, -1,
      1015, 1014, 1019, -1,
      1015, 1019, 1020, -1,
      1021, 1022, 1023, -1,
      1021, 1024, 1018, -1,
      1021, 1018, 1025, -1,
      1025, 1018, 850, -1,
      1025, 850, 1026, -1,
      1026, 850, 842, -1,
      1026, 842, 1022, -1,
      1022, 842, 1027, -1,
      1022, 1027, 1023, -1,
      1021, 1023, 1024, -1,
      1024, 1023, 1028, -1,
      1024, 1028, 1029, -1,
      1030, 1031, 1032, -1,
      1030, 1033, 1027, -1,
      1030, 1027, 1034, -1,
      1034, 1027, 842, -1,
      1034, 842, 1035, -1,
      1035, 842, 834, -1,
      1035, 834, 1031, -1,
      1031, 834, 1036, -1,
      1031, 1036, 1032, -1,
      1030, 1032, 1033, -1,
      1033, 1032, 1037, -1,
      1033, 1037, 1038, -1,
      1039, 1040, 1041, -1,
      1039, 1042, 1036, -1,
      1039, 1036, 1043, -1,
      1043, 1036, 834, -1,
      1043, 834, 1044, -1,
      1044, 834, 826, -1,
      1044, 826, 1040, -1,
      1040, 826, 1045, -1,
      1040, 1045, 1041, -1,
      1039, 1041, 1042, -1,
      1042, 1041, 1046, -1,
      1042, 1046, 1047, -1,
      1048, 1049, 1050, -1,
      1048, 1051, 1045, -1,
      1048, 1045, 1052, -1,
      1052, 1045, 826, -1,
      1052, 826, 1053, -1,
      1053, 826, 614, -1,
      1053, 614, 1049, -1,
      1049, 614, 616, -1,
      1049, 616, 1050, -1,
      1048, 1050, 1051, -1,
      1051, 1050, 1054, -1,
      1051, 1054, 1055, -1,
      613, 612, 617, -1,
      617, 612, 1056, -1,
      617, 1056, 1057, -1,
      1058, 1059, 1060, -1,
      1060, 1059, 1061, -1,
      1062, 1063, 1064, -1,
      1064, 1063, 1065, -1,
      1066, 1067, 1068, -1,
      1068, 1067, 1069, -1,
      1070, 1071, 1072, -1,
      1072, 1071, 1073, -1,
      1074, 1075, 1076, -1,
      1076, 1075, 1077, -1,
      1078, 1079, 1080, -1,
      1080, 1079, 1081, -1,
      1082, 1083, 1084, -1,
      1084, 1083, 1085, -1,
      1086, 1087, 1088, -1,
      1088, 1087, 1089, -1,
      1090, 1091, 1092, -1,
      1092, 1091, 1093, -1,
      1094, 1095, 1096, -1,
      1096, 1095, 1097, -1,
      1098, 1099, 1100, -1,
      1100, 1099, 1101, -1,
      1102, 1103, 1104, -1,
      1104, 1103, 1105, -1,
      1106, 1107, 1108, -1,
      1108, 1107, 1109, -1,
      1110, 1111, 1112, -1,
      1112, 1111, 1113, -1,
      1114, 1115, 1116, -1,
      1116, 1115, 1117, -1,
      1118, 1119, 1120, -1,
      1120, 1119, 1121, -1,
      1122, 1123, 1124, -1,
      1124, 1123, 1125, -1,
      1126, 1127, 1128, -1,
      1128, 1127, 1129, -1,
      1130, 1131, 1132, -1,
      1132, 1131, 1133, -1,
      1134, 1135, 1136, -1,
      1136, 1135, 1137, -1,
      1138, 1139, 1140, -1,
      1140, 1139, 1141, -1,
      1142, 1143, 1144, -1,
      1144, 1143, 1145, -1,
      1146, 1147, 1148, -1,
      1148, 1147, 1149, -1,
      1150, 1151, 1152, -1,
      1152, 1151, 1153, -1,
      1154, 1155, 1156, -1,
      1156, 1155, 1157, -1,
      599, 601, 1158, -1,
      1158, 601, 1159, -1,
      1160, 1161, 1056, -1,
      1056, 1161, 1057, -1,
      637, 636, 1162, -1,
      1162, 636, 1163, -1,
      1164, 1165, 626, -1,
      626, 1165, 627, -1,
      1038, 1037, 1166, -1,
      1166, 1037, 1167, -1,
      1168, 1169, 1028, -1,
      1028, 1169, 1029, -1,
      1170, 1171, 1054, -1,
      1054, 1171, 1055, -1,
      1172, 1173, 1046, -1,
      1046, 1173, 1047, -1,
      696, 695, 1174, -1,
      1174, 695, 1175, -1,
      1176, 1177, 685, -1,
      685, 1177, 686, -1,
      1178, 1179, 715, -1,
      715, 1179, 716, -1,
      1180, 1181, 705, -1,
      705, 1181, 706, -1,
      657, 656, 1182, -1,
      1182, 656, 1183, -1,
      1184, 1185, 646, -1,
      646, 1185, 647, -1,
      1186, 1187, 683, -1,
      683, 1187, 684, -1,
      1188, 1189, 666, -1,
      666, 1189, 667, -1,
      948, 947, 1190, -1,
      1190, 947, 1191, -1,
      1009, 1008, 1192, -1,
      1192, 1008, 1193, -1,
      1194, 1195, 992, -1,
      992, 1195, 993, -1,
      1196, 1197, 1019, -1,
      1019, 1197, 1020, -1,
      1198, 1199, 1010, -1,
      1010, 1199, 1011, -1,
      966, 965, 1200, -1,
      1200, 965, 1201, -1,
      1202, 1203, 956, -1,
      956, 1203, 957, -1,
      1204, 1205, 983, -1,
      983, 1205, 984, -1,
      1206, 1207, 974, -1,
      974, 1207, 975, -1,
      1060, 1061, 818, -1,
      818, 1061, 819, -1,
      808, 810, 1062, -1,
      1062, 810, 1063, -1,
      1068, 1069, 794, -1,
      794, 1069, 795, -1,
      802, 801, 1070, -1,
      1070, 801, 1071, -1,
      1076, 1077, 838, -1,
      838, 1077, 839, -1,
      847, 846, 1078, -1,
      1078, 846, 1079, -1,
      823, 822, 1082, -1,
      1082, 822, 1083, -1,
      831, 830, 1086, -1,
      1086, 830, 1087, -1,
      1092, 1093, 752, -1,
      752, 1093, 753, -1,
      766, 759, 1094, -1,
      1094, 759, 1095, -1,
      1100, 1101, 738, -1,
      738, 1101, 739, -1,
      746, 745, 1102, -1,
      1102, 745, 1103, -1,
      1108, 1109, 780, -1,
      780, 1109, 781, -1,
      788, 787, 1110, -1,
      1110, 787, 1111, -1,
      767, 769, 1114, -1,
      1114, 769, 1115, -1,
      774, 773, 1118, -1,
      1118, 773, 1119, -1,
      1124, 1125, 919, -1,
      919, 1125, 924, -1,
      1128, 1129, 872, -1,
      872, 1129, 874, -1,
      878, 877, 1130, -1,
      1130, 877, 1131, -1,
      855, 854, 1134, -1,
      1134, 854, 1135, -1,
      869, 864, 1138, -1,
      1138, 864, 1139, -1,
      1144, 1145, 901, -1,
      901, 1145, 902, -1,
      910, 909, 1146, -1,
      1146, 909, 1147, -1,
      886, 885, 1150, -1,
      1150, 885, 1151, -1,
      894, 893, 1154, -1,
      1154, 893, 1155, -1,
      1158, 1159, 1208, -1,
      1208, 1159, 1209, -1,
      1210, 1211, 1160, -1,
      1160, 1211, 1161, -1,
      1162, 1163, 1212, -1,
      1212, 1163, 1213, -1,
      1214, 1215, 1164, -1,
      1164, 1215, 1165, -1,
      1166, 1167, 1216, -1,
      1216, 1167, 1217, -1,
      1218, 1219, 1168, -1,
      1168, 1219, 1169, -1,
      1220, 1221, 1170, -1,
      1170, 1221, 1171, -1,
      1222, 1223, 1172, -1,
      1172, 1223, 1173, -1,
      1174, 1175, 1224, -1,
      1224, 1175, 1225, -1,
      1226, 1227, 1176, -1,
      1176, 1227, 1177, -1,
      1228, 1229, 1178, -1,
      1178, 1229, 1179, -1,
      1230, 1231, 1180, -1,
      1180, 1231, 1181, -1,
      1182, 1183, 1232, -1,
      1232, 1183, 1233, -1,
      1234, 1235, 1184, -1,
      1184, 1235, 1185, -1,
      1236, 1237, 1186, -1,
      1186, 1237, 1187, -1,
      1238, 1239, 1188, -1,
      1188, 1239, 1189, -1,
      1190, 1191, 1240, -1,
      1240, 1191, 1241, -1,
      1192, 1193, 1242, -1,
      1242, 1193, 1243, -1,
      1244, 1245, 1194, -1,
      1194, 1245, 1195, -1,
      1246, 1247, 1196, -1,
      1196, 1247, 1197, -1,
      1248, 1249, 1198, -1,
      1198, 1249, 1199, -1,
      1200, 1201, 1250, -1,
      1250, 1201, 1251, -1,
      1252, 1253, 1202, -1,
      1202, 1253, 1203, -1,
      1254, 1255, 1204, -1,
      1204, 1255, 1205, -1,
      1256, 1257, 1206, -1,
      1206, 1257, 1207, -1,
      240, 239, 1058, -1,
      1058, 239, 1059, -1,
      1065, 513, 514, -1,
      1065, 514, 1064, -1,
      1064, 514, 515, -1,
      1064, 515, 516, -1,
      247, 246, 1066, -1,
      1066, 246, 1067, -1,
      1072, 1073, 242, -1,
      242, 1073, 243, -1,
      227, 226, 1074, -1,
      1074, 226, 1075, -1,
      1080, 1081, 223, -1,
      223, 1081, 224, -1,
      529, 1084, 528, -1,
      528, 1084, 1085, -1,
      528, 1085, 235, -1,
      529, 530, 1084, -1,
      1084, 530, 531, -1,
      1084, 531, 532, -1,
      1088, 1089, 229, -1,
      229, 1089, 230, -1,
      267, 266, 1090, -1,
      1090, 266, 1091, -1,
      1096, 1097, 262, -1,
      262, 1097, 263, -1,
      272, 271, 1098, -1,
      1098, 271, 1099, -1,
      1104, 1105, 269, -1,
      269, 1105, 270, -1,
      254, 253, 1106, -1,
      1106, 253, 1107, -1,
      1112, 1113, 250, -1,
      250, 1113, 251, -1,
      1116, 1117, 255, -1,
      255, 1117, 256, -1,
      1120, 1121, 259, -1,
      259, 1121, 260, -1,
      188, 187, 1122, -1,
      1122, 187, 1123, -1,
      216, 215, 1126, -1,
      1126, 215, 1127, -1,
      1132, 1133, 210, -1,
      210, 1133, 211, -1,
      1136, 1137, 217, -1,
      217, 1137, 218, -1,
      1140, 1141, 221, -1,
      221, 1141, 222, -1,
      202, 201, 1142, -1,
      1142, 201, 1143, -1,
      1148, 1149, 197, -1,
      197, 1149, 198, -1,
      1152, 1153, 206, -1,
      206, 1153, 207, -1,
      1156, 1157, 203, -1,
      203, 1157, 204, -1,
      1208, 1209, 377, -1,
      377, 1209, 378, -1,
      1210, 380, 379, -1,
      1210, 379, 1211, -1,
      1211, 379, 84, -1,
      1211, 84, 83, -1,
      1212, 1213, 361, -1,
      361, 1213, 362, -1,
      371, 366, 1214, -1,
      1214, 366, 1215, -1,
      1216, 1217, 99, -1,
      99, 1217, 100, -1,
      117, 104, 1218, -1,
      1218, 104, 1219, -1,
      1220, 81, 80, -1,
      80, 518, 1220, -1,
      1220, 518, 9, -1,
      1220, 9, 1221, -1,
      1221, 9, 76, -1,
      1221, 76, 75, -1,
      93, 88, 1222, -1,
      1222, 88, 1223, -1,
      1224, 1225, 314, -1,
      314, 1225, 315, -1,
      332, 319, 1226, -1,
      1226, 319, 1227, -1,
      299, 298, 1228, -1,
      1228, 298, 1229, -1,
      308, 303, 1230, -1,
      1230, 303, 1231, -1,
      1232, 1233, 345, -1,
      345, 1233, 346, -1,
      355, 350, 1234, -1,
      1234, 350, 1235, -1,
      331, 330, 1236, -1,
      1236, 330, 1237, -1,
      334, 336, 1238, -1,
      1238, 336, 1239, -1,
      1240, 1241, 176, -1,
      176, 1241, 175, -1,
      1242, 1243, 130, -1,
      130, 1243, 131, -1,
      140, 135, 1244, -1,
      1244, 135, 1245, -1,
      116, 115, 1246, -1,
      1246, 115, 1247, -1,
      119, 121, 1248, -1,
      1248, 121, 1249, -1,
      1250, 1251, 162, -1,
      162, 1251, 163, -1,
      177, 167, 1252, -1,
      1252, 167, 1253, -1,
      147, 146, 1254, -1,
      1254, 146, 1255, -1,
      156, 151, 1256, -1,
      1256, 151, 1257, -1,
      1258, 1259, 1260, -1,
      1260, 1259, 1261, -1,
      1262, 1263, 1264, -1,
      1264, 1263, 1265, -1,
      1266, 1267, 1268, -1,
      1268, 1267, 1269, -1,
      1265, 1263, 730, -1,
      730, 1263, 732, -1,
      1270, 1271, 945, -1,
      945, 1271, 946, -1,
      939, 182, 917, -1,
      917, 182, 180, -1,
      193, 926, 199, -1,
      199, 926, 917, -1,
      199, 917, 589, -1,
      589, 917, 180, -1,
      929, 927, 1258, -1,
      1258, 927, 1259, -1,
      282, 725, 278, -1,
      278, 725, 727, -1,
      1269, 1267, 723, -1,
      723, 1267, 724, -1,
      1272, 1273, 1270, -1,
      1270, 1273, 1271, -1,
      1263, 1262, 279, -1,
      278, 727, 279, -1,
      279, 727, 732, -1,
      279, 732, 1263, -1,
      1264, 1265, 276, -1,
      276, 1265, 730, -1,
      276, 730, 273, -1,
      273, 730, 729, -1,
    ]
  }
}

Shape {
  appearance Appearance {
    material Material {
      diffuseColor 0.7529 0.7529 0.7529
      specularColor 0.3765 0.3765 0.3765
      ambientIntensity 0.2
      transparency 0.0000
      shininess 0.5
    }
  }
  geometry IndexedFaceSet {
    ccw TRUE
    solid FALSE
    coord DEF co Coordinate {
      point [
        -12.500001 -0.708661 0.196850,
        -12.567491 -0.787402 0.196850,
        -12.500001 -0.708661 1.000000,
        -12.582677 -0.805118 1.000000,
        -12.736220 -0.984252 1.000000,
        -12.567491 -0.787402 0.000000,
        -12.736220 -0.984252 0.000000,
      ]
    }
    coordIndex [
      4, 6, 1, -1,
      1, 6, 5, -1,
      4, 1, 3, -1,
      3, 1, 0, -1,
      3, 0, 2, -1,
    ]
  }
}

Shape {
  appearance Appearance {
    material Material {
      diffuseColor 0.1490 0.1490 0.1490
      specularColor 0.0745 0.0745 0.0745
      ambientIntensity 0.2
      transparency 0.0000
      shininess 0.5
    }
  }
  geometry IndexedFaceSet {
    ccw TRUE
    solid FALSE
    coord DEF co Coordinate {
      point [
        13.432509 -0.787402 0.196850,
        12.567491 -0.787402 0.196850,
        12.567491 0.787402 0.196850,
        13.432509 0.787402 0.196850,
        -12.567491 0.787402 0.196850,
        -13.432509 0.787402 0.196850,
        -13.500000 -0.708661 0.196850,
        -13.432509 -0.787402 0.196850,
        -12.567491 -0.787402 0.196850,
        -13.263780 -0.984252 1.000000,
        -13.500000 -0.708661 1.000000,
        12.567491 0.787402 0.000000,
        13.432509 0.787402 0.000000,
        -13.432509 0.787402 0.000000,
        -12.567491 0.787402 0.000000,
        -12.567491 -0.787402 0.000000,
        -13.432509 -0.787402 0.000000,
        -13.263780 -0.984252 0.000000,
        12.567491 -0.787402 0.000000,
        13.432509 -0.787402 0.000000,
      ]
    }
    coordIndex [
      16, 17, 7, -1,
      7, 17, 9, -1,
      7, 9, 6, -1,
      6, 9, 10, -1,
      4, 5, 14, -1,
      14, 5, 13, -1,
      11, 12, 2, -1,
      2, 12, 3, -1,
      1, 0, 18, -1,
      18, 0, 19, -1,
      7, 8, 16, -1,
      16, 8, 15, -1,
    ]
  }
}

Shape {
  appearance Appearance {
    material Material {
      diffuseColor 0.7529 0.7529 0.7529
      specularColor 0.3765 0.3765 0.3765
      ambientIntensity 0.2
      transparency 0.0000
      shininess 0.5
    }
  }
  geometry IndexedFaceSet {
    ccw TRUE
    solid FALSE
    coord DEF co Coordinate {
      point [
        -12.874015 -0.374016 0.196850,
        -12.874015 -0.625984 0.196850,
        -13.125984 -0.625984 0.196850,
        -13.125984 -0.374016 0.196850,
        -12.874015 0.625984 0.196850,
        -12.874015 0.374016 0.196850,
        -13.125984 0.374016 0.196850,
        -13.125984 0.625984 0.196850,
        -13.125984 -0.625984 1.000000,
        -13.125984 -0.374016 1.000000,
        -12.874015 -0.374016 1.000000,
        -12.874015 -0.625984 1.000000,
        -12.874015 0.625984 1.000000,
        -13.125984 0.625984 1.000000,
        -13.125984 0.374016 1.000000,
        -12.874015 0.374016 1.000000,
        -13.125984 -0.472441 -1.181102,
        -13.125984 -0.374016 -1.082677,
        -12.874015 -0.472441 -1.181102,
        -12.874015 -0.374016 -1.082677,
        -13.125984 -0.527559 -1.181102,
        -12.874015 -0.527559 -1.181102,
        -13.125984 -0.625984 -1.082677,
        -12.874015 -0.625984 -1.082677,
        -12.874015 -0.625984 3.263780,
        -13.125984 -0.625984 3.263780,
        -13.125984 -0.527559 3.362205,
        -12.874015 -0.527559 3.362205,
        -13.125984 -0.472441 3.362205,
        -12.874015 -0.472441 3.362205,
        -13.125984 -0.374016 3.263780,
        -12.874015 -0.374016 3.263780,
        -13.125984 0.527559 -1.181102,
        -13.125984 0.625984 -1.082677,
        -12.874015 0.527559 -1.181102,
        -12.874015 0.625984 -1.082677,
        -13.125984 0.472441 -1.181102,
        -12.874015 0.472441 -1.181102,
        -13.125984 0.374016 -1.082677,
        -12.874015 0.374016 -1.082677,
        -12.874015 0.374016 3.263780,
        -13.125984 0.374016 3.263780,
        -13.125984 0.472441 3.362205,
        -12.874015 0.472441 3.362205,
        -13.125984 0.527559 3.362205,
        -12.874015 0.527559 3.362205,
        -13.125984 0.625984 3.263780,
        -12.874015 0.625984 3.263780,
      ]
    }
    coordIndex [
      16, 17, 18, -1,
      18, 17, 19, -1,
      20, 16, 21, -1,
      21, 16, 18, -1,
      22, 20, 23, -1,
      23, 20, 21, -1,
      21, 18, 23, -1,
      23, 18, 19, -1,
      23, 19, 1, -1,
      1, 19, 0, -1,
      16, 20, 17, -1,
      17, 20, 22, -1,
      17, 22, 3, -1,
      3, 22, 2, -1,
      0, 19, 3, -1,
      3, 19, 17, -1,
      2, 22, 1, -1,
      1, 22, 23, -1,
      24, 25, 11, -1,
      11, 25, 8, -1,
      26, 25, 27, -1,
      27, 25, 24, -1,
      28, 26, 29, -1,
      29, 26, 27, -1,
      30, 28, 31, -1,
      31, 28, 29, -1,
      30, 31, 9, -1,
      9, 31, 10, -1,
      26, 28, 25, -1,
      25, 28, 30, -1,
      25, 30, 8, -1,
      8, 30, 9, -1,
      29, 27, 31, -1,
      31, 27, 24, -1,
      31, 24, 10, -1,
      10, 24, 11, -1,
      32, 33, 34, -1,
      34, 33, 35, -1,
      36, 32, 37, -1,
      37, 32, 34, -1,
      38, 36, 39, -1,
      39, 36, 37, -1,
      4, 5, 35, -1,
      35, 5, 39, -1,
      35, 39, 34, -1,
      34, 39, 37, -1,
      32, 36, 33, -1,
      33, 36, 38, -1,
      33, 38, 7, -1,
      7, 38, 6, -1,
      4, 35, 7, -1,
      7, 35, 33, -1,
      6, 38, 5, -1,
      5, 38, 39, -1,
      40, 41, 15, -1,
      15, 41, 14, -1,
      42, 41, 43, -1,
      43, 41, 40, -1,
      44, 42, 45, -1,
      45, 42, 43, -1,
      46, 44, 47, -1,
      47, 44, 45, -1,
      46, 47, 13, -1,
      13, 47, 12, -1,
      42, 44, 41, -1,
      41, 44, 46, -1,
      41, 46, 14, -1,
      14, 46, 13, -1,
      45, 43, 47, -1,
      47, 43, 40, -1,
      47, 40, 12, -1,
      12, 40, 15, -1,
    ]
  }
}

Shape {
  appearance Appearance {
    material Material {
      diffuseColor 0.1490 0.1490 0.1490
      specularColor 0.0745 0.0745 0.0745
      ambientIntensity 0.2
      transparency 0.0000
      shininess 0.5
    }
  }
  geometry IndexedFaceSet {
    ccw TRUE
    solid FALSE
    coord DEF co Coordinate {
      point [
        -10.500000 0.708661 0.196850,
        -5.500000 0.708661 0.196850,
        6.500000 0.708661 0.196850,
        0.500000 -0.708661 0.196850,
        0.432508 -0.787402 0.196850,
        -0.432508 -0.787402 0.196850,
        -0.500000 -0.708661 0.196850,
        -0.567492 -0.787402 0.196850,
        1.500000 -0.708661 0.196850,
        1.432508 -0.787402 0.196850,
        0.567492 -0.787402 0.196850,
        2.500000 -0.708661 0.196850,
        2.432508 -0.787402 0.196850,
        1.567492 -0.787402 0.196850,
        3.500000 -0.708661 0.196850,
        3.432509 -0.787402 0.196850,
        4.500000 -0.708661 0.196850,
        4.432509 -0.787402 0.196850,
        3.567492 -0.787402 0.196850,
        2.567492 -0.787402 0.196850,
        4.567491 -0.787402 0.196850,
        5.432509 -0.787402 0.196850,
        5.500000 -0.708661 0.196850,
        6.500000 -0.708661 0.196850,
        6.432509 -0.787402 0.196850,
        5.567491 -0.787402 0.196850,
        7.500000 -0.708661 0.196850,
        7.432509 -0.787402 0.196850,
        6.567492 -0.787402 0.196850,
        8.500000 -0.708661 0.196850,
        8.432508 -0.787402 0.196850,
        7.567491 -0.787402 0.196850,
        9.500000 -0.708661 0.196850,
        9.432508 -0.787402 0.196850,
        8.567492 -0.787402 0.196850,
        10.500000 -0.708661 0.196850,
        10.432508 -0.787402 0.196850,
        9.567491 -0.787402 0.196850,
        11.500000 -0.708661 0.196850,
        11.432508 -0.787402 0.196850,
        12.500001 -0.708661 0.196850,
        11.567491 -0.787402 0.196850,
        12.432508 -0.787402 0.196850,
        10.567492 -0.787402 0.196850,
        13.500000 -0.708661 0.196850,
        13.432509 -0.787402 0.196850,
        12.567491 -0.787402 0.196850,
        11.567491 0.787402 0.196850,
        12.432508 0.787402 0.196850,
        11.500000 0.708661 0.196850,
        12.500001 0.708661 0.196850,
        12.567491 0.787402 0.196850,
        13.432509 0.787402 0.196850,
        13.500000 0.708661 0.196850,
        10.500000 0.708661 0.196850,
        10.567492 0.787402 0.196850,
        11.432508 0.787402 0.196850,
        9.500000 0.708661 0.196850,
        9.567491 0.787402 0.196850,
        10.432508 0.787402 0.196850,
        8.567492 0.787402 0.196850,
        9.432508 0.787402 0.196850,
        8.500000 0.708661 0.196850,
        7.567491 0.787402 0.196850,
        8.432508 0.787402 0.196850,
        7.500000 0.708661 0.196850,
        6.567492 0.787402 0.196850,
        7.432509 0.787402 0.196850,
        5.500000 0.708661 0.196850,
        5.567491 0.787402 0.196850,
        6.432509 0.787402 0.196850,
        3.567492 0.787402 0.196850,
        4.432509 0.787402 0.196850,
        3.500000 0.708661 0.196850,
        4.500000 0.708661 0.196850,
        4.567491 0.787402 0.196850,
        5.432509 0.787402 0.196850,
        2.567492 0.787402 0.196850,
        3.432509 0.787402 0.196850,
        2.500000 0.708661 0.196850,
        1.567492 0.787402 0.196850,
        2.432508 0.787402 0.196850,
        1.500000 0.708661 0.196850,
        0.567492 0.787402 0.196850,
        1.432508 0.787402 0.196850,
        0.500000 0.708661 0.196850,
        0.432508 0.787402 0.196850,
        -2.500000 0.708661 0.196850,
        -2.432508 0.787402 0.196850,
        -1.567492 0.787402 0.196850,
        -1.500000 0.708661 0.196850,
        -3.432509 0.787402 0.196850,
        -2.567492 0.787402 0.196850,
        -3.500000 0.708661 0.196850,
        -4.432509 0.787402 0.196850,
        -3.567492 0.787402 0.196850,
        -4.500000 0.708661 0.196850,
        -5.432509 0.787402 0.196850,
        -4.567491 0.787402 0.196850,
        -6.500000 0.708661 0.196850,
        -6.432509 0.787402 0.196850,
        -5.567491 0.787402 0.196850,
        -8.432508 0.787402 0.196850,
        -7.567491 0.787402 0.196850,
        -8.500000 0.708661 0.196850,
        -7.500000 0.708661 0.196850,
        -7.432509 0.787402 0.196850,
        -6.567492 0.787402 0.196850,
        -9.432508 0.787402 0.196850,
        -8.567492 0.787402 0.196850,
        -9.500000 0.708661 0.196850,
        -10.432508 0.787402 0.196850,
        -9.567491 0.787402 0.196850,
        -11.500000 0.708661 0.196850,
        -11.432508 0.787402 0.196850,
        -10.567492 0.787402 0.196850,
        -12.432508 0.787402 0.196850,
        -11.567491 0.787402 0.196850,
        -12.500001 0.708661 0.196850,
        -12.500001 -0.708661 0.196850,
        -11.500000 -0.708661 0.196850,
        -11.567491 -0.787402 0.196850,
        -12.432508 -0.787402 0.196850,
        -10.500000 -0.708661 0.196850,
        -10.567492 -0.787402 0.196850,
        -11.432508 -0.787402 0.196850,
        -9.500000 -0.708661 0.196850,
        -9.567491 -0.787402 0.196850,
        -10.432508 -0.787402 0.196850,
        -8.500000 -0.708661 0.196850,
        -8.567492 -0.787402 0.196850,
        -7.500000 -0.708661 0.196850,
        -7.567491 -0.787402 0.196850,
        -8.432508 -0.787402 0.196850,
        -9.432508 -0.787402 0.196850,
        -7.432509 -0.787402 0.196850,
        -6.567492 -0.787402 0.196850,
        -6.500000 -0.708661 0.196850,
        -5.500000 -0.708661 0.196850,
        -5.567491 -0.787402 0.196850,
        -6.432509 -0.787402 0.196850,
        -4.500000 -0.708661 0.196850,
        -4.567491 -0.787402 0.196850,
        -5.432509 -0.787402 0.196850,
        -3.500000 -0.708661 0.196850,
        -3.567492 -0.787402 0.196850,
        -4.432509 -0.787402 0.196850,
        -2.500000 -0.708661 0.196850,
        -2.567492 -0.787402 0.196850,
        -3.432509 -0.787402 0.196850,
        -1.500000 -0.708661 0.196850,
        -1.567492 -0.787402 0.196850,
        -2.432508 -0.787402 0.196850,
        -1.432508 -0.787402 0.196850,
        -0.567492 0.787402 0.196850,
        -1.432508 0.787402 0.196850,
        -0.500000 0.708661 0.196850,
        -0.432508 0.787402 0.196850,
        -1.736220 -0.984252 1.000000,
        -1.582677 -0.805118 1.000000,
        -2.263780 -0.984252 1.000000,
        -2.417323 -0.805118 1.000000,
        -2.500000 -0.708661 1.000000,
        -1.500000 -0.708661 1.000000,
        -1.417323 -0.805118 1.000000,
        -0.500000 -0.708661 1.000000,
        -0.582677 -0.805118 1.000000,
        -3.417323 -0.805118 1.000000,
        -2.582677 -0.805118 1.000000,
        -3.500000 -0.708661 1.000000,
        -3.263780 -0.984252 1.000000,
        -2.736220 -0.984252 1.000000,
        -4.417322 -0.805118 1.000000,
        -3.582677 -0.805118 1.000000,
        -4.500000 -0.708661 1.000000,
        -4.263780 -0.984252 1.000000,
        -3.736220 -0.984252 1.000000,
        -5.417322 -0.805118 1.000000,
        -4.582677 -0.805118 1.000000,
        -5.500000 -0.708661 1.000000,
        -5.263780 -0.984252 1.000000,
        -4.736220 -0.984252 1.000000,
        -6.417323 -0.805118 1.000000,
        -5.582677 -0.805118 1.000000,
        -6.500000 -0.708661 1.000000,
        -6.263780 -0.984252 1.000000,
        -5.736220 -0.984252 1.000000,
        -7.417323 -0.805118 1.000000,
        -6.582678 -0.805118 1.000000,
        -7.500000 -0.708661 1.000000,
        -7.263779 -0.984252 1.000000,
        -6.736220 -0.984252 1.000000,
        -8.500000 -0.708661 1.000000,
        -8.582678 -0.805118 1.000000,
        -9.417323 -0.805118 1.000000,
        -8.417322 -0.805118 1.000000,
        -9.500000 -0.708661 1.000000,
        -7.582677 -0.805118 1.000000,
        -8.263780 -0.984252 1.000000,
        -7.736220 -0.984252 1.000000,
        -9.263780 -0.984252 1.000000,
        -8.736221 -0.984252 1.000000,
        -10.417322 -0.805118 1.000000,
        -9.582677 -0.805118 1.000000,
        -10.500000 -0.708661 1.000000,
        -10.263780 -0.984252 1.000000,
        -9.736221 -0.984252 1.000000,
        -11.417323 -0.805118 1.000000,
        -10.582677 -0.805118 1.000000,
        -11.500000 -0.708661 1.000000,
        -11.263780 -0.984252 1.000000,
        -10.736220 -0.984252 1.000000,
        -12.417322 -0.805118 1.000000,
        -11.582677 -0.805118 1.000000,
        -12.500001 -0.708661 1.000000,
        -12.263780 -0.984252 1.000000,
        -11.736220 -0.984252 1.000000,
        -12.500001 0.708661 1.000000,
        -11.736220 0.984252 1.000000,
        -12.263780 0.984252 1.000000,
        -11.500000 0.708661 1.000000,
        -10.736220 0.984252 1.000000,
        -11.263780 0.984252 1.000000,
        -10.500000 0.708661 1.000000,
        -9.736221 0.984252 1.000000,
        -10.263780 0.984252 1.000000,
        -9.500000 0.708661 1.000000,
        -8.736221 0.984252 1.000000,
        -8.500000 0.708661 1.000000,
        -9.263780 0.984252 1.000000,
        -8.263780 0.984252 1.000000,
        -7.736220 0.984252 1.000000,
        -7.500000 0.708661 1.000000,
        -6.736220 0.984252 1.000000,
        -7.263779 0.984252 1.000000,
        -6.500000 0.708661 1.000000,
        -5.736220 0.984252 1.000000,
        -6.263780 0.984252 1.000000,
        -5.500000 0.708661 1.000000,
        -4.736220 0.984252 1.000000,
        -5.263780 0.984252 1.000000,
        -4.500000 0.708661 1.000000,
        -3.736220 0.984252 1.000000,
        -4.263780 0.984252 1.000000,
        -3.500000 0.708661 1.000000,
        -2.736220 0.984252 1.000000,
        -3.263780 0.984252 1.000000,
        -2.500000 0.708661 1.000000,
        -1.500000 0.708661 1.000000,
        -1.263780 0.984252 1.000000,
        -0.736220 0.984252 1.000000,
        -0.500000 0.708661 1.000000,
        -1.736220 0.984252 1.000000,
        -2.263780 0.984252 1.000000,
        0.263780 0.984252 1.000000,
        -0.263780 0.984252 1.000000,
        0.500000 0.708661 1.000000,
        1.263780 0.984252 1.000000,
        0.736220 0.984252 1.000000,
        1.500000 0.708661 1.000000,
        2.263780 0.984252 1.000000,
        1.736220 0.984252 1.000000,
        2.500000 0.708661 1.000000,
        3.263780 0.984252 1.000000,
        2.736220 0.984252 1.000000,
        3.500000 0.708661 1.000000,
        4.263780 0.984252 1.000000,
        3.736220 0.984252 1.000000,
        4.500000 0.708661 1.000000,
        5.263780 0.984252 1.000000,
        5.500000 0.708661 1.000000,
        4.736220 0.984252 1.000000,
        6.500000 0.708661 1.000000,
        6.263780 0.984252 1.000000,
        5.736220 0.984252 1.000000,
        7.263779 0.984252 1.000000,
        6.736220 0.984252 1.000000,
        7.500000 0.708661 1.000000,
        8.263780 0.984252 1.000000,
        7.736220 0.984252 1.000000,
        8.500000 0.708661 1.000000,
        9.263780 0.984252 1.000000,
        8.736221 0.984252 1.000000,
        9.500000 0.708661 1.000000,
        10.263780 0.984252 1.000000,
        9.736221 0.984252 1.000000,
        10.500000 0.708661 1.000000,
        11.263780 0.984252 1.000000,
        10.736220 0.984252 1.000000,
        11.500000 0.708661 1.000000,
        12.263780 0.984252 1.000000,
        12.500001 0.708661 1.000000,
        11.736220 0.984252 1.000000,
        13.500000 0.708661 1.000000,
        13.263780 0.984252 1.000000,
        12.736220 0.984252 1.000000,
        12.500001 -0.708661 1.000000,
        12.417322 -0.805118 1.000000,
        11.582677 -0.805118 1.000000,
        11.500000 -0.708661 1.000000,
        13.500000 -0.708661 1.000000,
        13.417322 -0.805118 1.000000,
        12.582677 -0.805118 1.000000,
        12.736220 -0.984252 1.000000,
        13.263780 -0.984252 1.000000,
        11.736220 -0.984252 1.000000,
        12.263780 -0.984252 1.000000,
        10.582677 -0.805118 1.000000,
        11.417323 -0.805118 1.000000,
        10.500000 -0.708661 1.000000,
        10.736220 -0.984252 1.000000,
        11.263780 -0.984252 1.000000,
        9.582677 -0.805118 1.000000,
        10.417322 -0.805118 1.000000,
        9.500000 -0.708661 1.000000,
        9.736221 -0.984252 1.000000,
        10.263780 -0.984252 1.000000,
        8.582678 -0.805118 1.000000,
        9.417323 -0.805118 1.000000,
        8.500000 -0.708661 1.000000,
        8.736221 -0.984252 1.000000,
        9.263780 -0.984252 1.000000,
        7.582677 -0.805118 1.000000,
        8.417322 -0.805118 1.000000,
        7.500000 -0.708661 1.000000,
        7.736220 -0.984252 1.000000,
        8.263780 -0.984252 1.000000,
        6.582678 -0.805118 1.000000,
        7.417323 -0.805118 1.000000,
        6.500000 -0.708661 1.000000,
        6.736220 -0.984252 1.000000,
        7.263779 -0.984252 1.000000,
        5.500000 -0.708661 1.000000,
        5.417322 -0.805118 1.000000,
        4.582677 -0.805118 1.000000,
        4.500000 -0.708661 1.000000,
        6.417323 -0.805118 1.000000,
        5.582677 -0.805118 1.000000,
        5.736220 -0.984252 1.000000,
        6.263780 -0.984252 1.000000,
        4.736220 -0.984252 1.000000,
        5.263780 -0.984252 1.000000,
        3.582677 -0.805118 1.000000,
        4.417322 -0.805118 1.000000,
        3.500000 -0.708661 1.000000,
        3.736220 -0.984252 1.000000,
        4.263780 -0.984252 1.000000,
        2.582677 -0.805118 1.000000,
        3.417323 -0.805118 1.000000,
        2.500000 -0.708661 1.000000,
        2.736220 -0.984252 1.000000,
        3.263780 -0.984252 1.000000,
        1.582677 -0.805118 1.000000,
        2.417323 -0.805118 1.000000,
        1.500000 -0.708661 1.000000,
        1.736220 -0.984252 1.000000,
        2.263780 -0.984252 1.000000,
        0.582677 -0.805118 1.000000,
        1.417323 -0.805118 1.000000,
        0.500000 -0.708661 1.000000,
        0.736220 -0.984252 1.000000,
        1.263780 -0.984252 1.000000,
        -0.417323 -0.805118 1.000000,
        0.417323 -0.805118 1.000000,
        -0.263780 -0.984252 1.000000,
        0.263780 -0.984252 1.000000,
        -1.263780 -0.984252 1.000000,
        -0.736220 -0.984252 1.000000,
        -1.567492 0.787402 0.000000,
        -2.432508 0.787402 0.000000,
        -1.736220 0.984252 0.000000,
        -2.263780 0.984252 0.000000,
        -1.263780 0.984252 0.000000,
        -0.736220 0.984252 0.000000,
        -1.432508 0.787402 0.000000,
        -0.567492 0.787402 0.000000,
        -3.567492 0.787402 0.000000,
        -4.432509 0.787402 0.000000,
        -3.736220 0.984252 0.000000,
        -4.263780 0.984252 0.000000,
        -3.263780 0.984252 0.000000,
        -2.736220 0.984252 0.000000,
        -3.432509 0.787402 0.000000,
        -2.567492 0.787402 0.000000,
        2.432508 0.787402 0.000000,
        1.567492 0.787402 0.000000,
        2.263780 0.984252 0.000000,
        1.736220 0.984252 0.000000,
        2.736220 0.984252 0.000000,
        3.263780 0.984252 0.000000,
        2.567492 0.787402 0.000000,
        3.432509 0.787402 0.000000,
        -0.263780 0.984252 0.000000,
        0.263780 0.984252 0.000000,
        -0.432508 0.787402 0.000000,
        0.432508 0.787402 0.000000,
        0.736220 0.984252 0.000000,
        1.263780 0.984252 0.000000,
        0.567492 0.787402 0.000000,
        1.432508 0.787402 0.000000,
        -9.567491 0.787402 0.000000,
        -10.432508 0.787402 0.000000,
        -9.736221 0.984252 0.000000,
        -10.263780 0.984252 0.000000,
        -9.263780 0.984252 0.000000,
        -8.736221 0.984252 0.000000,
        -9.432508 0.787402 0.000000,
        -8.567492 0.787402 0.000000,
        -11.567491 0.787402 0.000000,
        -12.432508 0.787402 0.000000,
        -11.736220 0.984252 0.000000,
        -12.263780 0.984252 0.000000,
        -11.263780 0.984252 0.000000,
        -10.736220 0.984252 0.000000,
        -11.432508 0.787402 0.000000,
        -10.567492 0.787402 0.000000,
        -5.567491 0.787402 0.000000,
        -6.432509 0.787402 0.000000,
        -5.736220 0.984252 0.000000,
        -6.263780 0.984252 0.000000,
        -5.263780 0.984252 0.000000,
        -4.736220 0.984252 0.000000,
        -5.432509 0.787402 0.000000,
        -4.567491 0.787402 0.000000,
        -8.263780 0.984252 0.000000,
        -7.736220 0.984252 0.000000,
        -8.432508 0.787402 0.000000,
        -7.567491 0.787402 0.000000,
        -7.263779 0.984252 0.000000,
        -6.736220 0.984252 0.000000,
        -7.432509 0.787402 0.000000,
        -6.567492 0.787402 0.000000,
        12.432508 0.787402 0.000000,
        11.567491 0.787402 0.000000,
        12.263780 0.984252 0.000000,
        11.736220 0.984252 0.000000,
        6.432509 0.787402 0.000000,
        5.567491 0.787402 0.000000,
        6.263780 0.984252 0.000000,
        5.736220 0.984252 0.000000,
        6.736220 0.984252 0.000000,
        7.263779 0.984252 0.000000,
        6.567492 0.787402 0.000000,
        7.432509 0.787402 0.000000,
        3.736220 0.984252 0.000000,
        4.263780 0.984252 0.000000,
        3.567492 0.787402 0.000000,
        4.432509 0.787402 0.000000,
        4.736220 0.984252 0.000000,
        5.263780 0.984252 0.000000,
        4.567491 0.787402 0.000000,
        5.432509 0.787402 0.000000,
        10.432508 0.787402 0.000000,
        9.567491 0.787402 0.000000,
        10.263780 0.984252 0.000000,
        9.736221 0.984252 0.000000,
        10.736220 0.984252 0.000000,
        11.263780 0.984252 0.000000,
        10.567492 0.787402 0.000000,
        11.432508 0.787402 0.000000,
        7.736220 0.984252 0.000000,
        8.263780 0.984252 0.000000,
        7.567491 0.787402 0.000000,
        8.432508 0.787402 0.000000,
        8.736221 0.984252 0.000000,
        9.263780 0.984252 0.000000,
        8.567492 0.787402 0.000000,
        9.432508 0.787402 0.000000,
        -1.736220 -0.984252 0.000000,
        -2.263780 -0.984252 0.000000,
        -1.263780 -0.984252 0.000000,
        -0.736220 -0.984252 0.000000,
        -3.736220 -0.984252 0.000000,
        -4.263780 -0.984252 0.000000,
        -3.263780 -0.984252 0.000000,
        -2.736220 -0.984252 0.000000,
        2.263780 -0.984252 0.000000,
        1.736220 -0.984252 0.000000,
        2.736220 -0.984252 0.000000,
        3.263780 -0.984252 0.000000,
        -0.263780 -0.984252 0.000000,
        0.263780 -0.984252 0.000000,
        0.736220 -0.984252 0.000000,
        1.263780 -0.984252 0.000000,
        -9.736221 -0.984252 0.000000,
        -10.263780 -0.984252 0.000000,
        -9.263780 -0.984252 0.000000,
        -8.736221 -0.984252 0.000000,
        -12.263780 -0.984252 0.000000,
        -11.736220 -0.984252 0.000000,
        -11.263780 -0.984252 0.000000,
        -10.736220 -0.984252 0.000000,
        -5.736220 -0.984252 0.000000,
        -6.263780 -0.984252 0.000000,
        -5.263780 -0.984252 0.000000,
        -4.736220 -0.984252 0.000000,
        -8.263780 -0.984252 0.000000,
        -7.736220 -0.984252 0.000000,
        -7.263779 -0.984252 0.000000,
        -6.736220 -0.984252 0.000000,
        12.263780 -0.984252 0.000000,
        11.736220 -0.984252 0.000000,
        6.263780 -0.984252 0.000000,
        5.736220 -0.984252 0.000000,
        6.736220 -0.984252 0.000000,
        7.263779 -0.984252 0.000000,
        3.736220 -0.984252 0.000000,
        4.263780 -0.984252 0.000000,
        4.736220 -0.984252 0.000000,
        5.263780 -0.984252 0.000000,
        10.263780 -0.984252 0.000000,
        9.736221 -0.984252 0.000000,
        10.736220 -0.984252 0.000000,
        11.263780 -0.984252 0.000000,
        7.736220 -0.984252 0.000000,
        8.263780 -0.984252 0.000000,
        8.736221 -0.984252 0.000000,
        9.263780 -0.984252 0.000000,
        -1.567492 -0.787402 0.000000,
        -2.432508 -0.787402 0.000000,
        -1.432508 -0.787402 0.000000,
        -0.567492 -0.787402 0.000000,
        -3.567492 -0.787402 0.000000,
        -4.432509 -0.787402 0.000000,
        -3.432509 -0.787402 0.000000,
        -2.567492 -0.787402 0.000000,
        2.432508 -0.787402 0.000000,
        1.567492 -0.787402 0.000000,
        2.567492 -0.787402 0.000000,
        3.432509 -0.787402 0.000000,
        -0.432508 -0.787402 0.000000,
        0.432508 -0.787402 0.000000,
        0.567492 -0.787402 0.000000,
        1.432508 -0.787402 0.000000,
        -9.567491 -0.787402 0.000000,
        -10.432508 -0.787402 0.000000,
        -9.432508 -0.787402 0.000000,
        -8.567492 -0.787402 0.000000,
        -12.432508 -0.787402 0.000000,
        -11.567491 -0.787402 0.000000,
        -11.432508 -0.787402 0.000000,
        -10.567492 -0.787402 0.000000,
        -5.567491 -0.787402 0.000000,
        -6.432509 -0.787402 0.000000,
        -5.432509 -0.787402 0.000000,
        -4.567491 -0.787402 0.000000,
        -8.432508 -0.787402 0.000000,
        -7.567491 -0.787402 0.000000,
        -7.432509 -0.787402 0.000000,
        -6.567492 -0.787402 0.000000,
        12.432508 -0.787402 0.000000,
        11.567491 -0.787402 0.000000,
        6.432509 -0.787402 0.000000,
        5.567491 -0.787402 0.000000,
        6.567492 -0.787402 0.000000,
        7.432509 -0.787402 0.000000,
        3.567492 -0.787402 0.000000,
        4.432509 -0.787402 0.000000,
        4.567491 -0.787402 0.000000,
        5.432509 -0.787402 0.000000,
        10.432508 -0.787402 0.000000,
        9.567491 -0.787402 0.000000,
        10.567492 -0.787402 0.000000,
        11.432508 -0.787402 0.000000,
        7.567491 -0.787402 0.000000,
        8.432508 -0.787402 0.000000,
        8.567492 -0.787402 0.000000,
        9.432508 -0.787402 0.000000,
        12.736220 0.984252 0.000000,
        13.263780 0.984252 0.000000,
        12.567491 0.787402 0.000000,
        13.432509 0.787402 0.000000,
        12.736220 -0.984252 0.000000,
        13.263780 -0.984252 0.000000,
        12.567491 -0.787402 0.000000,
        13.432509 -0.787402 0.000000,
      ]
    }
    coordIndex [
      321, 517, 33, -1,
      33, 517, 567, -1,
      321, 33, 318, -1,
      318, 33, 32, -1,
      318, 32, 314, -1,
      37, 561, 511, -1,
      314, 32, 312, -1,
      312, 32, 37, -1,
      312, 37, 315, -1,
      315, 37, 511, -1,
      326, 515, 30, -1,
      30, 515, 565, -1,
      326, 30, 323, -1,
      323, 30, 29, -1,
      323, 29, 319, -1,
      34, 566, 516, -1,
      319, 29, 317, -1,
      317, 29, 34, -1,
      317, 34, 320, -1,
      320, 34, 516, -1,
      311, 513, 39, -1,
      39, 513, 563, -1,
      311, 39, 308, -1,
      308, 39, 38, -1,
      308, 38, 299, -1,
      41, 551, 501, -1,
      299, 38, 298, -1,
      298, 38, 41, -1,
      298, 41, 305, -1,
      305, 41, 501, -1,
      316, 510, 36, -1,
      36, 510, 560, -1,
      316, 36, 313, -1,
      313, 36, 35, -1,
      313, 35, 309, -1,
      43, 562, 512, -1,
      309, 35, 307, -1,
      307, 35, 43, -1,
      307, 43, 310, -1,
      310, 43, 512, -1,
      341, 509, 21, -1,
      21, 509, 559, -1,
      341, 21, 333, -1,
      333, 21, 22, -1,
      333, 22, 332, -1,
      25, 553, 503, -1,
      332, 22, 337, -1,
      337, 22, 25, -1,
      337, 25, 338, -1,
      338, 25, 503, -1,
      346, 507, 17, -1,
      17, 507, 557, -1,
      346, 17, 343, -1,
      343, 17, 16, -1,
      343, 16, 335, -1,
      20, 558, 508, -1,
      335, 16, 334, -1,
      334, 16, 20, -1,
      334, 20, 340, -1,
      340, 20, 508, -1,
      331, 505, 27, -1,
      27, 505, 555, -1,
      331, 27, 328, -1,
      328, 27, 26, -1,
      328, 26, 324, -1,
      31, 564, 514, -1,
      324, 26, 322, -1,
      322, 26, 31, -1,
      322, 31, 325, -1,
      325, 31, 514, -1,
      339, 502, 24, -1,
      24, 502, 552, -1,
      339, 24, 336, -1,
      336, 24, 23, -1,
      336, 23, 329, -1,
      28, 554, 504, -1,
      329, 23, 327, -1,
      327, 23, 28, -1,
      327, 28, 330, -1,
      330, 28, 504, -1,
      304, 573, 45, -1,
      45, 573, 575, -1,
      304, 45, 301, -1,
      301, 45, 44, -1,
      301, 44, 300, -1,
      306, 500, 42, -1,
      42, 500, 550, -1,
      306, 42, 297, -1,
      297, 42, 40, -1,
      297, 40, 296, -1,
      46, 574, 572, -1,
      296, 40, 302, -1,
      302, 40, 46, -1,
      302, 46, 303, -1,
      303, 46, 572, -1,
      191, 499, 136, -1,
      136, 499, 549, -1,
      191, 136, 188, -1,
      188, 136, 137, -1,
      188, 137, 184, -1,
      140, 543, 493, -1,
      184, 137, 182, -1,
      182, 137, 140, -1,
      182, 140, 185, -1,
      185, 140, 493, -1,
      199, 497, 132, -1,
      132, 497, 547, -1,
      199, 132, 197, -1,
      197, 132, 131, -1,
      197, 131, 189, -1,
      135, 548, 498, -1,
      189, 131, 187, -1,
      187, 131, 135, -1,
      187, 135, 190, -1,
      190, 135, 498, -1,
      181, 495, 142, -1,
      142, 495, 545, -1,
      181, 142, 178, -1,
      178, 142, 141, -1,
      178, 141, 174, -1,
      146, 523, 473, -1,
      174, 141, 172, -1,
      172, 141, 146, -1,
      172, 146, 175, -1,
      175, 146, 473, -1,
      186, 492, 139, -1,
      139, 492, 542, -1,
      186, 139, 183, -1,
      183, 139, 138, -1,
      183, 138, 179, -1,
      143, 544, 494, -1,
      179, 138, 177, -1,
      177, 138, 143, -1,
      177, 143, 180, -1,
      180, 143, 494, -1,
      211, 491, 124, -1,
      124, 491, 541, -1,
      211, 124, 208, -1,
      208, 124, 123, -1,
      208, 123, 204, -1,
      128, 535, 485, -1,
      204, 123, 202, -1,
      202, 123, 128, -1,
      202, 128, 205, -1,
      205, 128, 485, -1,
      216, 489, 121, -1,
      121, 489, 539, -1,
      216, 121, 213, -1,
      213, 121, 120, -1,
      213, 120, 209, -1,
      125, 540, 490, -1,
      209, 120, 207, -1,
      207, 120, 125, -1,
      207, 125, 210, -1,
      210, 125, 490, -1,
      122, 538, 488, -1,
      214, 119, 212, -1,
      212, 119, 122, -1,
      212, 122, 215, -1,
      215, 122, 488, -1,
      201, 487, 130, -1,
      130, 487, 537, -1,
      201, 130, 193, -1,
      193, 130, 129, -1,
      193, 129, 192, -1,
      133, 546, 496, -1,
      192, 129, 195, -1,
      195, 129, 133, -1,
      195, 133, 198, -1,
      198, 133, 496, -1,
      206, 484, 127, -1,
      127, 484, 534, -1,
      206, 127, 203, -1,
      203, 127, 126, -1,
      203, 126, 196, -1,
      134, 536, 486, -1,
      196, 126, 194, -1,
      194, 126, 134, -1,
      194, 134, 200, -1,
      200, 134, 486, -1,
      361, 483, 9, -1,
      9, 483, 533, -1,
      361, 9, 358, -1,
      358, 9, 8, -1,
      358, 8, 354, -1,
      13, 527, 477, -1,
      354, 8, 352, -1,
      352, 8, 13, -1,
      352, 13, 355, -1,
      355, 13, 477, -1,
      365, 481, 4, -1,
      4, 481, 531, -1,
      365, 4, 363, -1,
      363, 4, 3, -1,
      363, 3, 359, -1,
      10, 532, 482, -1,
      359, 3, 357, -1,
      357, 3, 10, -1,
      357, 10, 360, -1,
      360, 10, 482, -1,
      351, 479, 15, -1,
      15, 479, 529, -1,
      351, 15, 348, -1,
      348, 15, 14, -1,
      348, 14, 344, -1,
      18, 556, 506, -1,
      344, 14, 342, -1,
      342, 14, 18, -1,
      342, 18, 345, -1,
      345, 18, 506, -1,
      356, 476, 12, -1,
      12, 476, 526, -1,
      356, 12, 353, -1,
      353, 12, 11, -1,
      353, 11, 349, -1,
      19, 528, 478, -1,
      349, 11, 347, -1,
      347, 11, 19, -1,
      347, 19, 350, -1,
      350, 19, 478, -1,
      171, 475, 148, -1,
      148, 475, 525, -1,
      171, 148, 168, -1,
      168, 148, 147, -1,
      168, 147, 162, -1,
      152, 519, 469, -1,
      162, 147, 161, -1,
      161, 147, 152, -1,
      161, 152, 160, -1,
      160, 152, 469, -1,
      176, 472, 145, -1,
      145, 472, 522, -1,
      176, 145, 173, -1,
      173, 145, 144, -1,
      173, 144, 169, -1,
      149, 524, 474, -1,
      169, 144, 167, -1,
      167, 144, 149, -1,
      167, 149, 170, -1,
      170, 149, 474, -1,
      367, 471, 7, -1,
      7, 471, 521, -1,
      367, 7, 166, -1,
      166, 7, 6, -1,
      166, 6, 165, -1,
      5, 530, 480, -1,
      165, 6, 362, -1,
      362, 6, 5, -1,
      362, 5, 364, -1,
      364, 5, 480, -1,
      158, 468, 151, -1,
      151, 468, 518, -1,
      158, 151, 159, -1,
      159, 151, 150, -1,
      159, 150, 163, -1,
      153, 520, 470, -1,
      163, 150, 164, -1,
      164, 150, 153, -1,
      164, 153, 366, -1,
      366, 153, 470, -1,
      411, 409, 116, -1,
      118, 217, 116, -1,
      116, 217, 219, -1,
      116, 219, 411, -1,
      467, 465, 61, -1,
      61, 465, 281, -1,
      61, 281, 57, -1,
      57, 281, 283, -1,
      455, 453, 58, -1,
      57, 283, 58, -1,
      58, 283, 285, -1,
      58, 285, 455, -1,
      463, 461, 64, -1,
      64, 461, 278, -1,
      64, 278, 62, -1,
      62, 278, 280, -1,
      464, 466, 60, -1,
      62, 280, 60, -1,
      60, 280, 282, -1,
      60, 282, 464, -1,
      459, 457, 56, -1,
      56, 457, 287, -1,
      56, 287, 49, -1,
      49, 287, 289, -1,
      435, 433, 47, -1,
      49, 289, 47, -1,
      47, 289, 292, -1,
      47, 292, 435, -1,
      452, 454, 59, -1,
      59, 454, 284, -1,
      59, 284, 54, -1,
      54, 284, 286, -1,
      456, 458, 55, -1,
      54, 286, 55, -1,
      55, 286, 288, -1,
      55, 288, 456, -1,
      451, 449, 76, -1,
      76, 449, 269, -1,
      76, 269, 68, -1,
      68, 269, 270, -1,
      439, 437, 69, -1,
      68, 270, 69, -1,
      69, 270, 274, -1,
      69, 274, 439, -1,
      447, 445, 72, -1,
      72, 445, 266, -1,
      72, 266, 74, -1,
      74, 266, 268, -1,
      448, 450, 75, -1,
      74, 268, 75, -1,
      75, 268, 271, -1,
      75, 271, 448, -1,
      443, 441, 67, -1,
      67, 441, 275, -1,
      67, 275, 65, -1,
      65, 275, 277, -1,
      460, 462, 63, -1,
      65, 277, 63, -1,
      63, 277, 279, -1,
      63, 279, 460, -1,
      436, 438, 70, -1,
      70, 438, 273, -1,
      70, 273, 2, -1,
      2, 273, 272, -1,
      440, 442, 66, -1,
      2, 272, 66, -1,
      66, 272, 276, -1,
      66, 276, 440, -1,
      571, 569, 52, -1,
      52, 569, 294, -1,
      52, 294, 53, -1,
      53, 294, 293, -1,
      432, 434, 48, -1,
      48, 434, 290, -1,
      48, 290, 50, -1,
      50, 290, 291, -1,
      568, 570, 51, -1,
      50, 291, 51, -1,
      51, 291, 295, -1,
      51, 295, 568, -1,
      431, 429, 107, -1,
      107, 429, 233, -1,
      107, 233, 99, -1,
      99, 233, 235, -1,
      419, 417, 100, -1,
      99, 235, 100, -1,
      100, 235, 237, -1,
      100, 237, 419, -1,
      427, 425, 103, -1,
      103, 425, 231, -1,
      103, 231, 105, -1,
      105, 231, 232, -1,
      428, 430, 106, -1,
      105, 232, 106, -1,
      106, 232, 234, -1,
      106, 234, 428, -1,
      423, 421, 98, -1,
      98, 421, 239, -1,
      98, 239, 96, -1,
      96, 239, 241, -1,
      379, 377, 94, -1,
      96, 241, 94, -1,
      94, 241, 243, -1,
      94, 243, 379, -1,
      416, 418, 101, -1,
      101, 418, 236, -1,
      101, 236, 1, -1,
      1, 236, 238, -1,
      420, 422, 97, -1,
      1, 238, 97, -1,
      97, 238, 240, -1,
      97, 240, 420, -1,
      415, 413, 115, -1,
      115, 413, 221, -1,
      115, 221, 0, -1,
      0, 221, 223, -1,
      403, 401, 111, -1,
      0, 223, 111, -1,
      111, 223, 225, -1,
      111, 225, 403, -1,
      408, 410, 117, -1,
      117, 410, 218, -1,
      117, 218, 113, -1,
      113, 218, 220, -1,
      412, 414, 114, -1,
      113, 220, 114, -1,
      114, 220, 222, -1,
      114, 222, 412, -1,
      407, 405, 109, -1,
      109, 405, 227, -1,
      109, 227, 104, -1,
      104, 227, 228, -1,
      424, 426, 102, -1,
      104, 228, 102, -1,
      102, 228, 230, -1,
      102, 230, 424, -1,
      400, 402, 112, -1,
      112, 402, 224, -1,
      112, 224, 110, -1,
      110, 224, 226, -1,
      404, 406, 108, -1,
      110, 226, 108, -1,
      108, 226, 229, -1,
      108, 229, 404, -1,
      399, 397, 84, -1,
      84, 397, 257, -1,
      84, 257, 82, -1,
      82, 257, 259, -1,
      387, 385, 80, -1,
      82, 259, 80, -1,
      80, 259, 261, -1,
      80, 261, 387, -1,
      395, 393, 86, -1,
      86, 393, 254, -1,
      86, 254, 85, -1,
      85, 254, 256, -1,
      396, 398, 83, -1,
      85, 256, 83, -1,
      83, 256, 258, -1,
      83, 258, 396, -1,
      391, 389, 78, -1,
      78, 389, 263, -1,
      78, 263, 73, -1,
      73, 263, 265, -1,
      444, 446, 71, -1,
      73, 265, 71, -1,
      71, 265, 267, -1,
      71, 267, 444, -1,
      384, 386, 81, -1,
      81, 386, 260, -1,
      81, 260, 79, -1,
      79, 260, 262, -1,
      388, 390, 77, -1,
      79, 262, 77, -1,
      77, 262, 264, -1,
      77, 264, 388, -1,
      383, 381, 92, -1,
      92, 381, 245, -1,
      92, 245, 87, -1,
      87, 245, 247, -1,
      371, 369, 88, -1,
      87, 247, 88, -1,
      88, 247, 253, -1,
      88, 253, 371, -1,
      376, 378, 95, -1,
      95, 378, 242, -1,
      95, 242, 93, -1,
      93, 242, 244, -1,
      380, 382, 91, -1,
      93, 244, 91, -1,
      91, 244, 246, -1,
      91, 246, 380, -1,
      375, 373, 154, -1,
      154, 373, 250, -1,
      154, 250, 156, -1,
      156, 250, 251, -1,
      392, 394, 157, -1,
      156, 251, 157, -1,
      157, 251, 255, -1,
      157, 255, 392, -1,
      368, 370, 89, -1,
      89, 370, 252, -1,
      89, 252, 90, -1,
      90, 252, 248, -1,
      372, 374, 155, -1,
      90, 248, 155, -1,
      155, 248, 249, -1,
      155, 249, 372, -1,
    ]
  }
}

Shape {
  appearance Appearance {
    material Material {
      diffuseColor 0.7529 0.7529 0.7529
      specularColor 0.3765 0.3765 0.3765
      ambientIntensity 0.2
      transparency 0.0000
      shininess 0.5
    }
  }
  geometry IndexedFaceSet {
    ccw TRUE
    solid FALSE
    coord DEF co Coordinate {
      point [
        -11.874016 -0.374016 0.196850,
        -12.125984 -0.374016 0.196850,
        -12.125984 -0.625984 0.196850,
        -11.874016 -0.625984 0.196850,
        -11.874016 -0.625984 1.000000,
        -12.125984 -0.625984 1.000000,
        -11.874016 -0.374016 1.000000,
        -12.125984 -0.374016 1.000000,
        -12.125984 -0.472441 -1.181102,
        -12.125984 -0.374016 -1.082677,
        -11.874016 -0.472441 -1.181102,
        -11.874016 -0.374016 -1.082677,
        -12.125984 -0.527559 -1.181102,
        -11.874016 -0.527559 -1.181102,
        -12.125984 -0.625984 -1.082677,
        -11.874016 -0.625984 -1.082677,
        -11.874016 -0.625984 3.263780,
        -12.125984 -0.625984 3.263780,
        -12.125984 -0.527559 3.362205,
        -11.874016 -0.527559 3.362205,
        -12.125984 -0.472441 3.362205,
        -11.874016 -0.472441 3.362205,
        -12.125984 -0.374016 3.263780,
        -11.874016 -0.374016 3.263780,
        -12.125984 0.527559 -1.181102,
        -12.125984 0.625984 -1.082677,
        -11.874016 0.527559 -1.181102,
        -11.874016 0.625984 -1.082677,
        -12.125984 0.472441 -1.181102,
        -11.874016 0.472441 -1.181102,
        -12.125984 0.374016 -1.082677,
        -11.874016 0.374016 -1.082677,
      ]
    }
    coordIndex [
      8, 9, 10, -1,
      10, 9, 11, -1,
      12, 8, 13, -1,
      13, 8, 10, -1,
      14, 12, 15, -1,
      15, 12, 13, -1,
      13, 10, 15, -1,
      15, 10, 11, -1,
      15, 11, 3, -1,
      3, 11, 0, -1,
      8, 12, 9, -1,
      9, 12, 14, -1,
      9, 14, 1, -1,
      1, 14, 2, -1,
      0, 11, 1, -1,
      1, 11, 9, -1,
      2, 14, 3, -1,
      3, 14, 15, -1,
      16, 17, 4, -1,
      4, 17, 5, -1,
      18, 17, 19, -1,
      19, 17, 16, -1,
      20, 18, 21, -1,
      21, 18, 19, -1,
      22, 20, 23, -1,
      23, 20, 21, -1,
      22, 23, 7, -1,
      7, 23, 6, -1,
      18, 20, 17, -1,
      17, 20, 22, -1,
      17, 22, 5, -1,
      5, 22, 7, -1,
      21, 19, 23, -1,
      23, 19, 16, -1,
      23, 16, 6, -1,
      6, 16, 4, -1,
      24, 25, 26, -1,
      26, 25, 27, -1,
      28, 24, 29, -1,
      29, 24, 26, -1,
      30, 28, 31, -1,
      31, 28, 29, -1,
    ]
  }
}

Shape {
  appearance Appearance {
    material Material {
      diffuseColor 0.1490 0.1490 0.1490
      specularColor 0.0745 0.0745 0.0745
      ambientIntensity 0.2
      transparency 0.0000
      shininess 0.5
    }
  }
  geometry IndexedFaceSet {
    ccw TRUE
    solid FALSE
    coord DEF co Coordinate {
      point [
        -11.874016 0.374016 0.196850,
        -11.874016 0.625984 0.196850,
        -11.874016 0.527559 -1.181102,
        -11.874016 0.625984 -1.082677,
        -11.874016 0.472441 -1.181102,
        -11.874016 0.374016 -1.082677,
      ]
    }
    coordIndex [
      1, 0, 3, -1,
      3, 0, 5, -1,
      3, 5, 2, -1,
      2, 5, 4, -1,
    ]
  }
}

Shape {
  appearance Appearance {
    material Material {
      diffuseColor 0.7529 0.7529 0.7529
      specularColor 0.3765 0.3765 0.3765
      ambientIntensity 0.2
      transparency 0.0000
      shininess 0.5
    }
  }
  geometry IndexedFaceSet {
    ccw TRUE
    solid FALSE
    coord DEF co Coordinate {
      point [
        -0.122300 -0.625984 0.196850,
        0.050374 -0.625984 0.196850,
        -0.122300 0.374016 0.196850,
        0.050374 0.374016 0.196850,
        -0.122300 0.625984 0.196850,
        -0.125984 0.625984 0.196850,
        -0.125984 0.374016 0.196850,
        0.050374 0.625984 0.196850,
        0.125984 0.625984 0.196850,
        0.125984 0.374016 0.196850,
        0.125984 -0.374016 0.196850,
        0.125984 -0.625984 0.196850,
        0.050374 -0.374016 0.196850,
        -0.122300 -0.374016 0.196850,
        1.125984 -0.374016 0.196850,
        1.125984 -0.625984 0.196850,
        0.874016 -0.625984 0.196850,
        2.125984 -0.374016 0.196850,
        1.874016 -0.374016 0.196850,
        0.874016 -0.374016 0.196850,
        1.874016 -0.625984 0.196850,
        2.125984 -0.625984 0.196850,
        3.125984 -0.374016 0.196850,
        3.125984 -0.625984 0.196850,
        2.874016 -0.625984 0.196850,
        3.874016 -0.625984 0.196850,
        4.125984 -0.625984 0.196850,
        3.874016 -0.374016 0.196850,
        4.125984 -0.374016 0.196850,
        4.874016 -0.374016 0.196850,
        5.125984 -0.374016 0.196850,
        2.874016 -0.374016 0.196850,
        4.874016 -0.625984 0.196850,
        5.125984 -0.625984 0.196850,
        6.125984 -0.374016 0.196850,
        5.874016 -0.374016 0.196850,
        5.874016 -0.625984 0.196850,
        6.125984 -0.625984 0.196850,
        7.125984 -0.374016 0.196850,
        7.125984 -0.625984 0.196850,
        6.874015 -0.625984 0.196850,
        8.125985 -0.374016 0.196850,
        7.874016 -0.374016 0.196850,
        6.874015 -0.374016 0.196850,
        7.874016 -0.625984 0.196850,
        8.125985 -0.625984 0.196850,
        9.125984 -0.374016 0.196850,
        9.125984 -0.625984 0.196850,
        8.874015 -0.625984 0.196850,
        10.125985 -0.374016 0.196850,
        9.874016 -0.374016 0.196850,
        8.874015 -0.374016 0.196850,
        9.874016 -0.625984 0.196850,
        10.125985 -0.625984 0.196850,
        11.125984 -0.374016 0.196850,
        11.125984 -0.625984 0.196850,
        10.874016 -0.625984 0.196850,
        12.125984 -0.374016 0.196850,
        11.874016 -0.374016 0.196850,
        12.125984 -0.625984 0.196850,
        11.874016 -0.625984 0.196850,
        10.874016 -0.374016 0.196850,
        12.874015 -0.374016 0.196850,
        13.125984 -0.374016 0.196850,
        13.125984 -0.625984 0.196850,
        12.874015 -0.625984 0.196850,
        -10.874016 -0.374016 0.196850,
        -10.874016 -0.625984 0.196850,
        -11.125984 -0.625984 0.196850,
        -9.874016 -0.374016 0.196850,
        -10.125985 -0.374016 0.196850,
        -11.125984 -0.374016 0.196850,
        -10.125985 -0.625984 0.196850,
        -9.874016 -0.625984 0.196850,
        -8.874015 -0.374016 0.196850,
        -8.874015 -0.625984 0.196850,
        -9.125984 -0.625984 0.196850,
        -8.125985 -0.625984 0.196850,
        -7.874016 -0.625984 0.196850,
        -8.125985 -0.374016 0.196850,
        -7.874016 -0.374016 0.196850,
        -7.125984 -0.374016 0.196850,
        -6.874015 -0.374016 0.196850,
        -9.125984 -0.374016 0.196850,
        -7.125984 -0.625984 0.196850,
        -6.874015 -0.625984 0.196850,
        -5.874016 -0.374016 0.196850,
        -6.125984 -0.374016 0.196850,
        -6.125984 -0.625984 0.196850,
        -5.874016 -0.625984 0.196850,
        -4.874016 -0.374016 0.196850,
        -4.874016 -0.625984 0.196850,
        -5.125984 -0.625984 0.196850,
        -3.874016 -0.374016 0.196850,
        -4.125984 -0.374016 0.196850,
        -5.125984 -0.374016 0.196850,
        -4.125984 -0.625984 0.196850,
        -3.874016 -0.625984 0.196850,
        -2.874016 -0.374016 0.196850,
        -2.874016 -0.625984 0.196850,
        -3.125984 -0.625984 0.196850,
        -1.874016 -0.374016 0.196850,
        -2.125984 -0.374016 0.196850,
        -3.125984 -0.374016 0.196850,
        -2.125984 -0.625984 0.196850,
        -1.874016 -0.625984 0.196850,
        -1.125984 -0.625984 0.196850,
        -1.125984 -0.374016 0.196850,
        -1.009691 -0.374016 0.196850,
        -0.874016 -0.374016 0.196850,
        -0.874016 -0.625984 0.196850,
        -1.009691 -0.625984 0.196850,
        -1.125984 0.625984 0.196850,
        -1.125984 0.374016 0.196850,
        -1.009691 0.374016 0.196850,
        -0.874016 0.374016 0.196850,
        -0.874016 0.625984 0.196850,
        -1.009691 0.625984 0.196850,
        -12.125984 0.625984 0.196850,
        -12.125984 0.374016 0.196850,
        -11.874016 0.374016 0.196850,
        -11.874016 0.625984 0.196850,
        -10.874016 0.625984 0.196850,
        -10.874016 0.374016 0.196850,
        -11.125984 0.374016 0.196850,
        -11.125984 0.625984 0.196850,
        -9.874016 0.625984 0.196850,
        -9.874016 0.374016 0.196850,
        -10.125985 0.374016 0.196850,
        -10.125985 0.625984 0.196850,
        -8.874015 0.625984 0.196850,
        -8.874015 0.374016 0.196850,
        -9.125984 0.374016 0.196850,
        -9.125984 0.625984 0.196850,
        -6.874015 0.625984 0.196850,
        -6.874015 0.374016 0.196850,
        -7.125984 0.374016 0.196850,
        -7.874016 0.374016 0.196850,
        -7.125984 0.625984 0.196850,
        -7.874016 0.625984 0.196850,
        -8.125985 0.625984 0.196850,
        -8.125985 0.374016 0.196850,
        -5.874016 0.625984 0.196850,
        -5.874016 0.374016 0.196850,
        -6.125984 0.374016 0.196850,
        -6.125984 0.625984 0.196850,
        -4.874016 0.625984 0.196850,
        -4.874016 0.374016 0.196850,
        -5.125984 0.374016 0.196850,
        -5.125984 0.625984 0.196850,
        -3.874016 0.625984 0.196850,
        -3.874016 0.374016 0.196850,
        -4.125984 0.374016 0.196850,
        -4.125984 0.625984 0.196850,
        -2.874016 0.625984 0.196850,
        -2.874016 0.374016 0.196850,
        -3.125984 0.374016 0.196850,
        -3.125984 0.625984 0.196850,
        -1.874016 0.625984 0.196850,
        -1.874016 0.374016 0.196850,
        -2.125984 0.374016 0.196850,
        -2.125984 0.625984 0.196850,
        -0.125984 -0.625984 0.196850,
        -0.125984 -0.374016 0.196850,
        1.125984 0.625984 0.196850,
        1.125984 0.374016 0.196850,
        0.874016 0.374016 0.196850,
        0.874016 0.625984 0.196850,
        2.125984 0.625984 0.196850,
        2.125984 0.374016 0.196850,
        1.874016 0.374016 0.196850,
        1.874016 0.625984 0.196850,
        3.125984 0.625984 0.196850,
        3.125984 0.374016 0.196850,
        2.874016 0.374016 0.196850,
        2.874016 0.625984 0.196850,
        5.125984 0.625984 0.196850,
        5.125984 0.374016 0.196850,
        4.874016 0.374016 0.196850,
        4.125984 0.374016 0.196850,
        4.874016 0.625984 0.196850,
        4.125984 0.625984 0.196850,
        3.874016 0.625984 0.196850,
        3.874016 0.374016 0.196850,
        6.125984 0.625984 0.196850,
        6.125984 0.374016 0.196850,
        5.874016 0.374016 0.196850,
        5.874016 0.625984 0.196850,
        7.125984 0.625984 0.196850,
        7.125984 0.374016 0.196850,
        6.874015 0.374016 0.196850,
        6.874015 0.625984 0.196850,
        8.125985 0.625984 0.196850,
        8.125985 0.374016 0.196850,
        7.874016 0.374016 0.196850,
        7.874016 0.625984 0.196850,
        9.125984 0.625984 0.196850,
        9.125984 0.374016 0.196850,
        8.874015 0.374016 0.196850,
        8.874015 0.625984 0.196850,
        9.874016 0.625984 0.196850,
        9.874016 0.374016 0.196850,
        10.125985 0.374016 0.196850,
        10.125985 0.625984 0.196850,
        11.125984 0.625984 0.196850,
        11.125984 0.374016 0.196850,
        10.874016 0.374016 0.196850,
        10.874016 0.625984 0.196850,
        13.125984 0.625984 0.196850,
        13.125984 0.374016 0.196850,
        12.874015 0.374016 0.196850,
        12.125984 0.374016 0.196850,
        12.874015 0.625984 0.196850,
        12.125984 0.625984 0.196850,
        11.874016 0.625984 0.196850,
        11.874016 0.374016 0.196850,
        -2.125984 -0.625984 1.000000,
        -2.125984 -0.374016 1.000000,
        -1.874016 -0.374016 1.000000,
        -1.125984 -0.625984 1.000000,
        -1.125984 -0.374016 1.000000,
        -1.874016 -0.625984 1.000000,
        -0.874016 -0.625984 1.000000,
        -0.874016 -0.374016 1.000000,
        -2.874016 -0.625984 1.000000,
        -3.125984 -0.625984 1.000000,
        -2.874016 -0.374016 1.000000,
        -3.125984 -0.374016 1.000000,
        -3.874016 -0.625984 1.000000,
        -4.125984 -0.625984 1.000000,
        -3.874016 -0.374016 1.000000,
        -4.125984 -0.374016 1.000000,
        -4.874016 -0.625984 1.000000,
        -5.125984 -0.625984 1.000000,
        -4.874016 -0.374016 1.000000,
        -5.125984 -0.374016 1.000000,
        -5.874016 -0.625984 1.000000,
        -6.125984 -0.625984 1.000000,
        -5.874016 -0.374016 1.000000,
        -6.125984 -0.374016 1.000000,
        -6.874015 -0.625984 1.000000,
        -7.125984 -0.625984 1.000000,
        -6.874015 -0.374016 1.000000,
        -7.125984 -0.374016 1.000000,
        -8.874015 -0.374016 1.000000,
        -8.874015 -0.625984 1.000000,
        -9.125984 -0.625984 1.000000,
        -7.874016 -0.625984 1.000000,
        -8.125985 -0.625984 1.000000,
        -8.125985 -0.374016 1.000000,
        -9.125984 -0.374016 1.000000,
        -7.874016 -0.374016 1.000000,
        -9.874016 -0.625984 1.000000,
        -10.125985 -0.625984 1.000000,
        -9.874016 -0.374016 1.000000,
        -10.125985 -0.374016 1.000000,
        -10.874016 -0.625984 1.000000,
        -11.125984 -0.625984 1.000000,
        -10.874016 -0.374016 1.000000,
        -11.125984 -0.374016 1.000000,
        -12.125984 0.625984 1.000000,
        -11.874016 0.625984 1.000000,
        -12.125984 0.374016 1.000000,
        -11.874016 0.374016 1.000000,
        -11.125984 0.625984 1.000000,
        -10.874016 0.625984 1.000000,
        -11.125984 0.374016 1.000000,
        -10.874016 0.374016 1.000000,
        -10.125985 0.625984 1.000000,
        -9.874016 0.625984 1.000000,
        -10.125985 0.374016 1.000000,
        -9.874016 0.374016 1.000000,
        -7.874016 0.625984 1.000000,
        -7.874016 0.374016 1.000000,
        -9.125984 0.625984 1.000000,
        -8.874015 0.625984 1.000000,
        -8.125985 0.374016 1.000000,
        -8.874015 0.374016 1.000000,
        -9.125984 0.374016 1.000000,
        -8.125985 0.625984 1.000000,
        -7.125984 0.625984 1.000000,
        -6.874015 0.625984 1.000000,
        -7.125984 0.374016 1.000000,
        -6.874015 0.374016 1.000000,
        -6.125984 0.625984 1.000000,
        -5.874016 0.625984 1.000000,
        -6.125984 0.374016 1.000000,
        -5.874016 0.374016 1.000000,
        -5.125984 0.625984 1.000000,
        -4.874016 0.625984 1.000000,
        -5.125984 0.374016 1.000000,
        -4.874016 0.374016 1.000000,
        -4.125984 0.625984 1.000000,
        -3.874016 0.625984 1.000000,
        -4.125984 0.374016 1.000000,
        -3.874016 0.374016 1.000000,
        -3.125984 0.625984 1.000000,
        -2.874016 0.625984 1.000000,
        -3.125984 0.374016 1.000000,
        -2.874016 0.374016 1.000000,
        -1.125984 0.374016 1.000000,
        -1.125984 0.625984 1.000000,
        -0.874016 0.625984 1.000000,
        -1.874016 0.374016 1.000000,
        -2.125984 0.374016 1.000000,
        -2.125984 0.625984 1.000000,
        -0.874016 0.374016 1.000000,
        -1.874016 0.625984 1.000000,
        -0.125984 0.625984 1.000000,
        0.125984 0.625984 1.000000,
        -0.125984 0.374016 1.000000,
        0.125984 0.374016 1.000000,
        0.874016 0.625984 1.000000,
        1.125984 0.625984 1.000000,
        0.874016 0.374016 1.000000,
        1.125984 0.374016 1.000000,
        1.874016 0.625984 1.000000,
        2.125984 0.625984 1.000000,
        1.874016 0.374016 1.000000,
        2.125984 0.374016 1.000000,
        2.874016 0.625984 1.000000,
        3.125984 0.625984 1.000000,
        2.874016 0.374016 1.000000,
        3.125984 0.374016 1.000000,
        3.874016 0.625984 1.000000,
        4.125984 0.625984 1.000000,
        3.874016 0.374016 1.000000,
        4.125984 0.374016 1.000000,
        6.125984 0.625984 1.000000,
        6.125984 0.374016 1.000000,
        5.874016 0.374016 1.000000,
        4.874016 0.625984 1.000000,
        5.125984 0.625984 1.000000,
        5.125984 0.374016 1.000000,
        4.874016 0.374016 1.000000,
        5.874016 0.625984 1.000000,
        6.874015 0.625984 1.000000,
        7.125984 0.625984 1.000000,
        6.874015 0.374016 1.000000,
        7.125984 0.374016 1.000000,
        7.874016 0.625984 1.000000,
        8.125985 0.625984 1.000000,
        7.874016 0.374016 1.000000,
        8.125985 0.374016 1.000000,
        8.874015 0.625984 1.000000,
        9.125984 0.625984 1.000000,
        8.874015 0.374016 1.000000,
        9.125984 0.374016 1.000000,
        9.874016 0.625984 1.000000,
        10.125985 0.625984 1.000000,
        9.874016 0.374016 1.000000,
        10.125985 0.374016 1.000000,
        10.874016 0.625984 1.000000,
        11.125984 0.625984 1.000000,
        10.874016 0.374016 1.000000,
        11.125984 0.374016 1.000000,
        13.125984 0.625984 1.000000,
        13.125984 0.374016 1.000000,
        12.874015 0.374016 1.000000,
        11.874016 0.625984 1.000000,
        12.125984 0.625984 1.000000,
        12.125984 0.374016 1.000000,
        11.874016 0.374016 1.000000,
        12.874015 0.625984 1.000000,
        12.874015 -0.374016 1.000000,
        13.125984 -0.374016 1.000000,
        12.125984 -0.374016 1.000000,
        12.125984 -0.625984 1.000000,
        11.874016 -0.625984 1.000000,
        13.125984 -0.625984 1.000000,
        12.874015 -0.625984 1.000000,
        11.874016 -0.374016 1.000000,
        11.125984 -0.625984 1.000000,
        10.874016 -0.625984 1.000000,
        11.125984 -0.374016 1.000000,
        10.874016 -0.374016 1.000000,
        10.125985 -0.625984 1.000000,
        9.874016 -0.625984 1.000000,
        10.125985 -0.374016 1.000000,
        9.874016 -0.374016 1.000000,
        9.125984 -0.625984 1.000000,
        8.874015 -0.625984 1.000000,
        9.125984 -0.374016 1.000000,
        8.874015 -0.374016 1.000000,
        8.125985 -0.625984 1.000000,
        7.874016 -0.625984 1.000000,
        8.125985 -0.374016 1.000000,
        7.874016 -0.374016 1.000000,
        7.125984 -0.625984 1.000000,
        6.874015 -0.625984 1.000000,
        7.125984 -0.374016 1.000000,
        6.874015 -0.374016 1.000000,
        5.874016 -0.374016 1.000000,
        6.125984 -0.374016 1.000000,
        5.125984 -0.374016 1.000000,
        5.125984 -0.625984 1.000000,
        4.874016 -0.625984 1.000000,
        6.125984 -0.625984 1.000000,
        5.874016 -0.625984 1.000000,
        4.874016 -0.374016 1.000000,
        4.125984 -0.625984 1.000000,
        3.874016 -0.625984 1.000000,
        4.125984 -0.374016 1.000000,
        3.874016 -0.374016 1.000000,
        3.125984 -0.625984 1.000000,
        2.874016 -0.625984 1.000000,
        3.125984 -0.374016 1.000000,
        2.874016 -0.374016 1.000000,
        2.125984 -0.625984 1.000000,
        1.874016 -0.625984 1.000000,
        2.125984 -0.374016 1.000000,
        1.874016 -0.374016 1.000000,
        1.125984 -0.625984 1.000000,
        0.874016 -0.625984 1.000000,
        1.125984 -0.374016 1.000000,
        0.874016 -0.374016 1.000000,
        0.125984 -0.625984 1.000000,
        -0.125984 -0.625984 1.000000,
        0.125984 -0.374016 1.000000,
        -0.125984 -0.374016 1.000000,
        -12.125984 0.527559 -1.181102,
        -12.125984 0.625984 -1.082677,
        -11.874016 0.625984 -1.082677,
        -12.125984 0.472441 -1.181102,
        -12.125984 0.374016 -1.082677,
        -11.874016 0.374016 -1.082677,
        -11.874016 0.374016 3.263780,
        -12.125984 0.374016 3.263780,
        -12.125984 0.472441 3.362205,
        -11.874016 0.472441 3.362205,
        -12.125984 0.527559 3.362205,
        -11.874016 0.527559 3.362205,
        -12.125984 0.625984 3.263780,
        -11.874016 0.625984 3.263780,
        -11.125984 -0.472441 -1.181102,
        -11.125984 -0.374016 -1.082677,
        -10.874016 -0.472441 -1.181102,
        -10.874016 -0.374016 -1.082677,
        -11.125984 -0.527559 -1.181102,
        -10.874016 -0.527559 -1.181102,
        -11.125984 -0.625984 -1.082677,
        -10.874016 -0.625984 -1.082677,
        -10.874016 -0.625984 3.263780,
        -11.125984 -0.625984 3.263780,
        -11.125984 -0.527559 3.362205,
        -10.874016 -0.527559 3.362205,
        -11.125984 -0.472441 3.362205,
        -10.874016 -0.472441 3.362205,
        -11.125984 -0.374016 3.263780,
        -10.874016 -0.374016 3.263780,
        -11.125984 0.527559 -1.181102,
        -11.125984 0.625984 -1.082677,
        -10.874016 0.527559 -1.181102,
        -10.874016 0.625984 -1.082677,
        -11.125984 0.472441 -1.181102,
        -10.874016 0.472441 -1.181102,
        -11.125984 0.374016 -1.082677,
        -10.874016 0.374016 -1.082677,
        -10.874016 0.374016 3.263780,
        -11.125984 0.374016 3.263780,
        -11.125984 0.472441 3.362205,
        -10.874016 0.472441 3.362205,
        -11.125984 0.527559 3.362205,
        -10.874016 0.527559 3.362205,
        -11.125984 0.625984 3.263780,
        -10.874016 0.625984 3.263780,
        -10.125985 -0.472441 -1.181102,
        -10.125985 -0.374016 -1.082677,
        -9.874016 -0.472441 -1.181102,
        -9.874016 -0.374016 -1.082677,
        -10.125985 -0.527559 -1.181102,
        -9.874016 -0.527559 -1.181102,
        -10.125985 -0.625984 -1.082677,
        -9.874016 -0.625984 -1.082677,
        -9.874016 -0.625984 3.263780,
        -10.125985 -0.625984 3.263780,
        -10.125985 -0.527559 3.362205,
        -9.874016 -0.527559 3.362205,
        -10.125985 -0.472441 3.362205,
        -9.874016 -0.472441 3.362205,
        -10.125985 -0.374016 3.263780,
        -9.874016 -0.374016 3.263780,
        -10.125985 0.527559 -1.181102,
        -10.125985 0.625984 -1.082677,
        -9.874016 0.527559 -1.181102,
        -9.874016 0.625984 -1.082677,
        -10.125985 0.472441 -1.181102,
        -9.874016 0.472441 -1.181102,
        -10.125985 0.374016 -1.082677,
        -9.874016 0.374016 -1.082677,
        -9.874016 0.374016 3.263780,
        -10.125985 0.374016 3.263780,
        -10.125985 0.472441 3.362205,
        -9.874016 0.472441 3.362205,
        -10.125985 0.527559 3.362205,
        -9.874016 0.527559 3.362205,
        -10.125985 0.625984 3.263780,
        -9.874016 0.625984 3.263780,
        -9.125984 -0.472441 -1.181102,
        -9.125984 -0.374016 -1.082677,
        -8.874015 -0.472441 -1.181102,
        -8.874015 -0.374016 -1.082677,
        -9.125984 -0.527559 -1.181102,
        -8.874015 -0.527559 -1.181102,
        -9.125984 -0.625984 -1.082677,
        -8.874015 -0.625984 -1.082677,
        -8.874015 -0.625984 3.263780,
        -9.125984 -0.625984 3.263780,
        -9.125984 -0.527559 3.362205,
        -8.874015 -0.527559 3.362205,
        -9.125984 -0.472441 3.362205,
        -8.874015 -0.472441 3.362205,
        -9.125984 -0.374016 3.263780,
        -8.874015 -0.374016 3.263780,
        -9.125984 0.527559 -1.181102,
        -9.125984 0.625984 -1.082677,
        -8.874015 0.527559 -1.181102,
        -8.874015 0.625984 -1.082677,
        -9.125984 0.472441 -1.181102,
        -8.874015 0.472441 -1.181102,
        -9.125984 0.374016 -1.082677,
        -8.874015 0.374016 -1.082677,
        -8.874015 0.374016 3.263780,
        -9.125984 0.374016 3.263780,
        -9.125984 0.472441 3.362205,
        -8.874015 0.472441 3.362205,
        -9.125984 0.527559 3.362205,
        -8.874015 0.527559 3.362205,
        -9.125984 0.625984 3.263780,
        -8.874015 0.625984 3.263780,
        -8.125985 -0.472441 -1.181102,
        -8.125985 -0.374016 -1.082677,
        -7.874016 -0.472441 -1.181102,
        -7.874016 -0.374016 -1.082677,
        -8.125985 -0.527559 -1.181102,
        -7.874016 -0.527559 -1.181102,
        -8.125985 -0.625984 -1.082677,
        -7.874016 -0.625984 -1.082677,
        -7.874016 -0.625984 3.263780,
        -8.125985 -0.625984 3.263780,
        -8.125985 -0.527559 3.362205,
        -7.874016 -0.527559 3.362205,
        -8.125985 -0.472441 3.362205,
        -7.874016 -0.472441 3.362205,
        -8.125985 -0.374016 3.263780,
        -7.874016 -0.374016 3.263780,
        -8.125985 0.527559 -1.181102,
        -8.125985 0.625984 -1.082677,
        -7.874016 0.527559 -1.181102,
        -7.874016 0.625984 -1.082677,
        -8.125985 0.472441 -1.181102,
        -7.874016 0.472441 -1.181102,
        -8.125985 0.374016 -1.082677,
        -7.874016 0.374016 -1.082677,
        -7.874016 0.374016 3.263780,
        -8.125985 0.374016 3.263780,
        -8.125985 0.472441 3.362205,
        -7.874016 0.472441 3.362205,
        -8.125985 0.527559 3.362205,
        -7.874016 0.527559 3.362205,
        -8.125985 0.625984 3.263780,
        -7.874016 0.625984 3.263780,
        -7.125984 -0.472441 -1.181102,
        -7.125984 -0.374016 -1.082677,
        -6.874015 -0.472441 -1.181102,
        -6.874015 -0.374016 -1.082677,
        -7.125984 -0.527559 -1.181102,
        -6.874015 -0.527559 -1.181102,
        -7.125984 -0.625984 -1.082677,
        -6.874015 -0.625984 -1.082677,
        -6.874015 -0.625984 3.263780,
        -7.125984 -0.625984 3.263780,
        -7.125984 -0.527559 3.362205,
        -6.874015 -0.527559 3.362205,
        -7.125984 -0.472441 3.362205,
        -6.874015 -0.472441 3.362205,
        -7.125984 -0.374016 3.263780,
        -6.874015 -0.374016 3.263780,
        -7.125984 0.527559 -1.181102,
        -7.125984 0.625984 -1.082677,
        -6.874015 0.527559 -1.181102,
        -6.874015 0.625984 -1.082677,
        -7.125984 0.472441 -1.181102,
        -6.874015 0.472441 -1.181102,
        -7.125984 0.374016 -1.082677,
        -6.874015 0.374016 -1.082677,
        -6.874015 0.374016 3.263780,
        -7.125984 0.374016 3.263780,
        -7.125984 0.472441 3.362205,
        -6.874015 0.472441 3.362205,
        -7.125984 0.527559 3.362205,
        -6.874015 0.527559 3.362205,
        -7.125984 0.625984 3.263780,
        -6.874015 0.625984 3.263780,
        -6.125984 -0.472441 -1.181102,
        -6.125984 -0.374016 -1.082677,
        -5.874016 -0.472441 -1.181102,
        -5.874016 -0.374016 -1.082677,
        -6.125984 -0.527559 -1.181102,
        -5.874016 -0.527559 -1.181102,
        -6.125984 -0.625984 -1.082677,
        -5.874016 -0.625984 -1.082677,
        -5.874016 -0.625984 3.263780,
        -6.125984 -0.625984 3.263780,
        -6.125984 -0.527559 3.362205,
        -5.874016 -0.527559 3.362205,
        -6.125984 -0.472441 3.362205,
        -5.874016 -0.472441 3.362205,
        -6.125984 -0.374016 3.263780,
        -5.874016 -0.374016 3.263780,
        -6.125984 0.527559 -1.181102,
        -6.125984 0.625984 -1.082677,
        -5.874016 0.527559 -1.181102,
        -5.874016 0.625984 -1.082677,
        -6.125984 0.472441 -1.181102,
        -5.874016 0.472441 -1.181102,
        -6.125984 0.374016 -1.082677,
        -5.874016 0.374016 -1.082677,
        -5.874016 0.374016 3.263780,
        -6.125984 0.374016 3.263780,
        -6.125984 0.472441 3.362205,
        -5.874016 0.472441 3.362205,
        -6.125984 0.527559 3.362205,
        -5.874016 0.527559 3.362205,
        -6.125984 0.625984 3.263780,
        -5.874016 0.625984 3.263780,
        -5.125984 -0.472441 -1.181102,
        -5.125984 -0.374016 -1.082677,
        -4.874016 -0.472441 -1.181102,
        -4.874016 -0.374016 -1.082677,
        -5.125984 -0.527559 -1.181102,
        -4.874016 -0.527559 -1.181102,
        -5.125984 -0.625984 -1.082677,
        -4.874016 -0.625984 -1.082677,
        -4.874016 -0.625984 3.263780,
        -5.125984 -0.625984 3.263780,
        -5.125984 -0.527559 3.362205,
        -4.874016 -0.527559 3.362205,
        -5.125984 -0.472441 3.362205,
        -4.874016 -0.472441 3.362205,
        -5.125984 -0.374016 3.263780,
        -4.874016 -0.374016 3.263780,
        -5.125984 0.527559 -1.181102,
        -5.125984 0.625984 -1.082677,
        -4.874016 0.527559 -1.181102,
        -4.874016 0.625984 -1.082677,
        -5.125984 0.472441 -1.181102,
        -4.874016 0.472441 -1.181102,
        -5.125984 0.374016 -1.082677,
        -4.874016 0.374016 -1.082677,
        -4.874016 0.374016 3.263780,
        -5.125984 0.374016 3.263780,
        -5.125984 0.472441 3.362205,
        -4.874016 0.472441 3.362205,
        -5.125984 0.527559 3.362205,
        -4.874016 0.527559 3.362205,
        -5.125984 0.625984 3.263780,
        -4.874016 0.625984 3.263780,
        -4.125984 -0.472441 -1.181102,
        -4.125984 -0.374016 -1.082677,
        -3.874016 -0.472441 -1.181102,
        -3.874016 -0.374016 -1.082677,
        -4.125984 -0.527559 -1.181102,
        -3.874016 -0.527559 -1.181102,
        -4.125984 -0.625984 -1.082677,
        -3.874016 -0.625984 -1.082677,
        -3.874016 -0.625984 3.263780,
        -4.125984 -0.625984 3.263780,
        -4.125984 -0.527559 3.362205,
        -3.874016 -0.527559 3.362205,
        -4.125984 -0.472441 3.362205,
        -3.874016 -0.472441 3.362205,
        -4.125984 -0.374016 3.263780,
        -3.874016 -0.374016 3.263780,
        -4.125984 0.527559 -1.181102,
        -4.125984 0.625984 -1.082677,
        -3.874016 0.527559 -1.181102,
        -3.874016 0.625984 -1.082677,
        -4.125984 0.472441 -1.181102,
        -3.874016 0.472441 -1.181102,
        -4.125984 0.374016 -1.082677,
        -3.874016 0.374016 -1.082677,
        -3.874016 0.374016 3.263780,
        -4.125984 0.374016 3.263780,
        -4.125984 0.472441 3.362205,
        -3.874016 0.472441 3.362205,
        -4.125984 0.527559 3.362205,
        -3.874016 0.527559 3.362205,
        -4.125984 0.625984 3.263780,
        -3.874016 0.625984 3.263780,
        -3.125984 -0.472441 -1.181102,
        -3.125984 -0.374016 -1.082677,
        -2.874016 -0.472441 -1.181102,
        -2.874016 -0.374016 -1.082677,
        -3.125984 -0.527559 -1.181102,
        -2.874016 -0.527559 -1.181102,
        -3.125984 -0.625984 -1.082677,
        -2.874016 -0.625984 -1.082677,
        -2.874016 -0.625984 3.263780,
        -3.125984 -0.625984 3.263780,
        -3.125984 -0.527559 3.362205,
        -2.874016 -0.527559 3.362205,
        -3.125984 -0.472441 3.362205,
        -2.874016 -0.472441 3.362205,
        -3.125984 -0.374016 3.263780,
        -2.874016 -0.374016 3.263780,
        -3.125984 0.527559 -1.181102,
        -3.125984 0.625984 -1.082677,
        -2.874016 0.527559 -1.181102,
        -2.874016 0.625984 -1.082677,
        -3.125984 0.472441 -1.181102,
        -2.874016 0.472441 -1.181102,
        -3.125984 0.374016 -1.082677,
        -2.874016 0.374016 -1.082677,
        -2.874016 0.374016 3.263780,
        -3.125984 0.374016 3.263780,
        -3.125984 0.472441 3.362205,
        -2.874016 0.472441 3.362205,
        -3.125984 0.527559 3.362205,
        -2.874016 0.527559 3.362205,
        -3.125984 0.625984 3.263780,
        -2.874016 0.625984 3.263780,
        -2.125984 -0.472441 -1.181102,
        -2.125984 -0.374016 -1.082677,
        -1.874016 -0.472441 -1.181102,
        -1.874016 -0.374016 -1.082677,
        -2.125984 -0.527559 -1.181102,
        -1.874016 -0.527559 -1.181102,
        -2.125984 -0.625984 -1.082677,
        -1.874016 -0.625984 -1.082677,
        -1.874016 -0.625984 3.263780,
        -2.125984 -0.625984 3.263780,
        -2.125984 -0.527559 3.362205,
        -1.874016 -0.527559 3.362205,
        -2.125984 -0.472441 3.362205,
        -1.874016 -0.472441 3.362205,
        -2.125984 -0.374016 3.263780,
        -1.874016 -0.374016 3.263780,
        -2.125984 0.527559 -1.181102,
        -2.125984 0.625984 -1.082677,
        -1.874016 0.527559 -1.181102,
        -1.874016 0.625984 -1.082677,
        -2.125984 0.472441 -1.181102,
        -1.874016 0.472441 -1.181102,
        -2.125984 0.374016 -1.082677,
        -1.874016 0.374016 -1.082677,
        -1.874016 0.374016 3.263780,
        -2.125984 0.374016 3.263780,
        -2.125984 0.472441 3.362205,
        -1.874016 0.472441 3.362205,
        -2.125984 0.527559 3.362205,
        -1.874016 0.527559 3.362205,
        -2.125984 0.625984 3.263780,
        -1.874016 0.625984 3.263780,
        -1.125984 -0.472441 -1.181102,
        -1.125984 -0.374016 -1.082677,
        -0.874016 -0.472441 -1.181102,
        -0.874016 -0.374016 -1.082677,
        -1.125984 -0.527559 -1.181102,
        -0.874016 -0.527559 -1.181102,
        -1.125984 -0.625984 -1.082677,
        -0.874016 -0.625984 -1.082677,
        -0.874016 -0.625984 3.263780,
        -1.125984 -0.625984 3.263780,
        -1.125984 -0.527559 3.362205,
        -0.874016 -0.527559 3.362205,
        -1.125984 -0.472441 3.362205,
        -0.874016 -0.472441 3.362205,
        -1.125984 -0.374016 3.263780,
        -0.874016 -0.374016 3.263780,
        -1.125984 0.527559 -1.181102,
        -1.125984 0.625984 -1.082677,
        -0.874016 0.527559 -1.181102,
        -0.874016 0.625984 -1.082677,
        -1.125984 0.472441 -1.181102,
        -0.874016 0.472441 -1.181102,
        -1.125984 0.374016 -1.082677,
        -0.874016 0.374016 -1.082677,
        -0.874016 0.374016 3.263780,
        -1.125984 0.374016 3.263780,
        -1.125984 0.472441 3.362205,
        -0.874016 0.472441 3.362205,
        -1.125984 0.527559 3.362205,
        -0.874016 0.527559 3.362205,
        -1.125984 0.625984 3.263780,
        -0.874016 0.625984 3.263780,
        -0.125984 -0.472441 -1.181102,
        -0.125984 -0.374016 -1.082677,
        0.125984 -0.472441 -1.181102,
        0.125984 -0.374016 -1.082677,
        -0.125984 -0.527559 -1.181102,
        0.125984 -0.527559 -1.181102,
        -0.125984 -0.625984 -1.082677,
        0.125984 -0.625984 -1.082677,
        0.125984 -0.625984 3.263780,
        -0.125984 -0.625984 3.263780,
        -0.125984 -0.527559 3.362205,
        0.125984 -0.527559 3.362205,
        -0.125984 -0.472441 3.362205,
        0.125984 -0.472441 3.362205,
        -0.125984 -0.374016 3.263780,
        0.125984 -0.374016 3.263780,
        -0.125984 0.527559 -1.181102,
        -0.125984 0.625984 -1.082677,
        0.125984 0.527559 -1.181102,
        0.125984 0.625984 -1.082677,
        -0.125984 0.472441 -1.181102,
        0.125984 0.472441 -1.181102,
        -0.125984 0.374016 -1.082677,
        0.125984 0.374016 -1.082677,
        0.125984 0.374016 3.263780,
        -0.125984 0.374016 3.263780,
        -0.125984 0.472441 3.362205,
        0.125984 0.472441 3.362205,
        -0.125984 0.527559 3.362205,
        0.125984 0.527559 3.362205,
        -0.125984 0.625984 3.263780,
        0.125984 0.625984 3.263780,
        0.874016 -0.472441 -1.181102,
        0.874016 -0.374016 -1.082677,
        1.125984 -0.472441 -1.181102,
        1.125984 -0.374016 -1.082677,
        0.874016 -0.527559 -1.181102,
        1.125984 -0.527559 -1.181102,
        0.874016 -0.625984 -1.082677,
        1.125984 -0.625984 -1.082677,
        1.125984 -0.625984 3.263780,
        0.874016 -0.625984 3.263780,
        0.874016 -0.527559 3.362205,
        1.125984 -0.527559 3.362205,
        0.874016 -0.472441 3.362205,
        1.125984 -0.472441 3.362205,
        0.874016 -0.374016 3.263780,
        1.125984 -0.374016 3.263780,
        0.874016 0.527559 -1.181102,
        0.874016 0.625984 -1.082677,
        1.125984 0.527559 -1.181102,
        1.125984 0.625984 -1.082677,
        0.874016 0.472441 -1.181102,
        1.125984 0.472441 -1.181102,
        0.874016 0.374016 -1.082677,
        1.125984 0.374016 -1.082677,
        1.125984 0.374016 3.263780,
        0.874016 0.374016 3.263780,
        0.874016 0.472441 3.362205,
        1.125984 0.472441 3.362205,
        0.874016 0.527559 3.362205,
        1.125984 0.527559 3.362205,
        0.874016 0.625984 3.263780,
        1.125984 0.625984 3.263780,
        1.874016 -0.472441 -1.181102,
        1.874016 -0.374016 -1.082677,
        2.125984 -0.472441 -1.181102,
        2.125984 -0.374016 -1.082677,
        1.874016 -0.527559 -1.181102,
        2.125984 -0.527559 -1.181102,
        1.874016 -0.625984 -1.082677,
        2.125984 -0.625984 -1.082677,
        2.125984 -0.625984 3.263780,
        1.874016 -0.625984 3.263780,
        1.874016 -0.527559 3.362205,
        2.125984 -0.527559 3.362205,
        1.874016 -0.472441 3.362205,
        2.125984 -0.472441 3.362205,
        1.874016 -0.374016 3.263780,
        2.125984 -0.374016 3.263780,
        1.874016 0.527559 -1.181102,
        1.874016 0.625984 -1.082677,
        2.125984 0.527559 -1.181102,
        2.125984 0.625984 -1.082677,
        1.874016 0.472441 -1.181102,
        2.125984 0.472441 -1.181102,
        1.874016 0.374016 -1.082677,
        2.125984 0.374016 -1.082677,
        2.125984 0.374016 3.263780,
        1.874016 0.374016 3.263780,
        1.874016 0.472441 3.362205,
        2.125984 0.472441 3.362205,
        1.874016 0.527559 3.362205,
        2.125984 0.527559 3.362205,
        1.874016 0.625984 3.263780,
        2.125984 0.625984 3.263780,
        2.874016 -0.472441 -1.181102,
        2.874016 -0.374016 -1.082677,
        3.125984 -0.472441 -1.181102,
        3.125984 -0.374016 -1.082677,
        2.874016 -0.527559 -1.181102,
        3.125984 -0.527559 -1.181102,
        2.874016 -0.625984 -1.082677,
        3.125984 -0.625984 -1.082677,
        3.125984 -0.625984 3.263780,
        2.874016 -0.625984 3.263780,
        2.874016 -0.527559 3.362205,
        3.125984 -0.527559 3.362205,
        2.874016 -0.472441 3.362205,
        3.125984 -0.472441 3.362205,
        2.874016 -0.374016 3.263780,
        3.125984 -0.374016 3.263780,
        2.874016 0.527559 -1.181102,
        2.874016 0.625984 -1.082677,
        3.125984 0.527559 -1.181102,
        3.125984 0.625984 -1.082677,
        2.874016 0.472441 -1.181102,
        3.125984 0.472441 -1.181102,
        2.874016 0.374016 -1.082677,
        3.125984 0.374016 -1.082677,
        3.125984 0.374016 3.263780,
        2.874016 0.374016 3.263780,
        2.874016 0.472441 3.362205,
        3.125984 0.472441 3.362205,
        2.874016 0.527559 3.362205,
        3.125984 0.527559 3.362205,
        2.874016 0.625984 3.263780,
        3.125984 0.625984 3.263780,
        3.874016 -0.472441 -1.181102,
        3.874016 -0.374016 -1.082677,
        4.125984 -0.472441 -1.181102,
        4.125984 -0.374016 -1.082677,
        3.874016 -0.527559 -1.181102,
        4.125984 -0.527559 -1.181102,
        3.874016 -0.625984 -1.082677,
        4.125984 -0.625984 -1.082677,
        4.125984 -0.625984 3.263780,
        3.874016 -0.625984 3.263780,
        3.874016 -0.527559 3.362205,
        4.125984 -0.527559 3.362205,
        3.874016 -0.472441 3.362205,
        4.125984 -0.472441 3.362205,
        3.874016 -0.374016 3.263780,
        4.125984 -0.374016 3.263780,
        3.874016 0.527559 -1.181102,
        3.874016 0.625984 -1.082677,
        4.125984 0.527559 -1.181102,
        4.125984 0.625984 -1.082677,
        3.874016 0.472441 -1.181102,
        4.125984 0.472441 -1.181102,
        3.874016 0.374016 -1.082677,
        4.125984 0.374016 -1.082677,
        4.125984 0.374016 3.263780,
        3.874016 0.374016 3.263780,
        3.874016 0.472441 3.362205,
        4.125984 0.472441 3.362205,
        3.874016 0.527559 3.362205,
        4.125984 0.527559 3.362205,
        3.874016 0.625984 3.263780,
        4.125984 0.625984 3.263780,
        4.874016 -0.472441 -1.181102,
        4.874016 -0.374016 -1.082677,
        5.125984 -0.472441 -1.181102,
        5.125984 -0.374016 -1.082677,
        4.874016 -0.527559 -1.181102,
        5.125984 -0.527559 -1.181102,
        4.874016 -0.625984 -1.082677,
        5.125984 -0.625984 -1.082677,
        5.125984 -0.625984 3.263780,
        4.874016 -0.625984 3.263780,
        4.874016 -0.527559 3.362205,
        5.125984 -0.527559 3.362205,
        4.874016 -0.472441 3.362205,
        5.125984 -0.472441 3.362205,
        4.874016 -0.374016 3.263780,
        5.125984 -0.374016 3.263780,
        4.874016 0.527559 -1.181102,
        4.874016 0.625984 -1.082677,
        5.125984 0.527559 -1.181102,
        5.125984 0.625984 -1.082677,
        4.874016 0.472441 -1.181102,
        5.125984 0.472441 -1.181102,
        4.874016 0.374016 -1.082677,
        5.125984 0.374016 -1.082677,
        5.125984 0.374016 3.263780,
        4.874016 0.374016 3.263780,
        4.874016 0.472441 3.362205,
        5.125984 0.472441 3.362205,
        4.874016 0.527559 3.362205,
        5.125984 0.527559 3.362205,
        4.874016 0.625984 3.263780,
        5.125984 0.625984 3.263780,
        5.874016 -0.472441 -1.181102,
        5.874016 -0.374016 -1.082677,
        6.125984 -0.472441 -1.181102,
        6.125984 -0.374016 -1.082677,
        5.874016 -0.527559 -1.181102,
        6.125984 -0.527559 -1.181102,
        5.874016 -0.625984 -1.082677,
        6.125984 -0.625984 -1.082677,
        6.125984 -0.625984 3.263780,
        5.874016 -0.625984 3.263780,
        5.874016 -0.527559 3.362205,
        6.125984 -0.527559 3.362205,
        5.874016 -0.472441 3.362205,
        6.125984 -0.472441 3.362205,
        5.874016 -0.374016 3.263780,
        6.125984 -0.374016 3.263780,
        5.874016 0.527559 -1.181102,
        5.874016 0.625984 -1.082677,
        6.125984 0.527559 -1.181102,
        6.125984 0.625984 -1.082677,
        5.874016 0.472441 -1.181102,
        6.125984 0.472441 -1.181102,
        5.874016 0.374016 -1.082677,
        6.125984 0.374016 -1.082677,
        6.125984 0.374016 3.263780,
        5.874016 0.374016 3.263780,
        5.874016 0.472441 3.362205,
        6.125984 0.472441 3.362205,
        5.874016 0.527559 3.362205,
        6.125984 0.527559 3.362205,
        5.874016 0.625984 3.263780,
        6.125984 0.625984 3.263780,
        6.874015 -0.472441 -1.181102,
        6.874015 -0.374016 -1.082677,
        7.125984 -0.472441 -1.181102,
        7.125984 -0.374016 -1.082677,
        6.874015 -0.527559 -1.181102,
        7.125984 -0.527559 -1.181102,
        6.874015 -0.625984 -1.082677,
        7.125984 -0.625984 -1.082677,
        7.125984 -0.625984 3.263780,
        6.874015 -0.625984 3.263780,
        6.874015 -0.527559 3.362205,
        7.125984 -0.527559 3.362205,
        6.874015 -0.472441 3.362205,
        7.125984 -0.472441 3.362205,
        6.874015 -0.374016 3.263780,
        7.125984 -0.374016 3.263780,
        6.874015 0.527559 -1.181102,
        6.874015 0.625984 -1.082677,
        7.125984 0.527559 -1.181102,
        7.125984 0.625984 -1.082677,
        6.874015 0.472441 -1.181102,
        7.125984 0.472441 -1.181102,
        6.874015 0.374016 -1.082677,
        7.125984 0.374016 -1.082677,
        7.125984 0.374016 3.263780,
        6.874015 0.374016 3.263780,
        6.874015 0.472441 3.362205,
        7.125984 0.472441 3.362205,
        6.874015 0.527559 3.362205,
        7.125984 0.527559 3.362205,
        6.874015 0.625984 3.263780,
        7.125984 0.625984 3.263780,
        7.874016 -0.472441 -1.181102,
        7.874016 -0.374016 -1.082677,
        8.125985 -0.472441 -1.181102,
        8.125985 -0.374016 -1.082677,
        7.874016 -0.527559 -1.181102,
        8.125985 -0.527559 -1.181102,
        7.874016 -0.625984 -1.082677,
        8.125985 -0.625984 -1.082677,
        8.125985 -0.625984 3.263780,
        7.874016 -0.625984 3.263780,
        7.874016 -0.527559 3.362205,
        8.125985 -0.527559 3.362205,
        7.874016 -0.472441 3.362205,
        8.125985 -0.472441 3.362205,
        7.874016 -0.374016 3.263780,
        8.125985 -0.374016 3.263780,
        7.874016 0.527559 -1.181102,
        7.874016 0.625984 -1.082677,
        8.125985 0.527559 -1.181102,
        8.125985 0.625984 -1.082677,
        7.874016 0.472441 -1.181102,
        8.125985 0.472441 -1.181102,
        7.874016 0.374016 -1.082677,
        8.125985 0.374016 -1.082677,
        8.125985 0.374016 3.263780,
        7.874016 0.374016 3.263780,
        7.874016 0.472441 3.362205,
        8.125985 0.472441 3.362205,
        7.874016 0.527559 3.362205,
        8.125985 0.527559 3.362205,
        7.874016 0.625984 3.263780,
        8.125985 0.625984 3.263780,
        8.874015 -0.472441 -1.181102,
        8.874015 -0.374016 -1.082677,
        9.125984 -0.472441 -1.181102,
        9.125984 -0.374016 -1.082677,
        8.874015 -0.527559 -1.181102,
        9.125984 -0.527559 -1.181102,
        8.874015 -0.625984 -1.082677,
        9.125984 -0.625984 -1.082677,
        9.125984 -0.625984 3.263780,
        8.874015 -0.625984 3.263780,
        8.874015 -0.527559 3.362205,
        9.125984 -0.527559 3.362205,
        8.874015 -0.472441 3.362205,
        9.125984 -0.472441 3.362205,
        8.874015 -0.374016 3.263780,
        9.125984 -0.374016 3.263780,
        8.874015 0.527559 -1.181102,
        8.874015 0.625984 -1.082677,
        9.125984 0.527559 -1.181102,
        9.125984 0.625984 -1.082677,
        8.874015 0.472441 -1.181102,
        9.125984 0.472441 -1.181102,
        8.874015 0.374016 -1.082677,
        9.125984 0.374016 -1.082677,
        9.125984 0.374016 3.263780,
        8.874015 0.374016 3.263780,
        8.874015 0.472441 3.362205,
        9.125984 0.472441 3.362205,
        8.874015 0.527559 3.362205,
        9.125984 0.527559 3.362205,
        8.874015 0.625984 3.263780,
        9.125984 0.625984 3.263780,
        9.874016 -0.472441 -1.181102,
        9.874016 -0.374016 -1.082677,
        10.125985 -0.472441 -1.181102,
        10.125985 -0.374016 -1.082677,
        9.874016 -0.527559 -1.181102,
        10.125985 -0.527559 -1.181102,
        9.874016 -0.625984 -1.082677,
        10.125985 -0.625984 -1.082677,
        10.125985 -0.625984 3.263780,
        9.874016 -0.625984 3.263780,
        9.874016 -0.527559 3.362205,
        10.125985 -0.527559 3.362205,
        9.874016 -0.472441 3.362205,
        10.125985 -0.472441 3.362205,
        9.874016 -0.374016 3.263780,
        10.125985 -0.374016 3.263780,
        9.874016 0.527559 -1.181102,
        9.874016 0.625984 -1.082677,
        10.125985 0.527559 -1.181102,
        10.125985 0.625984 -1.082677,
        9.874016 0.472441 -1.181102,
        10.125985 0.472441 -1.181102,
        9.874016 0.374016 -1.082677,
        10.125985 0.374016 -1.082677,
        10.125985 0.374016 3.263780,
        9.874016 0.374016 3.263780,
        9.874016 0.472441 3.362205,
        10.125985 0.472441 3.362205,
        9.874016 0.527559 3.362205,
        10.125985 0.527559 3.362205,
        9.874016 0.625984 3.263780,
        10.125985 0.625984 3.263780,
        10.874016 -0.472441 -1.181102,
        10.874016 -0.374016 -1.082677,
        11.125984 -0.472441 -1.181102,
        11.125984 -0.374016 -1.082677,
        10.874016 -0.527559 -1.181102,
        11.125984 -0.527559 -1.181102,
        10.874016 -0.625984 -1.082677,
        11.125984 -0.625984 -1.082677,
        11.125984 -0.625984 3.263780,
        10.874016 -0.625984 3.263780,
        10.874016 -0.527559 3.362205,
        11.125984 -0.527559 3.362205,
        10.874016 -0.472441 3.362205,
        11.125984 -0.472441 3.362205,
        10.874016 -0.374016 3.263780,
        11.125984 -0.374016 3.263780,
        10.874016 0.527559 -1.181102,
        10.874016 0.625984 -1.082677,
        11.125984 0.527559 -1.181102,
        11.125984 0.625984 -1.082677,
        10.874016 0.472441 -1.181102,
        11.125984 0.472441 -1.181102,
        10.874016 0.374016 -1.082677,
        11.125984 0.374016 -1.082677,
        11.125984 0.374016 3.263780,
        10.874016 0.374016 3.263780,
        10.874016 0.472441 3.362205,
        11.125984 0.472441 3.362205,
        10.874016 0.527559 3.362205,
        11.125984 0.527559 3.362205,
        10.874016 0.625984 3.263780,
        11.125984 0.625984 3.263780,
        11.874016 -0.472441 -1.181102,
        11.874016 -0.374016 -1.082677,
        12.125984 -0.472441 -1.181102,
        12.125984 -0.374016 -1.082677,
        11.874016 -0.527559 -1.181102,
        12.125984 -0.527559 -1.181102,
        11.874016 -0.625984 -1.082677,
        12.125984 -0.625984 -1.082677,
        12.125984 -0.625984 3.263780,
        11.874016 -0.625984 3.263780,
        11.874016 -0.527559 3.362205,
        12.125984 -0.527559 3.362205,
        11.874016 -0.472441 3.362205,
        12.125984 -0.472441 3.362205,
        11.874016 -0.374016 3.263780,
        12.125984 -0.374016 3.263780,
        11.874016 0.527559 -1.181102,
        11.874016 0.625984 -1.082677,
        12.125984 0.527559 -1.181102,
        12.125984 0.625984 -1.082677,
        11.874016 0.472441 -1.181102,
        12.125984 0.472441 -1.181102,
        11.874016 0.374016 -1.082677,
        12.125984 0.374016 -1.082677,
        12.125984 0.374016 3.263780,
        11.874016 0.374016 3.263780,
        11.874016 0.472441 3.362205,
        12.125984 0.472441 3.362205,
        11.874016 0.527559 3.362205,
        12.125984 0.527559 3.362205,
        11.874016 0.625984 3.263780,
        12.125984 0.625984 3.263780,
        12.874015 -0.472441 -1.181102,
        12.874015 -0.374016 -1.082677,
        13.125984 -0.472441 -1.181102,
        13.125984 -0.374016 -1.082677,
        12.874015 -0.527559 -1.181102,
        13.125984 -0.527559 -1.181102,
        12.874015 -0.625984 -1.082677,
        13.125984 -0.625984 -1.082677,
        13.125984 -0.625984 3.263780,
        12.874015 -0.625984 3.263780,
        12.874015 -0.527559 3.362205,
        13.125984 -0.527559 3.362205,
        12.874015 -0.472441 3.362205,
        13.125984 -0.472441 3.362205,
        12.874015 -0.374016 3.263780,
        13.125984 -0.374016 3.263780,
        12.874015 0.527559 -1.181102,
        12.874015 0.625984 -1.082677,
        13.125984 0.527559 -1.181102,
        13.125984 0.625984 -1.082677,
        12.874015 0.472441 -1.181102,
        13.125984 0.472441 -1.181102,
        12.874015 0.374016 -1.082677,
        13.125984 0.374016 -1.082677,
        13.125984 0.374016 3.263780,
        12.874015 0.374016 3.263780,
        12.874015 0.472441 3.362205,
        13.125984 0.472441 3.362205,
        12.874015 0.527559 3.362205,
        13.125984 0.527559 3.362205,
        12.874015 0.625984 3.263780,
        13.125984 0.625984 3.263780,
      ]
    }
    coordIndex [
      420, 423, 421, -1,
      421, 423, 424, -1,
      421, 424, 118, -1,
      118, 424, 119, -1,
      121, 422, 118, -1,
      118, 422, 421, -1,
      119, 424, 120, -1,
      120, 424, 425, -1,
      426, 427, 263, -1,
      263, 427, 262, -1,
      428, 427, 429, -1,
      429, 427, 426, -1,
      430, 428, 431, -1,
      431, 428, 429, -1,
      432, 430, 433, -1,
      433, 430, 431, -1,
      432, 433, 260, -1,
      260, 433, 261, -1,
      428, 430, 427, -1,
      427, 430, 432, -1,
      427, 432, 262, -1,
      262, 432, 260, -1,
      431, 429, 433, -1,
      433, 429, 426, -1,
      433, 426, 261, -1,
      261, 426, 263, -1,
      434, 435, 436, -1,
      436, 435, 437, -1,
      438, 434, 439, -1,
      439, 434, 436, -1,
      440, 438, 441, -1,
      441, 438, 439, -1,
      439, 436, 441, -1,
      441, 436, 437, -1,
      441, 437, 67, -1,
      67, 437, 66, -1,
      434, 438, 435, -1,
      435, 438, 440, -1,
      435, 440, 71, -1,
      71, 440, 68, -1,
      66, 437, 71, -1,
      71, 437, 435, -1,
      68, 440, 67, -1,
      67, 440, 441, -1,
      442, 443, 256, -1,
      256, 443, 257, -1,
      444, 443, 445, -1,
      445, 443, 442, -1,
      446, 444, 447, -1,
      447, 444, 445, -1,
      448, 446, 449, -1,
      449, 446, 447, -1,
      448, 449, 259, -1,
      259, 449, 258, -1,
      444, 446, 443, -1,
      443, 446, 448, -1,
      443, 448, 257, -1,
      257, 448, 259, -1,
      447, 445, 449, -1,
      449, 445, 442, -1,
      449, 442, 258, -1,
      258, 442, 256, -1,
      450, 451, 452, -1,
      452, 451, 453, -1,
      454, 450, 455, -1,
      455, 450, 452, -1,
      456, 454, 457, -1,
      457, 454, 455, -1,
      122, 123, 453, -1,
      453, 123, 457, -1,
      453, 457, 452, -1,
      452, 457, 455, -1,
      450, 454, 451, -1,
      451, 454, 456, -1,
      451, 456, 125, -1,
      125, 456, 124, -1,
      122, 453, 125, -1,
      125, 453, 451, -1,
      124, 456, 123, -1,
      123, 456, 457, -1,
      458, 459, 267, -1,
      267, 459, 266, -1,
      460, 459, 461, -1,
      461, 459, 458, -1,
      462, 460, 463, -1,
      463, 460, 461, -1,
      464, 462, 465, -1,
      465, 462, 463, -1,
      464, 465, 264, -1,
      264, 465, 265, -1,
      460, 462, 459, -1,
      459, 462, 464, -1,
      459, 464, 266, -1,
      266, 464, 264, -1,
      463, 461, 465, -1,
      465, 461, 458, -1,
      465, 458, 265, -1,
      265, 458, 267, -1,
      466, 467, 468, -1,
      468, 467, 469, -1,
      470, 466, 471, -1,
      471, 466, 468, -1,
      472, 470, 473, -1,
      473, 470, 471, -1,
      471, 468, 473, -1,
      473, 468, 469, -1,
      473, 469, 73, -1,
      73, 469, 69, -1,
      466, 470, 467, -1,
      467, 470, 472, -1,
      467, 472, 70, -1,
      70, 472, 72, -1,
      69, 469, 70, -1,
      70, 469, 467, -1,
      72, 472, 73, -1,
      73, 472, 473, -1,
      474, 475, 252, -1,
      252, 475, 253, -1,
      476, 475, 477, -1,
      477, 475, 474, -1,
      478, 476, 479, -1,
      479, 476, 477, -1,
      480, 478, 481, -1,
      481, 478, 479, -1,
      480, 481, 255, -1,
      255, 481, 254, -1,
      476, 478, 475, -1,
      475, 478, 480, -1,
      475, 480, 253, -1,
      253, 480, 255, -1,
      479, 477, 481, -1,
      481, 477, 474, -1,
      481, 474, 254, -1,
      254, 474, 252, -1,
      482, 483, 484, -1,
      484, 483, 485, -1,
      486, 482, 487, -1,
      487, 482, 484, -1,
      488, 486, 489, -1,
      489, 486, 487, -1,
      126, 127, 485, -1,
      485, 127, 489, -1,
      485, 489, 484, -1,
      484, 489, 487, -1,
      482, 486, 483, -1,
      483, 486, 488, -1,
      483, 488, 129, -1,
      129, 488, 128, -1,
      126, 485, 129, -1,
      129, 485, 483, -1,
      128, 488, 127, -1,
      127, 488, 489, -1,
      490, 491, 271, -1,
      271, 491, 270, -1,
      492, 491, 493, -1,
      493, 491, 490, -1,
      494, 492, 495, -1,
      495, 492, 493, -1,
      496, 494, 497, -1,
      497, 494, 495, -1,
      496, 497, 268, -1,
      268, 497, 269, -1,
      492, 494, 491, -1,
      491, 494, 496, -1,
      491, 496, 270, -1,
      270, 496, 268, -1,
      495, 493, 497, -1,
      497, 493, 490, -1,
      497, 490, 269, -1,
      269, 490, 271, -1,
      498, 499, 500, -1,
      500, 499, 501, -1,
      502, 498, 503, -1,
      503, 498, 500, -1,
      504, 502, 505, -1,
      505, 502, 503, -1,
      74, 75, 501, -1,
      501, 75, 505, -1,
      501, 505, 500, -1,
      500, 505, 503, -1,
      498, 502, 499, -1,
      499, 502, 504, -1,
      499, 504, 83, -1,
      83, 504, 76, -1,
      74, 501, 83, -1,
      83, 501, 499, -1,
      76, 504, 75, -1,
      75, 504, 505, -1,
      506, 507, 245, -1,
      245, 507, 246, -1,
      508, 507, 509, -1,
      509, 507, 506, -1,
      510, 508, 511, -1,
      511, 508, 509, -1,
      512, 510, 513, -1,
      513, 510, 511, -1,
      512, 513, 250, -1,
      250, 513, 244, -1,
      250, 246, 512, -1,
      512, 246, 507, -1,
      512, 507, 510, -1,
      510, 507, 508, -1,
      511, 509, 513, -1,
      513, 509, 506, -1,
      513, 506, 244, -1,
      244, 506, 245, -1,
      514, 515, 516, -1,
      516, 515, 517, -1,
      518, 514, 519, -1,
      519, 514, 516, -1,
      520, 518, 521, -1,
      521, 518, 519, -1,
      130, 131, 517, -1,
      517, 131, 521, -1,
      517, 521, 516, -1,
      516, 521, 519, -1,
      514, 518, 515, -1,
      515, 518, 520, -1,
      515, 520, 133, -1,
      133, 520, 132, -1,
      130, 517, 133, -1,
      133, 517, 515, -1,
      132, 520, 131, -1,
      131, 520, 521, -1,
      522, 523, 277, -1,
      277, 523, 278, -1,
      524, 523, 525, -1,
      525, 523, 522, -1,
      526, 524, 527, -1,
      527, 524, 525, -1,
      528, 526, 529, -1,
      529, 526, 527, -1,
      528, 529, 274, -1,
      274, 529, 275, -1,
      524, 526, 523, -1,
      523, 526, 528, -1,
      523, 528, 278, -1,
      278, 528, 274, -1,
      527, 525, 529, -1,
      529, 525, 522, -1,
      529, 522, 275, -1,
      275, 522, 277, -1,
      530, 531, 532, -1,
      532, 531, 533, -1,
      534, 530, 535, -1,
      535, 530, 532, -1,
      536, 534, 537, -1,
      537, 534, 535, -1,
      80, 78, 533, -1,
      533, 78, 537, -1,
      533, 537, 532, -1,
      532, 537, 535, -1,
      530, 534, 531, -1,
      531, 534, 536, -1,
      531, 536, 79, -1,
      79, 536, 77, -1,
      80, 533, 79, -1,
      79, 533, 531, -1,
      77, 536, 78, -1,
      78, 536, 537, -1,
      538, 539, 247, -1,
      247, 539, 248, -1,
      540, 539, 541, -1,
      541, 539, 538, -1,
      542, 540, 543, -1,
      543, 540, 541, -1,
      544, 542, 545, -1,
      545, 542, 543, -1,
      544, 545, 249, -1,
      249, 545, 251, -1,
      249, 248, 544, -1,
      544, 248, 539, -1,
      544, 539, 542, -1,
      542, 539, 540, -1,
      543, 541, 545, -1,
      545, 541, 538, -1,
      545, 538, 251, -1,
      251, 538, 247, -1,
      546, 547, 548, -1,
      548, 547, 549, -1,
      550, 546, 551, -1,
      551, 546, 548, -1,
      552, 550, 553, -1,
      553, 550, 551, -1,
      139, 137, 549, -1,
      549, 137, 553, -1,
      549, 553, 548, -1,
      548, 553, 551, -1,
      546, 550, 547, -1,
      547, 550, 552, -1,
      547, 552, 140, -1,
      140, 552, 141, -1,
      139, 549, 140, -1,
      140, 549, 547, -1,
      141, 552, 137, -1,
      137, 552, 553, -1,
      554, 555, 273, -1,
      273, 555, 276, -1,
      556, 555, 557, -1,
      557, 555, 554, -1,
      558, 556, 559, -1,
      559, 556, 557, -1,
      560, 558, 561, -1,
      561, 558, 559, -1,
      560, 561, 279, -1,
      279, 561, 272, -1,
      556, 558, 555, -1,
      555, 558, 560, -1,
      555, 560, 276, -1,
      276, 560, 279, -1,
      559, 557, 561, -1,
      561, 557, 554, -1,
      561, 554, 272, -1,
      272, 554, 273, -1,
      562, 563, 564, -1,
      564, 563, 565, -1,
      566, 562, 567, -1,
      567, 562, 564, -1,
      568, 566, 569, -1,
      569, 566, 567, -1,
      82, 85, 565, -1,
      565, 85, 569, -1,
      565, 569, 564, -1,
      564, 569, 567, -1,
      562, 566, 563, -1,
      563, 566, 568, -1,
      563, 568, 81, -1,
      81, 568, 84, -1,
      82, 565, 81, -1,
      81, 565, 563, -1,
      84, 568, 85, -1,
      85, 568, 569, -1,
      570, 571, 240, -1,
      240, 571, 241, -1,
      572, 571, 573, -1,
      573, 571, 570, -1,
      574, 572, 575, -1,
      575, 572, 573, -1,
      576, 574, 577, -1,
      577, 574, 575, -1,
      576, 577, 243, -1,
      243, 577, 242, -1,
      243, 241, 576, -1,
      576, 241, 571, -1,
      576, 571, 574, -1,
      574, 571, 572, -1,
      575, 573, 577, -1,
      577, 573, 570, -1,
      577, 570, 242, -1,
      242, 570, 240, -1,
      578, 579, 580, -1,
      580, 579, 581, -1,
      582, 578, 583, -1,
      583, 578, 580, -1,
      584, 582, 585, -1,
      585, 582, 583, -1,
      134, 135, 581, -1,
      581, 135, 585, -1,
      581, 585, 580, -1,
      580, 585, 583, -1,
      578, 582, 579, -1,
      579, 582, 584, -1,
      579, 584, 138, -1,
      138, 584, 136, -1,
      134, 581, 138, -1,
      138, 581, 579, -1,
      136, 584, 135, -1,
      135, 584, 585, -1,
      586, 587, 283, -1,
      283, 587, 282, -1,
      588, 587, 589, -1,
      589, 587, 586, -1,
      590, 588, 591, -1,
      591, 588, 589, -1,
      592, 590, 593, -1,
      593, 590, 591, -1,
      592, 593, 280, -1,
      280, 593, 281, -1,
      588, 590, 587, -1,
      587, 590, 592, -1,
      587, 592, 282, -1,
      282, 592, 280, -1,
      591, 589, 593, -1,
      593, 589, 586, -1,
      593, 586, 281, -1,
      281, 586, 283, -1,
      594, 595, 596, -1,
      596, 595, 597, -1,
      598, 594, 599, -1,
      599, 594, 596, -1,
      600, 598, 601, -1,
      601, 598, 599, -1,
      599, 596, 601, -1,
      601, 596, 597, -1,
      601, 597, 89, -1,
      89, 597, 86, -1,
      88, 87, 600, -1,
      600, 87, 595, -1,
      600, 595, 598, -1,
      598, 595, 594, -1,
      86, 597, 87, -1,
      87, 597, 595, -1,
      88, 600, 89, -1,
      89, 600, 601, -1,
      602, 603, 236, -1,
      236, 603, 237, -1,
      604, 603, 605, -1,
      605, 603, 602, -1,
      606, 604, 607, -1,
      607, 604, 605, -1,
      608, 606, 609, -1,
      609, 606, 607, -1,
      608, 609, 239, -1,
      239, 609, 238, -1,
      604, 606, 603, -1,
      603, 606, 608, -1,
      603, 608, 237, -1,
      237, 608, 239, -1,
      607, 605, 609, -1,
      609, 605, 602, -1,
      609, 602, 238, -1,
      238, 602, 236, -1,
      610, 611, 612, -1,
      612, 611, 613, -1,
      614, 610, 615, -1,
      615, 610, 612, -1,
      616, 614, 617, -1,
      617, 614, 615, -1,
      615, 612, 617, -1,
      617, 612, 613, -1,
      617, 613, 143, -1,
      143, 613, 142, -1,
      144, 145, 616, -1,
      616, 145, 611, -1,
      616, 611, 614, -1,
      614, 611, 610, -1,
      142, 613, 145, -1,
      145, 613, 611, -1,
      144, 616, 143, -1,
      143, 616, 617, -1,
      618, 619, 287, -1,
      287, 619, 286, -1,
      620, 619, 621, -1,
      621, 619, 618, -1,
      622, 620, 623, -1,
      623, 620, 621, -1,
      624, 622, 625, -1,
      625, 622, 623, -1,
      624, 625, 284, -1,
      284, 625, 285, -1,
      620, 622, 619, -1,
      619, 622, 624, -1,
      619, 624, 286, -1,
      286, 624, 284, -1,
      287, 285, 618, -1,
      618, 285, 625, -1,
      618, 625, 621, -1,
      621, 625, 623, -1,
      626, 627, 628, -1,
      628, 627, 629, -1,
      630, 626, 631, -1,
      631, 626, 628, -1,
      632, 630, 633, -1,
      633, 630, 631, -1,
      631, 628, 633, -1,
      633, 628, 629, -1,
      633, 629, 91, -1,
      91, 629, 90, -1,
      92, 95, 632, -1,
      632, 95, 627, -1,
      632, 627, 630, -1,
      630, 627, 626, -1,
      90, 629, 95, -1,
      95, 629, 627, -1,
      92, 632, 91, -1,
      91, 632, 633, -1,
      634, 635, 232, -1,
      232, 635, 233, -1,
      636, 635, 637, -1,
      637, 635, 634, -1,
      638, 636, 639, -1,
      639, 636, 637, -1,
      640, 638, 641, -1,
      641, 638, 639, -1,
      640, 641, 235, -1,
      235, 641, 234, -1,
      636, 638, 635, -1,
      635, 638, 640, -1,
      635, 640, 233, -1,
      233, 640, 235, -1,
      639, 637, 641, -1,
      641, 637, 634, -1,
      641, 634, 234, -1,
      234, 634, 232, -1,
      642, 643, 644, -1,
      644, 643, 645, -1,
      646, 642, 647, -1,
      647, 642, 644, -1,
      648, 646, 649, -1,
      649, 646, 647, -1,
      647, 644, 649, -1,
      649, 644, 645, -1,
      649, 645, 147, -1,
      147, 645, 146, -1,
      148, 149, 648, -1,
      648, 149, 643, -1,
      648, 643, 646, -1,
      646, 643, 642, -1,
      146, 645, 149, -1,
      149, 645, 643, -1,
      148, 648, 147, -1,
      147, 648, 649, -1,
      650, 651, 291, -1,
      291, 651, 290, -1,
      652, 651, 653, -1,
      653, 651, 650, -1,
      654, 652, 655, -1,
      655, 652, 653, -1,
      656, 654, 657, -1,
      657, 654, 655, -1,
      656, 657, 288, -1,
      288, 657, 289, -1,
      652, 654, 651, -1,
      651, 654, 656, -1,
      651, 656, 290, -1,
      290, 656, 288, -1,
      291, 289, 650, -1,
      650, 289, 657, -1,
      650, 657, 653, -1,
      653, 657, 655, -1,
      658, 659, 660, -1,
      660, 659, 661, -1,
      662, 658, 663, -1,
      663, 658, 660, -1,
      664, 662, 665, -1,
      665, 662, 663, -1,
      663, 660, 665, -1,
      665, 660, 661, -1,
      665, 661, 97, -1,
      97, 661, 93, -1,
      96, 94, 664, -1,
      664, 94, 659, -1,
      664, 659, 662, -1,
      662, 659, 658, -1,
      93, 661, 94, -1,
      94, 661, 659, -1,
      96, 664, 97, -1,
      97, 664, 665, -1,
      666, 667, 228, -1,
      228, 667, 229, -1,
      668, 667, 669, -1,
      669, 667, 666, -1,
      670, 668, 671, -1,
      671, 668, 669, -1,
      672, 670, 673, -1,
      673, 670, 671, -1,
      672, 673, 231, -1,
      231, 673, 230, -1,
      668, 670, 667, -1,
      667, 670, 672, -1,
      667, 672, 229, -1,
      229, 672, 231, -1,
      671, 669, 673, -1,
      673, 669, 666, -1,
      673, 666, 230, -1,
      230, 666, 228, -1,
      674, 675, 676, -1,
      676, 675, 677, -1,
      678, 674, 679, -1,
      679, 674, 676, -1,
      680, 678, 681, -1,
      681, 678, 679, -1,
      679, 676, 681, -1,
      681, 676, 677, -1,
      681, 677, 151, -1,
      151, 677, 150, -1,
      152, 153, 680, -1,
      680, 153, 675, -1,
      680, 675, 678, -1,
      678, 675, 674, -1,
      150, 677, 153, -1,
      153, 677, 675, -1,
      152, 680, 151, -1,
      151, 680, 681, -1,
      682, 683, 295, -1,
      295, 683, 294, -1,
      684, 683, 685, -1,
      685, 683, 682, -1,
      686, 684, 687, -1,
      687, 684, 685, -1,
      688, 686, 689, -1,
      689, 686, 687, -1,
      688, 689, 292, -1,
      292, 689, 293, -1,
      684, 686, 683, -1,
      683, 686, 688, -1,
      683, 688, 294, -1,
      294, 688, 292, -1,
      295, 293, 682, -1,
      682, 293, 689, -1,
      682, 689, 685, -1,
      685, 689, 687, -1,
      690, 691, 692, -1,
      692, 691, 693, -1,
      694, 690, 695, -1,
      695, 690, 692, -1,
      696, 694, 697, -1,
      697, 694, 695, -1,
      695, 692, 697, -1,
      697, 692, 693, -1,
      697, 693, 99, -1,
      99, 693, 98, -1,
      100, 103, 696, -1,
      696, 103, 691, -1,
      696, 691, 694, -1,
      694, 691, 690, -1,
      98, 693, 103, -1,
      103, 693, 691, -1,
      100, 696, 99, -1,
      99, 696, 697, -1,
      698, 699, 224, -1,
      224, 699, 225, -1,
      700, 699, 701, -1,
      701, 699, 698, -1,
      702, 700, 703, -1,
      703, 700, 701, -1,
      704, 702, 705, -1,
      705, 702, 703, -1,
      704, 705, 227, -1,
      227, 705, 226, -1,
      700, 702, 699, -1,
      699, 702, 704, -1,
      699, 704, 225, -1,
      225, 704, 227, -1,
      703, 701, 705, -1,
      705, 701, 698, -1,
      705, 698, 226, -1,
      226, 698, 224, -1,
      706, 707, 708, -1,
      708, 707, 709, -1,
      710, 706, 711, -1,
      711, 706, 708, -1,
      712, 710, 713, -1,
      713, 710, 711, -1,
      154, 155, 709, -1,
      709, 155, 713, -1,
      709, 713, 708, -1,
      708, 713, 711, -1,
      706, 710, 707, -1,
      707, 710, 712, -1,
      707, 712, 157, -1,
      157, 712, 156, -1,
      154, 709, 157, -1,
      157, 709, 707, -1,
      156, 712, 155, -1,
      155, 712, 713, -1,
      714, 715, 299, -1,
      299, 715, 298, -1,
      716, 715, 717, -1,
      717, 715, 714, -1,
      718, 716, 719, -1,
      719, 716, 717, -1,
      720, 718, 721, -1,
      721, 718, 719, -1,
      720, 721, 296, -1,
      296, 721, 297, -1,
      716, 718, 715, -1,
      715, 718, 720, -1,
      715, 720, 298, -1,
      298, 720, 296, -1,
      719, 717, 721, -1,
      721, 717, 714, -1,
      721, 714, 297, -1,
      297, 714, 299, -1,
      722, 723, 724, -1,
      724, 723, 725, -1,
      726, 722, 727, -1,
      727, 722, 724, -1,
      728, 726, 729, -1,
      729, 726, 727, -1,
      727, 724, 729, -1,
      729, 724, 725, -1,
      729, 725, 105, -1,
      105, 725, 101, -1,
      104, 102, 728, -1,
      728, 102, 723, -1,
      728, 723, 726, -1,
      726, 723, 722, -1,
      101, 725, 102, -1,
      102, 725, 723, -1,
      104, 728, 105, -1,
      105, 728, 729, -1,
      730, 731, 221, -1,
      221, 731, 216, -1,
      732, 731, 733, -1,
      733, 731, 730, -1,
      734, 732, 735, -1,
      735, 732, 733, -1,
      736, 734, 737, -1,
      737, 734, 735, -1,
      736, 737, 217, -1,
      217, 737, 218, -1,
      732, 734, 731, -1,
      731, 734, 736, -1,
      731, 736, 216, -1,
      216, 736, 217, -1,
      735, 733, 737, -1,
      737, 733, 730, -1,
      737, 730, 218, -1,
      218, 730, 221, -1,
      738, 739, 740, -1,
      740, 739, 741, -1,
      742, 738, 743, -1,
      743, 738, 740, -1,
      744, 742, 745, -1,
      745, 742, 743, -1,
      158, 159, 741, -1,
      741, 159, 745, -1,
      741, 745, 740, -1,
      740, 745, 743, -1,
      738, 742, 739, -1,
      739, 742, 744, -1,
      739, 744, 161, -1,
      161, 744, 160, -1,
      158, 741, 161, -1,
      161, 741, 739, -1,
      160, 744, 159, -1,
      159, 744, 745, -1,
      746, 747, 303, -1,
      303, 747, 304, -1,
      748, 747, 749, -1,
      749, 747, 746, -1,
      750, 748, 751, -1,
      751, 748, 749, -1,
      752, 750, 753, -1,
      753, 750, 751, -1,
      752, 753, 305, -1,
      305, 753, 307, -1,
      748, 750, 747, -1,
      747, 750, 752, -1,
      747, 752, 304, -1,
      304, 752, 305, -1,
      751, 749, 753, -1,
      753, 749, 746, -1,
      753, 746, 307, -1,
      307, 746, 303, -1,
      754, 755, 756, -1,
      756, 755, 757, -1,
      758, 754, 759, -1,
      759, 754, 756, -1,
      760, 758, 761, -1,
      761, 758, 759, -1,
      759, 756, 761, -1,
      761, 756, 757, -1,
      761, 757, 110, -1,
      110, 757, 109, -1,
      106, 107, 760, -1,
      760, 107, 755, -1,
      760, 755, 758, -1,
      758, 755, 754, -1,
      109, 757, 108, -1,
      108, 757, 755, -1,
      108, 755, 107, -1,
      106, 760, 111, -1,
      111, 760, 761, -1,
      111, 761, 110, -1,
      762, 763, 222, -1,
      222, 763, 219, -1,
      764, 763, 765, -1,
      765, 763, 762, -1,
      766, 764, 767, -1,
      767, 764, 765, -1,
      768, 766, 769, -1,
      769, 766, 767, -1,
      768, 769, 220, -1,
      220, 769, 223, -1,
      764, 766, 763, -1,
      763, 766, 768, -1,
      763, 768, 219, -1,
      219, 768, 220, -1,
      767, 765, 769, -1,
      769, 765, 762, -1,
      769, 762, 223, -1,
      223, 762, 222, -1,
      770, 771, 772, -1,
      772, 771, 773, -1,
      774, 770, 775, -1,
      775, 770, 772, -1,
      776, 774, 777, -1,
      777, 774, 775, -1,
      116, 115, 773, -1,
      773, 115, 777, -1,
      773, 777, 772, -1,
      772, 777, 775, -1,
      770, 774, 771, -1,
      771, 774, 776, -1,
      771, 776, 112, -1,
      112, 776, 113, -1,
      116, 773, 117, -1,
      117, 773, 771, -1,
      117, 771, 112, -1,
      113, 776, 114, -1,
      114, 776, 777, -1,
      114, 777, 115, -1,
      778, 779, 306, -1,
      306, 779, 300, -1,
      780, 779, 781, -1,
      781, 779, 778, -1,
      782, 780, 783, -1,
      783, 780, 781, -1,
      784, 782, 785, -1,
      785, 782, 783, -1,
      784, 785, 301, -1,
      301, 785, 302, -1,
      780, 782, 779, -1,
      779, 782, 784, -1,
      779, 784, 300, -1,
      300, 784, 301, -1,
      783, 781, 785, -1,
      785, 781, 778, -1,
      785, 778, 302, -1,
      302, 778, 306, -1,
      786, 787, 788, -1,
      788, 787, 789, -1,
      790, 786, 791, -1,
      791, 786, 788, -1,
      792, 790, 793, -1,
      793, 790, 791, -1,
      791, 788, 793, -1,
      793, 788, 789, -1,
      793, 789, 11, -1,
      11, 789, 10, -1,
      162, 163, 792, -1,
      792, 163, 787, -1,
      792, 787, 790, -1,
      790, 787, 786, -1,
      789, 787, 163, -1,
      163, 13, 789, -1,
      789, 13, 12, -1,
      789, 12, 10, -1,
      162, 792, 0, -1,
      0, 792, 793, -1,
      0, 793, 1, -1,
      1, 793, 11, -1,
      794, 795, 416, -1,
      416, 795, 417, -1,
      796, 795, 797, -1,
      797, 795, 794, -1,
      798, 796, 799, -1,
      799, 796, 797, -1,
      800, 798, 801, -1,
      801, 798, 799, -1,
      800, 801, 419, -1,
      419, 801, 418, -1,
      796, 798, 795, -1,
      795, 798, 800, -1,
      795, 800, 417, -1,
      417, 800, 419, -1,
      799, 797, 801, -1,
      801, 797, 794, -1,
      801, 794, 418, -1,
      418, 794, 416, -1,
      802, 803, 804, -1,
      804, 803, 805, -1,
      806, 802, 807, -1,
      807, 802, 804, -1,
      808, 806, 809, -1,
      809, 806, 807, -1,
      8, 9, 805, -1,
      805, 9, 809, -1,
      805, 809, 804, -1,
      804, 809, 807, -1,
      802, 806, 803, -1,
      803, 806, 808, -1,
      803, 808, 5, -1,
      5, 808, 6, -1,
      805, 803, 5, -1,
      5, 4, 805, -1,
      805, 4, 7, -1,
      805, 7, 8, -1,
      6, 808, 2, -1,
      2, 808, 809, -1,
      2, 809, 3, -1,
      3, 809, 9, -1,
      810, 811, 311, -1,
      311, 811, 310, -1,
      812, 811, 813, -1,
      813, 811, 810, -1,
      814, 812, 815, -1,
      815, 812, 813, -1,
      816, 814, 817, -1,
      817, 814, 815, -1,
      816, 817, 308, -1,
      308, 817, 309, -1,
      812, 814, 811, -1,
      811, 814, 816, -1,
      811, 816, 310, -1,
      310, 816, 308, -1,
      815, 813, 817, -1,
      817, 813, 810, -1,
      817, 810, 309, -1,
      309, 810, 311, -1,
      818, 819, 820, -1,
      820, 819, 821, -1,
      822, 818, 823, -1,
      823, 818, 820, -1,
      824, 822, 825, -1,
      825, 822, 823, -1,
      823, 820, 825, -1,
      825, 820, 821, -1,
      825, 821, 15, -1,
      15, 821, 14, -1,
      16, 19, 824, -1,
      824, 19, 819, -1,
      824, 819, 822, -1,
      822, 819, 818, -1,
      14, 821, 19, -1,
      19, 821, 819, -1,
      16, 824, 15, -1,
      15, 824, 825, -1,
      826, 827, 412, -1,
      412, 827, 413, -1,
      828, 827, 829, -1,
      829, 827, 826, -1,
      830, 828, 831, -1,
      831, 828, 829, -1,
      832, 830, 833, -1,
      833, 830, 831, -1,
      832, 833, 415, -1,
      415, 833, 414, -1,
      828, 830, 827, -1,
      827, 830, 832, -1,
      827, 832, 413, -1,
      413, 832, 415, -1,
      831, 829, 833, -1,
      833, 829, 826, -1,
      833, 826, 414, -1,
      414, 826, 412, -1,
      834, 835, 836, -1,
      836, 835, 837, -1,
      838, 834, 839, -1,
      839, 834, 836, -1,
      840, 838, 841, -1,
      841, 838, 839, -1,
      164, 165, 837, -1,
      837, 165, 841, -1,
      837, 841, 836, -1,
      836, 841, 839, -1,
      834, 838, 835, -1,
      835, 838, 840, -1,
      835, 840, 167, -1,
      167, 840, 166, -1,
      164, 837, 167, -1,
      167, 837, 835, -1,
      166, 840, 165, -1,
      165, 840, 841, -1,
      842, 843, 315, -1,
      315, 843, 314, -1,
      844, 843, 845, -1,
      845, 843, 842, -1,
      846, 844, 847, -1,
      847, 844, 845, -1,
      848, 846, 849, -1,
      849, 846, 847, -1,
      848, 849, 312, -1,
      312, 849, 313, -1,
      844, 846, 843, -1,
      843, 846, 848, -1,
      843, 848, 314, -1,
      314, 848, 312, -1,
      847, 845, 849, -1,
      849, 845, 842, -1,
      849, 842, 313, -1,
      313, 842, 315, -1,
      850, 851, 852, -1,
      852, 851, 853, -1,
      854, 850, 855, -1,
      855, 850, 852, -1,
      856, 854, 857, -1,
      857, 854, 855, -1,
      855, 852, 857, -1,
      857, 852, 853, -1,
      857, 853, 21, -1,
      21, 853, 17, -1,
      20, 18, 856, -1,
      856, 18, 851, -1,
      856, 851, 854, -1,
      854, 851, 850, -1,
      17, 853, 18, -1,
      18, 853, 851, -1,
      20, 856, 21, -1,
      21, 856, 857, -1,
      858, 859, 408, -1,
      408, 859, 409, -1,
      860, 859, 861, -1,
      861, 859, 858, -1,
      862, 860, 863, -1,
      863, 860, 861, -1,
      864, 862, 865, -1,
      865, 862, 863, -1,
      864, 865, 411, -1,
      411, 865, 410, -1,
      860, 862, 859, -1,
      859, 862, 864, -1,
      859, 864, 409, -1,
      409, 864, 411, -1,
      863, 861, 865, -1,
      865, 861, 858, -1,
      865, 858, 410, -1,
      410, 858, 408, -1,
      866, 867, 868, -1,
      868, 867, 869, -1,
      870, 866, 871, -1,
      871, 866, 868, -1,
      872, 870, 873, -1,
      873, 870, 871, -1,
      168, 169, 869, -1,
      869, 169, 873, -1,
      869, 873, 868, -1,
      868, 873, 871, -1,
      866, 870, 867, -1,
      867, 870, 872, -1,
      867, 872, 171, -1,
      171, 872, 170, -1,
      168, 869, 171, -1,
      171, 869, 867, -1,
      170, 872, 169, -1,
      169, 872, 873, -1,
      874, 875, 319, -1,
      319, 875, 318, -1,
      876, 875, 877, -1,
      877, 875, 874, -1,
      878, 876, 879, -1,
      879, 876, 877, -1,
      880, 878, 881, -1,
      881, 878, 879, -1,
      880, 881, 316, -1,
      316, 881, 317, -1,
      876, 878, 875, -1,
      875, 878, 880, -1,
      875, 880, 318, -1,
      318, 880, 316, -1,
      879, 877, 881, -1,
      881, 877, 874, -1,
      881, 874, 317, -1,
      317, 874, 319, -1,
      882, 883, 884, -1,
      884, 883, 885, -1,
      886, 882, 887, -1,
      887, 882, 884, -1,
      888, 886, 889, -1,
      889, 886, 887, -1,
      887, 884, 889, -1,
      889, 884, 885, -1,
      889, 885, 23, -1,
      23, 885, 22, -1,
      24, 31, 888, -1,
      888, 31, 883, -1,
      888, 883, 886, -1,
      886, 883, 882, -1,
      22, 885, 31, -1,
      31, 885, 883, -1,
      24, 888, 23, -1,
      23, 888, 889, -1,
      890, 891, 404, -1,
      404, 891, 405, -1,
      892, 891, 893, -1,
      893, 891, 890, -1,
      894, 892, 895, -1,
      895, 892, 893, -1,
      896, 894, 897, -1,
      897, 894, 895, -1,
      896, 897, 407, -1,
      407, 897, 406, -1,
      892, 894, 891, -1,
      891, 894, 896, -1,
      891, 896, 405, -1,
      405, 896, 407, -1,
      895, 893, 897, -1,
      897, 893, 890, -1,
      897, 890, 406, -1,
      406, 890, 404, -1,
      898, 899, 900, -1,
      900, 899, 901, -1,
      902, 898, 903, -1,
      903, 898, 900, -1,
      904, 902, 905, -1,
      905, 902, 903, -1,
      172, 173, 901, -1,
      901, 173, 905, -1,
      901, 905, 900, -1,
      900, 905, 903, -1,
      898, 902, 899, -1,
      899, 902, 904, -1,
      899, 904, 175, -1,
      175, 904, 174, -1,
      172, 901, 175, -1,
      175, 901, 899, -1,
      174, 904, 173, -1,
      173, 904, 905, -1,
      906, 907, 323, -1,
      323, 907, 322, -1,
      908, 907, 909, -1,
      909, 907, 906, -1,
      910, 908, 911, -1,
      911, 908, 909, -1,
      912, 910, 913, -1,
      913, 910, 911, -1,
      912, 913, 320, -1,
      320, 913, 321, -1,
      908, 910, 907, -1,
      907, 910, 912, -1,
      907, 912, 322, -1,
      322, 912, 320, -1,
      911, 909, 913, -1,
      913, 909, 906, -1,
      913, 906, 321, -1,
      321, 906, 323, -1,
      914, 915, 916, -1,
      916, 915, 917, -1,
      918, 914, 919, -1,
      919, 914, 916, -1,
      920, 918, 921, -1,
      921, 918, 919, -1,
      28, 26, 917, -1,
      917, 26, 921, -1,
      917, 921, 916, -1,
      916, 921, 919, -1,
      914, 918, 915, -1,
      915, 918, 920, -1,
      915, 920, 27, -1,
      27, 920, 25, -1,
      28, 917, 27, -1,
      27, 917, 915, -1,
      25, 920, 26, -1,
      26, 920, 921, -1,
      922, 923, 400, -1,
      400, 923, 401, -1,
      924, 923, 925, -1,
      925, 923, 922, -1,
      926, 924, 927, -1,
      927, 924, 925, -1,
      928, 926, 929, -1,
      929, 926, 927, -1,
      928, 929, 403, -1,
      403, 929, 402, -1,
      403, 401, 928, -1,
      928, 401, 923, -1,
      928, 923, 926, -1,
      926, 923, 924, -1,
      927, 925, 929, -1,
      929, 925, 922, -1,
      929, 922, 402, -1,
      402, 922, 400, -1,
      930, 931, 932, -1,
      932, 931, 933, -1,
      934, 930, 935, -1,
      935, 930, 932, -1,
      936, 934, 937, -1,
      937, 934, 935, -1,
      181, 179, 933, -1,
      933, 179, 937, -1,
      933, 937, 932, -1,
      932, 937, 935, -1,
      930, 934, 931, -1,
      931, 934, 936, -1,
      931, 936, 182, -1,
      182, 936, 183, -1,
      181, 933, 182, -1,
      182, 933, 931, -1,
      183, 936, 179, -1,
      179, 936, 937, -1,
      938, 939, 327, -1,
      327, 939, 326, -1,
      940, 939, 941, -1,
      941, 939, 938, -1,
      942, 940, 943, -1,
      943, 940, 941, -1,
      944, 942, 945, -1,
      945, 942, 943, -1,
      944, 945, 324, -1,
      324, 945, 325, -1,
      940, 942, 939, -1,
      939, 942, 944, -1,
      939, 944, 326, -1,
      326, 944, 324, -1,
      943, 941, 945, -1,
      945, 941, 938, -1,
      945, 938, 325, -1,
      325, 938, 327, -1,
      946, 947, 948, -1,
      948, 947, 949, -1,
      950, 946, 951, -1,
      951, 946, 948, -1,
      952, 950, 953, -1,
      953, 950, 951, -1,
      30, 33, 949, -1,
      949, 33, 953, -1,
      949, 953, 948, -1,
      948, 953, 951, -1,
      946, 950, 947, -1,
      947, 950, 952, -1,
      947, 952, 29, -1,
      29, 952, 32, -1,
      30, 949, 29, -1,
      29, 949, 947, -1,
      32, 952, 33, -1,
      33, 952, 953, -1,
      954, 955, 395, -1,
      395, 955, 396, -1,
      956, 955, 957, -1,
      957, 955, 954, -1,
      958, 956, 959, -1,
      959, 956, 957, -1,
      960, 958, 961, -1,
      961, 958, 959, -1,
      960, 961, 399, -1,
      399, 961, 394, -1,
      399, 396, 960, -1,
      960, 396, 955, -1,
      960, 955, 958, -1,
      958, 955, 956, -1,
      959, 957, 961, -1,
      961, 957, 954, -1,
      961, 954, 394, -1,
      394, 954, 395, -1,
      962, 963, 964, -1,
      964, 963, 965, -1,
      966, 962, 967, -1,
      967, 962, 964, -1,
      968, 966, 969, -1,
      969, 966, 967, -1,
      176, 177, 965, -1,
      965, 177, 969, -1,
      965, 969, 964, -1,
      964, 969, 967, -1,
      962, 966, 963, -1,
      963, 966, 968, -1,
      963, 968, 180, -1,
      180, 968, 178, -1,
      176, 965, 180, -1,
      180, 965, 963, -1,
      178, 968, 177, -1,
      177, 968, 969, -1,
      970, 971, 333, -1,
      333, 971, 334, -1,
      972, 971, 973, -1,
      973, 971, 970, -1,
      974, 972, 975, -1,
      975, 972, 973, -1,
      976, 974, 977, -1,
      977, 974, 975, -1,
      976, 977, 331, -1,
      331, 977, 332, -1,
      972, 974, 971, -1,
      971, 974, 976, -1,
      971, 976, 334, -1,
      334, 976, 331, -1,
      975, 973, 977, -1,
      977, 973, 970, -1,
      977, 970, 332, -1,
      332, 970, 333, -1,
      978, 979, 980, -1,
      980, 979, 981, -1,
      982, 978, 983, -1,
      983, 978, 980, -1,
      984, 982, 985, -1,
      985, 982, 983, -1,
      34, 37, 981, -1,
      981, 37, 985, -1,
      981, 985, 980, -1,
      980, 985, 983, -1,
      978, 982, 979, -1,
      979, 982, 984, -1,
      979, 984, 35, -1,
      35, 984, 36, -1,
      34, 981, 35, -1,
      35, 981, 979, -1,
      36, 984, 37, -1,
      37, 984, 985, -1,
      986, 987, 397, -1,
      397, 987, 398, -1,
      988, 987, 989, -1,
      989, 987, 986, -1,
      990, 988, 991, -1,
      991, 988, 989, -1,
      992, 990, 993, -1,
      993, 990, 991, -1,
      992, 993, 392, -1,
      392, 993, 393, -1,
      392, 398, 992, -1,
      992, 398, 987, -1,
      992, 987, 990, -1,
      990, 987, 988, -1,
      991, 989, 993, -1,
      993, 989, 986, -1,
      993, 986, 393, -1,
      393, 986, 397, -1,
      994, 995, 996, -1,
      996, 995, 997, -1,
      998, 994, 999, -1,
      999, 994, 996, -1,
      1000, 998, 1001, -1,
      1001, 998, 999, -1,
      184, 185, 997, -1,
      997, 185, 1001, -1,
      997, 1001, 996, -1,
      996, 1001, 999, -1,
      994, 998, 995, -1,
      995, 998, 1000, -1,
      995, 1000, 187, -1,
      187, 1000, 186, -1,
      184, 997, 187, -1,
      187, 997, 995, -1,
      186, 1000, 185, -1,
      185, 1000, 1001, -1,
      1002, 1003, 329, -1,
      329, 1003, 330, -1,
      1004, 1003, 1005, -1,
      1005, 1003, 1002, -1,
      1006, 1004, 1007, -1,
      1007, 1004, 1005, -1,
      1008, 1006, 1009, -1,
      1009, 1006, 1007, -1,
      1008, 1009, 335, -1,
      335, 1009, 328, -1,
      1004, 1006, 1003, -1,
      1003, 1006, 1008, -1,
      1003, 1008, 330, -1,
      330, 1008, 335, -1,
      1007, 1005, 1009, -1,
      1009, 1005, 1002, -1,
      1009, 1002, 328, -1,
      328, 1002, 329, -1,
      1010, 1011, 1012, -1,
      1012, 1011, 1013, -1,
      1014, 1010, 1015, -1,
      1015, 1010, 1012, -1,
      1016, 1014, 1017, -1,
      1017, 1014, 1015, -1,
      1015, 1012, 1017, -1,
      1017, 1012, 1013, -1,
      1017, 1013, 39, -1,
      39, 1013, 38, -1,
      1010, 1014, 1011, -1,
      1011, 1014, 1016, -1,
      1011, 1016, 43, -1,
      43, 1016, 40, -1,
      38, 1013, 43, -1,
      43, 1013, 1011, -1,
      40, 1016, 39, -1,
      39, 1016, 1017, -1,
      1018, 1019, 388, -1,
      388, 1019, 389, -1,
      1020, 1019, 1021, -1,
      1021, 1019, 1018, -1,
      1022, 1020, 1023, -1,
      1023, 1020, 1021, -1,
      1024, 1022, 1025, -1,
      1025, 1022, 1023, -1,
      1024, 1025, 391, -1,
      391, 1025, 390, -1,
      1020, 1022, 1019, -1,
      1019, 1022, 1024, -1,
      1019, 1024, 389, -1,
      389, 1024, 391, -1,
      1023, 1021, 1025, -1,
      1025, 1021, 1018, -1,
      1025, 1018, 390, -1,
      390, 1018, 388, -1,
      1026, 1027, 1028, -1,
      1028, 1027, 1029, -1,
      1030, 1026, 1031, -1,
      1031, 1026, 1028, -1,
      1032, 1030, 1033, -1,
      1033, 1030, 1031, -1,
      1031, 1028, 1033, -1,
      1033, 1028, 1029, -1,
      1033, 1029, 189, -1,
      189, 1029, 188, -1,
      190, 191, 1032, -1,
      1032, 191, 1027, -1,
      1032, 1027, 1030, -1,
      1030, 1027, 1026, -1,
      188, 1029, 191, -1,
      191, 1029, 1027, -1,
      190, 1032, 189, -1,
      189, 1032, 1033, -1,
      1034, 1035, 339, -1,
      339, 1035, 338, -1,
      1036, 1035, 1037, -1,
      1037, 1035, 1034, -1,
      1038, 1036, 1039, -1,
      1039, 1036, 1037, -1,
      1040, 1038, 1041, -1,
      1041, 1038, 1039, -1,
      1040, 1041, 336, -1,
      336, 1041, 337, -1,
      1036, 1038, 1035, -1,
      1035, 1038, 1040, -1,
      1035, 1040, 338, -1,
      338, 1040, 336, -1,
      339, 337, 1034, -1,
      1034, 337, 1041, -1,
      1034, 1041, 1037, -1,
      1037, 1041, 1039, -1,
      1042, 1043, 1044, -1,
      1044, 1043, 1045, -1,
      1046, 1042, 1047, -1,
      1047, 1042, 1044, -1,
      1048, 1046, 1049, -1,
      1049, 1046, 1047, -1,
      1047, 1044, 1049, -1,
      1049, 1044, 1045, -1,
      1049, 1045, 45, -1,
      45, 1045, 41, -1,
      1042, 1046, 1043, -1,
      1043, 1046, 1048, -1,
      1043, 1048, 42, -1,
      42, 1048, 44, -1,
      41, 1045, 42, -1,
      42, 1045, 1043, -1,
      44, 1048, 45, -1,
      45, 1048, 1049, -1,
      1050, 1051, 384, -1,
      384, 1051, 385, -1,
      1052, 1051, 1053, -1,
      1053, 1051, 1050, -1,
      1054, 1052, 1055, -1,
      1055, 1052, 1053, -1,
      1056, 1054, 1057, -1,
      1057, 1054, 1055, -1,
      1056, 1057, 387, -1,
      387, 1057, 386, -1,
      1052, 1054, 1051, -1,
      1051, 1054, 1056, -1,
      1051, 1056, 385, -1,
      385, 1056, 387, -1,
      1055, 1053, 1057, -1,
      1057, 1053, 1050, -1,
      1057, 1050, 386, -1,
      386, 1050, 384, -1,
      1058, 1059, 1060, -1,
      1060, 1059, 1061, -1,
      1062, 1058, 1063, -1,
      1063, 1058, 1060, -1,
      1064, 1062, 1065, -1,
      1065, 1062, 1063, -1,
      1063, 1060, 1065, -1,
      1065, 1060, 1061, -1,
      1065, 1061, 193, -1,
      193, 1061, 192, -1,
      194, 195, 1064, -1,
      1064, 195, 1059, -1,
      1064, 1059, 1062, -1,
      1062, 1059, 1058, -1,
      192, 1061, 195, -1,
      195, 1061, 1059, -1,
      194, 1064, 193, -1,
      193, 1064, 1065, -1,
      1066, 1067, 343, -1,
      343, 1067, 342, -1,
      1068, 1067, 1069, -1,
      1069, 1067, 1066, -1,
      1070, 1068, 1071, -1,
      1071, 1068, 1069, -1,
      1072, 1070, 1073, -1,
      1073, 1070, 1071, -1,
      1072, 1073, 340, -1,
      340, 1073, 341, -1,
      1068, 1070, 1067, -1,
      1067, 1070, 1072, -1,
      1067, 1072, 342, -1,
      342, 1072, 340, -1,
      343, 341, 1066, -1,
      1066, 341, 1073, -1,
      1066, 1073, 1069, -1,
      1069, 1073, 1071, -1,
      1074, 1075, 1076, -1,
      1076, 1075, 1077, -1,
      1078, 1074, 1079, -1,
      1079, 1074, 1076, -1,
      1080, 1078, 1081, -1,
      1081, 1078, 1079, -1,
      1079, 1076, 1081, -1,
      1081, 1076, 1077, -1,
      1081, 1077, 47, -1,
      47, 1077, 46, -1,
      1074, 1078, 1075, -1,
      1075, 1078, 1080, -1,
      1075, 1080, 51, -1,
      51, 1080, 48, -1,
      46, 1077, 51, -1,
      51, 1077, 1075, -1,
      48, 1080, 47, -1,
      47, 1080, 1081, -1,
      1082, 1083, 380, -1,
      380, 1083, 381, -1,
      1084, 1083, 1085, -1,
      1085, 1083, 1082, -1,
      1086, 1084, 1087, -1,
      1087, 1084, 1085, -1,
      1088, 1086, 1089, -1,
      1089, 1086, 1087, -1,
      1088, 1089, 383, -1,
      383, 1089, 382, -1,
      1084, 1086, 1083, -1,
      1083, 1086, 1088, -1,
      1083, 1088, 381, -1,
      381, 1088, 383, -1,
      1087, 1085, 1089, -1,
      1089, 1085, 1082, -1,
      1089, 1082, 382, -1,
      382, 1082, 380, -1,
      1090, 1091, 1092, -1,
      1092, 1091, 1093, -1,
      1094, 1090, 1095, -1,
      1095, 1090, 1092, -1,
      1096, 1094, 1097, -1,
      1097, 1094, 1095, -1,
      1095, 1092, 1097, -1,
      1097, 1092, 1093, -1,
      1097, 1093, 197, -1,
      197, 1093, 196, -1,
      198, 199, 1096, -1,
      1096, 199, 1091, -1,
      1096, 1091, 1094, -1,
      1094, 1091, 1090, -1,
      196, 1093, 199, -1,
      199, 1093, 1091, -1,
      198, 1096, 197, -1,
      197, 1096, 1097, -1,
      1098, 1099, 347, -1,
      347, 1099, 346, -1,
      1100, 1099, 1101, -1,
      1101, 1099, 1098, -1,
      1102, 1100, 1103, -1,
      1103, 1100, 1101, -1,
      1104, 1102, 1105, -1,
      1105, 1102, 1103, -1,
      1104, 1105, 344, -1,
      344, 1105, 345, -1,
      1100, 1102, 1099, -1,
      1099, 1102, 1104, -1,
      1099, 1104, 346, -1,
      346, 1104, 344, -1,
      347, 345, 1098, -1,
      1098, 345, 1105, -1,
      1098, 1105, 1101, -1,
      1101, 1105, 1103, -1,
      1106, 1107, 1108, -1,
      1108, 1107, 1109, -1,
      1110, 1106, 1111, -1,
      1111, 1106, 1108, -1,
      1112, 1110, 1113, -1,
      1113, 1110, 1111, -1,
      1111, 1108, 1113, -1,
      1113, 1108, 1109, -1,
      1113, 1109, 53, -1,
      53, 1109, 49, -1,
      1106, 1110, 1107, -1,
      1107, 1110, 1112, -1,
      1107, 1112, 50, -1,
      50, 1112, 52, -1,
      49, 1109, 50, -1,
      50, 1109, 1107, -1,
      52, 1112, 53, -1,
      53, 1112, 1113, -1,
      1114, 1115, 376, -1,
      376, 1115, 377, -1,
      1116, 1115, 1117, -1,
      1117, 1115, 1114, -1,
      1118, 1116, 1119, -1,
      1119, 1116, 1117, -1,
      1120, 1118, 1121, -1,
      1121, 1118, 1119, -1,
      1120, 1121, 379, -1,
      379, 1121, 378, -1,
      1116, 1118, 1115, -1,
      1115, 1118, 1120, -1,
      1115, 1120, 377, -1,
      377, 1120, 379, -1,
      1119, 1117, 1121, -1,
      1121, 1117, 1114, -1,
      1121, 1114, 378, -1,
      378, 1114, 376, -1,
      1122, 1123, 1124, -1,
      1124, 1123, 1125, -1,
      1126, 1122, 1127, -1,
      1127, 1122, 1124, -1,
      1128, 1126, 1129, -1,
      1129, 1126, 1127, -1,
      203, 202, 1125, -1,
      1125, 202, 1129, -1,
      1125, 1129, 1124, -1,
      1124, 1129, 1127, -1,
      1122, 1126, 1123, -1,
      1123, 1126, 1128, -1,
      1123, 1128, 200, -1,
      200, 1128, 201, -1,
      203, 1125, 200, -1,
      200, 1125, 1123, -1,
      201, 1128, 202, -1,
      202, 1128, 1129, -1,
      1130, 1131, 351, -1,
      351, 1131, 350, -1,
      1132, 1131, 1133, -1,
      1133, 1131, 1130, -1,
      1134, 1132, 1135, -1,
      1135, 1132, 1133, -1,
      1136, 1134, 1137, -1,
      1137, 1134, 1135, -1,
      1136, 1137, 348, -1,
      348, 1137, 349, -1,
      1132, 1134, 1131, -1,
      1131, 1134, 1136, -1,
      1131, 1136, 350, -1,
      350, 1136, 348, -1,
      1135, 1133, 1137, -1,
      1137, 1133, 1130, -1,
      1137, 1130, 349, -1,
      349, 1130, 351, -1,
      1138, 1139, 1140, -1,
      1140, 1139, 1141, -1,
      1142, 1138, 1143, -1,
      1143, 1138, 1140, -1,
      1144, 1142, 1145, -1,
      1145, 1142, 1143, -1,
      1143, 1140, 1145, -1,
      1145, 1140, 1141, -1,
      1145, 1141, 55, -1,
      55, 1141, 54, -1,
      1138, 1142, 1139, -1,
      1139, 1142, 1144, -1,
      1139, 1144, 61, -1,
      61, 1144, 56, -1,
      54, 1141, 61, -1,
      61, 1141, 1139, -1,
      56, 1144, 55, -1,
      55, 1144, 1145, -1,
      1146, 1147, 372, -1,
      372, 1147, 373, -1,
      1148, 1147, 1149, -1,
      1149, 1147, 1146, -1,
      1150, 1148, 1151, -1,
      1151, 1148, 1149, -1,
      1152, 1150, 1153, -1,
      1153, 1150, 1151, -1,
      1152, 1153, 375, -1,
      375, 1153, 374, -1,
      1148, 1150, 1147, -1,
      1147, 1150, 1152, -1,
      1147, 1152, 373, -1,
      373, 1152, 375, -1,
      1151, 1149, 1153, -1,
      1153, 1149, 1146, -1,
      1153, 1146, 374, -1,
      374, 1146, 372, -1,
      1154, 1155, 1156, -1,
      1156, 1155, 1157, -1,
      1158, 1154, 1159, -1,
      1159, 1154, 1156, -1,
      1160, 1158, 1161, -1,
      1161, 1158, 1159, -1,
      204, 205, 1157, -1,
      1157, 205, 1161, -1,
      1157, 1161, 1156, -1,
      1156, 1161, 1159, -1,
      1154, 1158, 1155, -1,
      1155, 1158, 1160, -1,
      1155, 1160, 207, -1,
      207, 1160, 206, -1,
      204, 1157, 207, -1,
      207, 1157, 1155, -1,
      206, 1160, 205, -1,
      205, 1160, 1161, -1,
      1162, 1163, 355, -1,
      355, 1163, 354, -1,
      1164, 1163, 1165, -1,
      1165, 1163, 1162, -1,
      1166, 1164, 1167, -1,
      1167, 1164, 1165, -1,
      1168, 1166, 1169, -1,
      1169, 1166, 1167, -1,
      1168, 1169, 352, -1,
      352, 1169, 353, -1,
      1164, 1166, 1163, -1,
      1163, 1166, 1168, -1,
      1163, 1168, 354, -1,
      354, 1168, 352, -1,
      1167, 1165, 1169, -1,
      1169, 1165, 1162, -1,
      1169, 1162, 353, -1,
      353, 1162, 355, -1,
      1170, 1171, 1172, -1,
      1172, 1171, 1173, -1,
      1174, 1170, 1175, -1,
      1175, 1170, 1172, -1,
      1176, 1174, 1177, -1,
      1177, 1174, 1175, -1,
      1175, 1172, 1177, -1,
      1177, 1172, 1173, -1,
      1177, 1173, 59, -1,
      59, 1173, 57, -1,
      1170, 1174, 1171, -1,
      1171, 1174, 1176, -1,
      1171, 1176, 58, -1,
      58, 1176, 60, -1,
      57, 1173, 58, -1,
      58, 1173, 1171, -1,
      60, 1176, 59, -1,
      59, 1176, 1177, -1,
      1178, 1179, 367, -1,
      367, 1179, 368, -1,
      1180, 1179, 1181, -1,
      1181, 1179, 1178, -1,
      1182, 1180, 1183, -1,
      1183, 1180, 1181, -1,
      1184, 1182, 1185, -1,
      1185, 1182, 1183, -1,
      1184, 1185, 371, -1,
      371, 1185, 366, -1,
      1180, 1182, 1179, -1,
      1179, 1182, 1184, -1,
      1179, 1184, 368, -1,
      368, 1184, 371, -1,
      1183, 1181, 1185, -1,
      1185, 1181, 1178, -1,
      1185, 1178, 366, -1,
      366, 1178, 367, -1,
      1186, 1187, 1188, -1,
      1188, 1187, 1189, -1,
      1190, 1186, 1191, -1,
      1191, 1186, 1188, -1,
      1192, 1190, 1193, -1,
      1193, 1190, 1191, -1,
      213, 211, 1189, -1,
      1189, 211, 1193, -1,
      1189, 1193, 1188, -1,
      1188, 1193, 1191, -1,
      1186, 1190, 1187, -1,
      1187, 1190, 1192, -1,
      1187, 1192, 214, -1,
      214, 1192, 215, -1,
      213, 1189, 214, -1,
      214, 1189, 1187, -1,
      215, 1192, 211, -1,
      211, 1192, 1193, -1,
      1194, 1195, 361, -1,
      361, 1195, 362, -1,
      1196, 1195, 1197, -1,
      1197, 1195, 1194, -1,
      1198, 1196, 1199, -1,
      1199, 1196, 1197, -1,
      1200, 1198, 1201, -1,
      1201, 1198, 1199, -1,
      1200, 1201, 359, -1,
      359, 1201, 360, -1,
      1196, 1198, 1195, -1,
      1195, 1198, 1200, -1,
      1195, 1200, 362, -1,
      362, 1200, 359, -1,
      1199, 1197, 1201, -1,
      1201, 1197, 1194, -1,
      1201, 1194, 360, -1,
      360, 1194, 361, -1,
      1202, 1203, 1204, -1,
      1204, 1203, 1205, -1,
      1206, 1202, 1207, -1,
      1207, 1202, 1204, -1,
      1208, 1206, 1209, -1,
      1209, 1206, 1207, -1,
      1207, 1204, 1209, -1,
      1209, 1204, 1205, -1,
      1209, 1205, 64, -1,
      64, 1205, 63, -1,
      1202, 1206, 1203, -1,
      1203, 1206, 1208, -1,
      1203, 1208, 62, -1,
      62, 1208, 65, -1,
      63, 1205, 62, -1,
      62, 1205, 1203, -1,
      65, 1208, 64, -1,
      64, 1208, 1209, -1,
      1210, 1211, 369, -1,
      369, 1211, 370, -1,
      1212, 1211, 1213, -1,
      1213, 1211, 1210, -1,
      1214, 1212, 1215, -1,
      1215, 1212, 1213, -1,
      1216, 1214, 1217, -1,
      1217, 1214, 1215, -1,
      1216, 1217, 364, -1,
      364, 1217, 365, -1,
      1212, 1214, 1211, -1,
      1211, 1214, 1216, -1,
      1211, 1216, 370, -1,
      370, 1216, 364, -1,
      1215, 1213, 1217, -1,
      1217, 1213, 1210, -1,
      1217, 1210, 365, -1,
      365, 1210, 369, -1,
      1218, 1219, 1220, -1,
      1220, 1219, 1221, -1,
      1222, 1218, 1223, -1,
      1223, 1218, 1220, -1,
      1224, 1222, 1225, -1,
      1225, 1222, 1223, -1,
      208, 209, 1221, -1,
      1221, 209, 1225, -1,
      1221, 1225, 1220, -1,
      1220, 1225, 1223, -1,
      1218, 1222, 1219, -1,
      1219, 1222, 1224, -1,
      1219, 1224, 212, -1,
      212, 1224, 210, -1,
      208, 1221, 212, -1,
      212, 1221, 1219, -1,
      210, 1224, 209, -1,
      209, 1224, 1225, -1,
      1226, 1227, 357, -1,
      357, 1227, 358, -1,
      1228, 1227, 1229, -1,
      1229, 1227, 1226, -1,
      1230, 1228, 1231, -1,
      1231, 1228, 1229, -1,
      1232, 1230, 1233, -1,
      1233, 1230, 1231, -1,
      1232, 1233, 363, -1,
      363, 1233, 356, -1,
      1228, 1230, 1227, -1,
      1227, 1230, 1232, -1,
      1227, 1232, 358, -1,
      358, 1232, 363, -1,
      1231, 1229, 1233, -1,
      1233, 1229, 1226, -1,
      1233, 1226, 356, -1,
      356, 1226, 357, -1,
    ]
  }
}

Shape {
  appearance Appearance {
    material Material {
      diffuseColor 0.1490 0.1490 0.1490
      specularColor 0.0745 0.0745 0.0745
      ambientIntensity 0.2
      transparency 0.0000
      shininess 0.5
    }
  }
  geometry IndexedFaceSet {
    ccw TRUE
    solid FALSE
    coord DEF co Coordinate {
      point [
        -0.800020 0.196850 0.196850,
        -0.802544 0.196850 0.196850,
        -0.893398 0.000000 0.196850,
        -0.800020 0.196850 0.236220,
        -0.802544 0.196850 0.236220,
        -0.893398 0.000000 0.236220,
      ]
    }
    coordIndex [
      3, 4, 0, -1,
      0, 4, 1, -1,
      4, 5, 1, -1,
      1, 5, 2, -1,
    ]
  }
}

Shape {
  appearance Appearance {
    material Material {
      diffuseColor 0.7529 0.7529 0.7529
      specularColor 0.3765 0.3765 0.3765
      ambientIntensity 0.2
      transparency 0.0000
      shininess 0.5
    }
  }
  geometry IndexedFaceSet {
    ccw TRUE
    solid FALSE
    coord DEF co Coordinate {
      point [
        -0.893398 0.000000 0.196850,
        -0.790329 0.063093 0.196850,
        -0.755855 0.063093 0.196850,
        -0.725925 0.000000 0.196850,
        -0.706643 0.000000 0.196850,
        -0.845092 0.063093 0.196850,
        -0.874194 0.000000 0.196850,
        -0.893398 0.000000 0.236220,
        -0.874194 0.000000 0.236220,
        -0.845092 0.063093 0.236220,
        -0.755855 0.063093 0.236220,
        -0.725925 0.000000 0.236220,
        -0.706643 0.000000 0.236220,
      ]
    }
    coordIndex [
      7, 8, 0, -1,
      0, 8, 6, -1,
      8, 9, 6, -1,
      6, 9, 5, -1,
      5, 9, 1, -1,
      1, 9, 10, -1,
      1, 10, 2, -1,
      10, 11, 2, -1,
      2, 11, 3, -1,
      11, 12, 3, -1,
      3, 12, 4, -1,
    ]
  }
}

Shape {
  appearance Appearance {
    material Material {
      diffuseColor 0.1490 0.1490 0.1490
      specularColor 0.0745 0.0745 0.0745
      ambientIntensity 0.2
      transparency 0.0000
      shininess 0.5
    }
  }
  geometry IndexedFaceSet {
    ccw TRUE
    solid FALSE
    coord DEF co Coordinate {
      point [
        -0.790329 0.176420 0.196850,
        -0.800020 0.196850 0.196850,
        -0.706643 0.000000 0.196850,
        -0.800020 0.196850 0.236220,
        -0.706643 0.000000 0.236220,
      ]
    }
    coordIndex [
      2, 4, 0, -1,
      0, 4, 3, -1,
      0, 3, 1, -1,
    ]
  }
}

Shape {
  appearance Appearance {
    material Material {
      diffuseColor 0.7529 0.7529 0.7529
      specularColor 0.3765 0.3765 0.3765
      ambientIntensity 0.2
      transparency 0.0000
      shininess 0.5
    }
  }
  geometry IndexedFaceSet {
    ccw TRUE
    solid FALSE
    coord DEF co Coordinate {
      point [
        -0.800020 0.196850 0.236220,
        -0.802544 0.196850 0.236220,
        -0.893398 0.000000 0.236220,
        -0.874194 0.000000 0.236220,
        -0.845092 0.063093 0.236220,
        -0.755855 0.063093 0.236220,
        -0.725925 0.000000 0.236220,
        -0.706643 0.000000 0.236220,
        -0.835786 0.083283 0.236220,
        -0.765437 0.083283 0.236220,
        -0.801085 0.158482 0.236220,
        -0.835786 0.083283 0.196850,
        -0.801085 0.158482 0.196850,
      ]
    }
    coordIndex [
      8, 2, 1, -1,
      0, 9, 1, -1,
      1, 9, 10, -1,
      1, 10, 8, -1,
      7, 6, 5, -1,
      3, 2, 4, -1,
      4, 2, 8, -1,
      4, 8, 5, -1,
      5, 8, 9, -1,
      5, 9, 7, -1,
      7, 9, 0, -1,
      8, 10, 11, -1,
      11, 10, 12, -1,
    ]
  }
}

Shape {
  appearance Appearance {
    material Material {
      diffuseColor 0.1490 0.1490 0.1490
      specularColor 0.0745 0.0745 0.0745
      ambientIntensity 0.2
      transparency 0.0000
      shininess 0.5
    }
  }
  geometry IndexedFaceSet {
    ccw TRUE
    solid FALSE
    coord DEF co Coordinate {
      point [
        -0.835786 0.083283 0.236220,
        -0.765437 0.083283 0.236220,
        -0.835786 0.083283 0.196850,
        -0.765437 0.083283 0.196850,
      ]
    }
    coordIndex [
      1, 0, 3, -1,
      3, 0, 2, -1,
    ]
  }
}

Shape {
  appearance Appearance {
    material Material {
      diffuseColor 0.7529 0.7529 0.7529
      specularColor 0.3765 0.3765 0.3765
      ambientIntensity 0.2
      transparency 0.0000
      shininess 0.5
    }
  }
  geometry IndexedFaceSet {
    ccw TRUE
    solid FALSE
    coord DEF co Coordinate {
      point [
        -0.580890 0.000000 0.196850,
        -0.519887 0.000000 0.196850,
        -0.519887 0.196850 0.196850,
        -0.765437 0.083283 0.236220,
        -0.801085 0.158482 0.236220,
        -0.801085 0.158482 0.196850,
        -0.765437 0.083283 0.196850,
        -0.580890 0.000000 0.236220,
        -0.519887 0.000000 0.236220,
        -0.519887 0.196850 0.236220,
      ]
    }
    coordIndex [
      4, 3, 5, -1,
      5, 3, 6, -1,
      7, 8, 0, -1,
      0, 8, 1, -1,
      8, 9, 1, -1,
      1, 9, 2, -1,
    ]
  }
}

Shape {
  appearance Appearance {
    material Material {
      diffuseColor 0.1490 0.1490 0.1490
      specularColor 0.0745 0.0745 0.0745
      ambientIntensity 0.2
      transparency 0.0000
      shininess 0.5
    }
  }
  geometry IndexedFaceSet {
    ccw TRUE
    solid FALSE
    coord DEF co Coordinate {
      point [
        -0.580890 0.000000 0.196850,
        -0.670936 0.047682 0.196850,
        -0.657514 0.027439 0.196850,
        -0.559635 0.196850 0.196850,
        -0.591169 0.195646 0.196850,
        -0.622098 0.189752 0.196850,
        -0.642018 0.179690 0.196850,
        -0.642779 0.014431 0.196850,
        -0.627967 0.006792 0.196850,
        -0.603953 0.001296 0.196850,
        -0.519887 0.196850 0.196850,
        -0.656394 0.167197 0.196850,
        -0.668943 0.149430 0.196850,
        -0.677173 0.128897 0.196850,
        -0.681126 0.105064 0.196850,
        -0.681405 0.095941 0.196850,
        -0.678635 0.069621 0.196850,
        -0.580890 0.000000 0.236220,
        -0.519887 0.196850 0.236220,
        -0.559635 0.196850 0.236220,
        -0.622098 0.189752 0.236220,
        -0.591169 0.195646 0.236220,
        -0.681405 0.095941 0.236220,
        -0.681126 0.105064 0.236220,
        -0.677173 0.128897 0.236220,
        -0.668943 0.149430 0.236220,
        -0.656394 0.167197 0.236220,
        -0.642018 0.179690 0.236220,
        -0.603953 0.001296 0.236220,
        -0.627967 0.006792 0.236220,
        -0.642779 0.014431 0.236220,
        -0.657514 0.027439 0.236220,
        -0.670936 0.047682 0.236220,
        -0.678635 0.069621 0.236220,
      ]
    }
    coordIndex [
      18, 19, 10, -1,
      10, 19, 3, -1,
      20, 5, 4, -1,
      20, 4, 21, -1,
      21, 4, 3, -1,
      21, 3, 19, -1,
      22, 15, 14, -1,
      22, 14, 23, -1,
      23, 14, 13, -1,
      23, 13, 24, -1,
      24, 13, 12, -1,
      24, 12, 25, -1,
      25, 12, 11, -1,
      25, 11, 26, -1,
      26, 11, 6, -1,
      26, 6, 27, -1,
      27, 6, 5, -1,
      27, 5, 20, -1,
      17, 0, 9, -1,
      17, 9, 28, -1,
      28, 9, 8, -1,
      28, 8, 29, -1,
      29, 8, 7, -1,
      29, 7, 30, -1,
      30, 7, 2, -1,
      30, 2, 31, -1,
      31, 2, 1, -1,
      31, 1, 32, -1,
      32, 1, 16, -1,
      32, 16, 33, -1,
      33, 16, 15, -1,
      33, 15, 22, -1,
    ]
  }
}

Shape {
  appearance Appearance {
    material Material {
      diffuseColor 0.7529 0.7529 0.7529
      specularColor 0.3765 0.3765 0.3765
      ambientIntensity 0.2
      transparency 0.0000
      shininess 0.5
    }
  }
  geometry IndexedFaceSet {
    ccw TRUE
    solid FALSE
    coord DEF co Coordinate {
      point [
        -0.580890 0.000000 0.236220,
        -0.519887 0.000000 0.236220,
        -0.519887 0.196850 0.236220,
        -0.559635 0.196850 0.236220,
        -0.622098 0.189752 0.236220,
        -0.591169 0.195646 0.236220,
        -0.681405 0.095941 0.236220,
        -0.681126 0.105064 0.236220,
        -0.677173 0.128897 0.236220,
        -0.668943 0.149430 0.236220,
        -0.656394 0.167197 0.236220,
        -0.642018 0.179690 0.236220,
        -0.603953 0.001296 0.236220,
        -0.627967 0.006792 0.236220,
        -0.642779 0.014431 0.236220,
        -0.657514 0.027439 0.236220,
        -0.670936 0.047682 0.236220,
        -0.678635 0.069621 0.236220,
        -0.581831 0.175733 0.236220,
        -0.611885 0.171140 0.236220,
        -0.620717 0.167927 0.236220,
        -0.635424 0.159326 0.236220,
        -0.646800 0.148205 0.236220,
        -0.655840 0.133804 0.236220,
        -0.661596 0.116854 0.236220,
        -0.663739 0.095980 0.236220,
        -0.663596 0.090497 0.236220,
        -0.660111 0.069698 0.236220,
        -0.653598 0.054790 0.236220,
        -0.643822 0.041902 0.236220,
        -0.632111 0.032430 0.236220,
        -0.616419 0.025198 0.236220,
        -0.588464 0.020986 0.236220,
        -0.560148 0.020190 0.236220,
        -0.537553 0.020190 0.236220,
        -0.537553 0.176661 0.236220,
        -0.551394 0.176661 0.236220,
        -0.537553 0.176661 0.196850,
        -0.537553 0.020190 0.196850,
        -0.551394 0.176661 0.196850,
      ]
    }
    coordIndex [
      18, 19, 4, -1,
      4, 19, 20, -1,
      4, 20, 11, -1,
      11, 20, 21, -1,
      11, 21, 10, -1,
      10, 21, 22, -1,
      10, 22, 9, -1,
      9, 22, 23, -1,
      9, 23, 8, -1,
      8, 23, 24, -1,
      8, 24, 7, -1,
      7, 24, 25, -1,
      7, 25, 6, -1,
      6, 25, 26, -1,
      6, 26, 17, -1,
      17, 26, 27, -1,
      17, 27, 16, -1,
      16, 27, 28, -1,
      16, 28, 15, -1,
      15, 28, 29, -1,
      15, 29, 14, -1,
      14, 29, 30, -1,
      14, 30, 13, -1,
      13, 30, 31, -1,
      13, 31, 12, -1,
      12, 31, 32, -1,
      12, 32, 0, -1,
      0, 32, 33, -1,
      0, 33, 1, -1,
      1, 33, 34, -1,
      1, 34, 2, -1,
      2, 34, 35, -1,
      2, 35, 3, -1,
      3, 35, 36, -1,
      3, 36, 5, -1,
      5, 36, 18, -1,
      5, 18, 4, -1,
      35, 34, 37, -1,
      37, 34, 38, -1,
      36, 35, 39, -1,
      39, 35, 37, -1,
    ]
  }
}

Shape {
  appearance Appearance {
    material Material {
      diffuseColor 0.1490 0.1490 0.1490
      specularColor 0.0745 0.0745 0.0745
      ambientIntensity 0.2
      transparency 0.0000
      shininess 0.5
    }
  }
  geometry IndexedFaceSet {
    ccw TRUE
    solid FALSE
    coord DEF co Coordinate {
      point [
        -0.581831 0.175733 0.236220,
        -0.611885 0.171140 0.236220,
        -0.620717 0.167927 0.236220,
        -0.635424 0.159326 0.236220,
        -0.646800 0.148205 0.236220,
        -0.655840 0.133804 0.236220,
        -0.661596 0.116854 0.236220,
        -0.663739 0.095980 0.236220,
        -0.663596 0.090497 0.236220,
        -0.660111 0.069698 0.236220,
        -0.653598 0.054790 0.236220,
        -0.643822 0.041902 0.236220,
        -0.632111 0.032430 0.236220,
        -0.616419 0.025198 0.236220,
        -0.588464 0.020986 0.236220,
        -0.560148 0.020190 0.236220,
        -0.537553 0.020190 0.236220,
        -0.551394 0.176661 0.236220,
        -0.537553 0.020190 0.196850,
        -0.551394 0.176661 0.196850,
        -0.581831 0.175733 0.196850,
        -0.611885 0.171140 0.196850,
        -0.620717 0.167927 0.196850,
        -0.635424 0.159326 0.196850,
        -0.646800 0.148205 0.196850,
        -0.655840 0.133804 0.196850,
        -0.661596 0.116854 0.196850,
        -0.663739 0.095980 0.196850,
        -0.663596 0.090497 0.196850,
        -0.660111 0.069698 0.196850,
        -0.653598 0.054790 0.196850,
        -0.643822 0.041902 0.196850,
        -0.632111 0.032430 0.196850,
        -0.616419 0.025198 0.196850,
        -0.588464 0.020986 0.196850,
        -0.560148 0.020190 0.196850,
      ]
    }
    coordIndex [
      17, 19, 20, -1,
      17, 20, 0, -1,
      0, 20, 21, -1,
      0, 21, 1, -1,
      1, 21, 22, -1,
      1, 22, 2, -1,
      2, 22, 23, -1,
      2, 23, 3, -1,
      3, 23, 24, -1,
      3, 24, 4, -1,
      4, 24, 25, -1,
      4, 25, 5, -1,
      5, 25, 26, -1,
      5, 26, 6, -1,
      6, 26, 27, -1,
      6, 27, 7, -1,
      7, 27, 28, -1,
      7, 28, 8, -1,
      8, 28, 29, -1,
      8, 29, 9, -1,
      9, 29, 30, -1,
      9, 30, 10, -1,
      10, 30, 31, -1,
      10, 31, 11, -1,
      11, 31, 32, -1,
      11, 32, 12, -1,
      12, 32, 33, -1,
      12, 33, 13, -1,
      13, 33, 34, -1,
      13, 34, 14, -1,
      14, 34, 35, -1,
      14, 35, 15, -1,
      16, 15, 18, -1,
      18, 15, 35, -1,
    ]
  }
}

Shape {
  appearance Appearance {
    material Material {
      diffuseColor 0.7529 0.7529 0.7529
      specularColor 0.3765 0.3765 0.3765
      ambientIntensity 0.2
      transparency 0.0000
      shininess 0.5
    }
  }
  geometry IndexedFaceSet {
    ccw TRUE
    solid FALSE
    coord DEF co Coordinate {
      point [
        -0.373511 0.000000 0.196850,
        -0.373511 0.196850 0.196850,
        -0.373511 0.000000 0.236220,
        -0.373511 0.196850 0.236220,
      ]
    }
    coordIndex [
      2, 3, 0, -1,
      0, 3, 1, -1,
    ]
  }
}

Shape {
  appearance Appearance {
    material Material {
      diffuseColor 0.1490 0.1490 0.1490
      specularColor 0.0745 0.0745 0.0745
      ambientIntensity 0.2
      transparency 0.0000
      shininess 0.5
    }
  }
  geometry IndexedFaceSet {
    ccw TRUE
    solid FALSE
    coord DEF co Coordinate {
      point [
        -0.373511 0.196850 0.196850,
        -0.484555 0.196850 0.196850,
        -0.373511 0.196850 0.236220,
        -0.484555 0.196850 0.236220,
      ]
    }
    coordIndex [
      2, 3, 0, -1,
      0, 3, 1, -1,
    ]
  }
}

Shape {
  appearance Appearance {
    material Material {
      diffuseColor 0.7529 0.7529 0.7529
      specularColor 0.3765 0.3765 0.3765
      ambientIntensity 0.2
      transparency 0.0000
      shininess 0.5
    }
  }
  geometry IndexedFaceSet {
    ccw TRUE
    solid FALSE
    coord DEF co Coordinate {
      point [
        -0.391177 0.176661 0.196850,
        -0.391177 0.116091 0.196850,
        -0.484555 0.176661 0.196850,
        -0.484555 0.196850 0.196850,
        -0.484555 0.196850 0.236220,
        -0.484555 0.176661 0.236220,
        -0.391177 0.176661 0.236220,
        -0.391177 0.116091 0.236220,
      ]
    }
    coordIndex [
      4, 5, 3, -1,
      3, 5, 2, -1,
      5, 6, 2, -1,
      2, 6, 0, -1,
      6, 7, 0, -1,
      0, 7, 1, -1,
    ]
  }
}

Shape {
  appearance Appearance {
    material Material {
      diffuseColor 0.1490 0.1490 0.1490
      specularColor 0.0745 0.0745 0.0745
      ambientIntensity 0.2
      transparency 0.0000
      shininess 0.5
    }
  }
  geometry IndexedFaceSet {
    ccw TRUE
    solid FALSE
    coord DEF co Coordinate {
      point [
        -0.391177 0.116091 0.196850,
        -0.484555 0.116091 0.196850,
        -0.391177 0.116091 0.236220,
        -0.484555 0.116091 0.236220,
      ]
    }
    coordIndex [
      2, 3, 0, -1,
      0, 3, 1, -1,
    ]
  }
}

Shape {
  appearance Appearance {
    material Material {
      diffuseColor 0.7529 0.7529 0.7529
      specularColor 0.3765 0.3765 0.3765
      ambientIntensity 0.2
      transparency 0.0000
      shininess 0.5
    }
  }
  geometry IndexedFaceSet {
    ccw TRUE
    solid FALSE
    coord DEF co Coordinate {
      point [
        -0.484555 0.116091 0.196850,
        -0.484555 0.095902 0.196850,
        -0.391177 0.095902 0.196850,
        -0.391177 0.020190 0.196850,
        -0.484555 0.116091 0.236220,
        -0.484555 0.095902 0.236220,
        -0.391177 0.095902 0.236220,
        -0.391177 0.020190 0.236220,
      ]
    }
    coordIndex [
      4, 5, 0, -1,
      0, 5, 1, -1,
      5, 6, 1, -1,
      1, 6, 2, -1,
      6, 7, 2, -1,
      2, 7, 3, -1,
    ]
  }
}

Shape {
  appearance Appearance {
    material Material {
      diffuseColor 0.1490 0.1490 0.1490
      specularColor 0.0745 0.0745 0.0745
      ambientIntensity 0.2
      transparency 0.0000
      shininess 0.5
    }
  }
  geometry IndexedFaceSet {
    ccw TRUE
    solid FALSE
    coord DEF co Coordinate {
      point [
        -0.391177 0.020190 0.196850,
        -0.484555 0.020190 0.196850,
        -0.391177 0.020190 0.236220,
        -0.484555 0.020190 0.236220,
      ]
    }
    coordIndex [
      2, 3, 0, -1,
      0, 3, 1, -1,
    ]
  }
}

Shape {
  appearance Appearance {
    material Material {
      diffuseColor 0.7529 0.7529 0.7529
      specularColor 0.3765 0.3765 0.3765
      ambientIntensity 0.2
      transparency 0.0000
      shininess 0.5
    }
  }
  geometry IndexedFaceSet {
    ccw TRUE
    solid FALSE
    coord DEF co Coordinate {
      point [
        -0.373511 0.000000 0.196850,
        -0.484555 0.020190 0.196850,
        -0.484555 0.000000 0.196850,
        -0.373511 0.000000 0.236220,
        -0.373511 0.196850 0.236220,
        -0.484555 0.196850 0.236220,
        -0.484555 0.176661 0.236220,
        -0.391177 0.176661 0.236220,
        -0.391177 0.116091 0.236220,
        -0.484555 0.116091 0.236220,
        -0.484555 0.095902 0.236220,
        -0.391177 0.095902 0.236220,
        -0.391177 0.020190 0.236220,
        -0.484555 0.020190 0.236220,
        -0.484555 0.000000 0.236220,
      ]
    }
    coordIndex [
      13, 14, 1, -1,
      1, 14, 2, -1,
      14, 3, 2, -1,
      2, 3, 0, -1,
      3, 14, 13, -1,
      13, 12, 3, -1,
      3, 12, 11, -1,
      3, 11, 4, -1,
      6, 5, 7, -1,
      7, 5, 4, -1,
      7, 4, 8, -1,
      8, 4, 11, -1,
      8, 11, 9, -1,
      9, 11, 10, -1,
    ]
  }
}

Shape {
  appearance Appearance {
    material Material {
      diffuseColor 0.1490 0.1490 0.1490
      specularColor 0.0745 0.0745 0.0745
      ambientIntensity 0.2
      transparency 0.0000
      shininess 0.5
    }
  }
  geometry IndexedFaceSet {
    ccw TRUE
    solid FALSE
    coord DEF co Coordinate {
      point [
        -0.269182 0.199374 0.196850,
        -0.275894 0.198602 0.196850,
        -0.293836 0.192447 0.196850,
        -0.315284 0.179447 0.196850,
        -0.327343 0.167984 0.196850,
        -0.333131 0.160730 0.196850,
        -0.247246 0.201898 0.196850,
        -0.247246 0.201898 0.236220,
        -0.275894 0.198602 0.236220,
        -0.293836 0.192447 0.236220,
        -0.315284 0.179447 0.236220,
        -0.327343 0.167984 0.236220,
        -0.333131 0.160730 0.236220,
      ]
    }
    coordIndex [
      6, 7, 0, -1,
      0, 7, 8, -1,
      0, 8, 1, -1,
      1, 8, 9, -1,
      1, 9, 2, -1,
      2, 9, 10, -1,
      2, 10, 3, -1,
      3, 10, 11, -1,
      3, 11, 4, -1,
      4, 11, 12, -1,
      4, 12, 5, -1,
    ]
  }
}

Shape {
  appearance Appearance {
    material Material {
      diffuseColor 0.7529 0.7529 0.7529
      specularColor 0.3765 0.3765 0.3765
      ambientIntensity 0.2
      transparency 0.0000
      shininess 0.5
    }
  }
  geometry IndexedFaceSet {
    ccw TRUE
    solid FALSE
    coord DEF co Coordinate {
      point [
        -0.333131 0.160730 0.196850,
        -0.317674 0.148900 0.196850,
        -0.333131 0.160730 0.236220,
        -0.317674 0.148900 0.236220,
      ]
    }
    coordIndex [
      2, 3, 0, -1,
      0, 3, 1, -1,
    ]
  }
}

Shape {
  appearance Appearance {
    material Material {
      diffuseColor 0.1490 0.1490 0.1490
      specularColor 0.0745 0.0745 0.0745
      ambientIntensity 0.2
      transparency 0.0000
      shininess 0.5
    }
  }
  geometry IndexedFaceSet {
    ccw TRUE
    solid FALSE
    coord DEF co Coordinate {
      point [
        -0.186630 0.184669 0.196850,
        -0.207485 0.195254 0.196850,
        -0.224841 0.199374 0.196850,
        -0.231517 0.200959 0.196850,
        -0.247246 0.201898 0.196850,
        -0.159440 0.107473 0.196850,
        -0.158994 0.098228 0.196850,
        -0.246142 0.181708 0.196850,
        -0.333131 0.036239 0.196850,
        -0.317674 0.047951 0.196850,
        -0.193206 0.007526 0.196850,
        -0.174180 0.021181 0.196850,
        -0.141328 0.099569 0.196850,
        -0.144583 0.126457 0.196850,
        -0.163653 0.126596 0.196850,
        -0.315754 0.018029 0.196850,
        -0.295374 0.005173 0.196850,
        -0.272990 -0.002428 0.196850,
        -0.166290 0.029378 0.196850,
        -0.151991 0.050954 0.196850,
        -0.144091 0.073585 0.196850,
        -0.178420 0.044779 0.196850,
        -0.192648 0.031767 0.196850,
        -0.257316 -0.004689 0.196850,
        -0.247483 -0.005048 0.196850,
        -0.216763 -0.001531 0.196850,
        -0.152613 0.147323 0.196850,
        -0.166126 0.166701 0.196850,
        -0.317674 0.148900 0.196850,
        -0.301888 0.164179 0.196850,
        -0.306778 0.036951 0.196850,
        -0.283378 0.174633 0.196850,
        -0.289368 0.025028 0.196850,
        -0.270417 0.017866 0.196850,
        -0.222868 0.178846 0.196850,
        -0.202774 0.171059 0.196850,
        -0.161593 0.076537 0.196850,
        -0.167814 0.060194 0.196850,
        -0.274750 0.177696 0.196850,
        -0.253007 0.181471 0.196850,
        -0.231709 0.016215 0.196850,
        -0.211707 0.021372 0.196850,
        -0.247364 0.015143 0.196850,
        -0.184655 0.158327 0.196850,
        -0.172428 0.144051 0.196850,
        -0.247246 0.201898 0.236220,
        -0.317674 0.148900 0.236220,
        -0.246142 0.181708 0.236220,
        -0.253007 0.181471 0.236220,
        -0.274750 0.177696 0.236220,
        -0.283378 0.174633 0.236220,
        -0.301888 0.164179 0.236220,
        -0.158994 0.098228 0.236220,
        -0.159440 0.107473 0.236220,
        -0.163653 0.126596 0.236220,
        -0.172428 0.144051 0.236220,
        -0.184655 0.158327 0.236220,
        -0.202774 0.171059 0.236220,
        -0.222868 0.178846 0.236220,
        -0.247364 0.015143 0.236220,
        -0.231709 0.016215 0.236220,
        -0.211707 0.021372 0.236220,
        -0.192648 0.031767 0.236220,
        -0.178420 0.044779 0.236220,
        -0.167814 0.060194 0.236220,
        -0.161593 0.076537 0.236220,
        -0.317674 0.047951 0.236220,
        -0.306778 0.036951 0.236220,
        -0.289368 0.025028 0.236220,
        -0.270417 0.017866 0.236220,
        -0.333131 0.036239 0.236220,
        -0.247483 -0.005048 0.236220,
        -0.257316 -0.004689 0.236220,
        -0.272990 -0.002428 0.236220,
        -0.295374 0.005173 0.236220,
        -0.315754 0.018029 0.236220,
        -0.166290 0.029378 0.236220,
        -0.174180 0.021181 0.236220,
        -0.193206 0.007526 0.236220,
        -0.216763 -0.001531 0.236220,
        -0.141328 0.099569 0.236220,
        -0.144091 0.073585 0.236220,
        -0.151991 0.050954 0.236220,
        -0.231517 0.200959 0.236220,
        -0.207485 0.195254 0.236220,
        -0.186630 0.184669 0.236220,
        -0.166126 0.166701 0.236220,
        -0.152613 0.147323 0.236220,
        -0.144583 0.126457 0.236220,
      ]
    }
    coordIndex [
      47, 7, 39, -1,
      47, 39, 48, -1,
      48, 39, 38, -1,
      48, 38, 49, -1,
      49, 38, 31, -1,
      49, 31, 50, -1,
      50, 31, 29, -1,
      50, 29, 51, -1,
      51, 29, 28, -1,
      51, 28, 46, -1,
      52, 6, 5, -1,
      52, 5, 53, -1,
      53, 5, 14, -1,
      53, 14, 54, -1,
      54, 14, 44, -1,
      54, 44, 55, -1,
      55, 44, 43, -1,
      55, 43, 56, -1,
      56, 43, 35, -1,
      56, 35, 57, -1,
      57, 35, 34, -1,
      57, 34, 58, -1,
      58, 34, 7, -1,
      58, 7, 47, -1,
      59, 42, 40, -1,
      59, 40, 60, -1,
      60, 40, 41, -1,
      60, 41, 61, -1,
      61, 41, 22, -1,
      61, 22, 62, -1,
      62, 22, 21, -1,
      62, 21, 63, -1,
      63, 21, 37, -1,
      63, 37, 64, -1,
      64, 37, 36, -1,
      64, 36, 65, -1,
      65, 36, 6, -1,
      65, 6, 52, -1,
      66, 9, 30, -1,
      66, 30, 67, -1,
      67, 30, 32, -1,
      67, 32, 68, -1,
      68, 32, 33, -1,
      68, 33, 69, -1,
      69, 33, 42, -1,
      69, 42, 59, -1,
      66, 70, 9, -1,
      9, 70, 8, -1,
      71, 24, 23, -1,
      71, 23, 72, -1,
      72, 23, 17, -1,
      72, 17, 73, -1,
      73, 17, 16, -1,
      73, 16, 74, -1,
      74, 16, 15, -1,
      74, 15, 75, -1,
      75, 15, 8, -1,
      75, 8, 70, -1,
      76, 18, 11, -1,
      76, 11, 77, -1,
      77, 11, 10, -1,
      77, 10, 78, -1,
      78, 10, 25, -1,
      78, 25, 79, -1,
      79, 25, 24, -1,
      79, 24, 71, -1,
      80, 12, 20, -1,
      80, 20, 81, -1,
      81, 20, 19, -1,
      81, 19, 82, -1,
      82, 19, 18, -1,
      82, 18, 76, -1,
      45, 4, 3, -1,
      45, 3, 83, -1,
      83, 3, 2, -1,
      83, 2, 84, -1,
      2, 1, 84, -1,
      84, 1, 0, -1,
      84, 0, 85, -1,
      85, 0, 27, -1,
      85, 27, 86, -1,
      86, 27, 26, -1,
      86, 26, 87, -1,
      87, 26, 13, -1,
      87, 13, 88, -1,
      88, 13, 12, -1,
      88, 12, 80, -1,
    ]
  }
}

Shape {
  appearance Appearance {
    material Material {
      diffuseColor 0.7529 0.7529 0.7529
      specularColor 0.3765 0.3765 0.3765
      ambientIntensity 0.2
      transparency 0.0000
      shininess 0.5
    }
  }
  geometry IndexedFaceSet {
    ccw TRUE
    solid FALSE
    coord DEF co Coordinate {
      point [
        -0.025237 0.000000 0.196850,
        -0.025237 0.196850 0.196850,
        -0.247246 0.201898 0.236220,
        -0.275894 0.198602 0.236220,
        -0.293836 0.192447 0.236220,
        -0.315284 0.179447 0.236220,
        -0.327343 0.167984 0.236220,
        -0.333131 0.160730 0.236220,
        -0.317674 0.148900 0.236220,
        -0.246142 0.181708 0.236220,
        -0.253007 0.181471 0.236220,
        -0.274750 0.177696 0.236220,
        -0.283378 0.174633 0.236220,
        -0.301888 0.164179 0.236220,
        -0.158994 0.098228 0.236220,
        -0.159440 0.107473 0.236220,
        -0.163653 0.126596 0.236220,
        -0.172428 0.144051 0.236220,
        -0.184655 0.158327 0.236220,
        -0.202774 0.171059 0.236220,
        -0.222868 0.178846 0.236220,
        -0.247364 0.015143 0.236220,
        -0.231709 0.016215 0.236220,
        -0.211707 0.021372 0.236220,
        -0.192648 0.031767 0.236220,
        -0.178420 0.044779 0.236220,
        -0.167814 0.060194 0.236220,
        -0.161593 0.076537 0.236220,
        -0.317674 0.047951 0.236220,
        -0.306778 0.036951 0.236220,
        -0.289368 0.025028 0.236220,
        -0.270417 0.017866 0.236220,
        -0.333131 0.036239 0.236220,
        -0.247483 -0.005048 0.236220,
        -0.257316 -0.004689 0.236220,
        -0.272990 -0.002428 0.236220,
        -0.295374 0.005173 0.236220,
        -0.315754 0.018029 0.236220,
        -0.166290 0.029378 0.236220,
        -0.174180 0.021181 0.236220,
        -0.193206 0.007526 0.236220,
        -0.216763 -0.001531 0.236220,
        -0.141328 0.099569 0.236220,
        -0.144091 0.073585 0.236220,
        -0.151991 0.050954 0.236220,
        -0.231517 0.200959 0.236220,
        -0.207485 0.195254 0.236220,
        -0.186630 0.184669 0.236220,
        -0.166126 0.166701 0.236220,
        -0.152613 0.147323 0.236220,
        -0.144583 0.126457 0.236220,
        -0.025237 0.000000 0.236220,
        -0.025237 0.196850 0.236220,
      ]
    }
    coordIndex [
      8, 7, 6, -1,
      32, 28, 37, -1,
      37, 28, 29, -1,
      37, 29, 36, -1,
      36, 29, 30, -1,
      36, 30, 35, -1,
      35, 30, 31, -1,
      35, 31, 34, -1,
      34, 31, 21, -1,
      8, 6, 13, -1,
      13, 6, 5, -1,
      13, 5, 12, -1,
      12, 5, 4, -1,
      12, 4, 11, -1,
      11, 4, 3, -1,
      11, 3, 10, -1,
      10, 3, 2, -1,
      10, 2, 9, -1,
      9, 2, 45, -1,
      9, 45, 20, -1,
      20, 45, 46, -1,
      20, 46, 19, -1,
      19, 46, 47, -1,
      19, 47, 18, -1,
      18, 47, 48, -1,
      18, 48, 17, -1,
      17, 48, 49, -1,
      17, 49, 16, -1,
      16, 49, 50, -1,
      16, 50, 15, -1,
      15, 50, 42, -1,
      15, 42, 14, -1,
      14, 42, 27, -1,
      27, 42, 43, -1,
      27, 43, 26, -1,
      26, 43, 44, -1,
      26, 44, 25, -1,
      25, 44, 38, -1,
      25, 38, 24, -1,
      24, 38, 39, -1,
      24, 39, 23, -1,
      23, 39, 40, -1,
      23, 40, 22, -1,
      22, 40, 41, -1,
      22, 41, 21, -1,
      21, 41, 33, -1,
      21, 33, 34, -1,
      51, 52, 0, -1,
      0, 52, 1, -1,
    ]
  }
}

Shape {
  appearance Appearance {
    material Material {
      diffuseColor 0.1490 0.1490 0.1490
      specularColor 0.0745 0.0745 0.0745
      ambientIntensity 0.2
      transparency 0.0000
      shininess 0.5
    }
  }
  geometry IndexedFaceSet {
    ccw TRUE
    solid FALSE
    coord DEF co Coordinate {
      point [
        -0.025237 0.196850 0.196850,
        -0.042903 0.196850 0.196850,
        -0.025237 0.196850 0.236220,
        -0.042903 0.196850 0.236220,
      ]
    }
    coordIndex [
      2, 3, 0, -1,
      0, 3, 1, -1,
    ]
  }
}

Shape {
  appearance Appearance {
    material Material {
      diffuseColor 0.7529 0.7529 0.7529
      specularColor 0.3765 0.3765 0.3765
      ambientIntensity 0.2
      transparency 0.0000
      shininess 0.5
    }
  }
  geometry IndexedFaceSet {
    ccw TRUE
    solid FALSE
    coord DEF co Coordinate {
      point [
        -0.042903 0.196850 0.196850,
        -0.042903 0.020190 0.196850,
        -0.042903 0.196850 0.236220,
        -0.042903 0.020190 0.236220,
      ]
    }
    coordIndex [
      2, 3, 0, -1,
      0, 3, 1, -1,
    ]
  }
}

Shape {
  appearance Appearance {
    material Material {
      diffuseColor 0.1490 0.1490 0.1490
      specularColor 0.0745 0.0745 0.0745
      ambientIntensity 0.2
      transparency 0.0000
      shininess 0.5
    }
  }
  geometry IndexedFaceSet {
    ccw TRUE
    solid FALSE
    coord DEF co Coordinate {
      point [
        -0.042903 0.020190 0.196850,
        -0.118615 0.020190 0.196850,
        -0.042903 0.020190 0.236220,
        -0.118615 0.020190 0.236220,
      ]
    }
    coordIndex [
      2, 3, 0, -1,
      0, 3, 1, -1,
    ]
  }
}

Shape {
  appearance Appearance {
    material Material {
      diffuseColor 0.7529 0.7529 0.7529
      specularColor 0.3765 0.3765 0.3765
      ambientIntensity 0.2
      transparency 0.0000
      shininess 0.5
    }
  }
  geometry IndexedFaceSet {
    ccw TRUE
    solid FALSE
    coord DEF co Coordinate {
      point [
        -0.025237 0.000000 0.196850,
        -0.118615 0.020190 0.196850,
        -0.118615 0.000000 0.196850,
        -0.025237 0.000000 0.236220,
        -0.025237 0.196850 0.236220,
        -0.042903 0.196850 0.236220,
        -0.042903 0.020190 0.236220,
        -0.118615 0.020190 0.236220,
        -0.118615 0.000000 0.236220,
      ]
    }
    coordIndex [
      7, 8, 1, -1,
      1, 8, 2, -1,
      8, 3, 2, -1,
      2, 3, 0, -1,
      5, 4, 6, -1,
      6, 4, 3, -1,
      6, 3, 7, -1,
      7, 3, 8, -1,
    ]
  }
}

Shape {
  appearance Appearance {
    material Material {
      diffuseColor 0.1490 0.1490 0.1490
      specularColor 0.0745 0.0745 0.0745
      ambientIntensity 0.2
      transparency 0.0000
      shininess 0.5
    }
  }
  geometry IndexedFaceSet {
    ccw TRUE
    solid FALSE
    coord DEF co Coordinate {
      point [
        -0.835786 0.083283 0.196850,
        -0.801085 0.158482 0.196850,
        -0.765437 0.083283 0.196850,
        -0.537553 0.176661 0.196850,
        -0.537553 0.020190 0.196850,
        -0.551394 0.176661 0.196850,
        -0.581831 0.175733 0.196850,
        -0.611885 0.171140 0.196850,
        -0.620717 0.167927 0.196850,
        -0.635424 0.159326 0.196850,
        -0.646800 0.148205 0.196850,
        -0.655840 0.133804 0.196850,
        -0.661596 0.116854 0.196850,
        -0.663739 0.095980 0.196850,
        -0.663596 0.090497 0.196850,
        -0.660111 0.069698 0.196850,
        -0.653598 0.054790 0.196850,
        -0.643822 0.041902 0.196850,
        -0.632111 0.032430 0.196850,
        -0.616419 0.025198 0.196850,
        -0.588464 0.020986 0.196850,
        -0.560148 0.020190 0.196850,
      ]
    }
    coordIndex [
      1, 2, 0, -1,
      3, 4, 5, -1,
      5, 4, 21, -1,
      5, 21, 6, -1,
      6, 21, 20, -1,
      6, 20, 7, -1,
      16, 15, 20, -1,
      20, 15, 14, -1,
      20, 14, 13, -1,
      19, 18, 20, -1,
      20, 18, 17, -1,
      20, 17, 16, -1,
      13, 12, 20, -1,
      20, 12, 11, -1,
      20, 11, 10, -1,
      10, 9, 20, -1,
      20, 9, 8, -1,
      20, 8, 7, -1,
    ]
  }
}
