#VRML V2.0 utf8

Shape {
  appearance Appearance {
    material Material {
      diffuseColor 0.2510 0.2510 0.2510
      specularColor 0.1255 0.1255 0.1255
      ambientIntensity 0.2
      transparency 0.0000
      shininess 0.5
    }
  }
  geometry IndexedFaceSet {
    ccw TRUE
    solid FALSE
    coord DEF co Coordinate {
      point [
        -13.539370 0.984252 -0.078740,
        -4.836868 0.984252 -0.078740,
        -4.836868 0.984252 -1.375389,
        4.817693 0.984252 -2.069510,
        4.824155 0.984252 -2.070198,
        4.759561 0.984252 -2.070198,
        5.105044 0.984252 -1.583890,
        5.107409 0.984252 -1.577177,
        5.107409 0.984252 -1.646790,
        5.521629 0.984252 -1.683018,
        5.504750 0.984252 -1.725045,
        5.380306 0.984252 -1.725045,
        5.560423 0.984252 -1.629077,
        5.547683 0.984252 -1.646790,
        5.380306 0.984252 -1.646790,
        5.864566 0.984252 -1.347804,
        5.823538 0.984252 -1.375389,
        5.380306 0.984252 -1.375389,
        5.779935 0.984252 -1.404705,
        5.717226 0.984252 -1.477231,
        5.677463 0.984252 -1.554617,
        5.668448 0.984252 -1.557642,
        5.611950 0.984252 -1.585597,
        5.959794 0.984252 -1.314246,
        5.380306 0.984252 -0.078740,
        6.038011 0.984252 -1.306029,
        6.131933 0.984252 -1.317603,
        6.219432 0.984252 -1.351356,
        13.539370 0.984252 -0.078740,
        6.258224 0.984252 -1.375389,
        13.539370 0.984252 -1.375389,
        6.265726 0.984252 -1.380036,
        6.467746 0.984252 -1.469003,
        6.392867 0.984252 -1.459736,
        6.310320 0.984252 -1.418226,
        6.371044 0.984252 -1.460922,
        6.349221 0.984252 -1.463531,
        6.611093 0.984252 -1.550822,
        6.598375 0.984252 -1.538780,
        6.538033 0.984252 -1.496325,
        13.539370 0.984252 -1.646790,
        13.539370 0.984252 -1.725045,
        6.695466 0.984252 -1.725045,
        6.687067 0.984252 -1.677843,
        6.673330 0.984252 -1.646790,
        6.656832 0.984252 -1.609498,
        6.561502 0.984252 -2.024394,
        6.620581 0.984252 -1.973991,
        13.539370 0.984252 -2.070198,
        6.663784 0.984252 -1.912365,
        6.492943 0.984252 -2.057837,
        6.466490 0.984252 -2.070198,
        6.468770 0.984252 -2.065077,
        6.691036 0.984252 -1.841733,
        6.700281 0.984252 -1.767151,
        6.699758 0.984252 -1.749169,
        13.539370 0.984252 -2.175924,
        6.366866 0.984252 -2.175924,
        6.390275 0.984252 -2.165068,
        6.426359 0.984252 -2.135757,
        6.453187 0.984252 -2.100067,
        6.209972 0.984252 -2.175924,
        6.242345 0.984252 -2.188402,
        5.380306 0.984252 -3.346457,
        6.288497 0.984252 -2.194115,
        6.302866 0.984252 -2.193588,
        13.539370 0.984252 -3.346457,
        6.347354 0.984252 -2.184972,
        6.110778 0.984252 -2.070198,
        6.111119 0.984252 -2.071614,
        5.380306 0.984252 -2.175924,
        6.133716 0.984252 -2.113804,
        6.162270 0.984252 -2.145743,
        6.200039 0.984252 -2.172094,
        5.868385 0.984252 -1.958251,
        5.855363 0.984252 -1.953107,
        5.833068 0.984252 -1.844953,
        6.146175 0.984252 -1.877213,
        5.891894 0.984252 -1.744379,
        6.174170 0.984252 -1.850811,
        6.213415 0.984252 -1.827957,
        5.880054 0.984252 -1.966521,
        5.522035 0.984252 -1.930807,
        5.559811 0.984252 -1.983480,
        5.380306 0.984252 -2.070198,
        5.498360 0.984252 -1.740955,
        5.489599 0.984252 -1.803206,
        5.498247 0.984252 -1.870704,
        5.840659 0.984252 -1.951220,
        5.838812 0.984252 -1.951354,
        5.833119 0.984252 -1.952615,
        6.564594 0.984252 -1.839633,
        6.542376 0.984252 -1.877343,
        6.446051 0.984252 -1.897365,
        6.508388 0.984252 -1.912336,
        6.466874 0.984252 -1.937937,
        6.375959 0.984252 -1.834435,
        6.575989 0.984252 -1.725045,
        6.414722 0.984252 -1.861445,
        6.580730 0.984252 -1.763356,
        6.578357 0.984252 -1.793263,
        6.334061 0.984252 -1.818341,
        6.288497 0.984252 -1.812694,
        6.258560 0.984252 -1.815007,
        5.611324 0.984252 -2.027109,
        5.669211 0.984252 -2.055475,
        5.732494 0.984252 -2.068872,
        5.899485 0.984252 -2.010046,
        5.899003 0.984252 -2.002557,
        6.098735 0.984252 -1.985377,
        5.895192 0.984252 -1.988115,
        5.887895 0.984252 -1.975168,
        5.844454 0.984252 -2.068872,
        5.855144 0.984252 -2.067150,
        5.867696 0.984252 -2.062209,
        5.880003 0.984252 -2.053459,
        5.884414 0.984252 -2.048969,
        5.892686 0.984252 -2.037049,
        5.897684 0.984252 -2.024181,
        6.099839 0.984252 -2.024815,
        6.098735 0.984252 -2.004354,
        5.643993 0.984252 -1.903481,
        5.623660 0.984252 -1.873529,
        5.611185 0.984252 -1.839486,
        5.607251 0.984252 -1.805103,
        5.607991 0.984252 -1.790254,
        5.829273 0.984252 -1.953118,
        5.743880 0.984252 -1.953118,
        5.717689 0.984252 -1.948848,
        5.683317 0.984252 -1.935198,
        5.653960 0.984252 -1.913803,
        5.755266 0.984252 -1.657089,
        5.770446 0.984252 -1.657089,
        5.631474 0.984252 -1.725045,
        5.721370 0.984252 -1.661007,
        5.616465 0.984252 -1.753686,
        6.575018 0.984252 -1.717203,
        6.558710 0.984252 -1.674898,
        5.633774 0.984252 -1.720658,
        5.658369 0.984252 -1.693312,
        5.688074 0.984252 -1.673244,
        5.811768 0.984252 -1.542446,
        5.854713 0.984252 -1.491439,
        6.290394 0.984252 -1.602057,
        5.858754 0.984252 -1.487764,
        5.912042 0.984252 -1.450711,
        6.261311 0.984252 -1.541887,
        6.539098 0.984252 -1.646790,
        6.303154 0.984252 -1.595044,
        5.772726 0.984252 -1.646790,
        5.782310 0.984252 -1.603498,
        6.345676 0.984252 -1.579302,
        6.390969 0.984252 -1.573593,
        6.411430 0.984252 -1.574697,
        6.218716 0.984252 -1.491066,
        5.971531 0.984252 -1.427855,
        6.168120 0.984252 -1.454098,
        6.036113 0.984252 -1.419886,
        6.106157 0.984252 -1.428933,
        6.458229 0.984252 -1.585977,
        6.500419 0.984252 -1.608574,
        6.532358 0.984252 -1.637129,
        4.113192 0.984252 -1.646790,
        4.199872 0.984252 -1.644539,
        4.237943 0.984252 -1.644539,
        4.301528 0.984252 -1.377640,
        4.113192 0.984252 -1.375389,
        4.363102 0.984252 -1.375389,
        4.401957 0.984252 -1.644539,
        4.440026 0.984252 -1.644539,
        4.447429 0.984252 -1.646790,
        4.363102 0.984252 -1.646790,
        4.363102 0.984252 -1.571537,
        4.376304 0.984252 -1.571537,
        4.447429 0.984252 -1.375389,
        4.363102 0.984252 -1.442574,
        4.338370 0.984252 -1.377640,
        4.697339 0.984252 -1.375389,
        4.759561 0.984252 -1.375389,
        4.728620 0.984252 -1.377640,
        4.759561 0.984252 -1.377640,
        4.728620 0.984252 -1.408342,
        4.722549 0.984252 -1.614110,
        4.697339 0.984252 -1.646790,
        4.722549 0.984252 -1.644539,
        4.759561 0.984252 -1.646790,
        4.831641 0.984252 -1.408342,
        4.831641 0.984252 -1.493760,
        4.759561 0.984252 -1.408342,
        4.759561 0.984252 -1.493760,
        4.736194 0.984252 -1.493760,
        4.736194 0.984252 -1.524325,
        4.759561 0.984252 -1.614110,
        4.759561 0.984252 -1.524325,
        4.831641 0.984252 -1.614110,
        4.831641 0.984252 -1.524325,
        4.866095 0.984252 -1.377640,
        4.881548 0.984252 -1.375389,
        4.866095 0.984252 -1.644539,
        4.988424 0.984252 -1.618340,
        4.977224 0.984252 -1.617967,
        4.930909 0.984252 -1.415522,
        4.759561 0.984252 -1.644539,
        4.881548 0.984252 -1.646790,
        4.919516 0.984252 -1.600465,
        4.919516 0.984252 -1.420077,
        4.930909 0.984252 -1.605518,
        4.946835 0.984252 -1.612581,
        5.057565 0.984252 -1.436531,
        5.070305 0.984252 -1.455236,
        5.079080 0.984252 -1.478542,
        4.982420 0.984252 -1.404248,
        4.994240 0.984252 -1.404793,
        5.055148 0.984252 -1.433858,
        5.017254 0.984252 -1.409548,
        5.038096 0.984252 -1.419574,
        5.083189 0.984252 -1.514092,
        5.083171 0.984252 -1.516583,
        5.078975 0.984252 -1.549349,
        5.050465 0.984252 -1.596564,
        5.032682 0.984252 -1.608590,
        5.013326 0.984252 -1.615586,
        4.948843 0.984252 -1.408354,
        5.070576 0.984252 -1.571096,
        5.056990 0.984252 -1.590231,
        4.955354 0.984252 -1.375389,
        4.945789 0.984252 -1.376247,
        4.930909 0.984252 -1.375389,
        4.930909 0.984252 -1.380669,
        4.919516 0.984252 -1.384054,
        4.980310 0.984252 -1.373149,
        4.930909 0.984252 -0.078740,
        4.982761 0.984252 -1.373137,
        5.107409 0.984252 -0.078740,
        5.002637 0.984252 -1.375389,
        5.107409 0.984252 -1.375389,
        5.100429 0.984252 -1.438194,
        5.080801 0.984252 -1.412435,
        5.073435 0.984252 -1.405458,
        5.047276 0.984252 -1.387629,
        5.019027 0.984252 -1.377246,
        5.123408 0.984252 -1.646790,
        5.123408 0.984252 -1.375389,
        5.112991 0.984252 -1.467924,
        5.107409 0.984252 -1.454714,
        5.115207 0.984252 -1.555040,
        5.119348 0.984252 -1.516138,
        5.118926 0.984252 -1.502902,
        5.064893 0.984252 -1.629632,
        5.039906 0.984252 -1.641832,
        5.017256 0.984252 -1.646790,
        5.085099 0.984252 -1.612609,
        5.089808 0.984252 -1.607299,
        4.993404 0.984252 -1.649042,
        5.011278 0.984252 -1.648099,
        5.107409 0.984252 -1.725045,
        4.970729 0.984252 -1.646790,
        4.930909 0.984252 -1.725045,
        4.919516 0.984252 -1.633486,
        4.923130 0.984252 -1.635308,
        4.930909 0.984252 -1.646790,
        4.930909 0.984252 -1.637938,
        4.951426 0.984252 -1.644874,
        5.088559 0.984252 -1.986473,
        5.081838 0.984252 -1.976930,
        5.076844 0.984252 -1.923172,
        4.930909 0.984252 -2.070198,
        4.942303 0.984252 -2.067947,
        4.975733 0.984252 -2.067947,
        5.067838 0.984252 -2.065295,
        5.107409 0.984252 -2.070198,
        5.055020 0.984252 -2.070127,
        5.054410 0.984252 -2.070198,
        5.089780 0.984252 -2.043378,
        5.093824 0.984252 -2.032067,
        5.095470 0.984252 -2.016914,
        4.965870 0.984252 -1.885404,
        4.956956 0.984252 -1.893931,
        5.071527 0.984252 -1.968068,
        5.057163 0.984252 -1.960789,
        5.055444 0.984252 -1.909457,
        5.032224 0.984252 -1.954692,
        5.003024 0.984252 -1.901298,
        5.014349 0.984252 -1.900112,
        5.034556 0.984252 -1.902245,
        5.079095 0.984252 -2.057440,
        5.082834 0.984252 -2.053650,
        4.975733 0.984252 -2.038473,
        4.976620 0.984252 -2.038473,
        4.981829 0.984252 -2.046401,
        4.992387 0.984252 -2.057769,
        5.095363 0.984252 -2.012599,
        5.093188 0.984252 -1.998231,
        5.045028 0.984252 -1.877052,
        5.011211 0.984252 -1.872958,
        4.991068 0.984252 -1.874777,
        4.976977 0.984252 -1.879055,
        5.076844 0.984252 -1.890697,
        5.069895 0.984252 -1.886674,
        4.950119 0.984252 -1.904739,
        4.944886 0.984252 -1.919961,
        4.942303 0.984252 -1.945277,
        4.975733 0.984252 -1.946778,
        4.976896 0.984252 -1.931996,
        4.980353 0.984252 -1.920093,
        4.984281 0.984252 -1.913208,
        4.989335 0.984252 -1.907832,
        4.995270 0.984252 -1.904007,
        5.035022 0.984252 -2.072450,
        5.107409 0.984252 -2.175924,
        5.017785 0.984252 -2.070542,
        4.930909 0.984252 -2.175924,
        5.016833 0.984252 -2.070198,
        4.896796 0.984252 -1.928767,
        4.895478 0.984252 -1.916813,
        4.891673 0.984252 -1.951955,
        4.895359 0.984252 -1.941746,
        4.897001 0.984252 -2.026739,
        4.883931 0.984252 -2.034822,
        4.881548 0.984252 -2.035718,
        4.881548 0.984252 -1.964837,
        4.887313 0.984252 -1.958922,
        4.881844 0.984252 -1.964642,
        4.867314 0.984252 -2.070198,
        4.873081 0.984252 -2.069609,
        4.881548 0.984252 -2.070198,
        4.881548 0.984252 -2.066654,
        4.897001 0.984252 -2.061261,
        4.845287 0.984252 -2.072450,
        4.881548 0.984252 -2.175924,
        4.759561 0.984252 -2.175924,
        4.777402 0.984252 -1.881418,
        4.777402 0.984252 -1.913893,
        4.875374 0.984252 -1.888104,
        4.865527 0.984252 -1.882215,
        4.881548 0.984252 -1.725045,
        4.769850 0.984252 -2.029528,
        4.773955 0.984252 -2.040122,
        4.780187 0.984252 -2.048939,
        4.891496 0.984252 -1.906050,
        4.885285 0.984252 -1.897014,
        4.881548 0.984252 -1.893655,
        4.847204 0.984252 -1.875645,
        4.822567 0.984252 -1.872958,
        4.759561 0.984252 -1.725045,
        4.804137 0.984252 -1.874217,
        4.779449 0.984252 -1.984575,
        4.773209 0.984252 -1.993784,
        4.769642 0.984252 -2.003641,
        4.768260 0.984252 -2.016096,
        4.789750 0.984252 -2.057304,
        4.799480 0.984252 -2.063085,
        4.825842 0.984252 -1.900112,
        4.835738 0.984252 -1.900854,
        4.862343 0.984252 -1.925765,
        4.844681 0.984252 -1.903221,
        4.852177 0.984252 -1.907207,
        4.862038 0.984252 -1.930212,
        4.860712 0.984252 -1.935405,
        4.858303 0.984252 -1.939915,
        4.855043 0.984252 -1.943504,
        4.843256 0.984252 -1.950872,
        4.803888 0.984252 -1.902607,
        4.822567 0.984252 -1.959878,
        4.785033 0.984252 -1.909521,
        4.809623 0.984252 -1.965115,
        4.787420 0.984252 -1.977463,
        4.857221 0.984252 -1.911665,
        4.860087 0.984252 -1.915920,
        4.861738 0.984252 -1.920433,
        4.862971 0.984252 -2.042709,
        4.846173 0.984252 -1.984166,
        4.866100 0.984252 -1.975032,
        4.842011 0.984252 -2.045159,
        4.840535 0.984252 -2.045150,
        4.824222 0.984252 -1.993359,
        4.823398 0.984252 -2.043230,
        4.802577 0.984252 -2.019370,
        4.802905 0.984252 -2.015212,
        4.814771 0.984252 -2.040072,
        4.811723 0.984252 -2.038223,
        4.807887 0.984252 -2.034818,
        4.804969 0.984252 -2.030502,
        4.803270 0.984252 -2.025748,
        4.804424 0.984252 -2.009991,
        4.807008 0.984252 -2.005560,
        4.811174 0.984252 -2.001222,
        4.531858 0.984252 -1.801048,
        4.447429 0.984252 -1.801048,
        4.447429 0.984252 -1.725045,
        4.663670 0.984252 -2.020598,
        4.659576 0.984252 -2.036290,
        4.658689 0.984252 -2.036290,
        4.567881 0.984252 -1.877324,
        4.697339 0.984252 -1.725045,
        4.602540 0.984252 -1.877324,
        4.697339 0.984252 -1.923741,
        4.654596 0.984252 -2.020871,
        4.657154 0.984252 -2.029757,
        4.697339 0.984252 -2.013476,
        4.750862 0.984252 -1.877324,
        4.713474 0.984252 -1.877324,
        4.677213 0.984252 -2.070198,
        4.676087 0.984252 -2.067537,
        4.697339 0.984252 -2.114245,
        4.697295 0.984252 -2.114195,
        4.697339 0.984252 -2.070198,
        4.690755 0.984252 -2.102196,
        4.743971 0.984252 -2.125256,
        4.743971 0.984252 -2.155003,
        4.737132 0.984252 -2.127498,
        4.725005 0.984252 -2.129077,
        4.716978 0.984252 -2.128178,
        4.697339 0.984252 -2.151772,
        4.708906 0.984252 -2.156179,
        4.697339 0.984252 -2.175924,
        4.722412 0.984252 -2.157732,
        4.729792 0.984252 -2.157467,
        4.709656 0.984252 -2.125432,
        4.703520 0.984252 -2.121172,
        4.654391 0.984252 -2.096738,
        4.669525 0.984252 -2.126212,
        4.447429 0.984252 -2.175924,
        4.643927 0.984252 -2.070198,
        4.681758 0.984252 -2.140904,
        4.684038 0.984252 -2.142993,
        4.695714 0.984252 -2.151153,
        4.394384 0.984252 -1.801048,
        4.394384 0.984252 -1.831750,
        4.363102 0.984252 -1.725045,
        4.388311 0.984252 -2.037518,
        4.363102 0.984252 -2.070198,
        4.388311 0.984252 -2.067947,
        4.447429 0.984252 -2.070198,
        4.447429 0.984252 -2.067947,
        4.531858 0.984252 -2.067947,
        4.497404 0.984252 -1.831750,
        4.497404 0.984252 -1.917168,
        4.447429 0.984252 -1.831750,
        4.447429 0.984252 -1.917168,
        4.401957 0.984252 -1.917168,
        4.401957 0.984252 -1.947733,
        4.447429 0.984252 -2.037518,
        4.447429 0.984252 -1.947733,
        4.497404 0.984252 -2.037518,
        4.497404 0.984252 -1.947733,
        5.236560 0.984252 -1.377640,
        5.236560 0.984252 -1.614110,
        5.130264 0.984252 -1.614110,
        5.271014 0.984252 -1.644539,
        5.271014 0.984252 -1.377640,
        5.130264 0.984252 -1.644539,
        5.123408 0.984252 -1.725045,
        5.133539 0.984252 -1.801048,
        5.133539 0.984252 -1.831750,
        5.236560 0.984252 -1.831750,
        5.236560 0.984252 -1.917168,
        5.127467 0.984252 -2.037518,
        5.127467 0.984252 -2.067947,
        5.123408 0.984252 -2.070198,
        5.271014 0.984252 -2.067947,
        5.271014 0.984252 -1.801048,
        5.236560 0.984252 -1.947733,
        5.236560 0.984252 -2.037518,
        5.141113 0.984252 -1.947733,
        5.141113 0.984252 -1.917168,
        5.123408 0.984252 -0.078740,
        5.123408 0.984252 -2.175924,
        5.004230 0.984252 -2.065644,
        4.461752 0.984252 -1.554863,
        4.474654 0.984252 -1.582608,
        4.495085 0.984252 -1.607151,
        4.501113 0.984252 -1.612446,
        4.527496 0.984252 -1.629459,
        4.595990 0.984252 -1.377640,
        4.554828 0.984252 -1.382238,
        4.522672 0.984252 -1.394090,
        4.495085 0.984252 -1.412981,
        4.484885 0.984252 -1.423054,
        4.468565 0.984252 -1.446570,
        4.559026 0.984252 -1.640392,
        4.598719 0.984252 -1.644539,
        4.672130 0.984252 -1.644539,
        4.672130 0.984252 -1.377640,
        4.458931 0.984252 -1.472267,
        4.454831 0.984252 -1.507678,
        4.455515 0.984252 -1.523410,
        4.881548 0.984252 -0.078740,
        4.759561 0.984252 -0.078740,
        4.697339 0.984252 -0.078740,
        4.447429 0.984252 -0.078740,
        4.363102 0.984252 -0.078740,
        4.113192 0.984252 -0.078740,
        4.127514 0.984252 -1.978270,
        4.140417 0.984252 -2.006016,
        4.113192 0.984252 -2.070198,
        4.220591 0.984252 -1.805646,
        4.188435 0.984252 -1.817498,
        4.113192 0.984252 -1.725045,
        4.160847 0.984252 -2.030559,
        4.166876 0.984252 -2.035854,
        4.193259 0.984252 -2.052867,
        4.160847 0.984252 -1.836389,
        4.150648 0.984252 -1.846462,
        4.134328 0.984252 -1.869978,
        4.224788 0.984252 -2.063800,
        4.264482 0.984252 -2.067947,
        4.337893 0.984252 -2.067947,
        4.337893 0.984252 -1.801048,
        4.261753 0.984252 -1.801048,
        4.265164 0.984252 -1.571537,
        4.124694 0.984252 -1.895675,
        4.120594 0.984252 -1.931086,
        4.121277 0.984252 -1.946818,
        4.067719 0.984252 -2.067947,
        4.105789 0.984252 -2.067947,
        3.903705 0.984252 -2.067947,
        3.930927 0.984252 -1.994945,
        4.042067 0.984252 -1.994945,
        4.004133 0.984252 -1.801048,
        3.967291 0.984252 -1.801048,
        3.865635 0.984252 -2.067947,
        -4.836868 0.984252 -2.070198,
        -4.836868 0.984252 -1.725045,
        -4.836868 0.984252 -1.646790,
        -13.539370 0.984252 -1.375389,
        -13.539370 0.984252 -1.646790,
        -13.539370 0.984252 -1.725045,
        -13.539370 0.984252 -2.070198,
        4.363102 0.984252 -2.175924,
        4.113192 0.984252 -2.175924,
        -4.836868 0.984252 -2.175924,
        -13.539370 0.984252 -2.175924,
        5.123408 0.984252 -3.346457,
        5.107409 0.984252 -3.346457,
        4.930909 0.984252 -3.346457,
        4.881548 0.984252 -3.346457,
        4.759561 0.984252 -3.346457,
        4.697339 0.984252 -3.346457,
        4.447429 0.984252 -3.346457,
        4.363102 0.984252 -3.346457,
        4.113192 0.984252 -3.346457,
        -4.836868 0.984252 -3.346457,
        -13.539370 0.984252 -3.346457,
      ]
    }
    coordIndex [
      0, 1, 2, -1,
      3, 4, 5, -1,
      6, 7, 8, -1,
      9, 10, 11, -1,
      12, 13, 14, -1,
      15, 16, 17, -1,
      17, 16, 18, -1,
      17, 18, 19, -1,
      19, 20, 17, -1,
      17, 20, 21, -1,
      17, 21, 22, -1,
      23, 24, 25, -1,
      25, 24, 26, -1,
      26, 24, 27, -1,
      27, 24, 28, -1,
      27, 28, 29, -1,
      29, 28, 30, -1,
      29, 30, 31, -1,
      30, 32, 31, -1,
      31, 32, 33, -1,
      31, 33, 34, -1,
      34, 33, 35, -1,
      34, 35, 36, -1,
      37, 38, 30, -1,
      30, 38, 39, -1,
      30, 39, 32, -1,
      40, 41, 42, -1,
      42, 43, 40, -1,
      40, 43, 44, -1,
      40, 44, 30, -1,
      30, 44, 45, -1,
      30, 45, 37, -1,
      46, 47, 48, -1,
      48, 47, 49, -1,
      46, 48, 50, -1,
      50, 48, 51, -1,
      50, 51, 52, -1,
      49, 53, 48, -1,
      48, 53, 54, -1,
      48, 54, 41, -1,
      41, 54, 55, -1,
      41, 55, 42, -1,
      56, 57, 48, -1,
      48, 57, 58, -1,
      58, 59, 48, -1,
      48, 59, 60, -1,
      48, 60, 51, -1,
      61, 62, 63, -1,
      63, 62, 64, -1,
      63, 64, 65, -1,
      56, 66, 57, -1,
      57, 66, 63, -1,
      57, 63, 67, -1,
      67, 63, 65, -1,
      68, 69, 70, -1,
      69, 71, 70, -1,
      70, 71, 72, -1,
      70, 72, 73, -1,
      74, 75, 76, -1,
      77, 78, 79, -1,
      79, 78, 80, -1,
      74, 76, 81, -1,
      82, 83, 84, -1,
      10, 85, 11, -1,
      11, 85, 86, -1,
      11, 86, 84, -1,
      84, 86, 87, -1,
      84, 87, 82, -1,
      75, 88, 76, -1,
      76, 88, 89, -1,
      76, 89, 90, -1,
      91, 92, 93, -1,
      93, 92, 94, -1,
      93, 94, 95, -1,
      96, 97, 98, -1,
      98, 97, 99, -1,
      98, 99, 93, -1,
      93, 99, 100, -1,
      93, 100, 91, -1,
      96, 101, 97, -1,
      97, 101, 102, -1,
      97, 102, 78, -1,
      78, 102, 103, -1,
      78, 103, 80, -1,
      83, 104, 84, -1,
      84, 104, 105, -1,
      84, 105, 106, -1,
      107, 108, 109, -1,
      109, 108, 110, -1,
      109, 110, 76, -1,
      76, 110, 111, -1,
      76, 111, 81, -1,
      112, 113, 68, -1,
      113, 114, 68, -1,
      68, 114, 115, -1,
      68, 115, 116, -1,
      116, 117, 68, -1,
      68, 117, 118, -1,
      68, 118, 119, -1,
      119, 118, 107, -1,
      119, 107, 120, -1,
      120, 107, 109, -1,
      121, 122, 76, -1,
      76, 122, 123, -1,
      76, 123, 78, -1,
      78, 123, 124, -1,
      78, 124, 125, -1,
      90, 126, 76, -1,
      76, 126, 127, -1,
      76, 127, 128, -1,
      128, 129, 76, -1,
      76, 129, 130, -1,
      76, 130, 121, -1,
      131, 132, 133, -1,
      131, 133, 134, -1,
      125, 135, 78, -1,
      78, 135, 133, -1,
      78, 133, 97, -1,
      97, 133, 132, -1,
      97, 132, 136, -1,
      136, 132, 137, -1,
      138, 139, 133, -1,
      133, 139, 140, -1,
      133, 140, 134, -1,
      141, 142, 143, -1,
      142, 144, 143, -1,
      143, 144, 145, -1,
      143, 145, 146, -1,
      147, 143, 148, -1,
      137, 132, 147, -1,
      147, 132, 149, -1,
      147, 149, 143, -1,
      143, 149, 150, -1,
      143, 150, 141, -1,
      148, 151, 147, -1,
      147, 151, 152, -1,
      147, 152, 153, -1,
      146, 145, 154, -1,
      154, 145, 155, -1,
      154, 155, 156, -1,
      156, 155, 157, -1,
      156, 157, 158, -1,
      159, 160, 153, -1,
      153, 160, 161, -1,
      153, 161, 147, -1,
      162, 163, 164, -1,
      163, 162, 165, -1,
      165, 162, 166, -1,
      165, 166, 167, -1,
      168, 169, 170, -1,
      171, 172, 173, -1,
      170, 169, 174, -1,
      174, 169, 175, -1,
      174, 175, 167, -1,
      167, 175, 176, -1,
      167, 176, 165, -1,
      177, 178, 179, -1,
      179, 178, 180, -1,
      179, 181, 177, -1,
      177, 181, 182, -1,
      177, 182, 183, -1,
      183, 182, 184, -1,
      183, 184, 185, -1,
      186, 187, 188, -1,
      188, 187, 189, -1,
      188, 189, 181, -1,
      181, 189, 190, -1,
      181, 190, 182, -1,
      182, 190, 191, -1,
      182, 191, 192, -1,
      192, 191, 193, -1,
      192, 193, 194, -1,
      194, 193, 195, -1,
      180, 178, 196, -1,
      196, 178, 197, -1,
      196, 197, 198, -1,
      199, 200, 201, -1,
      184, 202, 185, -1,
      185, 202, 198, -1,
      185, 198, 203, -1,
      203, 198, 197, -1,
      203, 197, 204, -1,
      204, 197, 205, -1,
      204, 205, 206, -1,
      206, 205, 201, -1,
      206, 201, 207, -1,
      207, 201, 200, -1,
      208, 209, 201, -1,
      201, 209, 210, -1,
      211, 212, 213, -1,
      213, 212, 214, -1,
      213, 214, 215, -1,
      210, 216, 201, -1,
      201, 216, 217, -1,
      201, 217, 218, -1,
      219, 220, 201, -1,
      201, 220, 221, -1,
      201, 221, 199, -1,
      208, 201, 213, -1,
      213, 201, 222, -1,
      213, 222, 211, -1,
      218, 223, 201, -1,
      201, 223, 224, -1,
      201, 224, 219, -1,
      225, 226, 227, -1,
      227, 226, 228, -1,
      227, 228, 197, -1,
      197, 228, 229, -1,
      197, 229, 205, -1,
      230, 231, 232, -1,
      232, 231, 233, -1,
      232, 233, 234, -1,
      235, 236, 237, -1,
      237, 238, 235, -1,
      235, 238, 239, -1,
      235, 239, 240, -1,
      8, 7, 241, -1,
      242, 243, 235, -1,
      235, 243, 244, -1,
      235, 244, 236, -1,
      7, 245, 241, -1,
      241, 245, 246, -1,
      241, 246, 242, -1,
      242, 246, 247, -1,
      242, 247, 243, -1,
      248, 8, 249, -1,
      249, 8, 250, -1,
      248, 251, 8, -1,
      8, 251, 252, -1,
      8, 252, 6, -1,
      253, 254, 255, -1,
      256, 253, 257, -1,
      204, 258, 203, -1,
      203, 258, 259, -1,
      203, 259, 260, -1,
      260, 259, 261, -1,
      260, 261, 262, -1,
      263, 264, 265, -1,
      266, 267, 268, -1,
      269, 270, 271, -1,
      271, 270, 272, -1,
      273, 274, 270, -1,
      270, 274, 275, -1,
      257, 276, 277, -1,
      264, 278, 265, -1,
      265, 278, 279, -1,
      265, 279, 280, -1,
      280, 279, 281, -1,
      282, 283, 281, -1,
      281, 283, 284, -1,
      281, 284, 280, -1,
      269, 285, 270, -1,
      270, 285, 286, -1,
      270, 286, 273, -1,
      287, 288, 268, -1,
      268, 288, 289, -1,
      268, 289, 290, -1,
      255, 291, 292, -1,
      253, 255, 257, -1,
      257, 255, 293, -1,
      257, 293, 294, -1,
      294, 295, 257, -1,
      257, 295, 296, -1,
      257, 296, 276, -1,
      263, 265, 292, -1,
      292, 265, 297, -1,
      292, 297, 255, -1,
      255, 297, 298, -1,
      255, 298, 293, -1,
      277, 299, 257, -1,
      257, 299, 300, -1,
      257, 300, 301, -1,
      302, 303, 281, -1,
      281, 303, 304, -1,
      281, 304, 305, -1,
      305, 306, 281, -1,
      281, 306, 307, -1,
      281, 307, 282, -1,
      308, 309, 310, -1,
      310, 309, 311, -1,
      310, 311, 312, -1,
      313, 314, 257, -1,
      315, 316, 317, -1,
      318, 319, 320, -1,
      315, 317, 321, -1,
      316, 313, 317, -1,
      317, 313, 257, -1,
      317, 257, 266, -1,
      266, 257, 301, -1,
      266, 301, 267, -1,
      318, 320, 317, -1,
      317, 320, 322, -1,
      317, 322, 321, -1,
      323, 324, 325, -1,
      325, 324, 326, -1,
      325, 326, 266, -1,
      266, 326, 327, -1,
      266, 327, 317, -1,
      328, 329, 4, -1,
      4, 329, 330, -1,
      4, 330, 5, -1,
      331, 332, 5, -1,
      333, 334, 335, -1,
      336, 337, 5, -1,
      5, 337, 338, -1,
      314, 339, 257, -1,
      257, 339, 340, -1,
      257, 340, 335, -1,
      335, 340, 341, -1,
      335, 341, 333, -1,
      334, 342, 335, -1,
      335, 342, 343, -1,
      335, 343, 344, -1,
      344, 343, 345, -1,
      344, 345, 331, -1,
      346, 347, 332, -1,
      332, 347, 348, -1,
      332, 348, 5, -1,
      5, 348, 349, -1,
      5, 349, 336, -1,
      338, 350, 5, -1,
      5, 350, 351, -1,
      5, 351, 3, -1,
      352, 353, 354, -1,
      354, 353, 355, -1,
      354, 355, 356, -1,
      354, 357, 352, -1,
      352, 357, 358, -1,
      352, 358, 359, -1,
      359, 360, 352, -1,
      352, 360, 361, -1,
      352, 361, 362, -1,
      362, 361, 363, -1,
      362, 363, 364, -1,
      364, 363, 365, -1,
      364, 365, 332, -1,
      332, 365, 366, -1,
      332, 366, 346, -1,
      367, 368, 356, -1,
      356, 368, 369, -1,
      356, 369, 354, -1,
      370, 371, 319, -1,
      319, 371, 372, -1,
      319, 372, 320, -1,
      370, 373, 371, -1,
      371, 373, 374, -1,
      371, 374, 375, -1,
      375, 374, 376, -1,
      375, 377, 378, -1,
      376, 379, 375, -1,
      375, 379, 380, -1,
      375, 380, 381, -1,
      381, 382, 375, -1,
      375, 382, 383, -1,
      375, 383, 377, -1,
      378, 384, 375, -1,
      375, 384, 385, -1,
      375, 385, 386, -1,
      387, 388, 389, -1,
      390, 391, 392, -1,
      393, 394, 395, -1,
      395, 394, 396, -1,
      395, 396, 397, -1,
      397, 396, 390, -1,
      397, 390, 398, -1,
      398, 390, 392, -1,
      399, 400, 5, -1,
      331, 5, 344, -1,
      344, 5, 400, -1,
      344, 400, 394, -1,
      394, 400, 401, -1,
      394, 401, 396, -1,
      402, 403, 399, -1,
      404, 405, 406, -1,
      406, 405, 407, -1,
      406, 407, 402, -1,
      402, 399, 406, -1,
      406, 399, 5, -1,
      406, 5, 408, -1,
      408, 5, 330, -1,
      408, 330, 409, -1,
      408, 410, 406, -1,
      406, 410, 411, -1,
      406, 411, 412, -1,
      413, 414, 415, -1,
      415, 414, 416, -1,
      415, 416, 330, -1,
      330, 416, 417, -1,
      330, 417, 409, -1,
      412, 418, 406, -1,
      406, 418, 419, -1,
      406, 419, 404, -1,
      420, 421, 422, -1,
      420, 422, 423, -1,
      421, 424, 422, -1,
      422, 424, 425, -1,
      422, 425, 415, -1,
      415, 425, 426, -1,
      415, 426, 413, -1,
      427, 428, 429, -1,
      429, 428, 430, -1,
      429, 430, 431, -1,
      431, 430, 432, -1,
      431, 432, 433, -1,
      433, 432, 434, -1,
      433, 434, 435, -1,
      436, 437, 438, -1,
      438, 437, 439, -1,
      438, 439, 428, -1,
      428, 439, 440, -1,
      428, 440, 430, -1,
      430, 440, 441, -1,
      430, 441, 442, -1,
      442, 441, 443, -1,
      442, 443, 444, -1,
      444, 443, 445, -1,
      446, 447, 448, -1,
      449, 450, 17, -1,
      17, 450, 446, -1,
      17, 446, 242, -1,
      242, 446, 448, -1,
      242, 448, 241, -1,
      448, 451, 241, -1,
      241, 451, 449, -1,
      241, 449, 14, -1,
      14, 449, 17, -1,
      14, 17, 12, -1,
      12, 17, 22, -1,
      452, 453, 454, -1,
      454, 455, 456, -1,
      457, 458, 459, -1,
      459, 458, 460, -1,
      453, 452, 461, -1,
      461, 452, 11, -1,
      461, 11, 460, -1,
      460, 11, 84, -1,
      460, 84, 459, -1,
      462, 463, 464, -1,
      464, 463, 457, -1,
      464, 457, 465, -1,
      23, 15, 24, -1,
      24, 15, 17, -1,
      24, 17, 466, -1,
      466, 17, 242, -1,
      466, 242, 233, -1,
      233, 242, 235, -1,
      233, 235, 234, -1,
      234, 235, 240, -1,
      13, 9, 14, -1,
      14, 9, 11, -1,
      14, 11, 241, -1,
      241, 11, 452, -1,
      241, 452, 8, -1,
      8, 452, 255, -1,
      8, 255, 250, -1,
      250, 255, 254, -1,
      456, 465, 454, -1,
      454, 465, 457, -1,
      454, 457, 452, -1,
      452, 457, 459, -1,
      452, 459, 255, -1,
      255, 459, 270, -1,
      255, 270, 291, -1,
      291, 270, 275, -1,
      308, 272, 309, -1,
      309, 272, 270, -1,
      309, 270, 467, -1,
      467, 270, 459, -1,
      467, 459, 70, -1,
      70, 459, 84, -1,
      70, 84, 68, -1,
      68, 84, 106, -1,
      68, 106, 112, -1,
      290, 468, 268, -1,
      268, 468, 312, -1,
      268, 312, 266, -1,
      266, 312, 311, -1,
      266, 311, 325, -1,
      325, 311, 329, -1,
      325, 329, 323, -1,
      323, 329, 328, -1,
      262, 256, 260, -1,
      260, 256, 257, -1,
      260, 257, 203, -1,
      203, 257, 335, -1,
      203, 335, 185, -1,
      185, 335, 344, -1,
      185, 344, 183, -1,
      183, 344, 394, -1,
      183, 394, 170, -1,
      469, 470, 170, -1,
      470, 471, 170, -1,
      170, 471, 472, -1,
      170, 472, 473, -1,
      177, 474, 174, -1,
      174, 474, 475, -1,
      174, 475, 476, -1,
      476, 477, 174, -1,
      174, 477, 478, -1,
      174, 478, 479, -1,
      473, 480, 170, -1,
      170, 480, 481, -1,
      170, 481, 183, -1,
      183, 481, 482, -1,
      183, 482, 177, -1,
      177, 482, 483, -1,
      177, 483, 474, -1,
      479, 484, 174, -1,
      174, 484, 485, -1,
      174, 485, 170, -1,
      170, 485, 486, -1,
      170, 486, 469, -1,
      171, 389, 429, -1,
      429, 389, 388, -1,
      429, 388, 427, -1,
      230, 225, 231, -1,
      231, 225, 227, -1,
      231, 227, 487, -1,
      487, 227, 197, -1,
      487, 197, 488, -1,
      488, 197, 178, -1,
      488, 178, 489, -1,
      489, 178, 177, -1,
      489, 177, 490, -1,
      490, 177, 174, -1,
      490, 174, 491, -1,
      491, 174, 167, -1,
      491, 167, 492, -1,
      492, 167, 166, -1,
      493, 494, 495, -1,
      496, 497, 498, -1,
      494, 499, 495, -1,
      495, 499, 500, -1,
      495, 500, 501, -1,
      497, 502, 498, -1,
      498, 502, 503, -1,
      498, 503, 504, -1,
      501, 505, 495, -1,
      495, 505, 506, -1,
      495, 506, 431, -1,
      431, 506, 507, -1,
      431, 507, 429, -1,
      429, 507, 508, -1,
      429, 508, 509, -1,
      510, 172, 164, -1,
      164, 172, 171, -1,
      164, 171, 162, -1,
      162, 171, 429, -1,
      162, 429, 498, -1,
      498, 429, 509, -1,
      498, 509, 496, -1,
      504, 511, 498, -1,
      498, 511, 512, -1,
      498, 512, 495, -1,
      495, 512, 513, -1,
      495, 513, 493, -1,
      514, 515, 495, -1,
      516, 517, 518, -1,
      495, 515, 498, -1,
      498, 515, 519, -1,
      498, 519, 520, -1,
      518, 514, 516, -1,
      516, 514, 495, -1,
      516, 495, 521, -1,
      521, 495, 522, -1,
      521, 522, 520, -1,
      520, 522, 523, -1,
      520, 523, 498, -1,
      498, 523, 524, -1,
      498, 524, 162, -1,
      162, 524, 2, -1,
      162, 2, 166, -1,
      166, 2, 1, -1,
      166, 1, 492, -1,
      0, 2, 525, -1,
      525, 2, 524, -1,
      525, 524, 526, -1,
      526, 524, 523, -1,
      526, 523, 527, -1,
      527, 523, 522, -1,
      527, 522, 528, -1,
      173, 168, 171, -1,
      171, 168, 170, -1,
      171, 170, 389, -1,
      389, 170, 394, -1,
      389, 394, 387, -1,
      387, 394, 393, -1,
      387, 393, 435, -1,
      435, 393, 423, -1,
      435, 423, 433, -1,
      433, 423, 422, -1,
      433, 422, 431, -1,
      431, 422, 529, -1,
      431, 529, 495, -1,
      495, 529, 530, -1,
      495, 530, 522, -1,
      522, 530, 531, -1,
      522, 531, 528, -1,
      528, 531, 532, -1,
      73, 61, 70, -1,
      70, 61, 63, -1,
      70, 63, 467, -1,
      467, 63, 533, -1,
      467, 533, 309, -1,
      309, 533, 534, -1,
      309, 534, 311, -1,
      311, 534, 535, -1,
      311, 535, 329, -1,
      329, 535, 536, -1,
      329, 536, 330, -1,
      330, 536, 537, -1,
      330, 537, 415, -1,
      415, 537, 538, -1,
      415, 538, 422, -1,
      422, 538, 539, -1,
      422, 539, 529, -1,
      529, 539, 540, -1,
      529, 540, 530, -1,
      530, 540, 541, -1,
      530, 541, 531, -1,
      531, 541, 542, -1,
      531, 542, 532, -1,
      532, 542, 543, -1,
    ]
  }
}

Shape {
  appearance Appearance {
    material Material {
      diffuseColor 0.7529 0.7529 0.7529
      specularColor 0.3765 0.3765 0.3765
      ambientIntensity 0.2
      transparency 0.0000
      shininess 0.5
    }
  }
  geometry IndexedFaceSet {
    ccw TRUE
    solid FALSE
    coord DEF co Coordinate {
      point [
        13.125984 -0.598425 -3.149606,
        13.196849 -0.696850 -3.149606,
        12.874015 -0.598425 -3.149606,
        12.803150 -0.696850 -3.149606,
        12.874015 -0.401575 -3.149606,
        12.803150 -0.303150 -3.149606,
        13.125984 -0.401575 -3.149606,
        13.196849 -0.303150 -3.149606,
        13.125984 0.401575 -3.149606,
        13.196849 0.303150 -3.149606,
        12.874015 0.401575 -3.149606,
        12.803150 0.303150 -3.149606,
        12.874015 0.598425 -3.149606,
        12.803150 0.696850 -3.149606,
        13.125984 0.598425 -3.149606,
        13.196849 0.696850 -3.149606,
        12.125984 -0.598425 -3.149606,
        12.196850 -0.696850 -3.149606,
        11.874016 -0.598425 -3.149606,
        11.803150 -0.696850 -3.149606,
        11.874016 -0.401575 -3.149606,
        11.803150 -0.303150 -3.149606,
        12.125984 -0.401575 -3.149606,
        12.196850 -0.303150 -3.149606,
        12.125984 0.401575 -3.149606,
        12.196850 0.303150 -3.149606,
        11.874016 0.401575 -3.149606,
        11.803150 0.303150 -3.149606,
        11.874016 0.598425 -3.149606,
        11.803150 0.696850 -3.149606,
        12.125984 0.598425 -3.149606,
        12.196850 0.696850 -3.149606,
        11.125984 -0.598425 -3.149606,
        11.196851 -0.696850 -3.149606,
        10.874016 -0.598425 -3.149606,
        10.803150 -0.696850 -3.149606,
        10.874016 -0.401575 -3.149606,
        10.803150 -0.303150 -3.149606,
        11.125984 -0.401575 -3.149606,
        11.196851 -0.303150 -3.149606,
        11.125984 0.401575 -3.149606,
        11.196851 0.303150 -3.149606,
        10.874016 0.401575 -3.149606,
        10.803150 0.303150 -3.149606,
        10.874016 0.598425 -3.149606,
        10.803150 0.696850 -3.149606,
        11.125984 0.598425 -3.149606,
        11.196851 0.696850 -3.149606,
        10.125985 -0.598425 -3.149606,
        10.196851 -0.696850 -3.149606,
        9.874016 -0.598425 -3.149606,
        9.803150 -0.696850 -3.149606,
        9.874016 -0.401575 -3.149606,
        9.803150 -0.303150 -3.149606,
        10.125985 -0.401575 -3.149606,
        10.196851 -0.303150 -3.149606,
        10.125985 0.401575 -3.149606,
        10.196851 0.303150 -3.149606,
        9.874016 0.401575 -3.149606,
        9.803150 0.303150 -3.149606,
        9.874016 0.598425 -3.149606,
        9.803150 0.696850 -3.149606,
        10.125985 0.598425 -3.149606,
        10.196851 0.696850 -3.149606,
        9.125984 -0.598425 -3.149606,
        9.196851 -0.696850 -3.149606,
        8.874015 -0.598425 -3.149606,
        8.803150 -0.696850 -3.149606,
        8.874015 -0.401575 -3.149606,
        8.803150 -0.303150 -3.149606,
        9.125984 -0.401575 -3.149606,
        9.196851 -0.303150 -3.149606,
        9.125984 0.401575 -3.149606,
        9.196851 0.303150 -3.149606,
        8.874015 0.401575 -3.149606,
        8.803150 0.303150 -3.149606,
        8.874015 0.598425 -3.149606,
        8.803150 0.696850 -3.149606,
        9.125984 0.598425 -3.149606,
        9.196851 0.696850 -3.149606,
        8.125985 -0.598425 -3.149606,
        8.196850 -0.696850 -3.149606,
        7.874016 -0.598425 -3.149606,
        7.803150 -0.696850 -3.149606,
        7.874016 -0.401575 -3.149606,
        7.803150 -0.303150 -3.149606,
        8.125985 -0.401575 -3.149606,
        8.196850 -0.303150 -3.149606,
        8.125985 0.401575 -3.149606,
        8.196850 0.303150 -3.149606,
        7.874016 0.401575 -3.149606,
        7.803150 0.303150 -3.149606,
        7.874016 0.598425 -3.149606,
        7.803150 0.696850 -3.149606,
        8.125985 0.598425 -3.149606,
        8.196850 0.696850 -3.149606,
        7.125984 -0.598425 -3.149606,
        7.196850 -0.696850 -3.149606,
        6.874015 -0.598425 -3.149606,
        6.803149 -0.696850 -3.149606,
        6.874015 -0.401575 -3.149606,
        6.803149 -0.303150 -3.149606,
        7.125984 -0.401575 -3.149606,
        7.196850 -0.303150 -3.149606,
        7.125984 0.401575 -3.149606,
        7.196850 0.303150 -3.149606,
        6.874015 0.401575 -3.149606,
        6.803149 0.303150 -3.149606,
        6.874015 0.598425 -3.149606,
        6.803149 0.696850 -3.149606,
        7.125984 0.598425 -3.149606,
        7.196850 0.696850 -3.149606,
        6.125984 -0.598425 -3.149606,
        6.196850 -0.696850 -3.149606,
        5.874016 -0.598425 -3.149606,
        5.803150 -0.696850 -3.149606,
        5.874016 -0.401575 -3.149606,
        5.803150 -0.303150 -3.149606,
        6.125984 -0.401575 -3.149606,
        6.196850 -0.303150 -3.149606,
        6.125984 0.401575 -3.149606,
        6.196850 0.303150 -3.149606,
        5.874016 0.401575 -3.149606,
        5.803150 0.303150 -3.149606,
        5.874016 0.598425 -3.149606,
        5.803150 0.696850 -3.149606,
        6.125984 0.598425 -3.149606,
        6.196850 0.696850 -3.149606,
        5.125984 -0.598425 -3.149606,
        5.196850 -0.696850 -3.149606,
        4.874016 -0.598425 -3.149606,
        4.803150 -0.696850 -3.149606,
        4.874016 -0.401575 -3.149606,
        4.803150 -0.303150 -3.149606,
        5.125984 -0.401575 -3.149606,
        5.196850 -0.303150 -3.149606,
        5.125984 0.401575 -3.149606,
        5.196850 0.303150 -3.149606,
        4.874016 0.401575 -3.149606,
        4.803150 0.303150 -3.149606,
        4.874016 0.598425 -3.149606,
        4.803150 0.696850 -3.149606,
        5.125984 0.598425 -3.149606,
        5.196850 0.696850 -3.149606,
        4.125984 -0.598425 -3.149606,
        4.196850 -0.696850 -3.149606,
        3.874016 -0.598425 -3.149606,
        3.803150 -0.696850 -3.149606,
        3.874016 -0.401575 -3.149606,
        3.803150 -0.303150 -3.149606,
        4.125984 -0.401575 -3.149606,
        4.196850 -0.303150 -3.149606,
        4.125984 0.401575 -3.149606,
        4.196850 0.303150 -3.149606,
        3.874016 0.401575 -3.149606,
        3.803150 0.303150 -3.149606,
        3.874016 0.598425 -3.149606,
        3.803150 0.696850 -3.149606,
        4.125984 0.598425 -3.149606,
        4.196850 0.696850 -3.149606,
        3.125984 -0.598425 -3.149606,
        3.196851 -0.696850 -3.149606,
        2.874016 -0.598425 -3.149606,
        2.803150 -0.696850 -3.149606,
        2.874016 -0.401575 -3.149606,
        2.803150 -0.303150 -3.149606,
        3.125984 -0.401575 -3.149606,
        3.196851 -0.303150 -3.149606,
        3.125984 0.401575 -3.149606,
        3.196851 0.303150 -3.149606,
        2.874016 0.401575 -3.149606,
        2.803150 0.303150 -3.149606,
        2.874016 0.598425 -3.149606,
        2.803150 0.696850 -3.149606,
        3.125984 0.598425 -3.149606,
        3.196851 0.696850 -3.149606,
        2.125984 -0.598425 -3.149606,
        2.196850 -0.696850 -3.149606,
        1.874016 -0.598425 -3.149606,
        1.803150 -0.696850 -3.149606,
        1.874016 -0.401575 -3.149606,
        1.803150 -0.303150 -3.149606,
        2.125984 -0.401575 -3.149606,
        2.196850 -0.303150 -3.149606,
        2.125984 0.401575 -3.149606,
        2.196850 0.303150 -3.149606,
        1.874016 0.401575 -3.149606,
        1.803150 0.303150 -3.149606,
        1.874016 0.598425 -3.149606,
        1.803150 0.696850 -3.149606,
        2.125984 0.598425 -3.149606,
        2.196850 0.696850 -3.149606,
        1.125984 -0.598425 -3.149606,
        1.196850 -0.696850 -3.149606,
        0.874016 -0.598425 -3.149606,
        0.803150 -0.696850 -3.149606,
        0.874016 -0.401575 -3.149606,
        0.803150 -0.303150 -3.149606,
        1.125984 -0.401575 -3.149606,
        1.196850 -0.303150 -3.149606,
        1.125984 0.401575 -3.149606,
        1.196850 0.303150 -3.149606,
        0.874016 0.401575 -3.149606,
        0.803150 0.303150 -3.149606,
        0.874016 0.598425 -3.149606,
        0.803150 0.696850 -3.149606,
        1.125984 0.598425 -3.149606,
        1.196850 0.696850 -3.149606,
        0.125984 -0.598425 -3.149606,
        0.196850 -0.696850 -3.149606,
        -0.125984 -0.598425 -3.149606,
        -0.196850 -0.696850 -3.149606,
        -0.125984 -0.401575 -3.149606,
        -0.196850 -0.303150 -3.149606,
        0.125984 -0.401575 -3.149606,
        0.196850 -0.303150 -3.149606,
        0.125984 0.401575 -3.149606,
        0.196850 0.303150 -3.149606,
        -0.125984 0.401575 -3.149606,
        -0.196850 0.303150 -3.149606,
        -0.125984 0.598425 -3.149606,
        -0.196850 0.696850 -3.149606,
        0.125984 0.598425 -3.149606,
        0.196850 0.696850 -3.149606,
        -0.874016 -0.598425 -3.149606,
        -0.803150 -0.696850 -3.149606,
        -1.125984 -0.598425 -3.149606,
        -1.196850 -0.696850 -3.149606,
        -1.125984 -0.401575 -3.149606,
        -1.196850 -0.303150 -3.149606,
        -0.874016 -0.401575 -3.149606,
        -0.803150 -0.303150 -3.149606,
        -0.874016 0.401575 -3.149606,
        -0.803150 0.303150 -3.149606,
        -1.125984 0.401575 -3.149606,
        -1.196850 0.303150 -3.149606,
        -1.125984 0.598425 -3.149606,
        -1.196850 0.696850 -3.149606,
        -0.874016 0.598425 -3.149606,
        -0.803150 0.696850 -3.149606,
        -1.874016 -0.598425 -3.149606,
        -1.803150 -0.696850 -3.149606,
        -2.125984 -0.598425 -3.149606,
        -2.196850 -0.696850 -3.149606,
        -2.125984 -0.401575 -3.149606,
        -2.196850 -0.303150 -3.149606,
        -1.874016 -0.401575 -3.149606,
        -1.803150 -0.303150 -3.149606,
        -1.874016 0.401575 -3.149606,
        -1.803150 0.303150 -3.149606,
        -2.125984 0.401575 -3.149606,
        -2.196850 0.303150 -3.149606,
        -2.125984 0.598425 -3.149606,
        -2.196850 0.696850 -3.149606,
        -1.874016 0.598425 -3.149606,
        -1.803150 0.696850 -3.149606,
        -2.874016 -0.598425 -3.149606,
        -2.803150 -0.696850 -3.149606,
        -3.125984 -0.598425 -3.149606,
        -3.196851 -0.696850 -3.149606,
        -3.125984 -0.401575 -3.149606,
        -3.196851 -0.303150 -3.149606,
        -2.874016 -0.401575 -3.149606,
        -2.803150 -0.303150 -3.149606,
        -2.874016 0.401575 -3.149606,
        -2.803150 0.303150 -3.149606,
        -3.125984 0.401575 -3.149606,
        -3.196851 0.303150 -3.149606,
        -3.125984 0.598425 -3.149606,
        -3.196851 0.696850 -3.149606,
        -2.874016 0.598425 -3.149606,
        -2.803150 0.696850 -3.149606,
        -3.874016 -0.598425 -3.149606,
        -3.803150 -0.696850 -3.149606,
        -4.125984 -0.598425 -3.149606,
        -4.196850 -0.696850 -3.149606,
        -4.125984 -0.401575 -3.149606,
        -4.196850 -0.303150 -3.149606,
        -3.874016 -0.401575 -3.149606,
        -3.803150 -0.303150 -3.149606,
        -3.874016 0.401575 -3.149606,
        -3.803150 0.303150 -3.149606,
        -4.125984 0.401575 -3.149606,
        -4.196850 0.303150 -3.149606,
        -4.125984 0.598425 -3.149606,
        -4.196850 0.696850 -3.149606,
        -3.874016 0.598425 -3.149606,
        -3.803150 0.696850 -3.149606,
        -4.874016 -0.598425 -3.149606,
        -4.803150 -0.696850 -3.149606,
        -5.125984 -0.598425 -3.149606,
        -5.196850 -0.696850 -3.149606,
        -5.125984 -0.401575 -3.149606,
        -5.196850 -0.303150 -3.149606,
        -4.874016 -0.401575 -3.149606,
        -4.803150 -0.303150 -3.149606,
        -4.874016 0.401575 -3.149606,
        -4.803150 0.303150 -3.149606,
        -5.125984 0.401575 -3.149606,
        -5.196850 0.303150 -3.149606,
        -5.125984 0.598425 -3.149606,
        -5.196850 0.696850 -3.149606,
        -4.874016 0.598425 -3.149606,
        -4.803150 0.696850 -3.149606,
        -5.874016 -0.598425 -3.149606,
        -5.803150 -0.696850 -3.149606,
        -6.125984 -0.598425 -3.149606,
        -6.196850 -0.696850 -3.149606,
        -6.125984 -0.401575 -3.149606,
        -6.196850 -0.303150 -3.149606,
        -5.874016 -0.401575 -3.149606,
        -5.803150 -0.303150 -3.149606,
        -5.874016 0.401575 -3.149606,
        -5.803150 0.303150 -3.149606,
        -6.125984 0.401575 -3.149606,
        -6.196850 0.303150 -3.149606,
        -6.125984 0.598425 -3.149606,
        -6.196850 0.696850 -3.149606,
        -5.874016 0.598425 -3.149606,
        -5.803150 0.696850 -3.149606,
        -6.874015 -0.598425 -3.149606,
        -6.803149 -0.696850 -3.149606,
        -7.125984 -0.598425 -3.149606,
        -7.196850 -0.696850 -3.149606,
        -7.125984 -0.401575 -3.149606,
        -7.196850 -0.303150 -3.149606,
        -6.874015 -0.401575 -3.149606,
        -6.803149 -0.303150 -3.149606,
        -6.874015 0.401575 -3.149606,
        -6.803149 0.303150 -3.149606,
        -7.125984 0.401575 -3.149606,
        -7.196850 0.303150 -3.149606,
        -7.125984 0.598425 -3.149606,
        -7.196850 0.696850 -3.149606,
        -6.874015 0.598425 -3.149606,
        -6.803149 0.696850 -3.149606,
        -7.874016 -0.598425 -3.149606,
        -7.803150 -0.696850 -3.149606,
        -8.125985 -0.598425 -3.149606,
        -8.196850 -0.696850 -3.149606,
        -8.125985 -0.401575 -3.149606,
        -8.196850 -0.303150 -3.149606,
        -7.874016 -0.401575 -3.149606,
        -7.803150 -0.303150 -3.149606,
        -7.874016 0.401575 -3.149606,
        -7.803150 0.303150 -3.149606,
        -8.125985 0.401575 -3.149606,
        -8.196850 0.303150 -3.149606,
        -8.125985 0.598425 -3.149606,
        -8.196850 0.696850 -3.149606,
        -7.874016 0.598425 -3.149606,
        -7.803150 0.696850 -3.149606,
        -8.874015 -0.598425 -3.149606,
        -8.803150 -0.696850 -3.149606,
        -9.125984 -0.598425 -3.149606,
        -9.196851 -0.696850 -3.149606,
        -9.125984 -0.401575 -3.149606,
        -9.196851 -0.303150 -3.149606,
        -8.874015 -0.401575 -3.149606,
        -8.803150 -0.303150 -3.149606,
        -8.874015 0.401575 -3.149606,
        -8.803150 0.303150 -3.149606,
        -9.125984 0.401575 -3.149606,
        -9.196851 0.303150 -3.149606,
        -9.125984 0.598425 -3.149606,
        -9.196851 0.696850 -3.149606,
        -8.874015 0.598425 -3.149606,
        -8.803150 0.696850 -3.149606,
        -9.874016 -0.598425 -3.149606,
        -9.803150 -0.696850 -3.149606,
        -10.125985 -0.598425 -3.149606,
        -10.196851 -0.696850 -3.149606,
        -10.125985 -0.401575 -3.149606,
        -10.196851 -0.303150 -3.149606,
        -9.874016 -0.401575 -3.149606,
        -9.803150 -0.303150 -3.149606,
        -9.874016 0.401575 -3.149606,
        -9.803150 0.303150 -3.149606,
        -10.125985 0.401575 -3.149606,
        -10.196851 0.303150 -3.149606,
        -10.125985 0.598425 -3.149606,
        -10.196851 0.696850 -3.149606,
        -9.874016 0.598425 -3.149606,
        -9.803150 0.696850 -3.149606,
        -10.874016 -0.598425 -3.149606,
        -10.803150 -0.696850 -3.149606,
        -11.125984 -0.598425 -3.149606,
        -11.196851 -0.696850 -3.149606,
        -11.125984 -0.401575 -3.149606,
        -11.196851 -0.303150 -3.149606,
        -10.874016 -0.401575 -3.149606,
        -10.803150 -0.303150 -3.149606,
        -10.874016 0.401575 -3.149606,
        -10.803150 0.303150 -3.149606,
        -11.125984 0.401575 -3.149606,
        -11.196851 0.303150 -3.149606,
        -11.125984 0.598425 -3.149606,
        -11.196851 0.696850 -3.149606,
        -10.874016 0.598425 -3.149606,
        -10.803150 0.696850 -3.149606,
        -11.874016 -0.598425 -3.149606,
        -11.803150 -0.696850 -3.149606,
        -12.125984 -0.598425 -3.149606,
        -12.196850 -0.696850 -3.149606,
        -12.125984 -0.401575 -3.149606,
        -12.196850 -0.303150 -3.149606,
        -11.874016 -0.401575 -3.149606,
        -11.803150 -0.303150 -3.149606,
        -11.874016 0.401575 -3.149606,
        -11.803150 0.303150 -3.149606,
        -12.125984 0.401575 -3.149606,
        -12.196850 0.303150 -3.149606,
        -12.125984 0.598425 -3.149606,
        -12.196850 0.696850 -3.149606,
        -11.874016 0.598425 -3.149606,
        -11.803150 0.696850 -3.149606,
        -12.874015 -0.598425 -3.149606,
        -12.803150 -0.696850 -3.149606,
        -13.125984 -0.598425 -3.149606,
        -13.196849 -0.696850 -3.149606,
        -13.125984 -0.401575 -3.149606,
        -13.196849 -0.303150 -3.149606,
        -12.874015 -0.401575 -3.149606,
        -12.803150 -0.303150 -3.149606,
        13.196849 -0.303150 -3.228346,
        13.196849 -0.696850 -3.228346,
        12.803150 -0.303150 -3.228346,
        12.803150 -0.696850 -3.228346,
        13.196849 0.696850 -3.228346,
        13.196849 0.303150 -3.228346,
        12.803150 0.696850 -3.228346,
        12.803150 0.303150 -3.228346,
        12.196850 -0.303150 -3.228346,
        12.196850 -0.696850 -3.228346,
        11.803150 -0.303150 -3.228346,
        11.803150 -0.696850 -3.228346,
        12.196850 0.696850 -3.228346,
        12.196850 0.303150 -3.228346,
        11.803150 0.696850 -3.228346,
        11.803150 0.303150 -3.228346,
        11.196851 -0.303150 -3.228346,
        11.196851 -0.696850 -3.228346,
        10.803150 -0.303150 -3.228346,
        10.803150 -0.696850 -3.228346,
        11.196851 0.696850 -3.228346,
        11.196851 0.303150 -3.228346,
        10.803150 0.696850 -3.228346,
        10.803150 0.303150 -3.228346,
        10.196851 -0.303150 -3.228346,
        10.196851 -0.696850 -3.228346,
        9.803150 -0.303150 -3.228346,
        9.803150 -0.696850 -3.228346,
        10.196851 0.696850 -3.228346,
        10.196851 0.303150 -3.228346,
        9.803150 0.696850 -3.228346,
        9.803150 0.303150 -3.228346,
        9.196851 -0.303150 -3.228346,
        9.196851 -0.696850 -3.228346,
        8.803150 -0.303150 -3.228346,
        8.803150 -0.696850 -3.228346,
        9.196851 0.696850 -3.228346,
        9.196851 0.303150 -3.228346,
        8.803150 0.696850 -3.228346,
        8.803150 0.303150 -3.228346,
        8.196850 -0.303150 -3.228346,
        8.196850 -0.696850 -3.228346,
        7.803150 -0.303150 -3.228346,
        7.803150 -0.696850 -3.228346,
        8.196850 0.696850 -3.228346,
        8.196850 0.303150 -3.228346,
        7.803150 0.696850 -3.228346,
        7.803150 0.303150 -3.228346,
        7.196850 -0.303150 -3.228346,
        7.196850 -0.696850 -3.228346,
        6.803149 -0.303150 -3.228346,
        6.803149 -0.696850 -3.228346,
        7.196850 0.696850 -3.228346,
        7.196850 0.303150 -3.228346,
        6.803149 0.696850 -3.228346,
        6.803149 0.303150 -3.228346,
        6.196850 -0.303150 -3.228346,
        6.196850 -0.696850 -3.228346,
        5.803150 -0.303150 -3.228346,
        5.803150 -0.696850 -3.228346,
        6.196850 0.696850 -3.228346,
        6.196850 0.303150 -3.228346,
        5.803150 0.696850 -3.228346,
        5.803150 0.303150 -3.228346,
        5.196850 -0.303150 -3.228346,
        5.196850 -0.696850 -3.228346,
        4.803150 -0.303150 -3.228346,
        4.803150 -0.696850 -3.228346,
        5.196850 0.696850 -3.228346,
        5.196850 0.303150 -3.228346,
        4.803150 0.696850 -3.228346,
        4.803150 0.303150 -3.228346,
        4.196850 -0.303150 -3.228346,
        4.196850 -0.696850 -3.228346,
        3.803150 -0.303150 -3.228346,
        3.803150 -0.696850 -3.228346,
        4.196850 0.696850 -3.228346,
        4.196850 0.303150 -3.228346,
        3.803150 0.696850 -3.228346,
        3.803150 0.303150 -3.228346,
        3.196851 -0.303150 -3.228346,
        3.196851 -0.696850 -3.228346,
        2.803150 -0.303150 -3.228346,
        2.803150 -0.696850 -3.228346,
        3.196851 0.696850 -3.228346,
        3.196851 0.303150 -3.228346,
        2.803150 0.696850 -3.228346,
        2.803150 0.303150 -3.228346,
        2.196850 -0.303150 -3.228346,
        2.196850 -0.696850 -3.228346,
        1.803150 -0.303150 -3.228346,
        1.803150 -0.696850 -3.228346,
        2.196850 0.696850 -3.228346,
        2.196850 0.303150 -3.228346,
        1.803150 0.696850 -3.228346,
        1.803150 0.303150 -3.228346,
        1.196850 -0.303150 -3.228346,
        1.196850 -0.696850 -3.228346,
        0.803150 -0.303150 -3.228346,
        0.803150 -0.696850 -3.228346,
        1.196850 0.696850 -3.228346,
        1.196850 0.303150 -3.228346,
        0.803150 0.696850 -3.228346,
        0.803150 0.303150 -3.228346,
        0.196850 -0.303150 -3.228346,
        0.196850 -0.696850 -3.228346,
        -0.196850 -0.303150 -3.228346,
        -0.196850 -0.696850 -3.228346,
        0.196850 0.696850 -3.228346,
        0.196850 0.303150 -3.228346,
        -0.196850 0.696850 -3.228346,
        -0.196850 0.303150 -3.228346,
        -0.803150 -0.303150 -3.228346,
        -0.803150 -0.696850 -3.228346,
        -1.196850 -0.303150 -3.228346,
        -1.196850 -0.696850 -3.228346,
        -0.803150 0.696850 -3.228346,
        -0.803150 0.303150 -3.228346,
        -1.196850 0.696850 -3.228346,
        -1.196850 0.303150 -3.228346,
        -1.803150 -0.303150 -3.228346,
        -1.803150 -0.696850 -3.228346,
        -2.196850 -0.303150 -3.228346,
        -2.196850 -0.696850 -3.228346,
        -1.803150 0.696850 -3.228346,
        -1.803150 0.303150 -3.228346,
        -2.196850 0.696850 -3.228346,
        -2.196850 0.303150 -3.228346,
        -2.803150 -0.303150 -3.228346,
        -2.803150 -0.696850 -3.228346,
        -3.196851 -0.303150 -3.228346,
        -3.196851 -0.696850 -3.228346,
        -2.803150 0.696850 -3.228346,
        -2.803150 0.303150 -3.228346,
        -3.196851 0.696850 -3.228346,
        -3.196851 0.303150 -3.228346,
        -3.803150 -0.303150 -3.228346,
        -3.803150 -0.696850 -3.228346,
        -4.196850 -0.303150 -3.228346,
        -4.196850 -0.696850 -3.228346,
        -3.803150 0.696850 -3.228346,
        -3.803150 0.303150 -3.228346,
        -4.196850 0.696850 -3.228346,
        -4.196850 0.303150 -3.228346,
        -4.803150 -0.303150 -3.228346,
        -4.803150 -0.696850 -3.228346,
        -5.196850 -0.303150 -3.228346,
        -5.196850 -0.696850 -3.228346,
        -4.803150 0.696850 -3.228346,
        -4.803150 0.303150 -3.228346,
        -5.196850 0.696850 -3.228346,
        -5.196850 0.303150 -3.228346,
        -5.803150 -0.303150 -3.228346,
        -5.803150 -0.696850 -3.228346,
        -6.196850 -0.303150 -3.228346,
        -6.196850 -0.696850 -3.228346,
        -5.803150 0.696850 -3.228346,
        -5.803150 0.303150 -3.228346,
        -6.196850 0.696850 -3.228346,
        -6.196850 0.303150 -3.228346,
        -6.803149 -0.303150 -3.228346,
        -6.803149 -0.696850 -3.228346,
        -7.196850 -0.303150 -3.228346,
        -7.196850 -0.696850 -3.228346,
        -6.803149 0.696850 -3.228346,
        -6.803149 0.303150 -3.228346,
        -7.196850 0.696850 -3.228346,
        -7.196850 0.303150 -3.228346,
        -7.803150 -0.303150 -3.228346,
        -7.803150 -0.696850 -3.228346,
        -8.196850 -0.303150 -3.228346,
        -8.196850 -0.696850 -3.228346,
        -7.803150 0.696850 -3.228346,
        -7.803150 0.303150 -3.228346,
        -8.196850 0.696850 -3.228346,
        -8.196850 0.303150 -3.228346,
        -8.803150 -0.303150 -3.228346,
        -8.803150 -0.696850 -3.228346,
        -9.196851 -0.303150 -3.228346,
        -9.196851 -0.696850 -3.228346,
        -8.803150 0.696850 -3.228346,
        -8.803150 0.303150 -3.228346,
        -9.196851 0.696850 -3.228346,
        -9.196851 0.303150 -3.228346,
        -9.803150 -0.303150 -3.228346,
        -9.803150 -0.696850 -3.228346,
        -10.196851 -0.303150 -3.228346,
        -10.196851 -0.696850 -3.228346,
        -9.803150 0.696850 -3.228346,
        -9.803150 0.303150 -3.228346,
        -10.196851 0.696850 -3.228346,
        -10.196851 0.303150 -3.228346,
        -10.803150 -0.303150 -3.228346,
        -10.803150 -0.696850 -3.228346,
        -11.196851 -0.303150 -3.228346,
        -11.196851 -0.696850 -3.228346,
        -10.803150 0.696850 -3.228346,
        -10.803150 0.303150 -3.228346,
        -11.196851 0.696850 -3.228346,
        -11.196851 0.303150 -3.228346,
        -11.803150 -0.303150 -3.228346,
        -11.803150 -0.696850 -3.228346,
        -12.196850 -0.303150 -3.228346,
        -12.196850 -0.696850 -3.228346,
        -11.803150 0.696850 -3.228346,
        -11.803150 0.303150 -3.228346,
        -12.196850 0.696850 -3.228346,
        -12.196850 0.303150 -3.228346,
        -12.803150 -0.303150 -3.228346,
        -12.803150 -0.696850 -3.228346,
        -13.196849 -0.303150 -3.228346,
        -13.196849 -0.696850 -3.228346,
        -12.874015 0.401575 -3.149606,
        -12.803150 0.303150 -3.149606,
        -13.125984 0.401575 -3.149606,
        -13.196849 0.303150 -3.149606,
        -13.125984 0.598425 -3.149606,
        -13.196849 0.696850 -3.149606,
        -12.874015 0.598425 -3.149606,
        -12.803150 0.696850 -3.149606,
      ]
    }
    coordIndex [
      0, 1, 2, -1,
      2, 1, 3, -1,
      2, 3, 4, -1,
      4, 3, 5, -1,
      4, 5, 6, -1,
      6, 5, 7, -1,
      6, 7, 0, -1,
      0, 7, 1, -1,
      8, 9, 10, -1,
      10, 9, 11, -1,
      10, 11, 12, -1,
      12, 11, 13, -1,
      12, 13, 14, -1,
      14, 13, 15, -1,
      14, 15, 8, -1,
      8, 15, 9, -1,
      16, 17, 18, -1,
      18, 17, 19, -1,
      18, 19, 20, -1,
      20, 19, 21, -1,
      20, 21, 22, -1,
      22, 21, 23, -1,
      22, 23, 16, -1,
      16, 23, 17, -1,
      24, 25, 26, -1,
      26, 25, 27, -1,
      26, 27, 28, -1,
      28, 27, 29, -1,
      28, 29, 30, -1,
      30, 29, 31, -1,
      30, 31, 24, -1,
      24, 31, 25, -1,
      32, 33, 34, -1,
      34, 33, 35, -1,
      34, 35, 36, -1,
      36, 35, 37, -1,
      36, 37, 38, -1,
      38, 37, 39, -1,
      38, 39, 32, -1,
      32, 39, 33, -1,
      40, 41, 42, -1,
      42, 41, 43, -1,
      42, 43, 44, -1,
      44, 43, 45, -1,
      44, 45, 46, -1,
      46, 45, 47, -1,
      46, 47, 40, -1,
      40, 47, 41, -1,
      48, 49, 50, -1,
      50, 49, 51, -1,
      50, 51, 52, -1,
      52, 51, 53, -1,
      52, 53, 54, -1,
      54, 53, 55, -1,
      54, 55, 48, -1,
      48, 55, 49, -1,
      56, 57, 58, -1,
      58, 57, 59, -1,
      58, 59, 60, -1,
      60, 59, 61, -1,
      60, 61, 62, -1,
      62, 61, 63, -1,
      62, 63, 56, -1,
      56, 63, 57, -1,
      64, 65, 66, -1,
      66, 65, 67, -1,
      66, 67, 68, -1,
      68, 67, 69, -1,
      68, 69, 70, -1,
      70, 69, 71, -1,
      70, 71, 64, -1,
      64, 71, 65, -1,
      72, 73, 74, -1,
      74, 73, 75, -1,
      74, 75, 76, -1,
      76, 75, 77, -1,
      76, 77, 78, -1,
      78, 77, 79, -1,
      78, 79, 72, -1,
      72, 79, 73, -1,
      80, 81, 82, -1,
      82, 81, 83, -1,
      82, 83, 84, -1,
      84, 83, 85, -1,
      84, 85, 86, -1,
      86, 85, 87, -1,
      86, 87, 80, -1,
      80, 87, 81, -1,
      88, 89, 90, -1,
      90, 89, 91, -1,
      90, 91, 92, -1,
      92, 91, 93, -1,
      92, 93, 94, -1,
      94, 93, 95, -1,
      94, 95, 88, -1,
      88, 95, 89, -1,
      96, 97, 98, -1,
      98, 97, 99, -1,
      98, 99, 100, -1,
      100, 99, 101, -1,
      100, 101, 102, -1,
      102, 101, 103, -1,
      102, 103, 96, -1,
      96, 103, 97, -1,
      104, 105, 106, -1,
      106, 105, 107, -1,
      106, 107, 108, -1,
      108, 107, 109, -1,
      108, 109, 110, -1,
      110, 109, 111, -1,
      110, 111, 104, -1,
      104, 111, 105, -1,
      112, 113, 114, -1,
      114, 113, 115, -1,
      114, 115, 116, -1,
      116, 115, 117, -1,
      116, 117, 118, -1,
      118, 117, 119, -1,
      118, 119, 112, -1,
      112, 119, 113, -1,
      120, 121, 122, -1,
      122, 121, 123, -1,
      122, 123, 124, -1,
      124, 123, 125, -1,
      124, 125, 126, -1,
      126, 125, 127, -1,
      126, 127, 120, -1,
      120, 127, 121, -1,
      128, 129, 130, -1,
      130, 129, 131, -1,
      130, 131, 132, -1,
      132, 131, 133, -1,
      132, 133, 134, -1,
      134, 133, 135, -1,
      134, 135, 128, -1,
      128, 135, 129, -1,
      136, 137, 138, -1,
      138, 137, 139, -1,
      138, 139, 140, -1,
      140, 139, 141, -1,
      140, 141, 142, -1,
      142, 141, 143, -1,
      142, 143, 136, -1,
      136, 143, 137, -1,
      144, 145, 146, -1,
      146, 145, 147, -1,
      146, 147, 148, -1,
      148, 147, 149, -1,
      148, 149, 150, -1,
      150, 149, 151, -1,
      150, 151, 144, -1,
      144, 151, 145, -1,
      152, 153, 154, -1,
      154, 153, 155, -1,
      154, 155, 156, -1,
      156, 155, 157, -1,
      156, 157, 158, -1,
      158, 157, 159, -1,
      158, 159, 152, -1,
      152, 159, 153, -1,
      160, 161, 162, -1,
      162, 161, 163, -1,
      162, 163, 164, -1,
      164, 163, 165, -1,
      164, 165, 166, -1,
      166, 165, 167, -1,
      166, 167, 160, -1,
      160, 167, 161, -1,
      168, 169, 170, -1,
      170, 169, 171, -1,
      170, 171, 172, -1,
      172, 171, 173, -1,
      172, 173, 174, -1,
      174, 173, 175, -1,
      174, 175, 168, -1,
      168, 175, 169, -1,
      176, 177, 178, -1,
      178, 177, 179, -1,
      178, 179, 180, -1,
      180, 179, 181, -1,
      180, 181, 182, -1,
      182, 181, 183, -1,
      182, 183, 176, -1,
      176, 183, 177, -1,
      184, 185, 186, -1,
      186, 185, 187, -1,
      186, 187, 188, -1,
      188, 187, 189, -1,
      188, 189, 190, -1,
      190, 189, 191, -1,
      190, 191, 184, -1,
      184, 191, 185, -1,
      192, 193, 194, -1,
      194, 193, 195, -1,
      194, 195, 196, -1,
      196, 195, 197, -1,
      196, 197, 198, -1,
      198, 197, 199, -1,
      198, 199, 192, -1,
      192, 199, 193, -1,
      200, 201, 202, -1,
      202, 201, 203, -1,
      202, 203, 204, -1,
      204, 203, 205, -1,
      204, 205, 206, -1,
      206, 205, 207, -1,
      206, 207, 200, -1,
      200, 207, 201, -1,
      208, 209, 210, -1,
      210, 209, 211, -1,
      210, 211, 212, -1,
      212, 211, 213, -1,
      212, 213, 214, -1,
      214, 213, 215, -1,
      214, 215, 208, -1,
      208, 215, 209, -1,
      216, 217, 218, -1,
      218, 217, 219, -1,
      218, 219, 220, -1,
      220, 219, 221, -1,
      220, 221, 222, -1,
      222, 221, 223, -1,
      222, 223, 216, -1,
      216, 223, 217, -1,
      224, 225, 226, -1,
      226, 225, 227, -1,
      226, 227, 228, -1,
      228, 227, 229, -1,
      228, 229, 230, -1,
      230, 229, 231, -1,
      230, 231, 224, -1,
      224, 231, 225, -1,
      232, 233, 234, -1,
      234, 233, 235, -1,
      234, 235, 236, -1,
      236, 235, 237, -1,
      236, 237, 238, -1,
      238, 237, 239, -1,
      238, 239, 232, -1,
      232, 239, 233, -1,
      240, 241, 242, -1,
      242, 241, 243, -1,
      242, 243, 244, -1,
      244, 243, 245, -1,
      244, 245, 246, -1,
      246, 245, 247, -1,
      246, 247, 240, -1,
      240, 247, 241, -1,
      248, 249, 250, -1,
      250, 249, 251, -1,
      250, 251, 252, -1,
      252, 251, 253, -1,
      252, 253, 254, -1,
      254, 253, 255, -1,
      254, 255, 248, -1,
      248, 255, 249, -1,
      256, 257, 258, -1,
      258, 257, 259, -1,
      258, 259, 260, -1,
      260, 259, 261, -1,
      260, 261, 262, -1,
      262, 261, 263, -1,
      262, 263, 256, -1,
      256, 263, 257, -1,
      264, 265, 266, -1,
      266, 265, 267, -1,
      266, 267, 268, -1,
      268, 267, 269, -1,
      268, 269, 270, -1,
      270, 269, 271, -1,
      270, 271, 264, -1,
      264, 271, 265, -1,
      272, 273, 274, -1,
      274, 273, 275, -1,
      274, 275, 276, -1,
      276, 275, 277, -1,
      276, 277, 278, -1,
      278, 277, 279, -1,
      278, 279, 272, -1,
      272, 279, 273, -1,
      280, 281, 282, -1,
      282, 281, 283, -1,
      282, 283, 284, -1,
      284, 283, 285, -1,
      284, 285, 286, -1,
      286, 285, 287, -1,
      286, 287, 280, -1,
      280, 287, 281, -1,
      288, 289, 290, -1,
      290, 289, 291, -1,
      290, 291, 292, -1,
      292, 291, 293, -1,
      292, 293, 294, -1,
      294, 293, 295, -1,
      294, 295, 288, -1,
      288, 295, 289, -1,
      296, 297, 298, -1,
      298, 297, 299, -1,
      298, 299, 300, -1,
      300, 299, 301, -1,
      300, 301, 302, -1,
      302, 301, 303, -1,
      302, 303, 296, -1,
      296, 303, 297, -1,
      304, 305, 306, -1,
      306, 305, 307, -1,
      306, 307, 308, -1,
      308, 307, 309, -1,
      308, 309, 310, -1,
      310, 309, 311, -1,
      310, 311, 304, -1,
      304, 311, 305, -1,
      312, 313, 314, -1,
      314, 313, 315, -1,
      314, 315, 316, -1,
      316, 315, 317, -1,
      316, 317, 318, -1,
      318, 317, 319, -1,
      318, 319, 312, -1,
      312, 319, 313, -1,
      320, 321, 322, -1,
      322, 321, 323, -1,
      322, 323, 324, -1,
      324, 323, 325, -1,
      324, 325, 326, -1,
      326, 325, 327, -1,
      326, 327, 320, -1,
      320, 327, 321, -1,
      328, 329, 330, -1,
      330, 329, 331, -1,
      330, 331, 332, -1,
      332, 331, 333, -1,
      332, 333, 334, -1,
      334, 333, 335, -1,
      334, 335, 328, -1,
      328, 335, 329, -1,
      336, 337, 338, -1,
      338, 337, 339, -1,
      338, 339, 340, -1,
      340, 339, 341, -1,
      340, 341, 342, -1,
      342, 341, 343, -1,
      342, 343, 336, -1,
      336, 343, 337, -1,
      344, 345, 346, -1,
      346, 345, 347, -1,
      346, 347, 348, -1,
      348, 347, 349, -1,
      348, 349, 350, -1,
      350, 349, 351, -1,
      350, 351, 344, -1,
      344, 351, 345, -1,
      352, 353, 354, -1,
      354, 353, 355, -1,
      354, 355, 356, -1,
      356, 355, 357, -1,
      356, 357, 358, -1,
      358, 357, 359, -1,
      358, 359, 352, -1,
      352, 359, 353, -1,
      360, 361, 362, -1,
      362, 361, 363, -1,
      362, 363, 364, -1,
      364, 363, 365, -1,
      364, 365, 366, -1,
      366, 365, 367, -1,
      366, 367, 360, -1,
      360, 367, 361, -1,
      368, 369, 370, -1,
      370, 369, 371, -1,
      370, 371, 372, -1,
      372, 371, 373, -1,
      372, 373, 374, -1,
      374, 373, 375, -1,
      374, 375, 368, -1,
      368, 375, 369, -1,
      376, 377, 378, -1,
      378, 377, 379, -1,
      378, 379, 380, -1,
      380, 379, 381, -1,
      380, 381, 382, -1,
      382, 381, 383, -1,
      382, 383, 376, -1,
      376, 383, 377, -1,
      384, 385, 386, -1,
      386, 385, 387, -1,
      386, 387, 388, -1,
      388, 387, 389, -1,
      388, 389, 390, -1,
      390, 389, 391, -1,
      390, 391, 384, -1,
      384, 391, 385, -1,
      392, 393, 394, -1,
      394, 393, 395, -1,
      394, 395, 396, -1,
      396, 395, 397, -1,
      396, 397, 398, -1,
      398, 397, 399, -1,
      398, 399, 392, -1,
      392, 399, 393, -1,
      400, 401, 402, -1,
      402, 401, 403, -1,
      402, 403, 404, -1,
      404, 403, 405, -1,
      404, 405, 406, -1,
      406, 405, 407, -1,
      406, 407, 400, -1,
      400, 407, 401, -1,
      408, 409, 410, -1,
      410, 409, 411, -1,
      410, 411, 412, -1,
      412, 411, 413, -1,
      412, 413, 414, -1,
      414, 413, 415, -1,
      414, 415, 408, -1,
      408, 415, 409, -1,
      416, 417, 418, -1,
      418, 417, 419, -1,
      418, 419, 420, -1,
      420, 419, 421, -1,
      420, 421, 422, -1,
      422, 421, 423, -1,
      422, 423, 416, -1,
      416, 423, 417, -1,
      424, 425, 7, -1,
      7, 425, 1, -1,
      426, 424, 5, -1,
      5, 424, 7, -1,
      427, 426, 3, -1,
      3, 426, 5, -1,
      425, 427, 1, -1,
      1, 427, 3, -1,
      428, 429, 15, -1,
      15, 429, 9, -1,
      430, 428, 13, -1,
      13, 428, 15, -1,
      431, 430, 11, -1,
      11, 430, 13, -1,
      429, 431, 9, -1,
      9, 431, 11, -1,
      432, 433, 23, -1,
      23, 433, 17, -1,
      434, 432, 21, -1,
      21, 432, 23, -1,
      435, 434, 19, -1,
      19, 434, 21, -1,
      433, 435, 17, -1,
      17, 435, 19, -1,
      436, 437, 31, -1,
      31, 437, 25, -1,
      438, 436, 29, -1,
      29, 436, 31, -1,
      439, 438, 27, -1,
      27, 438, 29, -1,
      437, 439, 25, -1,
      25, 439, 27, -1,
      440, 441, 39, -1,
      39, 441, 33, -1,
      442, 440, 37, -1,
      37, 440, 39, -1,
      443, 442, 35, -1,
      35, 442, 37, -1,
      441, 443, 33, -1,
      33, 443, 35, -1,
      444, 445, 47, -1,
      47, 445, 41, -1,
      446, 444, 45, -1,
      45, 444, 47, -1,
      447, 446, 43, -1,
      43, 446, 45, -1,
      445, 447, 41, -1,
      41, 447, 43, -1,
      448, 449, 55, -1,
      55, 449, 49, -1,
      450, 448, 53, -1,
      53, 448, 55, -1,
      451, 450, 51, -1,
      51, 450, 53, -1,
      449, 451, 49, -1,
      49, 451, 51, -1,
      452, 453, 63, -1,
      63, 453, 57, -1,
      454, 452, 61, -1,
      61, 452, 63, -1,
      455, 454, 59, -1,
      59, 454, 61, -1,
      453, 455, 57, -1,
      57, 455, 59, -1,
      456, 457, 71, -1,
      71, 457, 65, -1,
      458, 456, 69, -1,
      69, 456, 71, -1,
      459, 458, 67, -1,
      67, 458, 69, -1,
      457, 459, 65, -1,
      65, 459, 67, -1,
      460, 461, 79, -1,
      79, 461, 73, -1,
      462, 460, 77, -1,
      77, 460, 79, -1,
      463, 462, 75, -1,
      75, 462, 77, -1,
      461, 463, 73, -1,
      73, 463, 75, -1,
      464, 465, 87, -1,
      87, 465, 81, -1,
      466, 464, 85, -1,
      85, 464, 87, -1,
      467, 466, 83, -1,
      83, 466, 85, -1,
      465, 467, 81, -1,
      81, 467, 83, -1,
      468, 469, 95, -1,
      95, 469, 89, -1,
      470, 468, 93, -1,
      93, 468, 95, -1,
      471, 470, 91, -1,
      91, 470, 93, -1,
      469, 471, 89, -1,
      89, 471, 91, -1,
      472, 473, 103, -1,
      103, 473, 97, -1,
      474, 472, 101, -1,
      101, 472, 103, -1,
      475, 474, 99, -1,
      99, 474, 101, -1,
      473, 475, 97, -1,
      97, 475, 99, -1,
      476, 477, 111, -1,
      111, 477, 105, -1,
      478, 476, 109, -1,
      109, 476, 111, -1,
      479, 478, 107, -1,
      107, 478, 109, -1,
      477, 479, 105, -1,
      105, 479, 107, -1,
      480, 481, 119, -1,
      119, 481, 113, -1,
      482, 480, 117, -1,
      117, 480, 119, -1,
      483, 482, 115, -1,
      115, 482, 117, -1,
      481, 483, 113, -1,
      113, 483, 115, -1,
      484, 485, 127, -1,
      127, 485, 121, -1,
      486, 484, 125, -1,
      125, 484, 127, -1,
      487, 486, 123, -1,
      123, 486, 125, -1,
      485, 487, 121, -1,
      121, 487, 123, -1,
      488, 489, 135, -1,
      135, 489, 129, -1,
      490, 488, 133, -1,
      133, 488, 135, -1,
      491, 490, 131, -1,
      131, 490, 133, -1,
      489, 491, 129, -1,
      129, 491, 131, -1,
      492, 493, 143, -1,
      143, 493, 137, -1,
      494, 492, 141, -1,
      141, 492, 143, -1,
      495, 494, 139, -1,
      139, 494, 141, -1,
      493, 495, 137, -1,
      137, 495, 139, -1,
      496, 497, 151, -1,
      151, 497, 145, -1,
      498, 496, 149, -1,
      149, 496, 151, -1,
      499, 498, 147, -1,
      147, 498, 149, -1,
      497, 499, 145, -1,
      145, 499, 147, -1,
      500, 501, 159, -1,
      159, 501, 153, -1,
      502, 500, 157, -1,
      157, 500, 159, -1,
      503, 502, 155, -1,
      155, 502, 157, -1,
      501, 503, 153, -1,
      153, 503, 155, -1,
      504, 505, 167, -1,
      167, 505, 161, -1,
      506, 504, 165, -1,
      165, 504, 167, -1,
      507, 506, 163, -1,
      163, 506, 165, -1,
      505, 507, 161, -1,
      161, 507, 163, -1,
      508, 509, 175, -1,
      175, 509, 169, -1,
      510, 508, 173, -1,
      173, 508, 175, -1,
      511, 510, 171, -1,
      171, 510, 173, -1,
      509, 511, 169, -1,
      169, 511, 171, -1,
      512, 513, 183, -1,
      183, 513, 177, -1,
      514, 512, 181, -1,
      181, 512, 183, -1,
      515, 514, 179, -1,
      179, 514, 181, -1,
      513, 515, 177, -1,
      177, 515, 179, -1,
      516, 517, 191, -1,
      191, 517, 185, -1,
      518, 516, 189, -1,
      189, 516, 191, -1,
      519, 518, 187, -1,
      187, 518, 189, -1,
      517, 519, 185, -1,
      185, 519, 187, -1,
      520, 521, 199, -1,
      199, 521, 193, -1,
      522, 520, 197, -1,
      197, 520, 199, -1,
      523, 522, 195, -1,
      195, 522, 197, -1,
      521, 523, 193, -1,
      193, 523, 195, -1,
      524, 525, 207, -1,
      207, 525, 201, -1,
      526, 524, 205, -1,
      205, 524, 207, -1,
      527, 526, 203, -1,
      203, 526, 205, -1,
      525, 527, 201, -1,
      201, 527, 203, -1,
      528, 529, 215, -1,
      215, 529, 209, -1,
      530, 528, 213, -1,
      213, 528, 215, -1,
      531, 530, 211, -1,
      211, 530, 213, -1,
      529, 531, 209, -1,
      209, 531, 211, -1,
      532, 533, 223, -1,
      223, 533, 217, -1,
      534, 532, 221, -1,
      221, 532, 223, -1,
      535, 534, 219, -1,
      219, 534, 221, -1,
      533, 535, 217, -1,
      217, 535, 219, -1,
      536, 537, 231, -1,
      231, 537, 225, -1,
      538, 536, 229, -1,
      229, 536, 231, -1,
      539, 538, 227, -1,
      227, 538, 229, -1,
      537, 539, 225, -1,
      225, 539, 227, -1,
      540, 541, 239, -1,
      239, 541, 233, -1,
      542, 540, 237, -1,
      237, 540, 239, -1,
      543, 542, 235, -1,
      235, 542, 237, -1,
      541, 543, 233, -1,
      233, 543, 235, -1,
      544, 545, 247, -1,
      247, 545, 241, -1,
      546, 544, 245, -1,
      245, 544, 247, -1,
      547, 546, 243, -1,
      243, 546, 245, -1,
      545, 547, 241, -1,
      241, 547, 243, -1,
      548, 549, 255, -1,
      255, 549, 249, -1,
      550, 548, 253, -1,
      253, 548, 255, -1,
      551, 550, 251, -1,
      251, 550, 253, -1,
      549, 551, 249, -1,
      249, 551, 251, -1,
      552, 553, 263, -1,
      263, 553, 257, -1,
      554, 552, 261, -1,
      261, 552, 263, -1,
      555, 554, 259, -1,
      259, 554, 261, -1,
      553, 555, 257, -1,
      257, 555, 259, -1,
      556, 557, 271, -1,
      271, 557, 265, -1,
      558, 556, 269, -1,
      269, 556, 271, -1,
      559, 558, 267, -1,
      267, 558, 269, -1,
      557, 559, 265, -1,
      265, 559, 267, -1,
      560, 561, 279, -1,
      279, 561, 273, -1,
      562, 560, 277, -1,
      277, 560, 279, -1,
      563, 562, 275, -1,
      275, 562, 277, -1,
      561, 563, 273, -1,
      273, 563, 275, -1,
      564, 565, 287, -1,
      287, 565, 281, -1,
      566, 564, 285, -1,
      285, 564, 287, -1,
      567, 566, 283, -1,
      283, 566, 285, -1,
      565, 567, 281, -1,
      281, 567, 283, -1,
      568, 569, 295, -1,
      295, 569, 289, -1,
      570, 568, 293, -1,
      293, 568, 295, -1,
      571, 570, 291, -1,
      291, 570, 293, -1,
      569, 571, 289, -1,
      289, 571, 291, -1,
      572, 573, 303, -1,
      303, 573, 297, -1,
      574, 572, 301, -1,
      301, 572, 303, -1,
      575, 574, 299, -1,
      299, 574, 301, -1,
      573, 575, 297, -1,
      297, 575, 299, -1,
      576, 577, 311, -1,
      311, 577, 305, -1,
      578, 576, 309, -1,
      309, 576, 311, -1,
      579, 578, 307, -1,
      307, 578, 309, -1,
      577, 579, 305, -1,
      305, 579, 307, -1,
      580, 581, 319, -1,
      319, 581, 313, -1,
      582, 580, 317, -1,
      317, 580, 319, -1,
      583, 582, 315, -1,
      315, 582, 317, -1,
      581, 583, 313, -1,
      313, 583, 315, -1,
      584, 585, 327, -1,
      327, 585, 321, -1,
      586, 584, 325, -1,
      325, 584, 327, -1,
      587, 586, 323, -1,
      323, 586, 325, -1,
      585, 587, 321, -1,
      321, 587, 323, -1,
      588, 589, 335, -1,
      335, 589, 329, -1,
      590, 588, 333, -1,
      333, 588, 335, -1,
      591, 590, 331, -1,
      331, 590, 333, -1,
      589, 591, 329, -1,
      329, 591, 331, -1,
      592, 593, 343, -1,
      343, 593, 337, -1,
      594, 592, 341, -1,
      341, 592, 343, -1,
      595, 594, 339, -1,
      339, 594, 341, -1,
      593, 595, 337, -1,
      337, 595, 339, -1,
      596, 597, 351, -1,
      351, 597, 345, -1,
      598, 596, 349, -1,
      349, 596, 351, -1,
      599, 598, 347, -1,
      347, 598, 349, -1,
      597, 599, 345, -1,
      345, 599, 347, -1,
      600, 601, 359, -1,
      359, 601, 353, -1,
      602, 600, 357, -1,
      357, 600, 359, -1,
      603, 602, 355, -1,
      355, 602, 357, -1,
      601, 603, 353, -1,
      353, 603, 355, -1,
      604, 605, 367, -1,
      367, 605, 361, -1,
      606, 604, 365, -1,
      365, 604, 367, -1,
      607, 606, 363, -1,
      363, 606, 365, -1,
      605, 607, 361, -1,
      361, 607, 363, -1,
      608, 609, 375, -1,
      375, 609, 369, -1,
      610, 608, 373, -1,
      373, 608, 375, -1,
      611, 610, 371, -1,
      371, 610, 373, -1,
      609, 611, 369, -1,
      369, 611, 371, -1,
      612, 613, 383, -1,
      383, 613, 377, -1,
      614, 612, 381, -1,
      381, 612, 383, -1,
      615, 614, 379, -1,
      379, 614, 381, -1,
      613, 615, 377, -1,
      377, 615, 379, -1,
      616, 617, 391, -1,
      391, 617, 385, -1,
      618, 616, 389, -1,
      389, 616, 391, -1,
      619, 618, 387, -1,
      387, 618, 389, -1,
      617, 619, 385, -1,
      385, 619, 387, -1,
      620, 621, 399, -1,
      399, 621, 393, -1,
      622, 620, 397, -1,
      397, 620, 399, -1,
      623, 622, 395, -1,
      395, 622, 397, -1,
      621, 623, 393, -1,
      393, 623, 395, -1,
      624, 625, 407, -1,
      407, 625, 401, -1,
      626, 624, 405, -1,
      405, 624, 407, -1,
      627, 626, 403, -1,
      403, 626, 405, -1,
      625, 627, 401, -1,
      401, 627, 403, -1,
      628, 629, 415, -1,
      415, 629, 409, -1,
      630, 628, 413, -1,
      413, 628, 415, -1,
      631, 630, 411, -1,
      411, 630, 413, -1,
      629, 631, 409, -1,
      409, 631, 411, -1,
      632, 633, 423, -1,
      423, 633, 417, -1,
      634, 632, 421, -1,
      421, 632, 423, -1,
      635, 634, 419, -1,
      419, 634, 421, -1,
      633, 635, 417, -1,
      417, 635, 419, -1,
      636, 637, 638, -1,
      638, 637, 639, -1,
      638, 639, 640, -1,
      640, 639, 641, -1,
      640, 641, 642, -1,
      642, 641, 643, -1,
      642, 643, 636, -1,
      636, 643, 637, -1,
    ]
  }
}

Shape {
  appearance Appearance {
    material Material {
      diffuseColor 0.2510 0.2510 0.2510
      specularColor 0.1255 0.1255 0.1255
      ambientIntensity 0.2
      transparency 0.0000
      shininess 0.5
    }
  }
  geometry IndexedFaceSet {
    ccw TRUE
    solid FALSE
    coord DEF co Coordinate {
      point [
        -13.539370 0.984252 -0.078740,
        13.539370 0.984252 -0.078740,
        13.539370 0.984252 -3.346457,
        -13.539370 0.984252 -3.346457,
        13.196849 -0.303150 -3.228346,
        13.196849 -0.696850 -3.228346,
        12.803150 -0.303150 -3.228346,
        12.803150 -0.696850 -3.228346,
        13.196849 0.696850 -3.228346,
        13.196849 0.303150 -3.228346,
        12.803150 0.696850 -3.228346,
        12.803150 0.303150 -3.228346,
        12.196850 -0.303150 -3.228346,
        12.196850 -0.696850 -3.228346,
        11.803150 -0.303150 -3.228346,
        11.803150 -0.696850 -3.228346,
        12.196850 0.696850 -3.228346,
        12.196850 0.303150 -3.228346,
        11.803150 0.696850 -3.228346,
        11.803150 0.303150 -3.228346,
        11.196851 -0.303150 -3.228346,
        11.196851 -0.696850 -3.228346,
        10.803150 -0.303150 -3.228346,
        10.803150 -0.696850 -3.228346,
        11.196851 0.696850 -3.228346,
        11.196851 0.303150 -3.228346,
        10.803150 0.696850 -3.228346,
        10.803150 0.303150 -3.228346,
        10.196851 -0.303150 -3.228346,
        10.196851 -0.696850 -3.228346,
        9.803150 -0.303150 -3.228346,
        9.803150 -0.696850 -3.228346,
        10.196851 0.696850 -3.228346,
        10.196851 0.303150 -3.228346,
        9.803150 0.696850 -3.228346,
        9.803150 0.303150 -3.228346,
        9.196851 -0.303150 -3.228346,
        9.196851 -0.696850 -3.228346,
        8.803150 -0.303150 -3.228346,
        8.803150 -0.696850 -3.228346,
        9.196851 0.696850 -3.228346,
        9.196851 0.303150 -3.228346,
        8.803150 0.696850 -3.228346,
        8.803150 0.303150 -3.228346,
        8.196850 -0.303150 -3.228346,
        8.196850 -0.696850 -3.228346,
        7.803150 -0.303150 -3.228346,
        7.803150 -0.696850 -3.228346,
        8.196850 0.696850 -3.228346,
        8.196850 0.303150 -3.228346,
        7.803150 0.696850 -3.228346,
        7.803150 0.303150 -3.228346,
        7.196850 -0.303150 -3.228346,
        7.196850 -0.696850 -3.228346,
        6.803149 -0.303150 -3.228346,
        6.803149 -0.696850 -3.228346,
        7.196850 0.696850 -3.228346,
        7.196850 0.303150 -3.228346,
        6.803149 0.696850 -3.228346,
        6.803149 0.303150 -3.228346,
        6.196850 -0.303150 -3.228346,
        6.196850 -0.696850 -3.228346,
        5.803150 -0.303150 -3.228346,
        5.803150 -0.696850 -3.228346,
        6.196850 0.696850 -3.228346,
        6.196850 0.303150 -3.228346,
        5.803150 0.696850 -3.228346,
        5.803150 0.303150 -3.228346,
        5.196850 -0.303150 -3.228346,
        5.196850 -0.696850 -3.228346,
        4.803150 -0.303150 -3.228346,
        4.803150 -0.696850 -3.228346,
        5.196850 0.696850 -3.228346,
        5.196850 0.303150 -3.228346,
        4.803150 0.696850 -3.228346,
        4.803150 0.303150 -3.228346,
        4.196850 -0.303150 -3.228346,
        4.196850 -0.696850 -3.228346,
        3.803150 -0.303150 -3.228346,
        3.803150 -0.696850 -3.228346,
        4.196850 0.696850 -3.228346,
        4.196850 0.303150 -3.228346,
        3.803150 0.696850 -3.228346,
        3.803150 0.303150 -3.228346,
        3.196851 -0.303150 -3.228346,
        3.196851 -0.696850 -3.228346,
        2.803150 -0.303150 -3.228346,
        2.803150 -0.696850 -3.228346,
        3.196851 0.696850 -3.228346,
        3.196851 0.303150 -3.228346,
        2.803150 0.696850 -3.228346,
        2.803150 0.303150 -3.228346,
        2.196850 -0.303150 -3.228346,
        2.196850 -0.696850 -3.228346,
        1.803150 -0.303150 -3.228346,
        1.803150 -0.696850 -3.228346,
        2.196850 0.696850 -3.228346,
        2.196850 0.303150 -3.228346,
        1.803150 0.696850 -3.228346,
        1.803150 0.303150 -3.228346,
        1.196850 -0.303150 -3.228346,
        1.196850 -0.696850 -3.228346,
        0.803150 -0.303150 -3.228346,
        0.803150 -0.696850 -3.228346,
        1.196850 0.696850 -3.228346,
        1.196850 0.303150 -3.228346,
        0.803150 0.696850 -3.228346,
        0.803150 0.303150 -3.228346,
        0.196850 -0.303150 -3.228346,
        0.196850 -0.696850 -3.228346,
        -0.196850 -0.303150 -3.228346,
        -0.196850 -0.696850 -3.228346,
        0.196850 0.696850 -3.228346,
        0.196850 0.303150 -3.228346,
        -0.196850 0.696850 -3.228346,
        -0.196850 0.303150 -3.228346,
        -0.803150 -0.303150 -3.228346,
        -0.803150 -0.696850 -3.228346,
        -1.196850 -0.303150 -3.228346,
        -1.196850 -0.696850 -3.228346,
        -0.803150 0.696850 -3.228346,
        -0.803150 0.303150 -3.228346,
        -1.196850 0.696850 -3.228346,
        -1.196850 0.303150 -3.228346,
        -1.803150 -0.303150 -3.228346,
        -1.803150 -0.696850 -3.228346,
        -2.196850 -0.303150 -3.228346,
        -2.196850 -0.696850 -3.228346,
        -1.803150 0.696850 -3.228346,
        -1.803150 0.303150 -3.228346,
        -2.196850 0.696850 -3.228346,
        -2.196850 0.303150 -3.228346,
        -2.803150 -0.303150 -3.228346,
        -2.803150 -0.696850 -3.228346,
        -3.196851 -0.303150 -3.228346,
        -3.196851 -0.696850 -3.228346,
        -2.803150 0.696850 -3.228346,
        -2.803150 0.303150 -3.228346,
        -3.196851 0.696850 -3.228346,
        -3.196851 0.303150 -3.228346,
        -3.803150 -0.303150 -3.228346,
        -3.803150 -0.696850 -3.228346,
        -4.196850 -0.303150 -3.228346,
        -4.196850 -0.696850 -3.228346,
        -3.803150 0.696850 -3.228346,
        -3.803150 0.303150 -3.228346,
        -4.196850 0.696850 -3.228346,
        -4.196850 0.303150 -3.228346,
        -4.803150 -0.303150 -3.228346,
        -4.803150 -0.696850 -3.228346,
        -5.196850 -0.303150 -3.228346,
        -5.196850 -0.696850 -3.228346,
        -4.803150 0.696850 -3.228346,
        -4.803150 0.303150 -3.228346,
        -5.196850 0.696850 -3.228346,
        -5.196850 0.303150 -3.228346,
        -5.803150 -0.303150 -3.228346,
        -5.803150 -0.696850 -3.228346,
        -6.196850 -0.303150 -3.228346,
        -6.196850 -0.696850 -3.228346,
        -5.803150 0.696850 -3.228346,
        -5.803150 0.303150 -3.228346,
        -6.196850 0.696850 -3.228346,
        -6.196850 0.303150 -3.228346,
        -6.803149 -0.303150 -3.228346,
        -6.803149 -0.696850 -3.228346,
        -7.196850 -0.303150 -3.228346,
        -7.196850 -0.696850 -3.228346,
        -6.803149 0.696850 -3.228346,
        -6.803149 0.303150 -3.228346,
        -7.196850 0.696850 -3.228346,
        -7.196850 0.303150 -3.228346,
        -7.803150 -0.303150 -3.228346,
        -7.803150 -0.696850 -3.228346,
        -8.196850 -0.303150 -3.228346,
        -8.196850 -0.696850 -3.228346,
        -7.803150 0.696850 -3.228346,
        -7.803150 0.303150 -3.228346,
        -8.196850 0.696850 -3.228346,
        -8.196850 0.303150 -3.228346,
        -8.803150 -0.303150 -3.228346,
        -8.803150 -0.696850 -3.228346,
        -9.196851 -0.303150 -3.228346,
        -9.196851 -0.696850 -3.228346,
        -8.803150 0.696850 -3.228346,
        -8.803150 0.303150 -3.228346,
        -9.196851 0.696850 -3.228346,
        -9.196851 0.303150 -3.228346,
        -9.803150 -0.303150 -3.228346,
        -9.803150 -0.696850 -3.228346,
        -10.196851 -0.303150 -3.228346,
        -10.196851 -0.696850 -3.228346,
        -9.803150 0.696850 -3.228346,
        -9.803150 0.303150 -3.228346,
        -10.196851 0.696850 -3.228346,
        -10.196851 0.303150 -3.228346,
        -10.803150 -0.303150 -3.228346,
        -10.803150 -0.696850 -3.228346,
        -11.196851 -0.303150 -3.228346,
        -11.196851 -0.696850 -3.228346,
        -10.803150 0.696850 -3.228346,
        -10.803150 0.303150 -3.228346,
        -11.196851 0.696850 -3.228346,
        -11.196851 0.303150 -3.228346,
        -11.803150 -0.303150 -3.228346,
        -11.803150 -0.696850 -3.228346,
        -12.196850 -0.303150 -3.228346,
        -12.196850 -0.696850 -3.228346,
        -11.803150 0.696850 -3.228346,
        -11.803150 0.303150 -3.228346,
        -12.196850 0.696850 -3.228346,
        -12.196850 0.303150 -3.228346,
        -12.803150 -0.303150 -3.228346,
        -12.803150 -0.696850 -3.228346,
        -13.196849 -0.303150 -3.228346,
        -13.196849 -0.696850 -3.228346,
        -12.803150 0.303150 -3.149606,
        -13.196849 0.303150 -3.149606,
        -13.196849 0.696850 -3.149606,
        -12.803150 0.696850 -3.149606,
        -12.803150 0.696850 -3.228346,
        -12.803150 0.303150 -3.228346,
        -13.196849 0.696850 -3.228346,
        -13.196849 0.303150 -3.228346,
        -11.874016 0.625984 -0.078740,
        -12.125984 0.625984 -0.078740,
        -11.874016 0.625984 -0.866142,
        -12.125984 0.625984 -0.866142,
        -11.874016 0.374016 -0.078740,
        -11.874016 0.374016 -0.866142,
        -12.125984 0.374016 -0.078740,
        -12.125984 0.374016 -0.866142,
        -10.874016 0.625984 -0.078740,
        -11.125984 0.625984 -0.078740,
        -10.874016 0.625984 -0.866142,
        -11.125984 0.625984 -0.866142,
        -10.874016 0.374016 -0.078740,
        -10.874016 0.374016 -0.866142,
        -11.125984 0.374016 -0.078740,
        -11.125984 0.374016 -0.866142,
        -9.874016 0.625984 -0.078740,
        -10.125985 0.625984 -0.078740,
        -9.874016 0.625984 -0.866142,
        -10.125985 0.625984 -0.866142,
        -9.874016 0.374016 -0.078740,
        -9.874016 0.374016 -0.866142,
        -10.125985 0.374016 -0.078740,
        -10.125985 0.374016 -0.866142,
        -8.874015 0.625984 -0.078740,
        -9.125984 0.625984 -0.078740,
        -8.874015 0.625984 -0.866142,
        -9.125984 0.625984 -0.866142,
        -8.874015 0.374016 -0.078740,
        -8.874015 0.374016 -0.866142,
        -9.125984 0.374016 -0.078740,
        -9.125984 0.374016 -0.866142,
        -7.874016 0.625984 -0.078740,
        -8.125985 0.625984 -0.078740,
        -7.874016 0.625984 -0.866142,
        -8.125985 0.625984 -0.866142,
        -7.874016 0.374016 -0.078740,
        -7.874016 0.374016 -0.866142,
        -8.125985 0.374016 -0.078740,
        -8.125985 0.374016 -0.866142,
        -6.874015 0.625984 -0.078740,
        -7.125984 0.625984 -0.078740,
        -6.874015 0.625984 -0.866142,
        -7.125984 0.625984 -0.866142,
        -6.874015 0.374016 -0.078740,
        -6.874015 0.374016 -0.866142,
        -7.125984 0.374016 -0.078740,
        -7.125984 0.374016 -0.866142,
        -5.874016 0.625984 -0.078740,
        -6.125984 0.625984 -0.078740,
        -5.874016 0.625984 -0.866142,
        -6.125984 0.625984 -0.866142,
        -5.874016 0.374016 -0.078740,
        -5.874016 0.374016 -0.866142,
        -6.125984 0.374016 -0.078740,
        -6.125984 0.374016 -0.866142,
        -4.874016 0.625984 -0.078740,
        -5.125984 0.625984 -0.078740,
        -4.874016 0.625984 -0.866142,
        -5.125984 0.625984 -0.866142,
        -4.874016 0.374016 -0.078740,
        -4.874016 0.374016 -0.866142,
        -5.125984 0.374016 -0.078740,
        -5.125984 0.374016 -0.866142,
        -3.874016 0.625984 -0.078740,
        -4.125984 0.625984 -0.078740,
        -3.874016 0.625984 -0.866142,
        -4.125984 0.625984 -0.866142,
        -3.874016 0.374016 -0.078740,
        -3.874016 0.374016 -0.866142,
        -4.125984 0.374016 -0.078740,
        -4.125984 0.374016 -0.866142,
        -2.874016 0.625984 -0.078740,
        -3.125984 0.625984 -0.078740,
        -2.874016 0.625984 -0.866142,
        -3.125984 0.625984 -0.866142,
        -2.874016 0.374016 -0.078740,
        -2.874016 0.374016 -0.866142,
        -3.125984 0.374016 -0.078740,
        -3.125984 0.374016 -0.866142,
        -1.874016 0.625984 -0.078740,
        -2.125984 0.625984 -0.078740,
        -1.874016 0.625984 -0.866142,
        -2.125984 0.625984 -0.866142,
        -1.874016 0.374016 -0.078740,
        -1.874016 0.374016 -0.866142,
        -2.125984 0.374016 -0.078740,
        -2.125984 0.374016 -0.866142,
        -0.874016 0.625984 -0.078740,
        -1.125984 0.625984 -0.078740,
        -0.874016 0.625984 -0.866142,
        -1.125984 0.625984 -0.866142,
        -0.874016 0.374016 -0.078740,
        -0.874016 0.374016 -0.866142,
        -1.125984 0.374016 -0.078740,
        -1.125984 0.374016 -0.866142,
        0.125984 0.625984 -0.078740,
        -0.125984 0.625984 -0.078740,
        0.125984 0.625984 -0.866142,
        -0.125984 0.625984 -0.866142,
        0.125984 0.374016 -0.078740,
        0.125984 0.374016 -0.866142,
        -0.125984 0.374016 -0.078740,
        -0.125984 0.374016 -0.866142,
        1.125984 0.625984 -0.078740,
        0.874016 0.625984 -0.078740,
        1.125984 0.625984 -0.866142,
        0.874016 0.625984 -0.866142,
        1.125984 0.374016 -0.078740,
        1.125984 0.374016 -0.866142,
        0.874016 0.374016 -0.078740,
        0.874016 0.374016 -0.866142,
        2.125984 0.625984 -0.078740,
        1.874016 0.625984 -0.078740,
        2.125984 0.625984 -0.866142,
        1.874016 0.625984 -0.866142,
        2.125984 0.374016 -0.078740,
        2.125984 0.374016 -0.866142,
        1.874016 0.374016 -0.078740,
        1.874016 0.374016 -0.866142,
        3.125984 0.625984 -0.078740,
        2.874016 0.625984 -0.078740,
        3.125984 0.625984 -0.866142,
        2.874016 0.625984 -0.866142,
        3.125984 0.374016 -0.078740,
        3.125984 0.374016 -0.866142,
        2.874016 0.374016 -0.078740,
        2.874016 0.374016 -0.866142,
        4.125984 0.625984 -0.078740,
        3.874016 0.625984 -0.078740,
        4.125984 0.625984 -0.866142,
        3.874016 0.625984 -0.866142,
        4.125984 0.374016 -0.078740,
        4.125984 0.374016 -0.866142,
        3.874016 0.374016 -0.078740,
        3.874016 0.374016 -0.866142,
        5.125984 0.625984 -0.078740,
        4.874016 0.625984 -0.078740,
        5.125984 0.625984 -0.866142,
        4.874016 0.625984 -0.866142,
        5.125984 0.374016 -0.078740,
        5.125984 0.374016 -0.866142,
        4.874016 0.374016 -0.078740,
        4.874016 0.374016 -0.866142,
        6.125984 0.625984 -0.078740,
        5.874016 0.625984 -0.078740,
        6.125984 0.625984 -0.866142,
        5.874016 0.625984 -0.866142,
        6.125984 0.374016 -0.078740,
        6.125984 0.374016 -0.866142,
        5.874016 0.374016 -0.078740,
        5.874016 0.374016 -0.866142,
        7.125984 0.625984 -0.078740,
        6.874015 0.625984 -0.078740,
        7.125984 0.625984 -0.866142,
        6.874015 0.625984 -0.866142,
        7.125984 0.374016 -0.078740,
        7.125984 0.374016 -0.866142,
        6.874015 0.374016 -0.078740,
        6.874015 0.374016 -0.866142,
        8.125985 0.625984 -0.078740,
        7.874016 0.625984 -0.078740,
        8.125985 0.625984 -0.866142,
        7.874016 0.625984 -0.866142,
        8.125985 0.374016 -0.078740,
        8.125985 0.374016 -0.866142,
        7.874016 0.374016 -0.078740,
        7.874016 0.374016 -0.866142,
        9.125984 0.625984 -0.078740,
        8.874015 0.625984 -0.078740,
        9.125984 0.625984 -0.866142,
        8.874015 0.625984 -0.866142,
        9.125984 0.374016 -0.078740,
        9.125984 0.374016 -0.866142,
        8.874015 0.374016 -0.078740,
        8.874015 0.374016 -0.866142,
        10.125985 0.625984 -0.078740,
        9.874016 0.625984 -0.078740,
        10.125985 0.625984 -0.866142,
        9.874016 0.625984 -0.866142,
        10.125985 0.374016 -0.078740,
        10.125985 0.374016 -0.866142,
        9.874016 0.374016 -0.078740,
        9.874016 0.374016 -0.866142,
        11.125984 0.625984 -0.078740,
        10.874016 0.625984 -0.078740,
        11.125984 0.625984 -0.866142,
        10.874016 0.625984 -0.866142,
        11.125984 0.374016 -0.078740,
        11.125984 0.374016 -0.866142,
        10.874016 0.374016 -0.078740,
        10.874016 0.374016 -0.866142,
        12.125984 0.625984 -0.078740,
        11.874016 0.625984 -0.078740,
        12.125984 0.625984 -0.866142,
        11.874016 0.625984 -0.866142,
        12.125984 0.374016 -0.078740,
        12.125984 0.374016 -0.866142,
        11.874016 0.374016 -0.078740,
        11.874016 0.374016 -0.866142,
        13.125984 0.625984 -0.078740,
        12.874015 0.625984 -0.078740,
        13.125984 0.625984 -0.866142,
        12.874015 0.625984 -0.866142,
        13.125984 0.374016 -0.078740,
        13.125984 0.374016 -0.866142,
        12.874015 0.374016 -0.078740,
        12.874015 0.374016 -0.866142,
        -11.874016 -0.374016 -0.078740,
        -12.125984 -0.374016 -0.078740,
        -11.874016 -0.374016 -0.866142,
        -12.125984 -0.374016 -0.866142,
        -11.874016 -0.625984 -0.078740,
        -11.874016 -0.625984 -0.866142,
        -12.125984 -0.625984 -0.078740,
        -12.125984 -0.625984 -0.866142,
        -10.874016 -0.374016 -0.078740,
        -11.125984 -0.374016 -0.078740,
        -10.874016 -0.374016 -0.866142,
        -11.125984 -0.374016 -0.866142,
        -10.874016 -0.625984 -0.078740,
        -10.874016 -0.625984 -0.866142,
        -11.125984 -0.625984 -0.078740,
        -11.125984 -0.625984 -0.866142,
        -9.874016 -0.374016 -0.078740,
        -10.125985 -0.374016 -0.078740,
        -9.874016 -0.374016 -0.866142,
        -10.125985 -0.374016 -0.866142,
        -9.874016 -0.625984 -0.078740,
        -9.874016 -0.625984 -0.866142,
        -10.125985 -0.625984 -0.078740,
        -10.125985 -0.625984 -0.866142,
        -8.874015 -0.374016 -0.078740,
        -9.125984 -0.374016 -0.078740,
        -8.874015 -0.374016 -0.866142,
        -9.125984 -0.374016 -0.866142,
        -8.874015 -0.625984 -0.078740,
        -8.874015 -0.625984 -0.866142,
        -9.125984 -0.625984 -0.078740,
        -9.125984 -0.625984 -0.866142,
        -7.874016 -0.374016 -0.078740,
        -8.125985 -0.374016 -0.078740,
        -7.874016 -0.374016 -0.866142,
        -8.125985 -0.374016 -0.866142,
        -7.874016 -0.625984 -0.078740,
        -7.874016 -0.625984 -0.866142,
        -8.125985 -0.625984 -0.078740,
        -8.125985 -0.625984 -0.866142,
        -6.874015 -0.374016 -0.078740,
        -7.125984 -0.374016 -0.078740,
        -6.874015 -0.374016 -0.866142,
        -7.125984 -0.374016 -0.866142,
        -6.874015 -0.625984 -0.078740,
        -6.874015 -0.625984 -0.866142,
        -7.125984 -0.625984 -0.078740,
        -7.125984 -0.625984 -0.866142,
        -5.874016 -0.374016 -0.078740,
        -6.125984 -0.374016 -0.078740,
        -5.874016 -0.374016 -0.866142,
        -6.125984 -0.374016 -0.866142,
        -5.874016 -0.625984 -0.078740,
        -5.874016 -0.625984 -0.866142,
        -6.125984 -0.625984 -0.078740,
        -6.125984 -0.625984 -0.866142,
        -4.874016 -0.374016 -0.078740,
        -5.125984 -0.374016 -0.078740,
        -4.874016 -0.374016 -0.866142,
        -5.125984 -0.374016 -0.866142,
        -4.874016 -0.625984 -0.078740,
        -4.874016 -0.625984 -0.866142,
        -5.125984 -0.625984 -0.078740,
        -5.125984 -0.625984 -0.866142,
        -3.874016 -0.374016 -0.078740,
        -4.125984 -0.374016 -0.078740,
        -3.874016 -0.374016 -0.866142,
        -4.125984 -0.374016 -0.866142,
        -3.874016 -0.625984 -0.078740,
        -3.874016 -0.625984 -0.866142,
        -4.125984 -0.625984 -0.078740,
        -4.125984 -0.625984 -0.866142,
        -2.874016 -0.374016 -0.078740,
        -3.125984 -0.374016 -0.078740,
        -2.874016 -0.374016 -0.866142,
        -3.125984 -0.374016 -0.866142,
        -2.874016 -0.625984 -0.078740,
        -2.874016 -0.625984 -0.866142,
        -3.125984 -0.625984 -0.078740,
        -3.125984 -0.625984 -0.866142,
        -1.874016 -0.374016 -0.078740,
        -2.125984 -0.374016 -0.078740,
        -1.874016 -0.374016 -0.866142,
        -2.125984 -0.374016 -0.866142,
        -1.874016 -0.625984 -0.078740,
        -1.874016 -0.625984 -0.866142,
        -2.125984 -0.625984 -0.078740,
        -2.125984 -0.625984 -0.866142,
        -0.874016 -0.374016 -0.078740,
        -1.125984 -0.374016 -0.078740,
        -0.874016 -0.374016 -0.866142,
        -1.125984 -0.374016 -0.866142,
        -0.874016 -0.625984 -0.078740,
        -0.874016 -0.625984 -0.866142,
        -1.125984 -0.625984 -0.078740,
        -1.125984 -0.625984 -0.866142,
        0.125984 -0.374016 -0.078740,
        -0.125984 -0.374016 -0.078740,
        0.125984 -0.374016 -0.866142,
        -0.125984 -0.374016 -0.866142,
        0.125984 -0.625984 -0.078740,
        0.125984 -0.625984 -0.866142,
        -0.125984 -0.625984 -0.078740,
        -0.125984 -0.625984 -0.866142,
        1.125984 -0.374016 -0.078740,
        0.874016 -0.374016 -0.078740,
        1.125984 -0.374016 -0.866142,
        0.874016 -0.374016 -0.866142,
        1.125984 -0.625984 -0.078740,
        1.125984 -0.625984 -0.866142,
        0.874016 -0.625984 -0.078740,
        0.874016 -0.625984 -0.866142,
        2.125984 -0.374016 -0.078740,
        1.874016 -0.374016 -0.078740,
        2.125984 -0.374016 -0.866142,
        1.874016 -0.374016 -0.866142,
        2.125984 -0.625984 -0.078740,
        2.125984 -0.625984 -0.866142,
        1.874016 -0.625984 -0.078740,
        1.874016 -0.625984 -0.866142,
        3.125984 -0.374016 -0.078740,
        2.874016 -0.374016 -0.078740,
        3.125984 -0.374016 -0.866142,
        2.874016 -0.374016 -0.866142,
        3.125984 -0.625984 -0.078740,
        3.125984 -0.625984 -0.866142,
        2.874016 -0.625984 -0.078740,
        2.874016 -0.625984 -0.866142,
        4.125984 -0.374016 -0.078740,
        3.874016 -0.374016 -0.078740,
        4.125984 -0.374016 -0.866142,
        3.874016 -0.374016 -0.866142,
        4.125984 -0.625984 -0.078740,
        4.125984 -0.625984 -0.866142,
        3.874016 -0.625984 -0.078740,
        3.874016 -0.625984 -0.866142,
        5.125984 -0.374016 -0.078740,
        4.874016 -0.374016 -0.078740,
        5.125984 -0.374016 -0.866142,
        4.874016 -0.374016 -0.866142,
        5.125984 -0.625984 -0.078740,
        5.125984 -0.625984 -0.866142,
        4.874016 -0.625984 -0.078740,
        4.874016 -0.625984 -0.866142,
        6.125984 -0.374016 -0.078740,
        5.874016 -0.374016 -0.078740,
        6.125984 -0.374016 -0.866142,
        5.874016 -0.374016 -0.866142,
        6.125984 -0.625984 -0.078740,
        6.125984 -0.625984 -0.866142,
        5.874016 -0.625984 -0.078740,
        5.874016 -0.625984 -0.866142,
        7.125984 -0.374016 -0.078740,
        6.874015 -0.374016 -0.078740,
        7.125984 -0.374016 -0.866142,
        6.874015 -0.374016 -0.866142,
        7.125984 -0.625984 -0.078740,
        7.125984 -0.625984 -0.866142,
        6.874015 -0.625984 -0.078740,
        6.874015 -0.625984 -0.866142,
        8.125985 -0.374016 -0.078740,
        7.874016 -0.374016 -0.078740,
        8.125985 -0.374016 -0.866142,
        7.874016 -0.374016 -0.866142,
        8.125985 -0.625984 -0.078740,
        8.125985 -0.625984 -0.866142,
        7.874016 -0.625984 -0.078740,
        7.874016 -0.625984 -0.866142,
        9.125984 -0.374016 -0.078740,
        8.874015 -0.374016 -0.078740,
        9.125984 -0.374016 -0.866142,
        8.874015 -0.374016 -0.866142,
        9.125984 -0.625984 -0.078740,
        9.125984 -0.625984 -0.866142,
        8.874015 -0.625984 -0.078740,
        8.874015 -0.625984 -0.866142,
        10.125985 -0.374016 -0.078740,
        9.874016 -0.374016 -0.078740,
        10.125985 -0.374016 -0.866142,
        9.874016 -0.374016 -0.866142,
        10.125985 -0.625984 -0.078740,
        10.125985 -0.625984 -0.866142,
        9.874016 -0.625984 -0.078740,
        9.874016 -0.625984 -0.866142,
        11.125984 -0.374016 -0.078740,
        10.874016 -0.374016 -0.078740,
        11.125984 -0.374016 -0.866142,
        10.874016 -0.374016 -0.866142,
        11.125984 -0.625984 -0.078740,
        11.125984 -0.625984 -0.866142,
        10.874016 -0.625984 -0.078740,
        10.874016 -0.625984 -0.866142,
        12.125984 -0.374016 -0.078740,
        11.874016 -0.374016 -0.078740,
        12.125984 -0.374016 -0.866142,
        11.874016 -0.374016 -0.866142,
        12.125984 -0.625984 -0.078740,
        12.125984 -0.625984 -0.866142,
        11.874016 -0.625984 -0.078740,
        11.874016 -0.625984 -0.866142,
        13.125984 -0.374016 -0.078740,
        12.874015 -0.374016 -0.078740,
        13.125984 -0.374016 -0.866142,
        12.874015 -0.374016 -0.866142,
        13.125984 -0.625984 -0.078740,
        13.125984 -0.625984 -0.866142,
        12.874015 -0.625984 -0.078740,
        12.874015 -0.625984 -0.866142,
        -12.874015 -0.374016 -0.078740,
        -13.125984 -0.374016 -0.078740,
        -12.874015 -0.374016 -0.866142,
        -13.125984 -0.374016 -0.866142,
        -12.874015 -0.625984 -0.078740,
        -12.874015 -0.625984 -0.866142,
        -13.125984 -0.625984 -0.078740,
        -13.125984 -0.625984 -0.866142,
        -12.874015 0.374016 -0.078740,
        -12.874015 0.625984 -0.078740,
        -12.874015 0.374016 -0.866142,
        -12.874015 0.625984 -0.866142,
        -13.125984 0.374016 -0.078740,
        -13.125984 0.374016 -0.866142,
        -13.125984 0.625984 -0.078740,
        -13.125984 0.625984 -0.866142,
        -13.578741 0.787402 -3.346457,
        -13.578741 0.944882 -3.346457,
        -8.147244 0.787402 -3.346457,
        -13.556452 0.980353 -3.346457,
        -13.574842 0.961964 -3.346457,
        -13.563918 0.975663 -3.346457,
        -13.570150 0.969429 -3.346457,
        -13.577753 0.953643 -3.346457,
        -13.548131 0.983265 -3.346457,
        8.147244 0.984252 -3.346457,
        13.578741 0.944882 -3.346457,
        13.559055 0.978978 -3.346457,
        13.567209 0.972721 -3.346457,
        13.549560 0.982911 -3.346457,
        13.573466 0.964567 -3.346457,
        13.577398 0.955072 -3.346457,
        -8.147244 0.984252 -3.346457,
        -2.715748 0.984252 -3.346457,
        -2.715748 0.787402 -3.346457,
        2.715748 0.984252 -3.346457,
        2.715748 0.787402 -3.346457,
        8.147244 0.787402 -3.346457,
        13.578741 0.787402 -3.346457,
        13.578741 -0.944882 -3.346457,
        13.578741 -0.787402 -3.346457,
        13.578741 -0.787402 -3.228346,
        13.578741 0.787402 -3.228346,
        13.578741 0.944882 -0.078740,
        13.578741 -0.944882 -0.078740,
        13.539370 -0.984252 -3.346457,
        13.539370 -0.984252 -0.078740,
        9.052494 -0.984252 -3.346457,
        9.153344 -0.984252 -0.078740,
        4.526247 -0.984252 -3.346457,
        4.576672 -0.984252 -0.078740,
        -0.000000 -0.984252 -3.346457,
        -0.000000 -0.984252 -0.078740,
        -4.526247 -0.984252 -3.346457,
        -4.576672 -0.984252 -0.078740,
        -9.052494 -0.984252 -3.346457,
        -9.153344 -0.984252 -0.078740,
        -13.539370 -0.984252 -3.346457,
        -13.539370 -0.984252 -0.078740,
        -13.578741 0.787402 -3.228346,
        -13.578741 -0.787402 -3.346457,
        -13.578741 -0.944882 -3.346457,
        -13.578741 -0.787402 -3.228346,
        -13.578741 -0.944882 -0.078740,
        -13.578741 0.944882 -0.078740,
        -13.577753 -0.953643 -3.346457,
        -13.563918 -0.975663 -3.346457,
        -13.556452 -0.980353 -3.346457,
        -13.548131 -0.983265 -3.346457,
        -13.570150 -0.969429 -3.346457,
        -13.574842 -0.961964 -3.346457,
        9.052494 -0.787402 -3.346457,
        13.577398 -0.955072 -3.346457,
        13.573466 -0.964567 -3.346457,
        13.567209 -0.972721 -3.346457,
        13.549560 -0.982911 -3.346457,
        13.559055 -0.978978 -3.346457,
        4.526247 -0.787402 -3.346457,
        -0.000000 -0.787402 -3.346457,
        -4.526247 -0.787402 -3.346457,
        -9.052494 -0.787402 -3.346457,
        8.795276 -0.295276 0.000000,
        9.204725 -0.295276 0.000000,
        9.500000 -0.000000 0.000000,
        1.795276 -0.295276 0.000000,
        2.204724 -0.295276 0.000000,
        2.500000 -0.000000 0.000000,
        -5.204724 -0.295276 0.000000,
        -4.795275 -0.295276 0.000000,
        -4.500000 -0.000000 0.000000,
        13.352361 -0.905512 0.000000,
        13.500000 -0.905512 0.000000,
        13.500000 -0.805118 0.000000,
        0.500000 -0.905512 0.000000,
        2.500000 -0.905512 0.000000,
        2.500000 -0.805118 0.000000,
        -6.500000 -0.905512 0.000000,
        -4.500000 -0.905512 0.000000,
        -4.500000 -0.805118 0.000000,
        -11.500000 -0.805118 0.000000,
        -11.500000 -0.905512 0.000000,
        -10.500000 -0.805118 0.000000,
        -10.500000 -0.905512 0.000000,
        -9.500000 -0.805118 0.000000,
        -9.500000 -0.905512 0.000000,
        -8.500000 -0.805118 0.000000,
        -8.500000 -0.905512 0.000000,
        -7.500000 -0.805118 0.000000,
        -7.500000 -0.905512 0.000000,
        -6.500000 -0.805118 0.000000,
        -3.500000 -0.805118 0.000000,
        -3.500000 -0.905512 0.000000,
        -2.500000 -0.805118 0.000000,
        -2.500000 -0.905512 0.000000,
        -1.500000 -0.805118 0.000000,
        -1.500000 -0.905512 0.000000,
        -0.500000 -0.805118 0.000000,
        -0.500000 -0.905512 0.000000,
        0.500000 -0.805118 0.000000,
        3.500000 -0.805118 0.000000,
        3.500000 -0.905512 0.000000,
        4.500000 -0.805118 0.000000,
        4.500000 -0.905512 0.000000,
        5.500000 -0.805118 0.000000,
        5.500000 -0.905512 0.000000,
        6.500000 -0.805118 0.000000,
        6.500000 -0.905512 0.000000,
        7.500000 -0.805118 0.000000,
        13.352361 -0.805118 0.000000,
        12.500001 -0.905512 0.000000,
        12.500001 -0.805118 0.000000,
        11.500000 -0.905512 0.000000,
        11.500000 -0.805118 0.000000,
        10.500000 -0.905512 0.000000,
        10.500000 -0.805118 0.000000,
        9.500000 -0.905512 0.000000,
        9.500000 -0.805118 0.000000,
        7.500000 -0.905512 0.000000,
        -12.204724 -0.704724 0.000000,
        -13.500000 -0.805118 0.000000,
        -13.500000 -0.905512 0.000000,
        -11.500000 -0.000000 0.000000,
        -13.500000 -0.000000 0.000000,
        -12.795276 -0.295276 0.000000,
        -13.204725 -0.295276 0.000000,
        -13.204725 -0.704724 0.000000,
        -12.795276 -0.704724 0.000000,
        -12.204724 -0.295276 0.000000,
        -11.795276 -0.295276 0.000000,
        -11.795276 -0.704724 0.000000,
        -11.204724 -0.295276 0.000000,
        -11.204724 -0.704724 0.000000,
        -10.795276 -0.704724 0.000000,
        -10.795276 -0.295276 0.000000,
        -10.500000 -0.000000 0.000000,
        -10.204724 -0.295276 0.000000,
        -10.204724 -0.704724 0.000000,
        -9.795275 -0.704724 0.000000,
        -9.795275 -0.295276 0.000000,
        -9.500000 -0.000000 0.000000,
        -9.204725 -0.295276 0.000000,
        -9.204725 -0.704724 0.000000,
        -8.795276 -0.704724 0.000000,
        -8.795276 -0.295276 0.000000,
        -8.500000 -0.000000 0.000000,
        -8.204724 -0.295276 0.000000,
        -8.204724 -0.704724 0.000000,
        -7.795275 -0.704724 0.000000,
        -7.795275 -0.295276 0.000000,
        -7.500000 -0.000000 0.000000,
        -7.204725 -0.295276 0.000000,
        -7.204725 -0.704724 0.000000,
        -6.795276 -0.704724 0.000000,
        -6.795276 -0.295276 0.000000,
        -6.500000 -0.000000 0.000000,
        -5.795276 -0.704724 0.000000,
        -6.204725 -0.704724 0.000000,
        -4.795275 -0.704724 0.000000,
        -5.204724 -0.704724 0.000000,
        -6.204725 -0.295276 0.000000,
        -5.795276 -0.295276 0.000000,
        -4.204724 -0.295276 0.000000,
        -4.204724 -0.704724 0.000000,
        -3.795275 -0.704724 0.000000,
        -3.795275 -0.295276 0.000000,
        -3.500000 -0.000000 0.000000,
        -3.204724 -0.295276 0.000000,
        -3.204724 -0.704724 0.000000,
        -2.795276 -0.704724 0.000000,
        -2.795276 -0.295276 0.000000,
        -2.500000 -0.000000 0.000000,
        -2.204724 -0.295276 0.000000,
        -2.204724 -0.704724 0.000000,
        -1.795276 -0.704724 0.000000,
        -1.795276 -0.295276 0.000000,
        -1.500000 -0.000000 0.000000,
        -1.204724 -0.295276 0.000000,
        -1.204724 -0.704724 0.000000,
        -0.795276 -0.704724 0.000000,
        -0.795276 -0.295276 0.000000,
        -0.500000 -0.000000 0.000000,
        -0.204724 -0.295276 0.000000,
        -0.204724 -0.704724 0.000000,
        0.204724 -0.704724 0.000000,
        0.204724 -0.295276 0.000000,
        0.500000 -0.000000 0.000000,
        1.204724 -0.704724 0.000000,
        0.795276 -0.704724 0.000000,
        2.204724 -0.704724 0.000000,
        1.795276 -0.704724 0.000000,
        0.795276 -0.295276 0.000000,
        1.204724 -0.295276 0.000000,
        2.795276 -0.295276 0.000000,
        2.795276 -0.704724 0.000000,
        3.204724 -0.704724 0.000000,
        3.204724 -0.295276 0.000000,
        3.500000 -0.000000 0.000000,
        3.795275 -0.295276 0.000000,
        3.795275 -0.704724 0.000000,
        4.204724 -0.704724 0.000000,
        4.204724 -0.295276 0.000000,
        4.500000 -0.000000 0.000000,
        4.795275 -0.295276 0.000000,
        4.795275 -0.704724 0.000000,
        5.204724 -0.704724 0.000000,
        5.204724 -0.295276 0.000000,
        5.500000 -0.000000 0.000000,
        5.795276 -0.295276 0.000000,
        5.795276 -0.704724 0.000000,
        6.204725 -0.704724 0.000000,
        6.204725 -0.295276 0.000000,
        6.500000 -0.000000 0.000000,
        6.795276 -0.295276 0.000000,
        6.795276 -0.704724 0.000000,
        7.204725 -0.704724 0.000000,
        7.204725 -0.295276 0.000000,
        7.500000 -0.000000 0.000000,
        8.204724 -0.704724 0.000000,
        7.795275 -0.704724 0.000000,
        9.204725 -0.704724 0.000000,
        8.795276 -0.704724 0.000000,
        7.795275 -0.295276 0.000000,
        8.204724 -0.295276 0.000000,
        9.795275 -0.295276 0.000000,
        9.795275 -0.704724 0.000000,
        10.204724 -0.704724 0.000000,
        10.204724 -0.295276 0.000000,
        10.500000 -0.000000 0.000000,
        10.795276 -0.295276 0.000000,
        10.795276 -0.704724 0.000000,
        11.204724 -0.704724 0.000000,
        11.204724 -0.295276 0.000000,
        11.500000 -0.000000 0.000000,
        11.795276 -0.295276 0.000000,
        11.795276 -0.704724 0.000000,
        12.204724 -0.704724 0.000000,
        12.204724 -0.295276 0.000000,
        12.500001 -0.000000 0.000000,
        12.795276 -0.295276 0.000000,
        12.795276 -0.704724 0.000000,
        13.204725 -0.704724 0.000000,
        13.204725 -0.295276 0.000000,
        13.352361 -0.000000 0.000000,
        -12.795276 0.295276 0.000000,
        -12.204724 0.295276 0.000000,
        -12.795276 0.704724 0.000000,
        -12.204724 0.704724 0.000000,
        -13.204725 0.704724 0.000000,
        -13.500000 0.905512 0.000000,
        -13.204725 0.295276 0.000000,
        -11.500000 0.905512 0.000000,
        -11.795276 0.704724 0.000000,
        -11.795276 0.295276 0.000000,
        -11.204724 0.704724 0.000000,
        -11.204724 0.295276 0.000000,
        -10.795276 0.295276 0.000000,
        -10.795276 0.704724 0.000000,
        -10.500000 0.905512 0.000000,
        -10.204724 0.704724 0.000000,
        -10.204724 0.295276 0.000000,
        -9.795275 0.295276 0.000000,
        -9.795275 0.704724 0.000000,
        -9.500000 0.905512 0.000000,
        -9.204725 0.704724 0.000000,
        -9.204725 0.295276 0.000000,
        -8.795276 0.295276 0.000000,
        -8.795276 0.704724 0.000000,
        -8.500000 0.905512 0.000000,
        -8.204724 0.704724 0.000000,
        -8.204724 0.295276 0.000000,
        -7.795275 0.295276 0.000000,
        -7.795275 0.704724 0.000000,
        -7.500000 0.905512 0.000000,
        -6.795276 0.704724 0.000000,
        -6.500000 0.905512 0.000000,
        -7.204725 0.704724 0.000000,
        -7.204725 0.295276 0.000000,
        -6.795276 0.295276 0.000000,
        -5.795276 0.295276 0.000000,
        -6.204725 0.295276 0.000000,
        -6.204725 0.704724 0.000000,
        -5.204724 0.704724 0.000000,
        -5.795276 0.704724 0.000000,
        -5.204724 0.295276 0.000000,
        -4.500000 0.905512 0.000000,
        -4.795275 0.704724 0.000000,
        -4.795275 0.295276 0.000000,
        -4.204724 0.704724 0.000000,
        -4.204724 0.295276 0.000000,
        -3.795275 0.295276 0.000000,
        -3.795275 0.704724 0.000000,
        -3.500000 0.905512 0.000000,
        -3.204724 0.704724 0.000000,
        -3.204724 0.295276 0.000000,
        -2.795276 0.295276 0.000000,
        -2.795276 0.704724 0.000000,
        -2.500000 0.905512 0.000000,
        -2.204724 0.704724 0.000000,
        -2.204724 0.295276 0.000000,
        -1.795276 0.295276 0.000000,
        -1.795276 0.704724 0.000000,
        -1.500000 0.905512 0.000000,
        -1.204724 0.704724 0.000000,
        -1.204724 0.295276 0.000000,
        -0.795276 0.295276 0.000000,
        -0.795276 0.704724 0.000000,
        -0.500000 0.905512 0.000000,
        0.204724 0.704724 0.000000,
        0.500000 0.905512 0.000000,
        -0.204724 0.704724 0.000000,
        -0.204724 0.295276 0.000000,
        0.204724 0.295276 0.000000,
        1.204724 0.295276 0.000000,
        0.795276 0.295276 0.000000,
        0.795276 0.704724 0.000000,
        1.795276 0.704724 0.000000,
        1.204724 0.704724 0.000000,
        1.795276 0.295276 0.000000,
        2.500000 0.905512 0.000000,
        2.204724 0.704724 0.000000,
        2.204724 0.295276 0.000000,
        2.795276 0.704724 0.000000,
        2.795276 0.295276 0.000000,
        3.204724 0.295276 0.000000,
        3.204724 0.704724 0.000000,
        3.500000 0.905512 0.000000,
        3.795275 0.704724 0.000000,
        3.795275 0.295276 0.000000,
        4.204724 0.295276 0.000000,
        4.204724 0.704724 0.000000,
        4.500000 0.905512 0.000000,
        4.795275 0.704724 0.000000,
        4.795275 0.295276 0.000000,
        5.204724 0.295276 0.000000,
        5.204724 0.704724 0.000000,
        5.500000 0.905512 0.000000,
        5.795276 0.704724 0.000000,
        5.795276 0.295276 0.000000,
        6.204725 0.295276 0.000000,
        6.204725 0.704724 0.000000,
        6.500000 0.905512 0.000000,
        7.204725 0.704724 0.000000,
        7.500000 0.905512 0.000000,
        6.795276 0.704724 0.000000,
        6.795276 0.295276 0.000000,
        7.204725 0.295276 0.000000,
        8.204724 0.295276 0.000000,
        7.795275 0.295276 0.000000,
        7.795275 0.704724 0.000000,
        8.795276 0.704724 0.000000,
        8.204724 0.704724 0.000000,
        8.795276 0.295276 0.000000,
        9.500000 0.905512 0.000000,
        9.204725 0.704724 0.000000,
        9.204725 0.295276 0.000000,
        9.795275 0.704724 0.000000,
        9.795275 0.295276 0.000000,
        10.204724 0.295276 0.000000,
        10.204724 0.704724 0.000000,
        10.500000 0.905512 0.000000,
        10.795276 0.704724 0.000000,
        10.795276 0.295276 0.000000,
        11.204724 0.295276 0.000000,
        11.204724 0.704724 0.000000,
        11.500000 0.905512 0.000000,
        11.795276 0.704724 0.000000,
        11.795276 0.295276 0.000000,
        12.204724 0.295276 0.000000,
        12.204724 0.704724 0.000000,
        12.500001 0.905512 0.000000,
        12.795276 0.704724 0.000000,
        12.795276 0.295276 0.000000,
        13.204725 0.295276 0.000000,
        13.204725 0.704724 0.000000,
        13.352361 0.905512 0.000000,
        13.500000 -0.000000 0.000000,
        13.500000 0.905512 0.000000,
        -9.153344 0.984252 -0.078740,
        -13.543778 0.984004 -0.078493,
        -13.548131 0.983265 -0.077753,
        -13.552373 0.982043 -0.076531,
        -13.556452 0.980353 -0.074841,
        -13.563918 0.975663 -0.070151,
        -13.567209 0.972721 -0.067209,
        13.567209 0.972721 -0.067209,
        13.563338 0.976116 -0.070604,
        13.559055 0.978978 -0.073466,
        13.554436 0.981255 -0.075743,
        13.549560 0.982911 -0.077399,
        13.544509 0.983915 -0.078403,
        9.153344 0.905512 0.000000,
        -9.153344 0.905512 0.000000,
        -4.576672 0.905512 0.000000,
        -4.576672 0.984252 -0.078740,
        -0.000000 0.905512 0.000000,
        -0.000000 0.984252 -0.078740,
        4.576672 0.905512 0.000000,
        4.576672 0.984252 -0.078740,
        9.153344 0.984252 -0.078740,
        -13.577753 -0.953643 -0.077753,
        -13.576531 -0.957885 -0.076531,
        -13.578493 -0.949290 -0.078493,
        -13.570150 0.969429 -0.070151,
        -13.574842 -0.961964 -0.074841,
        -13.570150 -0.969429 -0.070151,
        -13.567209 -0.972721 -0.067209,
        -13.574842 0.961964 -0.074841,
        -13.576531 0.957885 -0.076531,
        -13.577753 0.953643 -0.077753,
        -13.578493 0.949290 -0.078493,
        13.570605 0.968849 -0.070604,
        13.567209 -0.972721 -0.067209,
        13.570605 -0.968849 -0.070604,
        13.573466 0.964567 -0.073466,
        13.573466 -0.964567 -0.073466,
        13.575744 -0.959948 -0.075743,
        13.577398 -0.955072 -0.077399,
        13.578403 0.950021 -0.078403,
        13.577398 0.955072 -0.077399,
        13.575744 0.959948 -0.075743,
        13.578403 -0.950021 -0.078403,
        -13.563918 -0.975663 -0.070151,
        -13.556452 -0.980353 -0.074841,
        -13.552373 -0.982043 -0.076531,
        -13.548131 -0.983265 -0.077753,
        -13.543778 -0.984004 -0.078493,
        -9.153344 -0.905512 0.000000,
        13.554436 -0.981255 -0.075743,
        13.559055 -0.978978 -0.073466,
        13.563338 -0.976116 -0.070604,
        13.544509 -0.983915 -0.078403,
        13.549560 -0.982911 -0.077399,
        9.153344 -0.905512 0.000000,
        4.576672 -0.905512 0.000000,
        -0.000000 -0.905512 0.000000,
        -4.576672 -0.905512 0.000000,
        -13.387796 -0.787402 -3.228346,
        -13.578741 -0.742126 -3.228346,
        -0.500000 -0.787402 -3.228346,
        -2.500000 -0.787402 -3.228346,
        -2.500000 -0.742126 -3.228346,
        11.500000 -0.787402 -3.228346,
        11.500000 -0.742126 -3.228346,
        8.500000 -0.787402 -3.228346,
        8.500000 -0.742126 -3.228346,
        9.500000 -0.787402 -3.228346,
        9.500000 -0.742126 -3.228346,
        10.500000 -0.787402 -3.228346,
        10.500000 -0.742126 -3.228346,
        6.500000 -0.742126 -3.228346,
        7.500000 -0.742126 -3.228346,
        7.500000 -0.787402 -3.228346,
        3.500000 -0.787402 -3.228346,
        3.500000 -0.742126 -3.228346,
        4.500000 -0.787402 -3.228346,
        4.500000 -0.742126 -3.228346,
        6.500000 -0.787402 -3.228346,
        0.500000 -0.787402 -3.228346,
        0.500000 -0.742126 -3.228346,
        1.500000 -0.787402 -3.228346,
        1.500000 -0.742126 -3.228346,
        2.500000 -0.787402 -3.228346,
        2.500000 -0.742126 -3.228346,
        -4.500000 -0.787402 -3.228346,
        -4.500000 -0.742126 -3.228346,
        -3.500000 -0.787402 -3.228346,
        -3.500000 -0.742126 -3.228346,
        -7.500000 -0.742126 -3.228346,
        -6.500000 -0.742126 -3.228346,
        -6.500000 -0.787402 -3.228346,
        -12.500001 -0.787402 -3.228346,
        -12.500001 -0.742126 -3.228346,
        -11.500000 -0.787402 -3.228346,
        -11.500000 -0.742126 -3.228346,
        -10.500000 -0.787402 -3.228346,
        -10.500000 -0.742126 -3.228346,
        -9.500000 -0.787402 -3.228346,
        -9.500000 -0.742126 -3.228346,
        -7.500000 -0.787402 -3.228346,
        13.578741 -0.000000 -3.228346,
        13.578741 -0.742126 -3.228346,
        11.500000 -0.000000 -3.228346,
        10.500000 -0.000000 -3.228346,
        9.500000 -0.000000 -3.228346,
        8.500000 -0.000000 -3.228346,
        7.500000 -0.000000 -3.228346,
        6.500000 -0.000000 -3.228346,
        4.500000 -0.000000 -3.228346,
        3.500000 -0.000000 -3.228346,
        2.500000 -0.000000 -3.228346,
        1.500000 -0.000000 -3.228346,
        0.500000 -0.000000 -3.228346,
        -0.500000 -0.742126 -3.228346,
        -0.500000 -0.000000 -3.228346,
        -2.500000 -0.000000 -3.228346,
        -3.500000 -0.000000 -3.228346,
        -4.500000 -0.000000 -3.228346,
        -5.500000 -0.742126 -3.228346,
        -5.500000 -0.000000 -3.228346,
        -5.500000 -0.787402 -3.228346,
        -6.500000 -0.000000 -3.228346,
        -7.500000 -0.000000 -3.228346,
        -9.500000 -0.000000 -3.228346,
        -10.500000 -0.000000 -3.228346,
        -11.500000 -0.000000 -3.228346,
        -12.500001 -0.000000 -3.228346,
        -13.387796 -0.742126 -3.228346,
        -13.387796 -0.000000 -3.228346,
        11.500000 0.787402 -3.228346,
        10.500000 0.787402 -3.228346,
        9.500000 0.787402 -3.228346,
        8.500000 0.787402 -3.228346,
        7.500000 0.787402 -3.228346,
        6.500000 0.787402 -3.228346,
        4.500000 0.787402 -3.228346,
        3.500000 0.787402 -3.228346,
        2.500000 0.787402 -3.228346,
        1.500000 0.787402 -3.228346,
        0.500000 0.787402 -3.228346,
        -0.500000 0.787402 -3.228346,
        -2.500000 0.787402 -3.228346,
        -3.500000 0.787402 -3.228346,
        -4.500000 0.787402 -3.228346,
        -5.500000 0.787402 -3.228346,
        -6.500000 0.787402 -3.228346,
        -7.500000 0.787402 -3.228346,
        -9.500000 0.787402 -3.228346,
        -10.500000 0.787402 -3.228346,
        -11.500000 0.787402 -3.228346,
        -12.500001 0.787402 -3.228346,
        -13.387796 0.787402 -3.228346,
        -13.578741 -0.000000 -3.228346,
        -12.803150 0.303150 -0.866142,
        -13.196849 0.303150 -0.866142,
        -13.196849 0.696850 -0.866142,
        -12.803150 0.696850 -0.866142,
        -12.803150 0.303150 -1.771654,
        -12.803150 0.696850 -1.771654,
        -13.196849 0.696850 -1.771654,
        -13.196849 0.303150 -1.771654,
        13.196849 -0.696850 -0.866142,
        12.803150 -0.696850 -0.866142,
        12.803150 -0.303150 -0.866142,
        13.196849 -0.303150 -0.866142,
      ]
    }
    coordIndex [
      220, 221, 219, -1,
      219, 221, 216, -1,
      222, 220, 218, -1,
      218, 220, 219, -1,
      223, 222, 217, -1,
      217, 222, 218, -1,
      221, 223, 216, -1,
      216, 223, 217, -1,
      224, 225, 226, -1,
      226, 225, 227, -1,
      228, 224, 229, -1,
      229, 224, 226, -1,
      230, 228, 231, -1,
      231, 228, 229, -1,
      225, 230, 227, -1,
      227, 230, 231, -1,
      232, 233, 234, -1,
      234, 233, 235, -1,
      236, 232, 237, -1,
      237, 232, 234, -1,
      238, 236, 239, -1,
      239, 236, 237, -1,
      233, 238, 235, -1,
      235, 238, 239, -1,
      240, 241, 242, -1,
      242, 241, 243, -1,
      244, 240, 245, -1,
      245, 240, 242, -1,
      246, 244, 247, -1,
      247, 244, 245, -1,
      241, 246, 243, -1,
      243, 246, 247, -1,
      248, 249, 250, -1,
      250, 249, 251, -1,
      252, 248, 253, -1,
      253, 248, 250, -1,
      254, 252, 255, -1,
      255, 252, 253, -1,
      249, 254, 251, -1,
      251, 254, 255, -1,
      256, 257, 258, -1,
      258, 257, 259, -1,
      260, 256, 261, -1,
      261, 256, 258, -1,
      262, 260, 263, -1,
      263, 260, 261, -1,
      257, 262, 259, -1,
      259, 262, 263, -1,
      264, 265, 266, -1,
      266, 265, 267, -1,
      268, 264, 269, -1,
      269, 264, 266, -1,
      270, 268, 271, -1,
      271, 268, 269, -1,
      265, 270, 267, -1,
      267, 270, 271, -1,
      272, 273, 274, -1,
      274, 273, 275, -1,
      276, 272, 277, -1,
      277, 272, 274, -1,
      278, 276, 279, -1,
      279, 276, 277, -1,
      273, 278, 275, -1,
      275, 278, 279, -1,
      280, 281, 282, -1,
      282, 281, 283, -1,
      284, 280, 285, -1,
      285, 280, 282, -1,
      286, 284, 287, -1,
      287, 284, 285, -1,
      281, 286, 283, -1,
      283, 286, 287, -1,
      288, 289, 290, -1,
      290, 289, 291, -1,
      292, 288, 293, -1,
      293, 288, 290, -1,
      294, 292, 295, -1,
      295, 292, 293, -1,
      289, 294, 291, -1,
      291, 294, 295, -1,
      296, 297, 298, -1,
      298, 297, 299, -1,
      300, 296, 301, -1,
      301, 296, 298, -1,
      302, 300, 303, -1,
      303, 300, 301, -1,
      297, 302, 299, -1,
      299, 302, 303, -1,
      304, 305, 306, -1,
      306, 305, 307, -1,
      308, 304, 309, -1,
      309, 304, 306, -1,
      310, 308, 311, -1,
      311, 308, 309, -1,
      305, 310, 307, -1,
      307, 310, 311, -1,
      312, 313, 314, -1,
      314, 313, 315, -1,
      316, 312, 317, -1,
      317, 312, 314, -1,
      318, 316, 319, -1,
      319, 316, 317, -1,
      313, 318, 315, -1,
      315, 318, 319, -1,
      320, 321, 322, -1,
      322, 321, 323, -1,
      324, 320, 325, -1,
      325, 320, 322, -1,
      326, 324, 327, -1,
      327, 324, 325, -1,
      321, 326, 323, -1,
      323, 326, 327, -1,
      328, 329, 330, -1,
      330, 329, 331, -1,
      332, 328, 333, -1,
      333, 328, 330, -1,
      334, 332, 335, -1,
      335, 332, 333, -1,
      329, 334, 331, -1,
      331, 334, 335, -1,
      336, 337, 338, -1,
      338, 337, 339, -1,
      340, 336, 341, -1,
      341, 336, 338, -1,
      342, 340, 343, -1,
      343, 340, 341, -1,
      337, 342, 339, -1,
      339, 342, 343, -1,
      344, 345, 346, -1,
      346, 345, 347, -1,
      348, 344, 349, -1,
      349, 344, 346, -1,
      350, 348, 351, -1,
      351, 348, 349, -1,
      345, 350, 347, -1,
      347, 350, 351, -1,
      352, 353, 354, -1,
      354, 353, 355, -1,
      356, 352, 357, -1,
      357, 352, 354, -1,
      358, 356, 359, -1,
      359, 356, 357, -1,
      353, 358, 355, -1,
      355, 358, 359, -1,
      360, 361, 362, -1,
      362, 361, 363, -1,
      364, 360, 365, -1,
      365, 360, 362, -1,
      366, 364, 367, -1,
      367, 364, 365, -1,
      361, 366, 363, -1,
      363, 366, 367, -1,
      368, 369, 370, -1,
      370, 369, 371, -1,
      372, 368, 373, -1,
      373, 368, 370, -1,
      374, 372, 375, -1,
      375, 372, 373, -1,
      369, 374, 371, -1,
      371, 374, 375, -1,
      376, 377, 378, -1,
      378, 377, 379, -1,
      380, 376, 381, -1,
      381, 376, 378, -1,
      382, 380, 383, -1,
      383, 380, 381, -1,
      377, 382, 379, -1,
      379, 382, 383, -1,
      384, 385, 386, -1,
      386, 385, 387, -1,
      388, 384, 389, -1,
      389, 384, 386, -1,
      390, 388, 391, -1,
      391, 388, 389, -1,
      385, 390, 387, -1,
      387, 390, 391, -1,
      392, 393, 394, -1,
      394, 393, 395, -1,
      396, 392, 397, -1,
      397, 392, 394, -1,
      398, 396, 399, -1,
      399, 396, 397, -1,
      393, 398, 395, -1,
      395, 398, 399, -1,
      400, 401, 402, -1,
      402, 401, 403, -1,
      404, 400, 405, -1,
      405, 400, 402, -1,
      406, 404, 407, -1,
      407, 404, 405, -1,
      401, 406, 403, -1,
      403, 406, 407, -1,
      408, 409, 410, -1,
      410, 409, 411, -1,
      412, 408, 413, -1,
      413, 408, 410, -1,
      414, 412, 415, -1,
      415, 412, 413, -1,
      409, 414, 411, -1,
      411, 414, 415, -1,
      416, 417, 418, -1,
      418, 417, 419, -1,
      420, 416, 421, -1,
      421, 416, 418, -1,
      422, 420, 423, -1,
      423, 420, 421, -1,
      417, 422, 419, -1,
      419, 422, 423, -1,
      424, 425, 426, -1,
      426, 425, 427, -1,
      428, 424, 429, -1,
      429, 424, 426, -1,
      430, 428, 431, -1,
      431, 428, 429, -1,
      425, 430, 427, -1,
      427, 430, 431, -1,
      432, 433, 434, -1,
      434, 433, 435, -1,
      436, 432, 437, -1,
      437, 432, 434, -1,
      438, 436, 439, -1,
      439, 436, 437, -1,
      433, 438, 435, -1,
      435, 438, 439, -1,
      440, 441, 442, -1,
      442, 441, 443, -1,
      444, 440, 445, -1,
      445, 440, 442, -1,
      446, 444, 447, -1,
      447, 444, 445, -1,
      441, 446, 443, -1,
      443, 446, 447, -1,
      448, 449, 450, -1,
      450, 449, 451, -1,
      452, 448, 453, -1,
      453, 448, 450, -1,
      454, 452, 455, -1,
      455, 452, 453, -1,
      449, 454, 451, -1,
      451, 454, 455, -1,
      456, 457, 458, -1,
      458, 457, 459, -1,
      460, 456, 461, -1,
      461, 456, 458, -1,
      462, 460, 463, -1,
      463, 460, 461, -1,
      457, 462, 459, -1,
      459, 462, 463, -1,
      464, 465, 466, -1,
      466, 465, 467, -1,
      468, 464, 469, -1,
      469, 464, 466, -1,
      470, 468, 471, -1,
      471, 468, 469, -1,
      465, 470, 467, -1,
      467, 470, 471, -1,
      472, 473, 474, -1,
      474, 473, 475, -1,
      476, 472, 477, -1,
      477, 472, 474, -1,
      478, 476, 479, -1,
      479, 476, 477, -1,
      473, 478, 475, -1,
      475, 478, 479, -1,
      480, 481, 482, -1,
      482, 481, 483, -1,
      484, 480, 485, -1,
      485, 480, 482, -1,
      486, 484, 487, -1,
      487, 484, 485, -1,
      481, 486, 483, -1,
      483, 486, 487, -1,
      488, 489, 490, -1,
      490, 489, 491, -1,
      492, 488, 493, -1,
      493, 488, 490, -1,
      494, 492, 495, -1,
      495, 492, 493, -1,
      489, 494, 491, -1,
      491, 494, 495, -1,
      496, 497, 498, -1,
      498, 497, 499, -1,
      500, 496, 501, -1,
      501, 496, 498, -1,
      502, 500, 503, -1,
      503, 500, 501, -1,
      497, 502, 499, -1,
      499, 502, 503, -1,
      504, 505, 506, -1,
      506, 505, 507, -1,
      508, 504, 509, -1,
      509, 504, 506, -1,
      510, 508, 511, -1,
      511, 508, 509, -1,
      505, 510, 507, -1,
      507, 510, 511, -1,
      512, 513, 514, -1,
      514, 513, 515, -1,
      516, 512, 517, -1,
      517, 512, 514, -1,
      518, 516, 519, -1,
      519, 516, 517, -1,
      513, 518, 515, -1,
      515, 518, 519, -1,
      520, 521, 522, -1,
      522, 521, 523, -1,
      524, 520, 525, -1,
      525, 520, 522, -1,
      526, 524, 527, -1,
      527, 524, 525, -1,
      521, 526, 523, -1,
      523, 526, 527, -1,
      528, 529, 530, -1,
      530, 529, 531, -1,
      532, 528, 533, -1,
      533, 528, 530, -1,
      534, 532, 535, -1,
      535, 532, 533, -1,
      529, 534, 531, -1,
      531, 534, 535, -1,
      536, 537, 538, -1,
      538, 537, 539, -1,
      540, 536, 541, -1,
      541, 536, 538, -1,
      542, 540, 543, -1,
      543, 540, 541, -1,
      537, 542, 539, -1,
      539, 542, 543, -1,
      544, 545, 546, -1,
      546, 545, 547, -1,
      548, 544, 549, -1,
      549, 544, 546, -1,
      550, 548, 551, -1,
      551, 548, 549, -1,
      545, 550, 547, -1,
      547, 550, 551, -1,
      552, 553, 554, -1,
      554, 553, 555, -1,
      556, 552, 557, -1,
      557, 552, 554, -1,
      558, 556, 559, -1,
      559, 556, 557, -1,
      553, 558, 555, -1,
      555, 558, 559, -1,
      560, 561, 562, -1,
      562, 561, 563, -1,
      564, 560, 565, -1,
      565, 560, 562, -1,
      566, 564, 567, -1,
      567, 564, 565, -1,
      561, 566, 563, -1,
      563, 566, 567, -1,
      568, 569, 570, -1,
      570, 569, 571, -1,
      572, 568, 573, -1,
      573, 568, 570, -1,
      574, 572, 575, -1,
      575, 572, 573, -1,
      569, 574, 571, -1,
      571, 574, 575, -1,
      576, 577, 578, -1,
      578, 577, 579, -1,
      580, 576, 581, -1,
      581, 576, 578, -1,
      582, 580, 583, -1,
      583, 580, 581, -1,
      577, 582, 579, -1,
      579, 582, 583, -1,
      584, 585, 586, -1,
      586, 585, 587, -1,
      588, 584, 589, -1,
      589, 584, 586, -1,
      590, 588, 591, -1,
      591, 588, 589, -1,
      585, 590, 587, -1,
      587, 590, 591, -1,
      592, 593, 594, -1,
      594, 593, 595, -1,
      596, 592, 597, -1,
      597, 592, 594, -1,
      598, 596, 599, -1,
      599, 596, 597, -1,
      593, 598, 595, -1,
      595, 598, 599, -1,
      600, 601, 602, -1,
      602, 601, 603, -1,
      604, 600, 605, -1,
      605, 600, 602, -1,
      606, 604, 607, -1,
      607, 604, 605, -1,
      601, 606, 603, -1,
      603, 606, 607, -1,
      608, 609, 610, -1,
      610, 609, 611, -1,
      612, 608, 613, -1,
      613, 608, 610, -1,
      614, 612, 615, -1,
      615, 612, 613, -1,
      609, 614, 611, -1,
      611, 614, 615, -1,
      616, 617, 618, -1,
      618, 617, 619, -1,
      620, 616, 621, -1,
      621, 616, 618, -1,
      622, 620, 623, -1,
      623, 620, 621, -1,
      617, 622, 619, -1,
      619, 622, 623, -1,
      624, 625, 626, -1,
      626, 625, 627, -1,
      628, 624, 629, -1,
      629, 624, 626, -1,
      630, 628, 631, -1,
      631, 628, 629, -1,
      625, 630, 627, -1,
      627, 630, 631, -1,
      632, 633, 634, -1,
      634, 633, 635, -1,
      636, 632, 637, -1,
      637, 632, 634, -1,
      638, 636, 639, -1,
      639, 636, 637, -1,
      633, 638, 635, -1,
      635, 638, 639, -1,
      640, 641, 642, -1,
      642, 641, 643, -1,
      644, 640, 645, -1,
      645, 640, 642, -1,
      646, 644, 647, -1,
      647, 644, 645, -1,
      641, 646, 643, -1,
      643, 646, 647, -1,
      648, 649, 650, -1,
      650, 649, 651, -1,
      652, 648, 653, -1,
      653, 648, 650, -1,
      654, 652, 655, -1,
      655, 652, 653, -1,
      649, 654, 651, -1,
      651, 654, 655, -1,
      656, 657, 658, -1,
      658, 657, 3, -1,
      659, 660, 661, -1,
      661, 660, 662, -1,
      657, 663, 3, -1,
      3, 663, 660, -1,
      3, 660, 664, -1,
      664, 660, 659, -1,
      665, 2, 666, -1,
      667, 668, 669, -1,
      669, 668, 670, -1,
      669, 670, 2, -1,
      2, 670, 671, -1,
      2, 671, 666, -1,
      3, 672, 658, -1,
      658, 672, 673, -1,
      658, 673, 674, -1,
      674, 673, 675, -1,
      674, 675, 676, -1,
      676, 675, 665, -1,
      676, 665, 677, -1,
      677, 665, 666, -1,
      677, 666, 678, -1,
      679, 680, 681, -1,
      678, 666, 682, -1,
      682, 666, 683, -1,
      682, 683, 681, -1,
      681, 683, 684, -1,
      681, 684, 679, -1,
      685, 686, 687, -1,
      687, 686, 688, -1,
      687, 688, 689, -1,
      689, 688, 690, -1,
      689, 690, 691, -1,
      691, 690, 692, -1,
      691, 692, 693, -1,
      693, 692, 694, -1,
      693, 694, 695, -1,
      695, 694, 696, -1,
      695, 696, 697, -1,
      697, 696, 698, -1,
      657, 656, 699, -1,
      700, 701, 702, -1,
      702, 701, 703, -1,
      702, 703, 699, -1,
      699, 703, 704, -1,
      699, 704, 657, -1,
      705, 701, 697, -1,
      697, 701, 695, -1,
      706, 697, 707, -1,
      707, 697, 708, -1,
      706, 709, 697, -1,
      697, 709, 710, -1,
      697, 710, 705, -1,
      711, 680, 685, -1,
      685, 680, 679, -1,
      685, 679, 712, -1,
      712, 713, 685, -1,
      685, 713, 714, -1,
      685, 714, 715, -1,
      715, 714, 716, -1,
      685, 687, 711, -1,
      711, 687, 689, -1,
      711, 689, 717, -1,
      717, 689, 691, -1,
      717, 691, 718, -1,
      718, 691, 693, -1,
      718, 693, 719, -1,
      719, 693, 695, -1,
      719, 695, 720, -1,
      720, 695, 701, -1,
      720, 701, 700, -1,
      721, 722, 723, -1,
      724, 725, 726, -1,
      727, 728, 729, -1,
      730, 731, 732, -1,
      733, 734, 735, -1,
      736, 737, 738, -1,
      739, 740, 741, -1,
      741, 740, 742, -1,
      741, 742, 743, -1,
      743, 742, 744, -1,
      743, 744, 745, -1,
      745, 744, 746, -1,
      745, 746, 747, -1,
      747, 746, 748, -1,
      747, 748, 749, -1,
      738, 737, 750, -1,
      750, 737, 751, -1,
      750, 751, 752, -1,
      752, 751, 753, -1,
      752, 753, 754, -1,
      754, 753, 755, -1,
      754, 755, 756, -1,
      756, 755, 757, -1,
      756, 757, 758, -1,
      735, 734, 759, -1,
      759, 734, 760, -1,
      759, 760, 761, -1,
      761, 760, 762, -1,
      761, 762, 763, -1,
      763, 762, 764, -1,
      763, 764, 765, -1,
      765, 764, 766, -1,
      765, 766, 767, -1,
      730, 768, 769, -1,
      769, 768, 770, -1,
      769, 770, 771, -1,
      771, 770, 772, -1,
      771, 772, 773, -1,
      773, 772, 774, -1,
      773, 774, 775, -1,
      775, 774, 776, -1,
      775, 776, 777, -1,
      778, 779, 739, -1,
      739, 779, 780, -1,
      739, 780, 740, -1,
      781, 782, 783, -1,
      783, 782, 784, -1,
      784, 782, 785, -1,
      785, 782, 779, -1,
      785, 779, 786, -1,
      786, 779, 778, -1,
      786, 778, 783, -1,
      783, 778, 787, -1,
      783, 787, 781, -1,
      781, 787, 788, -1,
      781, 788, 739, -1,
      739, 788, 789, -1,
      739, 789, 778, -1,
      790, 781, 791, -1,
      791, 781, 739, -1,
      791, 739, 792, -1,
      792, 739, 741, -1,
      792, 741, 793, -1,
      793, 741, 794, -1,
      793, 794, 790, -1,
      790, 794, 781, -1,
      795, 794, 796, -1,
      796, 794, 741, -1,
      796, 741, 797, -1,
      797, 741, 743, -1,
      797, 743, 798, -1,
      798, 743, 799, -1,
      798, 799, 795, -1,
      795, 799, 794, -1,
      800, 799, 801, -1,
      801, 799, 743, -1,
      801, 743, 802, -1,
      802, 743, 745, -1,
      802, 745, 803, -1,
      803, 745, 804, -1,
      803, 804, 800, -1,
      800, 804, 799, -1,
      805, 804, 806, -1,
      806, 804, 745, -1,
      806, 745, 807, -1,
      807, 745, 747, -1,
      807, 747, 808, -1,
      808, 747, 809, -1,
      808, 809, 805, -1,
      805, 809, 804, -1,
      810, 809, 811, -1,
      811, 809, 747, -1,
      811, 747, 812, -1,
      812, 747, 749, -1,
      812, 749, 813, -1,
      813, 749, 814, -1,
      813, 814, 810, -1,
      810, 814, 809, -1,
      815, 816, 749, -1,
      729, 728, 738, -1,
      738, 728, 817, -1,
      738, 817, 818, -1,
      749, 816, 814, -1,
      814, 816, 819, -1,
      814, 819, 820, -1,
      821, 729, 822, -1,
      822, 729, 738, -1,
      822, 738, 823, -1,
      823, 738, 750, -1,
      823, 750, 824, -1,
      824, 750, 825, -1,
      824, 825, 821, -1,
      821, 825, 729, -1,
      826, 825, 827, -1,
      827, 825, 750, -1,
      827, 750, 828, -1,
      828, 750, 752, -1,
      828, 752, 829, -1,
      829, 752, 830, -1,
      829, 830, 826, -1,
      826, 830, 825, -1,
      831, 830, 832, -1,
      832, 830, 752, -1,
      832, 752, 833, -1,
      833, 752, 754, -1,
      833, 754, 834, -1,
      834, 754, 835, -1,
      834, 835, 831, -1,
      831, 835, 830, -1,
      836, 835, 837, -1,
      837, 835, 754, -1,
      837, 754, 838, -1,
      838, 754, 756, -1,
      838, 756, 839, -1,
      839, 756, 840, -1,
      839, 840, 836, -1,
      836, 840, 835, -1,
      841, 840, 842, -1,
      842, 840, 756, -1,
      842, 756, 843, -1,
      843, 756, 758, -1,
      843, 758, 844, -1,
      844, 758, 845, -1,
      844, 845, 841, -1,
      841, 845, 840, -1,
      846, 847, 758, -1,
      726, 725, 735, -1,
      735, 725, 848, -1,
      735, 848, 849, -1,
      758, 847, 845, -1,
      845, 847, 850, -1,
      845, 850, 851, -1,
      852, 726, 853, -1,
      853, 726, 735, -1,
      853, 735, 854, -1,
      854, 735, 759, -1,
      854, 759, 855, -1,
      855, 759, 856, -1,
      855, 856, 852, -1,
      852, 856, 726, -1,
      857, 856, 858, -1,
      858, 856, 759, -1,
      858, 759, 859, -1,
      859, 759, 761, -1,
      859, 761, 860, -1,
      860, 761, 861, -1,
      860, 861, 857, -1,
      857, 861, 856, -1,
      862, 861, 863, -1,
      863, 861, 761, -1,
      863, 761, 864, -1,
      864, 761, 763, -1,
      864, 763, 865, -1,
      865, 763, 866, -1,
      865, 866, 862, -1,
      862, 866, 861, -1,
      867, 866, 868, -1,
      868, 866, 763, -1,
      868, 763, 869, -1,
      869, 763, 765, -1,
      869, 765, 870, -1,
      870, 765, 871, -1,
      870, 871, 867, -1,
      867, 871, 866, -1,
      872, 871, 873, -1,
      873, 871, 765, -1,
      873, 765, 874, -1,
      874, 765, 767, -1,
      874, 767, 875, -1,
      875, 767, 876, -1,
      875, 876, 872, -1,
      872, 876, 871, -1,
      877, 878, 767, -1,
      723, 722, 776, -1,
      776, 722, 879, -1,
      776, 879, 880, -1,
      767, 878, 876, -1,
      876, 878, 881, -1,
      876, 881, 882, -1,
      883, 723, 884, -1,
      884, 723, 776, -1,
      884, 776, 885, -1,
      885, 776, 774, -1,
      885, 774, 886, -1,
      886, 774, 887, -1,
      886, 887, 883, -1,
      883, 887, 723, -1,
      888, 887, 889, -1,
      889, 887, 774, -1,
      889, 774, 890, -1,
      890, 774, 772, -1,
      890, 772, 891, -1,
      891, 772, 892, -1,
      891, 892, 888, -1,
      888, 892, 887, -1,
      893, 892, 894, -1,
      894, 892, 772, -1,
      894, 772, 895, -1,
      895, 772, 770, -1,
      895, 770, 896, -1,
      896, 770, 897, -1,
      896, 897, 893, -1,
      893, 897, 892, -1,
      898, 897, 899, -1,
      899, 897, 770, -1,
      899, 770, 900, -1,
      900, 770, 768, -1,
      900, 768, 901, -1,
      901, 768, 902, -1,
      901, 902, 898, -1,
      898, 902, 897, -1,
      903, 904, 905, -1,
      905, 904, 906, -1,
      907, 908, 909, -1,
      909, 908, 782, -1,
      909, 782, 903, -1,
      903, 782, 781, -1,
      903, 781, 904, -1,
      907, 905, 908, -1,
      908, 905, 906, -1,
      908, 906, 910, -1,
      910, 906, 911, -1,
      910, 911, 781, -1,
      781, 911, 912, -1,
      781, 912, 904, -1,
      913, 910, 914, -1,
      914, 910, 781, -1,
      914, 781, 915, -1,
      915, 781, 794, -1,
      915, 794, 916, -1,
      916, 794, 917, -1,
      916, 917, 913, -1,
      913, 917, 910, -1,
      918, 917, 919, -1,
      919, 917, 794, -1,
      919, 794, 920, -1,
      920, 794, 799, -1,
      920, 799, 921, -1,
      921, 799, 922, -1,
      921, 922, 918, -1,
      918, 922, 917, -1,
      923, 922, 924, -1,
      924, 922, 799, -1,
      924, 799, 925, -1,
      925, 799, 804, -1,
      925, 804, 926, -1,
      926, 804, 927, -1,
      926, 927, 923, -1,
      923, 927, 922, -1,
      928, 927, 929, -1,
      929, 927, 804, -1,
      929, 804, 930, -1,
      930, 804, 809, -1,
      930, 809, 931, -1,
      931, 809, 932, -1,
      931, 932, 928, -1,
      928, 932, 927, -1,
      933, 934, 935, -1,
      935, 934, 932, -1,
      935, 932, 936, -1,
      936, 932, 809, -1,
      936, 809, 937, -1,
      937, 809, 814, -1,
      937, 814, 933, -1,
      938, 939, 814, -1,
      933, 814, 934, -1,
      934, 814, 939, -1,
      934, 939, 940, -1,
      941, 942, 943, -1,
      943, 942, 938, -1,
      943, 938, 729, -1,
      729, 938, 814, -1,
      729, 814, 727, -1,
      727, 814, 820, -1,
      727, 820, 818, -1,
      818, 820, 815, -1,
      818, 815, 738, -1,
      738, 815, 749, -1,
      738, 749, 736, -1,
      736, 749, 748, -1,
      940, 942, 934, -1,
      934, 942, 941, -1,
      934, 941, 944, -1,
      944, 941, 945, -1,
      944, 945, 729, -1,
      729, 945, 946, -1,
      729, 946, 943, -1,
      947, 944, 948, -1,
      948, 944, 729, -1,
      948, 729, 949, -1,
      949, 729, 825, -1,
      949, 825, 950, -1,
      950, 825, 951, -1,
      950, 951, 947, -1,
      947, 951, 944, -1,
      952, 951, 953, -1,
      953, 951, 825, -1,
      953, 825, 954, -1,
      954, 825, 830, -1,
      954, 830, 955, -1,
      955, 830, 956, -1,
      955, 956, 952, -1,
      952, 956, 951, -1,
      957, 956, 958, -1,
      958, 956, 830, -1,
      958, 830, 959, -1,
      959, 830, 835, -1,
      959, 835, 960, -1,
      960, 835, 961, -1,
      960, 961, 957, -1,
      957, 961, 956, -1,
      962, 961, 963, -1,
      963, 961, 835, -1,
      963, 835, 964, -1,
      964, 835, 840, -1,
      964, 840, 965, -1,
      965, 840, 966, -1,
      965, 966, 962, -1,
      962, 966, 961, -1,
      967, 968, 969, -1,
      969, 968, 966, -1,
      969, 966, 970, -1,
      970, 966, 840, -1,
      970, 840, 971, -1,
      971, 840, 845, -1,
      971, 845, 967, -1,
      972, 973, 845, -1,
      967, 845, 968, -1,
      968, 845, 973, -1,
      968, 973, 974, -1,
      975, 976, 977, -1,
      977, 976, 972, -1,
      977, 972, 726, -1,
      726, 972, 845, -1,
      726, 845, 724, -1,
      724, 845, 851, -1,
      724, 851, 849, -1,
      849, 851, 846, -1,
      849, 846, 735, -1,
      735, 846, 758, -1,
      735, 758, 733, -1,
      733, 758, 757, -1,
      974, 976, 968, -1,
      968, 976, 975, -1,
      968, 975, 978, -1,
      978, 975, 979, -1,
      978, 979, 726, -1,
      726, 979, 980, -1,
      726, 980, 977, -1,
      981, 978, 982, -1,
      982, 978, 726, -1,
      982, 726, 983, -1,
      983, 726, 856, -1,
      983, 856, 984, -1,
      984, 856, 985, -1,
      984, 985, 981, -1,
      981, 985, 978, -1,
      986, 985, 987, -1,
      987, 985, 856, -1,
      987, 856, 988, -1,
      988, 856, 861, -1,
      988, 861, 989, -1,
      989, 861, 990, -1,
      989, 990, 986, -1,
      986, 990, 985, -1,
      991, 990, 992, -1,
      992, 990, 861, -1,
      992, 861, 993, -1,
      993, 861, 866, -1,
      993, 866, 994, -1,
      994, 866, 995, -1,
      994, 995, 991, -1,
      991, 995, 990, -1,
      996, 995, 997, -1,
      997, 995, 866, -1,
      997, 866, 998, -1,
      998, 866, 871, -1,
      998, 871, 999, -1,
      999, 871, 1000, -1,
      999, 1000, 996, -1,
      996, 1000, 995, -1,
      1001, 1002, 1003, -1,
      1003, 1002, 1000, -1,
      1003, 1000, 1004, -1,
      1004, 1000, 871, -1,
      1004, 871, 1005, -1,
      1005, 871, 876, -1,
      1005, 876, 1001, -1,
      1006, 1007, 876, -1,
      1001, 876, 1002, -1,
      1002, 876, 1007, -1,
      1002, 1007, 1008, -1,
      1009, 1010, 1011, -1,
      1011, 1010, 1006, -1,
      1011, 1006, 723, -1,
      723, 1006, 876, -1,
      723, 876, 721, -1,
      721, 876, 882, -1,
      721, 882, 880, -1,
      880, 882, 877, -1,
      880, 877, 776, -1,
      776, 877, 767, -1,
      776, 767, 777, -1,
      777, 767, 766, -1,
      1008, 1010, 1002, -1,
      1002, 1010, 1009, -1,
      1002, 1009, 1012, -1,
      1012, 1009, 1013, -1,
      1012, 1013, 723, -1,
      723, 1013, 1014, -1,
      723, 1014, 1011, -1,
      1015, 1012, 1016, -1,
      1016, 1012, 723, -1,
      1016, 723, 1017, -1,
      1017, 723, 887, -1,
      1017, 887, 1018, -1,
      1018, 887, 1019, -1,
      1018, 1019, 1015, -1,
      1015, 1019, 1012, -1,
      1020, 1019, 1021, -1,
      1021, 1019, 887, -1,
      1021, 887, 1022, -1,
      1022, 887, 892, -1,
      1022, 892, 1023, -1,
      1023, 892, 1024, -1,
      1023, 1024, 1020, -1,
      1020, 1024, 1019, -1,
      1025, 1024, 1026, -1,
      1026, 1024, 892, -1,
      1026, 892, 1027, -1,
      1027, 892, 897, -1,
      1027, 897, 1028, -1,
      1028, 897, 1029, -1,
      1028, 1029, 1025, -1,
      1025, 1029, 1024, -1,
      1030, 1029, 1031, -1,
      1031, 1029, 897, -1,
      1031, 897, 1032, -1,
      1032, 897, 902, -1,
      1032, 902, 1033, -1,
      1033, 902, 1034, -1,
      1033, 1034, 1030, -1,
      1030, 1034, 1029, -1,
      730, 732, 768, -1,
      768, 732, 1035, -1,
      768, 1035, 902, -1,
      902, 1035, 1036, -1,
      902, 1036, 1034, -1,
      1037, 0, 908, -1,
      0, 1038, 908, -1,
      908, 1038, 1039, -1,
      908, 1039, 1040, -1,
      1040, 1041, 908, -1,
      908, 1041, 1042, -1,
      908, 1042, 1043, -1,
      1036, 1044, 1045, -1,
      1045, 1046, 1036, -1,
      1036, 1046, 1047, -1,
      1036, 1047, 1048, -1,
      1048, 1049, 1036, -1,
      1036, 1049, 1, -1,
      1036, 1, 1050, -1,
      908, 1051, 1037, -1,
      1037, 1051, 1052, -1,
      1037, 1052, 1053, -1,
      1053, 1052, 1054, -1,
      1053, 1054, 1055, -1,
      1055, 1054, 1056, -1,
      1055, 1056, 1057, -1,
      1057, 1056, 1050, -1,
      1057, 1050, 1058, -1,
      1058, 1050, 1, -1,
      1059, 1060, 780, -1,
      1059, 780, 1061, -1,
      908, 1043, 1062, -1,
      1060, 1063, 780, -1,
      780, 1063, 1064, -1,
      780, 1064, 1065, -1,
      1062, 1066, 908, -1,
      908, 1066, 1067, -1,
      908, 1067, 1068, -1,
      1068, 1069, 908, -1,
      908, 1069, 704, -1,
      908, 704, 780, -1,
      780, 704, 703, -1,
      780, 703, 1061, -1,
      1070, 1044, 1036, -1,
      731, 1071, 1072, -1,
      1070, 1036, 1073, -1,
      1072, 1074, 731, -1,
      731, 1074, 1075, -1,
      731, 1075, 1076, -1,
      1077, 1078, 1036, -1,
      1036, 1078, 1079, -1,
      1036, 1079, 1073, -1,
      1076, 1080, 731, -1,
      731, 1080, 684, -1,
      731, 684, 1036, -1,
      1036, 684, 683, -1,
      1036, 683, 1077, -1,
      780, 1065, 1081, -1,
      1081, 1082, 780, -1,
      780, 1082, 1083, -1,
      780, 1083, 1084, -1,
      1084, 1085, 780, -1,
      780, 1085, 698, -1,
      780, 698, 1086, -1,
      688, 686, 731, -1,
      1087, 1088, 731, -1,
      731, 1088, 1089, -1,
      731, 1089, 1071, -1,
      686, 1090, 731, -1,
      731, 1090, 1091, -1,
      731, 1091, 1087, -1,
      731, 1092, 688, -1,
      688, 1092, 1093, -1,
      688, 1093, 690, -1,
      690, 1093, 1094, -1,
      690, 1094, 692, -1,
      692, 1094, 1095, -1,
      692, 1095, 694, -1,
      694, 1095, 1086, -1,
      694, 1086, 696, -1,
      696, 1086, 698, -1,
      905, 649, 903, -1,
      903, 649, 648, -1,
      907, 654, 905, -1,
      905, 654, 649, -1,
      652, 909, 648, -1,
      648, 909, 903, -1,
      909, 652, 907, -1,
      907, 652, 654, -1,
      906, 225, 911, -1,
      911, 225, 224, -1,
      904, 230, 906, -1,
      906, 230, 225, -1,
      228, 912, 224, -1,
      224, 912, 911, -1,
      912, 228, 904, -1,
      904, 228, 230, -1,
      913, 233, 916, -1,
      916, 233, 232, -1,
      914, 238, 913, -1,
      913, 238, 233, -1,
      236, 915, 232, -1,
      232, 915, 916, -1,
      915, 236, 914, -1,
      914, 236, 238, -1,
      918, 241, 921, -1,
      921, 241, 240, -1,
      919, 246, 918, -1,
      918, 246, 241, -1,
      244, 920, 240, -1,
      240, 920, 921, -1,
      920, 244, 919, -1,
      919, 244, 246, -1,
      923, 249, 926, -1,
      926, 249, 248, -1,
      924, 254, 923, -1,
      923, 254, 249, -1,
      252, 925, 248, -1,
      248, 925, 926, -1,
      925, 252, 924, -1,
      924, 252, 254, -1,
      928, 257, 931, -1,
      931, 257, 256, -1,
      929, 262, 928, -1,
      928, 262, 257, -1,
      260, 930, 256, -1,
      256, 930, 931, -1,
      930, 260, 929, -1,
      929, 260, 262, -1,
      935, 265, 933, -1,
      933, 265, 264, -1,
      936, 270, 935, -1,
      935, 270, 265, -1,
      268, 937, 264, -1,
      264, 937, 933, -1,
      937, 268, 936, -1,
      936, 268, 270, -1,
      940, 273, 942, -1,
      942, 273, 272, -1,
      939, 278, 940, -1,
      940, 278, 273, -1,
      276, 938, 272, -1,
      272, 938, 942, -1,
      938, 276, 939, -1,
      939, 276, 278, -1,
      941, 281, 945, -1,
      945, 281, 280, -1,
      943, 286, 941, -1,
      941, 286, 281, -1,
      284, 946, 280, -1,
      280, 946, 945, -1,
      946, 284, 943, -1,
      943, 284, 286, -1,
      947, 289, 950, -1,
      950, 289, 288, -1,
      948, 294, 947, -1,
      947, 294, 289, -1,
      292, 949, 288, -1,
      288, 949, 950, -1,
      949, 292, 948, -1,
      948, 292, 294, -1,
      952, 297, 955, -1,
      955, 297, 296, -1,
      953, 302, 952, -1,
      952, 302, 297, -1,
      300, 954, 296, -1,
      296, 954, 955, -1,
      954, 300, 953, -1,
      953, 300, 302, -1,
      957, 305, 960, -1,
      960, 305, 304, -1,
      958, 310, 957, -1,
      957, 310, 305, -1,
      308, 959, 304, -1,
      304, 959, 960, -1,
      959, 308, 958, -1,
      958, 308, 310, -1,
      962, 313, 965, -1,
      965, 313, 312, -1,
      963, 318, 962, -1,
      962, 318, 313, -1,
      316, 964, 312, -1,
      312, 964, 965, -1,
      964, 316, 963, -1,
      963, 316, 318, -1,
      969, 321, 967, -1,
      967, 321, 320, -1,
      970, 326, 969, -1,
      969, 326, 321, -1,
      324, 971, 320, -1,
      320, 971, 967, -1,
      971, 324, 970, -1,
      970, 324, 326, -1,
      974, 329, 976, -1,
      976, 329, 328, -1,
      973, 334, 974, -1,
      974, 334, 329, -1,
      332, 972, 328, -1,
      328, 972, 976, -1,
      972, 332, 973, -1,
      973, 332, 334, -1,
      975, 337, 979, -1,
      979, 337, 336, -1,
      977, 342, 975, -1,
      975, 342, 337, -1,
      340, 980, 336, -1,
      336, 980, 979, -1,
      980, 340, 977, -1,
      977, 340, 342, -1,
      981, 345, 984, -1,
      984, 345, 344, -1,
      982, 350, 981, -1,
      981, 350, 345, -1,
      348, 983, 344, -1,
      344, 983, 984, -1,
      983, 348, 982, -1,
      982, 348, 350, -1,
      986, 353, 989, -1,
      989, 353, 352, -1,
      987, 358, 986, -1,
      986, 358, 353, -1,
      356, 988, 352, -1,
      352, 988, 989, -1,
      988, 356, 987, -1,
      987, 356, 358, -1,
      991, 361, 994, -1,
      994, 361, 360, -1,
      992, 366, 991, -1,
      991, 366, 361, -1,
      364, 993, 360, -1,
      360, 993, 994, -1,
      993, 364, 992, -1,
      992, 364, 366, -1,
      996, 369, 999, -1,
      999, 369, 368, -1,
      997, 374, 996, -1,
      996, 374, 369, -1,
      372, 998, 368, -1,
      368, 998, 999, -1,
      998, 372, 997, -1,
      997, 372, 374, -1,
      1003, 377, 1001, -1,
      1001, 377, 376, -1,
      1004, 382, 1003, -1,
      1003, 382, 377, -1,
      380, 1005, 376, -1,
      376, 1005, 1001, -1,
      1005, 380, 1004, -1,
      1004, 380, 382, -1,
      1008, 385, 1010, -1,
      1010, 385, 384, -1,
      1007, 390, 1008, -1,
      1008, 390, 385, -1,
      388, 1006, 384, -1,
      384, 1006, 1010, -1,
      1006, 388, 1007, -1,
      1007, 388, 390, -1,
      1009, 393, 1013, -1,
      1013, 393, 392, -1,
      1011, 398, 1009, -1,
      1009, 398, 393, -1,
      396, 1014, 392, -1,
      392, 1014, 1013, -1,
      1014, 396, 1011, -1,
      1011, 396, 398, -1,
      1015, 401, 1018, -1,
      1018, 401, 400, -1,
      1016, 406, 1015, -1,
      1015, 406, 401, -1,
      404, 1017, 400, -1,
      400, 1017, 1018, -1,
      1017, 404, 1016, -1,
      1016, 404, 406, -1,
      1020, 409, 1023, -1,
      1023, 409, 408, -1,
      1021, 414, 1020, -1,
      1020, 414, 409, -1,
      412, 1022, 408, -1,
      408, 1022, 1023, -1,
      1022, 412, 1021, -1,
      1021, 412, 414, -1,
      1025, 417, 1028, -1,
      1028, 417, 416, -1,
      1026, 422, 1025, -1,
      1025, 422, 417, -1,
      420, 1027, 416, -1,
      416, 1027, 1028, -1,
      1027, 420, 1026, -1,
      1026, 420, 422, -1,
      1030, 425, 1033, -1,
      1033, 425, 424, -1,
      1031, 430, 1030, -1,
      1030, 430, 425, -1,
      428, 1032, 424, -1,
      424, 1032, 1033, -1,
      1032, 428, 1031, -1,
      1031, 428, 430, -1,
      787, 433, 788, -1,
      788, 433, 432, -1,
      778, 438, 787, -1,
      787, 438, 433, -1,
      436, 789, 432, -1,
      432, 789, 788, -1,
      789, 436, 778, -1,
      778, 436, 438, -1,
      790, 441, 793, -1,
      793, 441, 440, -1,
      791, 446, 790, -1,
      790, 446, 441, -1,
      444, 792, 440, -1,
      440, 792, 793, -1,
      792, 444, 791, -1,
      791, 444, 446, -1,
      795, 449, 798, -1,
      798, 449, 448, -1,
      796, 454, 795, -1,
      795, 454, 449, -1,
      452, 797, 448, -1,
      448, 797, 798, -1,
      797, 452, 796, -1,
      796, 452, 454, -1,
      800, 457, 803, -1,
      803, 457, 456, -1,
      801, 462, 800, -1,
      800, 462, 457, -1,
      460, 802, 456, -1,
      456, 802, 803, -1,
      802, 460, 801, -1,
      801, 460, 462, -1,
      805, 465, 808, -1,
      808, 465, 464, -1,
      806, 470, 805, -1,
      805, 470, 465, -1,
      468, 807, 464, -1,
      464, 807, 808, -1,
      807, 468, 806, -1,
      806, 468, 470, -1,
      810, 473, 813, -1,
      813, 473, 472, -1,
      811, 478, 810, -1,
      810, 478, 473, -1,
      476, 812, 472, -1,
      472, 812, 813, -1,
      812, 476, 811, -1,
      811, 476, 478, -1,
      819, 481, 820, -1,
      820, 481, 480, -1,
      816, 486, 819, -1,
      819, 486, 481, -1,
      484, 815, 480, -1,
      480, 815, 820, -1,
      815, 484, 816, -1,
      816, 484, 486, -1,
      727, 489, 728, -1,
      728, 489, 488, -1,
      818, 494, 727, -1,
      727, 494, 489, -1,
      492, 817, 488, -1,
      488, 817, 728, -1,
      817, 492, 818, -1,
      818, 492, 494, -1,
      821, 497, 824, -1,
      824, 497, 496, -1,
      822, 502, 821, -1,
      821, 502, 497, -1,
      500, 823, 496, -1,
      496, 823, 824, -1,
      823, 500, 822, -1,
      822, 500, 502, -1,
      826, 505, 829, -1,
      829, 505, 504, -1,
      827, 510, 826, -1,
      826, 510, 505, -1,
      508, 828, 504, -1,
      504, 828, 829, -1,
      828, 508, 827, -1,
      827, 508, 510, -1,
      831, 513, 834, -1,
      834, 513, 512, -1,
      832, 518, 831, -1,
      831, 518, 513, -1,
      516, 833, 512, -1,
      512, 833, 834, -1,
      833, 516, 832, -1,
      832, 516, 518, -1,
      836, 521, 839, -1,
      839, 521, 520, -1,
      837, 526, 836, -1,
      836, 526, 521, -1,
      524, 838, 520, -1,
      520, 838, 839, -1,
      838, 524, 837, -1,
      837, 524, 526, -1,
      841, 529, 844, -1,
      844, 529, 528, -1,
      842, 534, 841, -1,
      841, 534, 529, -1,
      532, 843, 528, -1,
      528, 843, 844, -1,
      843, 532, 842, -1,
      842, 532, 534, -1,
      850, 537, 851, -1,
      851, 537, 536, -1,
      847, 542, 850, -1,
      850, 542, 537, -1,
      540, 846, 536, -1,
      536, 846, 851, -1,
      846, 540, 847, -1,
      847, 540, 542, -1,
      724, 545, 725, -1,
      725, 545, 544, -1,
      849, 550, 724, -1,
      724, 550, 545, -1,
      548, 848, 544, -1,
      544, 848, 725, -1,
      848, 548, 849, -1,
      849, 548, 550, -1,
      852, 553, 855, -1,
      855, 553, 552, -1,
      853, 558, 852, -1,
      852, 558, 553, -1,
      556, 854, 552, -1,
      552, 854, 855, -1,
      854, 556, 853, -1,
      853, 556, 558, -1,
      857, 561, 860, -1,
      860, 561, 560, -1,
      858, 566, 857, -1,
      857, 566, 561, -1,
      564, 859, 560, -1,
      560, 859, 860, -1,
      859, 564, 858, -1,
      858, 564, 566, -1,
      862, 569, 865, -1,
      865, 569, 568, -1,
      863, 574, 862, -1,
      862, 574, 569, -1,
      572, 864, 568, -1,
      568, 864, 865, -1,
      864, 572, 863, -1,
      863, 572, 574, -1,
      867, 577, 870, -1,
      870, 577, 576, -1,
      868, 582, 867, -1,
      867, 582, 577, -1,
      580, 869, 576, -1,
      576, 869, 870, -1,
      869, 580, 868, -1,
      868, 580, 582, -1,
      872, 585, 875, -1,
      875, 585, 584, -1,
      873, 590, 872, -1,
      872, 590, 585, -1,
      588, 874, 584, -1,
      584, 874, 875, -1,
      874, 588, 873, -1,
      873, 588, 590, -1,
      881, 593, 882, -1,
      882, 593, 592, -1,
      878, 598, 881, -1,
      881, 598, 593, -1,
      596, 877, 592, -1,
      592, 877, 882, -1,
      877, 596, 878, -1,
      878, 596, 598, -1,
      721, 601, 722, -1,
      722, 601, 600, -1,
      880, 606, 721, -1,
      721, 606, 601, -1,
      604, 879, 600, -1,
      600, 879, 722, -1,
      879, 604, 880, -1,
      880, 604, 606, -1,
      883, 609, 886, -1,
      886, 609, 608, -1,
      884, 614, 883, -1,
      883, 614, 609, -1,
      612, 885, 608, -1,
      608, 885, 886, -1,
      885, 612, 884, -1,
      884, 612, 614, -1,
      888, 617, 891, -1,
      891, 617, 616, -1,
      889, 622, 888, -1,
      888, 622, 617, -1,
      620, 890, 616, -1,
      616, 890, 891, -1,
      890, 620, 889, -1,
      889, 620, 622, -1,
      893, 625, 896, -1,
      896, 625, 624, -1,
      894, 630, 893, -1,
      893, 630, 625, -1,
      628, 895, 624, -1,
      624, 895, 896, -1,
      895, 628, 894, -1,
      894, 628, 630, -1,
      898, 633, 901, -1,
      901, 633, 632, -1,
      899, 638, 898, -1,
      898, 638, 633, -1,
      636, 900, 632, -1,
      632, 900, 901, -1,
      900, 636, 899, -1,
      899, 636, 638, -1,
      784, 641, 783, -1,
      783, 641, 640, -1,
      785, 646, 784, -1,
      784, 646, 641, -1,
      644, 786, 640, -1,
      640, 786, 783, -1,
      786, 644, 785, -1,
      785, 644, 646, -1,
      1096, 702, 1097, -1,
      1098, 1099, 1100, -1,
      681, 1101, 1102, -1,
      1103, 1104, 1105, -1,
      1105, 1104, 1106, -1,
      1105, 1106, 1107, -1,
      1107, 1106, 1108, -1,
      1109, 1110, 1111, -1,
      1112, 1113, 1114, -1,
      1114, 1113, 1115, -1,
      1114, 1115, 1116, -1,
      1117, 1118, 1119, -1,
      1119, 1118, 1120, -1,
      1119, 1120, 1121, -1,
      1121, 1120, 1122, -1,
      1123, 1124, 1125, -1,
      1125, 1124, 1126, -1,
      1127, 1128, 1129, -1,
      1130, 1131, 1132, -1,
      1132, 1131, 1133, -1,
      1132, 1133, 1134, -1,
      1134, 1133, 1135, -1,
      1134, 1135, 1136, -1,
      1136, 1135, 1137, -1,
      1136, 1137, 1138, -1,
      4, 1139, 5, -1,
      5, 1139, 1140, -1,
      5, 1140, 7, -1,
      1102, 15, 13, -1,
      15, 1102, 14, -1,
      14, 1102, 1141, -1,
      14, 1141, 12, -1,
      12, 1141, 6, -1,
      12, 6, 13, -1,
      13, 6, 7, -1,
      13, 7, 1102, -1,
      1102, 7, 1140, -1,
      1102, 1140, 681, -1,
      1108, 23, 21, -1,
      23, 1108, 22, -1,
      22, 1108, 1142, -1,
      22, 1142, 20, -1,
      20, 1142, 1141, -1,
      20, 1141, 21, -1,
      21, 1141, 1102, -1,
      21, 1102, 1108, -1,
      1108, 1102, 1101, -1,
      1108, 1101, 1107, -1,
      30, 1143, 28, -1,
      28, 1143, 1142, -1,
      28, 1142, 29, -1,
      29, 1142, 1108, -1,
      29, 1108, 31, -1,
      31, 1108, 1106, -1,
      31, 1106, 30, -1,
      30, 1106, 1143, -1,
      38, 1144, 36, -1,
      36, 1144, 1143, -1,
      36, 1143, 37, -1,
      37, 1143, 1106, -1,
      37, 1106, 39, -1,
      39, 1106, 1104, -1,
      39, 1104, 38, -1,
      38, 1104, 1144, -1,
      1110, 47, 45, -1,
      47, 1110, 46, -1,
      46, 1110, 1145, -1,
      46, 1145, 44, -1,
      44, 1145, 1144, -1,
      44, 1144, 45, -1,
      45, 1144, 1104, -1,
      45, 1104, 1110, -1,
      1110, 1104, 1103, -1,
      1110, 1103, 1111, -1,
      54, 1146, 52, -1,
      52, 1146, 1145, -1,
      52, 1145, 53, -1,
      53, 1145, 1110, -1,
      53, 1110, 55, -1,
      55, 1110, 1109, -1,
      55, 1109, 54, -1,
      63, 61, 1109, -1,
      54, 1109, 1146, -1,
      1146, 1109, 61, -1,
      1146, 61, 60, -1,
      1111, 1116, 1109, -1,
      1109, 1116, 1115, -1,
      1109, 1115, 63, -1,
      63, 1115, 69, -1,
      63, 69, 62, -1,
      62, 69, 68, -1,
      62, 68, 1147, -1,
      1147, 68, 70, -1,
      1147, 70, 1115, -1,
      1115, 70, 71, -1,
      1115, 71, 69, -1,
      78, 1148, 76, -1,
      76, 1148, 1147, -1,
      76, 1147, 77, -1,
      77, 1147, 1115, -1,
      77, 1115, 79, -1,
      79, 1115, 1113, -1,
      79, 1113, 78, -1,
      78, 1113, 1148, -1,
      1122, 87, 85, -1,
      87, 1122, 86, -1,
      86, 1122, 1149, -1,
      86, 1149, 84, -1,
      84, 1149, 1148, -1,
      84, 1148, 85, -1,
      85, 1148, 1113, -1,
      85, 1113, 1122, -1,
      1122, 1113, 1112, -1,
      1122, 1112, 1121, -1,
      94, 1150, 92, -1,
      92, 1150, 1149, -1,
      92, 1149, 93, -1,
      93, 1149, 1122, -1,
      93, 1122, 95, -1,
      95, 1122, 1120, -1,
      95, 1120, 94, -1,
      94, 1120, 1150, -1,
      102, 1151, 100, -1,
      100, 1151, 1150, -1,
      100, 1150, 101, -1,
      101, 1150, 1120, -1,
      101, 1120, 103, -1,
      103, 1120, 1118, -1,
      103, 1118, 102, -1,
      102, 1118, 1151, -1,
      110, 111, 1152, -1,
      1152, 111, 109, -1,
      1117, 1152, 1118, -1,
      1118, 1152, 109, -1,
      1118, 109, 1151, -1,
      1151, 109, 108, -1,
      1151, 108, 1153, -1,
      1153, 108, 110, -1,
      119, 117, 1152, -1,
      110, 1152, 1153, -1,
      1153, 1152, 117, -1,
      1153, 117, 116, -1,
      1117, 1098, 1152, -1,
      1152, 1098, 1100, -1,
      1152, 1100, 119, -1,
      119, 1100, 125, -1,
      119, 125, 118, -1,
      118, 125, 124, -1,
      118, 124, 1154, -1,
      1154, 124, 126, -1,
      1154, 126, 1100, -1,
      1100, 126, 127, -1,
      1100, 127, 125, -1,
      1126, 135, 133, -1,
      135, 1126, 134, -1,
      134, 1126, 1155, -1,
      134, 1155, 132, -1,
      132, 1155, 1154, -1,
      132, 1154, 133, -1,
      133, 1154, 1100, -1,
      133, 1100, 1126, -1,
      1126, 1100, 1099, -1,
      1126, 1099, 1125, -1,
      142, 1156, 140, -1,
      140, 1156, 1155, -1,
      140, 1155, 141, -1,
      141, 1155, 1126, -1,
      141, 1126, 143, -1,
      143, 1126, 1124, -1,
      143, 1124, 142, -1,
      142, 1124, 1156, -1,
      1157, 151, 149, -1,
      151, 1157, 150, -1,
      150, 1157, 1158, -1,
      150, 1158, 148, -1,
      148, 1158, 1156, -1,
      148, 1156, 149, -1,
      149, 1156, 1124, -1,
      149, 1124, 1157, -1,
      1157, 1124, 1123, -1,
      1157, 1123, 1159, -1,
      1128, 159, 157, -1,
      159, 1128, 158, -1,
      158, 1128, 1160, -1,
      158, 1160, 156, -1,
      156, 1160, 1158, -1,
      156, 1158, 157, -1,
      157, 1158, 1157, -1,
      157, 1157, 1128, -1,
      1128, 1157, 1159, -1,
      1128, 1159, 1129, -1,
      166, 1161, 164, -1,
      164, 1161, 1160, -1,
      164, 1160, 165, -1,
      165, 1160, 1128, -1,
      165, 1128, 167, -1,
      167, 1128, 1127, -1,
      167, 1127, 166, -1,
      175, 173, 1127, -1,
      166, 1127, 1161, -1,
      1161, 1127, 173, -1,
      1161, 173, 172, -1,
      1129, 1138, 1127, -1,
      1127, 1138, 1137, -1,
      1127, 1137, 175, -1,
      175, 1137, 181, -1,
      175, 181, 174, -1,
      174, 181, 180, -1,
      174, 180, 1162, -1,
      1162, 180, 182, -1,
      1162, 182, 1137, -1,
      1137, 182, 183, -1,
      1137, 183, 181, -1,
      190, 1163, 188, -1,
      188, 1163, 1162, -1,
      188, 1162, 189, -1,
      189, 1162, 1137, -1,
      189, 1137, 191, -1,
      191, 1137, 1135, -1,
      191, 1135, 190, -1,
      190, 1135, 1163, -1,
      198, 1164, 196, -1,
      196, 1164, 1163, -1,
      196, 1163, 197, -1,
      197, 1163, 1135, -1,
      197, 1135, 199, -1,
      199, 1135, 1133, -1,
      199, 1133, 198, -1,
      198, 1133, 1164, -1,
      206, 1165, 204, -1,
      204, 1165, 1164, -1,
      204, 1164, 205, -1,
      205, 1164, 1133, -1,
      205, 1133, 207, -1,
      207, 1133, 1131, -1,
      207, 1131, 206, -1,
      206, 1131, 1165, -1,
      1166, 215, 213, -1,
      215, 1166, 214, -1,
      214, 1166, 1167, -1,
      214, 1167, 212, -1,
      212, 1167, 1165, -1,
      212, 1165, 213, -1,
      213, 1165, 1131, -1,
      213, 1131, 1166, -1,
      1166, 1131, 1130, -1,
      1166, 1130, 1096, -1,
      11, 9, 1139, -1,
      10, 1168, 682, -1,
      1139, 9, 682, -1,
      682, 9, 8, -1,
      682, 8, 10, -1,
      4, 6, 1139, -1,
      1139, 6, 1141, -1,
      1139, 1141, 11, -1,
      11, 1141, 17, -1,
      11, 17, 10, -1,
      10, 17, 16, -1,
      10, 16, 1168, -1,
      1168, 16, 18, -1,
      1168, 18, 1141, -1,
      1141, 18, 19, -1,
      1141, 19, 17, -1,
      26, 1169, 24, -1,
      24, 1169, 1168, -1,
      24, 1168, 25, -1,
      25, 1168, 1141, -1,
      25, 1141, 27, -1,
      27, 1141, 1142, -1,
      27, 1142, 26, -1,
      26, 1142, 1169, -1,
      1169, 32, 34, -1,
      32, 1169, 33, -1,
      33, 1169, 1142, -1,
      33, 1142, 35, -1,
      35, 1142, 1143, -1,
      35, 1143, 34, -1,
      34, 1143, 1170, -1,
      34, 1170, 1169, -1,
      42, 1171, 40, -1,
      40, 1171, 1170, -1,
      40, 1170, 41, -1,
      41, 1170, 1143, -1,
      41, 1143, 43, -1,
      43, 1143, 1144, -1,
      43, 1144, 42, -1,
      42, 1144, 1171, -1,
      50, 1172, 48, -1,
      48, 1172, 1171, -1,
      48, 1171, 49, -1,
      49, 1171, 1144, -1,
      49, 1144, 51, -1,
      51, 1144, 1145, -1,
      51, 1145, 50, -1,
      50, 1145, 1172, -1,
      58, 1173, 56, -1,
      56, 1173, 1172, -1,
      56, 1172, 57, -1,
      57, 1172, 1145, -1,
      57, 1145, 59, -1,
      59, 1145, 1146, -1,
      59, 1146, 58, -1,
      58, 1146, 1173, -1,
      67, 65, 1146, -1,
      66, 1174, 1173, -1,
      1146, 65, 1173, -1,
      1173, 65, 64, -1,
      1173, 64, 66, -1,
      60, 62, 1146, -1,
      1146, 62, 1147, -1,
      1146, 1147, 67, -1,
      67, 1147, 73, -1,
      67, 73, 66, -1,
      66, 73, 72, -1,
      66, 72, 1174, -1,
      1174, 72, 74, -1,
      1174, 74, 1147, -1,
      1147, 74, 75, -1,
      1147, 75, 73, -1,
      82, 1175, 80, -1,
      80, 1175, 1174, -1,
      80, 1174, 81, -1,
      81, 1174, 1147, -1,
      81, 1147, 83, -1,
      83, 1147, 1148, -1,
      83, 1148, 82, -1,
      82, 1148, 1175, -1,
      90, 1176, 88, -1,
      88, 1176, 1175, -1,
      88, 1175, 89, -1,
      89, 1175, 1148, -1,
      89, 1148, 91, -1,
      91, 1148, 1149, -1,
      91, 1149, 90, -1,
      90, 1149, 1176, -1,
      98, 1177, 96, -1,
      96, 1177, 1176, -1,
      96, 1176, 97, -1,
      97, 1176, 1149, -1,
      97, 1149, 99, -1,
      99, 1149, 1150, -1,
      99, 1150, 98, -1,
      98, 1150, 1177, -1,
      106, 1178, 104, -1,
      104, 1178, 1177, -1,
      104, 1177, 105, -1,
      105, 1177, 1150, -1,
      105, 1150, 107, -1,
      107, 1150, 1151, -1,
      107, 1151, 106, -1,
      106, 1151, 1178, -1,
      114, 1179, 112, -1,
      112, 1179, 1178, -1,
      112, 1178, 113, -1,
      113, 1178, 1151, -1,
      113, 1151, 115, -1,
      115, 1151, 1153, -1,
      115, 1153, 114, -1,
      114, 1153, 1179, -1,
      123, 121, 1153, -1,
      122, 1180, 1179, -1,
      1153, 121, 1179, -1,
      1179, 121, 120, -1,
      1179, 120, 122, -1,
      116, 118, 1153, -1,
      1153, 118, 1154, -1,
      1153, 1154, 123, -1,
      123, 1154, 129, -1,
      123, 129, 122, -1,
      122, 129, 128, -1,
      122, 128, 1180, -1,
      1180, 128, 130, -1,
      1180, 130, 1154, -1,
      1154, 130, 131, -1,
      1154, 131, 129, -1,
      138, 1181, 136, -1,
      136, 1181, 1180, -1,
      136, 1180, 137, -1,
      137, 1180, 1154, -1,
      137, 1154, 139, -1,
      139, 1154, 1155, -1,
      139, 1155, 138, -1,
      138, 1155, 1181, -1,
      146, 1182, 144, -1,
      144, 1182, 1181, -1,
      144, 1181, 145, -1,
      145, 1181, 1155, -1,
      145, 1155, 147, -1,
      147, 1155, 1156, -1,
      147, 1156, 146, -1,
      146, 1156, 1182, -1,
      154, 1183, 152, -1,
      152, 1183, 1182, -1,
      152, 1182, 153, -1,
      153, 1182, 1156, -1,
      153, 1156, 155, -1,
      155, 1156, 1158, -1,
      155, 1158, 154, -1,
      154, 1158, 1183, -1,
      162, 1184, 160, -1,
      160, 1184, 1183, -1,
      160, 1183, 161, -1,
      161, 1183, 1158, -1,
      161, 1158, 163, -1,
      163, 1158, 1160, -1,
      163, 1160, 162, -1,
      162, 1160, 1184, -1,
      170, 1185, 168, -1,
      168, 1185, 1184, -1,
      168, 1184, 169, -1,
      169, 1184, 1160, -1,
      169, 1160, 171, -1,
      171, 1160, 1161, -1,
      171, 1161, 170, -1,
      170, 1161, 1185, -1,
      179, 177, 1161, -1,
      178, 1186, 1185, -1,
      1161, 177, 1185, -1,
      1185, 177, 176, -1,
      1185, 176, 178, -1,
      172, 174, 1161, -1,
      1161, 174, 1162, -1,
      1161, 1162, 179, -1,
      179, 1162, 185, -1,
      179, 185, 178, -1,
      178, 185, 184, -1,
      178, 184, 1186, -1,
      1186, 184, 186, -1,
      1186, 186, 1162, -1,
      1162, 186, 187, -1,
      1162, 187, 185, -1,
      194, 1187, 192, -1,
      192, 1187, 1186, -1,
      192, 1186, 193, -1,
      193, 1186, 1162, -1,
      193, 1162, 195, -1,
      195, 1162, 1163, -1,
      195, 1163, 194, -1,
      194, 1163, 1187, -1,
      1187, 200, 202, -1,
      200, 1187, 201, -1,
      201, 1187, 1163, -1,
      201, 1163, 203, -1,
      203, 1163, 1164, -1,
      203, 1164, 202, -1,
      202, 1164, 1188, -1,
      202, 1188, 1187, -1,
      210, 1189, 208, -1,
      208, 1189, 1188, -1,
      208, 1188, 209, -1,
      209, 1188, 1164, -1,
      209, 1164, 211, -1,
      211, 1164, 1165, -1,
      211, 1165, 210, -1,
      210, 1165, 1189, -1,
      222, 1190, 220, -1,
      220, 1190, 1189, -1,
      220, 1189, 221, -1,
      221, 1189, 1165, -1,
      221, 1165, 223, -1,
      223, 1165, 1167, -1,
      223, 1167, 222, -1,
      222, 1167, 1190, -1,
      1096, 1097, 1166, -1,
      1166, 1097, 1191, -1,
      1166, 1191, 1167, -1,
      1167, 1191, 699, -1,
      1167, 699, 1190, -1,
      682, 1168, 678, -1,
      678, 1168, 1169, -1,
      678, 1169, 1170, -1,
      1170, 1171, 678, -1,
      678, 1171, 1172, -1,
      678, 1172, 656, -1,
      1172, 1173, 656, -1,
      656, 1173, 1174, -1,
      656, 1174, 1175, -1,
      656, 1181, 1182, -1,
      1182, 1183, 656, -1,
      656, 1183, 1184, -1,
      656, 1184, 1185, -1,
      1185, 1186, 656, -1,
      656, 1186, 1187, -1,
      656, 1187, 1188, -1,
      1175, 1176, 656, -1,
      656, 1176, 1177, -1,
      656, 1177, 1178, -1,
      1188, 1189, 656, -1,
      656, 1189, 1190, -1,
      656, 1190, 699, -1,
      1178, 1179, 656, -1,
      656, 1179, 1180, -1,
      656, 1180, 1181, -1,
      702, 1096, 700, -1,
      700, 1096, 1130, -1,
      1130, 1132, 700, -1,
      700, 1132, 1134, -1,
      700, 1134, 1136, -1,
      1136, 1138, 700, -1,
      700, 1138, 1129, -1,
      700, 1129, 680, -1,
      680, 1129, 1159, -1,
      680, 1114, 1116, -1,
      1116, 1111, 680, -1,
      680, 1111, 1103, -1,
      680, 1103, 1105, -1,
      1159, 1123, 680, -1,
      680, 1123, 1125, -1,
      680, 1125, 1099, -1,
      1105, 1107, 680, -1,
      680, 1107, 1101, -1,
      680, 1101, 681, -1,
      1099, 1098, 680, -1,
      680, 1098, 1117, -1,
      680, 1117, 1119, -1,
      1119, 1121, 680, -1,
      680, 1121, 1112, -1,
      680, 1112, 1114, -1,
      650, 1192, 653, -1,
      653, 1192, 1193, -1,
      653, 1193, 655, -1,
      655, 1193, 1194, -1,
      655, 1194, 651, -1,
      651, 1194, 1195, -1,
      651, 1195, 650, -1,
      650, 1195, 1192, -1,
      1196, 1192, 1197, -1,
      1197, 1192, 1195, -1,
      1197, 1195, 1198, -1,
      1198, 1195, 1194, -1,
      1198, 1194, 1199, -1,
      1199, 1194, 1193, -1,
      1199, 1193, 1196, -1,
      1196, 1193, 1192, -1,
      637, 1200, 639, -1,
      639, 1200, 1201, -1,
      639, 1201, 635, -1,
      635, 1201, 1202, -1,
      635, 1202, 634, -1,
      634, 1202, 1203, -1,
      634, 1203, 637, -1,
      637, 1203, 1200, -1,
    ]
  }
}

Shape {
  appearance Appearance {
    material Material {
      diffuseColor 0.7529 0.7529 0.7529
      specularColor 0.3765 0.3765 0.3765
      ambientIntensity 0.2
      transparency 0.0000
      shininess 0.5
    }
  }
  geometry IndexedFaceSet {
    ccw TRUE
    solid FALSE
    coord DEF co Coordinate {
      point [
        13.196849 -0.696850 -0.866142,
        12.803150 -0.696850 -0.866142,
        12.803150 -0.303150 -0.866142,
        13.196849 -0.303150 -0.866142,
        13.196849 -0.696850 -1.771654,
        13.196849 -0.303150 -1.771654,
        12.803150 -0.303150 -1.771654,
        12.803150 -0.696850 -1.771654,
      ]
    }
    coordIndex [
      4, 0, 5, -1,
      5, 0, 3, -1,
      5, 3, 6, -1,
      6, 3, 2, -1,
      6, 2, 7, -1,
      7, 2, 1, -1,
    ]
  }
}

Shape {
  appearance Appearance {
    material Material {
      diffuseColor 0.2510 0.2510 0.2510
      specularColor 0.1255 0.1255 0.1255
      ambientIntensity 0.2
      transparency 0.0000
      shininess 0.5
    }
  }
  geometry IndexedFaceSet {
    ccw TRUE
    solid FALSE
    coord DEF co Coordinate {
      point [
        13.125984 0.625984 -0.866142,
        12.874015 0.625984 -0.866142,
        13.125984 0.374016 -0.866142,
        12.874015 0.374016 -0.866142,
        13.196849 -0.696850 -0.866142,
        12.803150 -0.696850 -0.866142,
        13.196849 -0.696850 -1.771654,
        12.803150 -0.696850 -1.771654,
        13.196849 0.303150 -0.866142,
        12.803150 0.303150 -0.866142,
        12.803150 0.696850 -0.866142,
        13.196849 0.696850 -0.866142,
      ]
    }
    coordIndex [
      7, 5, 6, -1,
      6, 5, 4, -1,
      2, 8, 3, -1,
      3, 8, 9, -1,
      3, 9, 1, -1,
      1, 9, 10, -1,
      1, 10, 0, -1,
      0, 10, 11, -1,
      0, 11, 2, -1,
      2, 11, 8, -1,
    ]
  }
}

Shape {
  appearance Appearance {
    material Material {
      diffuseColor 0.7529 0.7529 0.7529
      specularColor 0.3765 0.3765 0.3765
      ambientIntensity 0.2
      transparency 0.0000
      shininess 0.5
    }
  }
  geometry IndexedFaceSet {
    ccw TRUE
    solid FALSE
    coord DEF co Coordinate {
      point [
        13.196849 0.303150 -0.866142,
        13.196849 0.696850 -0.866142,
        13.196849 0.303150 -1.771654,
        13.196849 0.696850 -1.771654,
      ]
    }
    coordIndex [
      2, 0, 3, -1,
      3, 0, 1, -1,
    ]
  }
}

Shape {
  appearance Appearance {
    material Material {
      diffuseColor 0.2510 0.2510 0.2510
      specularColor 0.1255 0.1255 0.1255
      ambientIntensity 0.2
      transparency 0.0000
      shininess 0.5
    }
  }
  geometry IndexedFaceSet {
    ccw TRUE
    solid FALSE
    coord DEF co Coordinate {
      point [
        12.803150 0.696850 -0.866142,
        13.196849 0.696850 -0.866142,
        13.196849 0.696850 -1.771654,
        12.803150 0.696850 -1.771654,
      ]
    }
    coordIndex [
      2, 1, 3, -1,
      3, 1, 0, -1,
    ]
  }
}

Shape {
  appearance Appearance {
    material Material {
      diffuseColor 0.7529 0.7529 0.7529
      specularColor 0.3765 0.3765 0.3765
      ambientIntensity 0.2
      transparency 0.0000
      shininess 0.5
    }
  }
  geometry IndexedFaceSet {
    ccw TRUE
    solid FALSE
    coord DEF co Coordinate {
      point [
        13.196849 0.303150 -0.866142,
        12.803150 0.303150 -0.866142,
        12.803150 0.696850 -0.866142,
        13.196849 0.303150 -1.771654,
        12.803150 0.696850 -1.771654,
        12.803150 0.303150 -1.771654,
      ]
    }
    coordIndex [
      4, 2, 5, -1,
      5, 2, 1, -1,
      5, 1, 3, -1,
      3, 1, 0, -1,
    ]
  }
}

Shape {
  appearance Appearance {
    material Material {
      diffuseColor 0.2510 0.2510 0.2510
      specularColor 0.1255 0.1255 0.1255
      ambientIntensity 0.2
      transparency 0.0000
      shininess 0.5
    }
  }
  geometry IndexedFaceSet {
    ccw TRUE
    solid FALSE
    coord DEF co Coordinate {
      point [
        12.125984 -0.374016 -0.866142,
        11.874016 -0.374016 -0.866142,
        12.125984 -0.625984 -0.866142,
        11.874016 -0.625984 -0.866142,
        12.196850 -0.696850 -0.866142,
        11.803150 -0.696850 -0.866142,
        11.803150 -0.303150 -0.866142,
        12.196850 -0.303150 -0.866142,
      ]
    }
    coordIndex [
      2, 4, 3, -1,
      3, 4, 5, -1,
      3, 5, 1, -1,
      1, 5, 6, -1,
      1, 6, 0, -1,
      0, 6, 7, -1,
      0, 7, 2, -1,
      2, 7, 4, -1,
    ]
  }
}

Shape {
  appearance Appearance {
    material Material {
      diffuseColor 0.7529 0.7529 0.7529
      specularColor 0.3765 0.3765 0.3765
      ambientIntensity 0.2
      transparency 0.0000
      shininess 0.5
    }
  }
  geometry IndexedFaceSet {
    ccw TRUE
    solid FALSE
    coord DEF co Coordinate {
      point [
        12.196850 -0.696850 -0.866142,
        11.803150 -0.696850 -0.866142,
        11.803150 -0.303150 -0.866142,
        12.196850 -0.303150 -0.866142,
        12.196850 -0.696850 -1.771654,
        12.196850 -0.303150 -1.771654,
        11.803150 -0.303150 -1.771654,
        11.803150 -0.696850 -1.771654,
      ]
    }
    coordIndex [
      4, 0, 5, -1,
      5, 0, 3, -1,
      5, 3, 6, -1,
      6, 3, 2, -1,
      6, 2, 7, -1,
      7, 2, 1, -1,
    ]
  }
}

Shape {
  appearance Appearance {
    material Material {
      diffuseColor 0.2510 0.2510 0.2510
      specularColor 0.1255 0.1255 0.1255
      ambientIntensity 0.2
      transparency 0.0000
      shininess 0.5
    }
  }
  geometry IndexedFaceSet {
    ccw TRUE
    solid FALSE
    coord DEF co Coordinate {
      point [
        12.125984 0.625984 -0.866142,
        11.874016 0.625984 -0.866142,
        12.125984 0.374016 -0.866142,
        11.874016 0.374016 -0.866142,
        12.196850 -0.696850 -0.866142,
        11.803150 -0.696850 -0.866142,
        12.196850 -0.696850 -1.771654,
        11.803150 -0.696850 -1.771654,
        12.196850 0.303150 -0.866142,
        11.803150 0.303150 -0.866142,
        11.803150 0.696850 -0.866142,
        12.196850 0.696850 -0.866142,
      ]
    }
    coordIndex [
      7, 5, 6, -1,
      6, 5, 4, -1,
      2, 8, 3, -1,
      3, 8, 9, -1,
      3, 9, 1, -1,
      1, 9, 10, -1,
      1, 10, 0, -1,
      0, 10, 11, -1,
      0, 11, 2, -1,
      2, 11, 8, -1,
    ]
  }
}

Shape {
  appearance Appearance {
    material Material {
      diffuseColor 0.7529 0.7529 0.7529
      specularColor 0.3765 0.3765 0.3765
      ambientIntensity 0.2
      transparency 0.0000
      shininess 0.5
    }
  }
  geometry IndexedFaceSet {
    ccw TRUE
    solid FALSE
    coord DEF co Coordinate {
      point [
        12.196850 0.303150 -0.866142,
        12.196850 0.696850 -0.866142,
        12.196850 0.303150 -1.771654,
        12.196850 0.696850 -1.771654,
      ]
    }
    coordIndex [
      2, 0, 3, -1,
      3, 0, 1, -1,
    ]
  }
}

Shape {
  appearance Appearance {
    material Material {
      diffuseColor 0.2510 0.2510 0.2510
      specularColor 0.1255 0.1255 0.1255
      ambientIntensity 0.2
      transparency 0.0000
      shininess 0.5
    }
  }
  geometry IndexedFaceSet {
    ccw TRUE
    solid FALSE
    coord DEF co Coordinate {
      point [
        11.803150 0.696850 -0.866142,
        12.196850 0.696850 -0.866142,
        12.196850 0.696850 -1.771654,
        11.803150 0.696850 -1.771654,
      ]
    }
    coordIndex [
      2, 1, 3, -1,
      3, 1, 0, -1,
    ]
  }
}

Shape {
  appearance Appearance {
    material Material {
      diffuseColor 0.7529 0.7529 0.7529
      specularColor 0.3765 0.3765 0.3765
      ambientIntensity 0.2
      transparency 0.0000
      shininess 0.5
    }
  }
  geometry IndexedFaceSet {
    ccw TRUE
    solid FALSE
    coord DEF co Coordinate {
      point [
        12.196850 0.303150 -0.866142,
        11.803150 0.303150 -0.866142,
        11.803150 0.696850 -0.866142,
        12.196850 0.303150 -1.771654,
        11.803150 0.696850 -1.771654,
        11.803150 0.303150 -1.771654,
      ]
    }
    coordIndex [
      4, 2, 5, -1,
      5, 2, 1, -1,
      5, 1, 3, -1,
      3, 1, 0, -1,
    ]
  }
}

Shape {
  appearance Appearance {
    material Material {
      diffuseColor 0.2510 0.2510 0.2510
      specularColor 0.1255 0.1255 0.1255
      ambientIntensity 0.2
      transparency 0.0000
      shininess 0.5
    }
  }
  geometry IndexedFaceSet {
    ccw TRUE
    solid FALSE
    coord DEF co Coordinate {
      point [
        11.125984 -0.374016 -0.866142,
        10.874016 -0.374016 -0.866142,
        11.125984 -0.625984 -0.866142,
        10.874016 -0.625984 -0.866142,
        11.196851 -0.696850 -0.866142,
        10.803150 -0.696850 -0.866142,
        10.803150 -0.303150 -0.866142,
        11.196851 -0.303150 -0.866142,
      ]
    }
    coordIndex [
      2, 4, 3, -1,
      3, 4, 5, -1,
      3, 5, 1, -1,
      1, 5, 6, -1,
      1, 6, 0, -1,
      0, 6, 7, -1,
      0, 7, 2, -1,
      2, 7, 4, -1,
    ]
  }
}

Shape {
  appearance Appearance {
    material Material {
      diffuseColor 0.7529 0.7529 0.7529
      specularColor 0.3765 0.3765 0.3765
      ambientIntensity 0.2
      transparency 0.0000
      shininess 0.5
    }
  }
  geometry IndexedFaceSet {
    ccw TRUE
    solid FALSE
    coord DEF co Coordinate {
      point [
        11.196851 -0.696850 -0.866142,
        10.803150 -0.696850 -0.866142,
        10.803150 -0.303150 -0.866142,
        11.196851 -0.303150 -0.866142,
        11.196851 -0.696850 -1.771654,
        11.196851 -0.303150 -1.771654,
        10.803150 -0.303150 -1.771654,
        10.803150 -0.696850 -1.771654,
      ]
    }
    coordIndex [
      4, 0, 5, -1,
      5, 0, 3, -1,
      5, 3, 6, -1,
      6, 3, 2, -1,
      6, 2, 7, -1,
      7, 2, 1, -1,
    ]
  }
}

Shape {
  appearance Appearance {
    material Material {
      diffuseColor 0.2510 0.2510 0.2510
      specularColor 0.1255 0.1255 0.1255
      ambientIntensity 0.2
      transparency 0.0000
      shininess 0.5
    }
  }
  geometry IndexedFaceSet {
    ccw TRUE
    solid FALSE
    coord DEF co Coordinate {
      point [
        11.125984 0.625984 -0.866142,
        10.874016 0.625984 -0.866142,
        11.125984 0.374016 -0.866142,
        10.874016 0.374016 -0.866142,
        11.196851 -0.696850 -0.866142,
        10.803150 -0.696850 -0.866142,
        11.196851 -0.696850 -1.771654,
        10.803150 -0.696850 -1.771654,
        11.196851 0.303150 -0.866142,
        10.803150 0.303150 -0.866142,
        10.803150 0.696850 -0.866142,
        11.196851 0.696850 -0.866142,
      ]
    }
    coordIndex [
      7, 5, 6, -1,
      6, 5, 4, -1,
      2, 8, 3, -1,
      3, 8, 9, -1,
      3, 9, 1, -1,
      1, 9, 10, -1,
      1, 10, 0, -1,
      0, 10, 11, -1,
      0, 11, 2, -1,
      2, 11, 8, -1,
    ]
  }
}

Shape {
  appearance Appearance {
    material Material {
      diffuseColor 0.7529 0.7529 0.7529
      specularColor 0.3765 0.3765 0.3765
      ambientIntensity 0.2
      transparency 0.0000
      shininess 0.5
    }
  }
  geometry IndexedFaceSet {
    ccw TRUE
    solid FALSE
    coord DEF co Coordinate {
      point [
        11.196851 0.303150 -0.866142,
        11.196851 0.696850 -0.866142,
        11.196851 0.303150 -1.771654,
        11.196851 0.696850 -1.771654,
      ]
    }
    coordIndex [
      2, 0, 3, -1,
      3, 0, 1, -1,
    ]
  }
}

Shape {
  appearance Appearance {
    material Material {
      diffuseColor 0.2510 0.2510 0.2510
      specularColor 0.1255 0.1255 0.1255
      ambientIntensity 0.2
      transparency 0.0000
      shininess 0.5
    }
  }
  geometry IndexedFaceSet {
    ccw TRUE
    solid FALSE
    coord DEF co Coordinate {
      point [
        10.803150 0.696850 -0.866142,
        11.196851 0.696850 -0.866142,
        11.196851 0.696850 -1.771654,
        10.803150 0.696850 -1.771654,
      ]
    }
    coordIndex [
      2, 1, 3, -1,
      3, 1, 0, -1,
    ]
  }
}

Shape {
  appearance Appearance {
    material Material {
      diffuseColor 0.7529 0.7529 0.7529
      specularColor 0.3765 0.3765 0.3765
      ambientIntensity 0.2
      transparency 0.0000
      shininess 0.5
    }
  }
  geometry IndexedFaceSet {
    ccw TRUE
    solid FALSE
    coord DEF co Coordinate {
      point [
        11.196851 0.303150 -0.866142,
        10.803150 0.303150 -0.866142,
        10.803150 0.696850 -0.866142,
        11.196851 0.303150 -1.771654,
        10.803150 0.696850 -1.771654,
        10.803150 0.303150 -1.771654,
      ]
    }
    coordIndex [
      4, 2, 5, -1,
      5, 2, 1, -1,
      5, 1, 3, -1,
      3, 1, 0, -1,
    ]
  }
}

Shape {
  appearance Appearance {
    material Material {
      diffuseColor 0.2510 0.2510 0.2510
      specularColor 0.1255 0.1255 0.1255
      ambientIntensity 0.2
      transparency 0.0000
      shininess 0.5
    }
  }
  geometry IndexedFaceSet {
    ccw TRUE
    solid FALSE
    coord DEF co Coordinate {
      point [
        10.125985 -0.374016 -0.866142,
        9.874016 -0.374016 -0.866142,
        10.125985 -0.625984 -0.866142,
        9.874016 -0.625984 -0.866142,
        10.196851 -0.696850 -0.866142,
        9.803150 -0.696850 -0.866142,
        9.803150 -0.303150 -0.866142,
        10.196851 -0.303150 -0.866142,
      ]
    }
    coordIndex [
      2, 4, 3, -1,
      3, 4, 5, -1,
      3, 5, 1, -1,
      1, 5, 6, -1,
      1, 6, 0, -1,
      0, 6, 7, -1,
      0, 7, 2, -1,
      2, 7, 4, -1,
    ]
  }
}

Shape {
  appearance Appearance {
    material Material {
      diffuseColor 0.7529 0.7529 0.7529
      specularColor 0.3765 0.3765 0.3765
      ambientIntensity 0.2
      transparency 0.0000
      shininess 0.5
    }
  }
  geometry IndexedFaceSet {
    ccw TRUE
    solid FALSE
    coord DEF co Coordinate {
      point [
        10.196851 -0.696850 -0.866142,
        9.803150 -0.696850 -0.866142,
        9.803150 -0.303150 -0.866142,
        10.196851 -0.303150 -0.866142,
        10.196851 -0.696850 -1.771654,
        10.196851 -0.303150 -1.771654,
        9.803150 -0.303150 -1.771654,
        9.803150 -0.696850 -1.771654,
      ]
    }
    coordIndex [
      4, 0, 5, -1,
      5, 0, 3, -1,
      5, 3, 6, -1,
      6, 3, 2, -1,
      6, 2, 7, -1,
      7, 2, 1, -1,
    ]
  }
}

Shape {
  appearance Appearance {
    material Material {
      diffuseColor 0.2510 0.2510 0.2510
      specularColor 0.1255 0.1255 0.1255
      ambientIntensity 0.2
      transparency 0.0000
      shininess 0.5
    }
  }
  geometry IndexedFaceSet {
    ccw TRUE
    solid FALSE
    coord DEF co Coordinate {
      point [
        10.125985 0.625984 -0.866142,
        9.874016 0.625984 -0.866142,
        10.125985 0.374016 -0.866142,
        9.874016 0.374016 -0.866142,
        10.196851 -0.696850 -0.866142,
        9.803150 -0.696850 -0.866142,
        10.196851 -0.696850 -1.771654,
        9.803150 -0.696850 -1.771654,
        10.196851 0.303150 -0.866142,
        9.803150 0.303150 -0.866142,
        9.803150 0.696850 -0.866142,
        10.196851 0.696850 -0.866142,
      ]
    }
    coordIndex [
      7, 5, 6, -1,
      6, 5, 4, -1,
      2, 8, 3, -1,
      3, 8, 9, -1,
      3, 9, 1, -1,
      1, 9, 10, -1,
      1, 10, 0, -1,
      0, 10, 11, -1,
      0, 11, 2, -1,
      2, 11, 8, -1,
    ]
  }
}

Shape {
  appearance Appearance {
    material Material {
      diffuseColor 0.7529 0.7529 0.7529
      specularColor 0.3765 0.3765 0.3765
      ambientIntensity 0.2
      transparency 0.0000
      shininess 0.5
    }
  }
  geometry IndexedFaceSet {
    ccw TRUE
    solid FALSE
    coord DEF co Coordinate {
      point [
        10.196851 0.303150 -0.866142,
        10.196851 0.696850 -0.866142,
        10.196851 0.303150 -1.771654,
        10.196851 0.696850 -1.771654,
      ]
    }
    coordIndex [
      2, 0, 3, -1,
      3, 0, 1, -1,
    ]
  }
}

Shape {
  appearance Appearance {
    material Material {
      diffuseColor 0.2510 0.2510 0.2510
      specularColor 0.1255 0.1255 0.1255
      ambientIntensity 0.2
      transparency 0.0000
      shininess 0.5
    }
  }
  geometry IndexedFaceSet {
    ccw TRUE
    solid FALSE
    coord DEF co Coordinate {
      point [
        9.803150 0.696850 -0.866142,
        10.196851 0.696850 -0.866142,
        10.196851 0.696850 -1.771654,
        9.803150 0.696850 -1.771654,
      ]
    }
    coordIndex [
      2, 1, 3, -1,
      3, 1, 0, -1,
    ]
  }
}

Shape {
  appearance Appearance {
    material Material {
      diffuseColor 0.7529 0.7529 0.7529
      specularColor 0.3765 0.3765 0.3765
      ambientIntensity 0.2
      transparency 0.0000
      shininess 0.5
    }
  }
  geometry IndexedFaceSet {
    ccw TRUE
    solid FALSE
    coord DEF co Coordinate {
      point [
        10.196851 0.303150 -0.866142,
        9.803150 0.303150 -0.866142,
        9.803150 0.696850 -0.866142,
        10.196851 0.303150 -1.771654,
        9.803150 0.696850 -1.771654,
        9.803150 0.303150 -1.771654,
      ]
    }
    coordIndex [
      4, 2, 5, -1,
      5, 2, 1, -1,
      5, 1, 3, -1,
      3, 1, 0, -1,
    ]
  }
}

Shape {
  appearance Appearance {
    material Material {
      diffuseColor 0.2510 0.2510 0.2510
      specularColor 0.1255 0.1255 0.1255
      ambientIntensity 0.2
      transparency 0.0000
      shininess 0.5
    }
  }
  geometry IndexedFaceSet {
    ccw TRUE
    solid FALSE
    coord DEF co Coordinate {
      point [
        9.125984 -0.374016 -0.866142,
        8.874015 -0.374016 -0.866142,
        9.125984 -0.625984 -0.866142,
        8.874015 -0.625984 -0.866142,
        9.196851 -0.696850 -0.866142,
        8.803150 -0.696850 -0.866142,
        8.803150 -0.303150 -0.866142,
        9.196851 -0.303150 -0.866142,
      ]
    }
    coordIndex [
      2, 4, 3, -1,
      3, 4, 5, -1,
      3, 5, 1, -1,
      1, 5, 6, -1,
      1, 6, 0, -1,
      0, 6, 7, -1,
      0, 7, 2, -1,
      2, 7, 4, -1,
    ]
  }
}

Shape {
  appearance Appearance {
    material Material {
      diffuseColor 0.7529 0.7529 0.7529
      specularColor 0.3765 0.3765 0.3765
      ambientIntensity 0.2
      transparency 0.0000
      shininess 0.5
    }
  }
  geometry IndexedFaceSet {
    ccw TRUE
    solid FALSE
    coord DEF co Coordinate {
      point [
        9.196851 -0.696850 -0.866142,
        8.803150 -0.696850 -0.866142,
        8.803150 -0.303150 -0.866142,
        9.196851 -0.303150 -0.866142,
        9.196851 -0.696850 -1.771654,
        9.196851 -0.303150 -1.771654,
        8.803150 -0.303150 -1.771654,
        8.803150 -0.696850 -1.771654,
      ]
    }
    coordIndex [
      4, 0, 5, -1,
      5, 0, 3, -1,
      5, 3, 6, -1,
      6, 3, 2, -1,
      6, 2, 7, -1,
      7, 2, 1, -1,
    ]
  }
}

Shape {
  appearance Appearance {
    material Material {
      diffuseColor 0.2510 0.2510 0.2510
      specularColor 0.1255 0.1255 0.1255
      ambientIntensity 0.2
      transparency 0.0000
      shininess 0.5
    }
  }
  geometry IndexedFaceSet {
    ccw TRUE
    solid FALSE
    coord DEF co Coordinate {
      point [
        9.125984 0.625984 -0.866142,
        8.874015 0.625984 -0.866142,
        9.125984 0.374016 -0.866142,
        8.874015 0.374016 -0.866142,
        9.196851 -0.696850 -0.866142,
        8.803150 -0.696850 -0.866142,
        9.196851 -0.696850 -1.771654,
        8.803150 -0.696850 -1.771654,
        9.196851 0.303150 -0.866142,
        8.803150 0.303150 -0.866142,
        8.803150 0.696850 -0.866142,
        9.196851 0.696850 -0.866142,
      ]
    }
    coordIndex [
      7, 5, 6, -1,
      6, 5, 4, -1,
      2, 8, 3, -1,
      3, 8, 9, -1,
      3, 9, 1, -1,
      1, 9, 10, -1,
      1, 10, 0, -1,
      0, 10, 11, -1,
      0, 11, 2, -1,
      2, 11, 8, -1,
    ]
  }
}

Shape {
  appearance Appearance {
    material Material {
      diffuseColor 0.7529 0.7529 0.7529
      specularColor 0.3765 0.3765 0.3765
      ambientIntensity 0.2
      transparency 0.0000
      shininess 0.5
    }
  }
  geometry IndexedFaceSet {
    ccw TRUE
    solid FALSE
    coord DEF co Coordinate {
      point [
        9.196851 0.303150 -0.866142,
        9.196851 0.696850 -0.866142,
        9.196851 0.303150 -1.771654,
        9.196851 0.696850 -1.771654,
      ]
    }
    coordIndex [
      2, 0, 3, -1,
      3, 0, 1, -1,
    ]
  }
}

Shape {
  appearance Appearance {
    material Material {
      diffuseColor 0.2510 0.2510 0.2510
      specularColor 0.1255 0.1255 0.1255
      ambientIntensity 0.2
      transparency 0.0000
      shininess 0.5
    }
  }
  geometry IndexedFaceSet {
    ccw TRUE
    solid FALSE
    coord DEF co Coordinate {
      point [
        8.803150 0.696850 -0.866142,
        9.196851 0.696850 -0.866142,
        9.196851 0.696850 -1.771654,
        8.803150 0.696850 -1.771654,
      ]
    }
    coordIndex [
      2, 1, 3, -1,
      3, 1, 0, -1,
    ]
  }
}

Shape {
  appearance Appearance {
    material Material {
      diffuseColor 0.7529 0.7529 0.7529
      specularColor 0.3765 0.3765 0.3765
      ambientIntensity 0.2
      transparency 0.0000
      shininess 0.5
    }
  }
  geometry IndexedFaceSet {
    ccw TRUE
    solid FALSE
    coord DEF co Coordinate {
      point [
        9.196851 0.303150 -0.866142,
        8.803150 0.303150 -0.866142,
        8.803150 0.696850 -0.866142,
        9.196851 0.303150 -1.771654,
        8.803150 0.696850 -1.771654,
        8.803150 0.303150 -1.771654,
      ]
    }
    coordIndex [
      4, 2, 5, -1,
      5, 2, 1, -1,
      5, 1, 3, -1,
      3, 1, 0, -1,
    ]
  }
}

Shape {
  appearance Appearance {
    material Material {
      diffuseColor 0.2510 0.2510 0.2510
      specularColor 0.1255 0.1255 0.1255
      ambientIntensity 0.2
      transparency 0.0000
      shininess 0.5
    }
  }
  geometry IndexedFaceSet {
    ccw TRUE
    solid FALSE
    coord DEF co Coordinate {
      point [
        8.125985 -0.374016 -0.866142,
        7.874016 -0.374016 -0.866142,
        8.125985 -0.625984 -0.866142,
        7.874016 -0.625984 -0.866142,
        8.196850 -0.696850 -0.866142,
        7.803150 -0.696850 -0.866142,
        7.803150 -0.303150 -0.866142,
        8.196850 -0.303150 -0.866142,
      ]
    }
    coordIndex [
      2, 4, 3, -1,
      3, 4, 5, -1,
      3, 5, 1, -1,
      1, 5, 6, -1,
      1, 6, 0, -1,
      0, 6, 7, -1,
      0, 7, 2, -1,
      2, 7, 4, -1,
    ]
  }
}

Shape {
  appearance Appearance {
    material Material {
      diffuseColor 0.7529 0.7529 0.7529
      specularColor 0.3765 0.3765 0.3765
      ambientIntensity 0.2
      transparency 0.0000
      shininess 0.5
    }
  }
  geometry IndexedFaceSet {
    ccw TRUE
    solid FALSE
    coord DEF co Coordinate {
      point [
        8.196850 -0.696850 -0.866142,
        7.803150 -0.696850 -0.866142,
        7.803150 -0.303150 -0.866142,
        8.196850 -0.303150 -0.866142,
        8.196850 -0.696850 -1.771654,
        8.196850 -0.303150 -1.771654,
        7.803150 -0.303150 -1.771654,
        7.803150 -0.696850 -1.771654,
      ]
    }
    coordIndex [
      4, 0, 5, -1,
      5, 0, 3, -1,
      5, 3, 6, -1,
      6, 3, 2, -1,
      6, 2, 7, -1,
      7, 2, 1, -1,
    ]
  }
}

Shape {
  appearance Appearance {
    material Material {
      diffuseColor 0.2510 0.2510 0.2510
      specularColor 0.1255 0.1255 0.1255
      ambientIntensity 0.2
      transparency 0.0000
      shininess 0.5
    }
  }
  geometry IndexedFaceSet {
    ccw TRUE
    solid FALSE
    coord DEF co Coordinate {
      point [
        8.125985 0.625984 -0.866142,
        7.874016 0.625984 -0.866142,
        8.125985 0.374016 -0.866142,
        7.874016 0.374016 -0.866142,
        8.196850 -0.696850 -0.866142,
        7.803150 -0.696850 -0.866142,
        8.196850 -0.696850 -1.771654,
        7.803150 -0.696850 -1.771654,
        8.196850 0.303150 -0.866142,
        7.803150 0.303150 -0.866142,
        7.803150 0.696850 -0.866142,
        8.196850 0.696850 -0.866142,
      ]
    }
    coordIndex [
      7, 5, 6, -1,
      6, 5, 4, -1,
      2, 8, 3, -1,
      3, 8, 9, -1,
      3, 9, 1, -1,
      1, 9, 10, -1,
      1, 10, 0, -1,
      0, 10, 11, -1,
      0, 11, 2, -1,
      2, 11, 8, -1,
    ]
  }
}

Shape {
  appearance Appearance {
    material Material {
      diffuseColor 0.7529 0.7529 0.7529
      specularColor 0.3765 0.3765 0.3765
      ambientIntensity 0.2
      transparency 0.0000
      shininess 0.5
    }
  }
  geometry IndexedFaceSet {
    ccw TRUE
    solid FALSE
    coord DEF co Coordinate {
      point [
        8.196850 0.303150 -0.866142,
        8.196850 0.696850 -0.866142,
        8.196850 0.303150 -1.771654,
        8.196850 0.696850 -1.771654,
      ]
    }
    coordIndex [
      2, 0, 3, -1,
      3, 0, 1, -1,
    ]
  }
}

Shape {
  appearance Appearance {
    material Material {
      diffuseColor 0.2510 0.2510 0.2510
      specularColor 0.1255 0.1255 0.1255
      ambientIntensity 0.2
      transparency 0.0000
      shininess 0.5
    }
  }
  geometry IndexedFaceSet {
    ccw TRUE
    solid FALSE
    coord DEF co Coordinate {
      point [
        7.803150 0.696850 -0.866142,
        8.196850 0.696850 -0.866142,
        8.196850 0.696850 -1.771654,
        7.803150 0.696850 -1.771654,
      ]
    }
    coordIndex [
      2, 1, 3, -1,
      3, 1, 0, -1,
    ]
  }
}

Shape {
  appearance Appearance {
    material Material {
      diffuseColor 0.7529 0.7529 0.7529
      specularColor 0.3765 0.3765 0.3765
      ambientIntensity 0.2
      transparency 0.0000
      shininess 0.5
    }
  }
  geometry IndexedFaceSet {
    ccw TRUE
    solid FALSE
    coord DEF co Coordinate {
      point [
        8.196850 0.303150 -0.866142,
        7.803150 0.303150 -0.866142,
        7.803150 0.696850 -0.866142,
        8.196850 0.303150 -1.771654,
        7.803150 0.696850 -1.771654,
        7.803150 0.303150 -1.771654,
      ]
    }
    coordIndex [
      4, 2, 5, -1,
      5, 2, 1, -1,
      5, 1, 3, -1,
      3, 1, 0, -1,
    ]
  }
}

Shape {
  appearance Appearance {
    material Material {
      diffuseColor 0.2510 0.2510 0.2510
      specularColor 0.1255 0.1255 0.1255
      ambientIntensity 0.2
      transparency 0.0000
      shininess 0.5
    }
  }
  geometry IndexedFaceSet {
    ccw TRUE
    solid FALSE
    coord DEF co Coordinate {
      point [
        7.125984 -0.374016 -0.866142,
        6.874015 -0.374016 -0.866142,
        7.125984 -0.625984 -0.866142,
        6.874015 -0.625984 -0.866142,
        7.196850 -0.696850 -0.866142,
        6.803149 -0.696850 -0.866142,
        6.803149 -0.303150 -0.866142,
        7.196850 -0.303150 -0.866142,
      ]
    }
    coordIndex [
      2, 4, 3, -1,
      3, 4, 5, -1,
      3, 5, 1, -1,
      1, 5, 6, -1,
      1, 6, 0, -1,
      0, 6, 7, -1,
      0, 7, 2, -1,
      2, 7, 4, -1,
    ]
  }
}

Shape {
  appearance Appearance {
    material Material {
      diffuseColor 0.7529 0.7529 0.7529
      specularColor 0.3765 0.3765 0.3765
      ambientIntensity 0.2
      transparency 0.0000
      shininess 0.5
    }
  }
  geometry IndexedFaceSet {
    ccw TRUE
    solid FALSE
    coord DEF co Coordinate {
      point [
        7.196850 -0.696850 -0.866142,
        6.803149 -0.696850 -0.866142,
        6.803149 -0.303150 -0.866142,
        7.196850 -0.303150 -0.866142,
        7.196850 -0.696850 -1.771654,
        7.196850 -0.303150 -1.771654,
        6.803149 -0.303150 -1.771654,
        6.803149 -0.696850 -1.771654,
      ]
    }
    coordIndex [
      4, 0, 5, -1,
      5, 0, 3, -1,
      5, 3, 6, -1,
      6, 3, 2, -1,
      6, 2, 7, -1,
      7, 2, 1, -1,
    ]
  }
}

Shape {
  appearance Appearance {
    material Material {
      diffuseColor 0.2510 0.2510 0.2510
      specularColor 0.1255 0.1255 0.1255
      ambientIntensity 0.2
      transparency 0.0000
      shininess 0.5
    }
  }
  geometry IndexedFaceSet {
    ccw TRUE
    solid FALSE
    coord DEF co Coordinate {
      point [
        7.125984 0.625984 -0.866142,
        6.874015 0.625984 -0.866142,
        7.125984 0.374016 -0.866142,
        6.874015 0.374016 -0.866142,
        7.196850 -0.696850 -0.866142,
        6.803149 -0.696850 -0.866142,
        7.196850 -0.696850 -1.771654,
        6.803149 -0.696850 -1.771654,
        7.196850 0.303150 -0.866142,
        6.803149 0.303150 -0.866142,
        6.803149 0.696850 -0.866142,
        7.196850 0.696850 -0.866142,
      ]
    }
    coordIndex [
      7, 5, 6, -1,
      6, 5, 4, -1,
      2, 8, 3, -1,
      3, 8, 9, -1,
      3, 9, 1, -1,
      1, 9, 10, -1,
      1, 10, 0, -1,
      0, 10, 11, -1,
      0, 11, 2, -1,
      2, 11, 8, -1,
    ]
  }
}

Shape {
  appearance Appearance {
    material Material {
      diffuseColor 0.7529 0.7529 0.7529
      specularColor 0.3765 0.3765 0.3765
      ambientIntensity 0.2
      transparency 0.0000
      shininess 0.5
    }
  }
  geometry IndexedFaceSet {
    ccw TRUE
    solid FALSE
    coord DEF co Coordinate {
      point [
        7.196850 0.303150 -0.866142,
        7.196850 0.696850 -0.866142,
        7.196850 0.303150 -1.771654,
        7.196850 0.696850 -1.771654,
      ]
    }
    coordIndex [
      2, 0, 3, -1,
      3, 0, 1, -1,
    ]
  }
}

Shape {
  appearance Appearance {
    material Material {
      diffuseColor 0.2510 0.2510 0.2510
      specularColor 0.1255 0.1255 0.1255
      ambientIntensity 0.2
      transparency 0.0000
      shininess 0.5
    }
  }
  geometry IndexedFaceSet {
    ccw TRUE
    solid FALSE
    coord DEF co Coordinate {
      point [
        6.803149 0.696850 -0.866142,
        7.196850 0.696850 -0.866142,
        7.196850 0.696850 -1.771654,
        6.803149 0.696850 -1.771654,
      ]
    }
    coordIndex [
      2, 1, 3, -1,
      3, 1, 0, -1,
    ]
  }
}

Shape {
  appearance Appearance {
    material Material {
      diffuseColor 0.7529 0.7529 0.7529
      specularColor 0.3765 0.3765 0.3765
      ambientIntensity 0.2
      transparency 0.0000
      shininess 0.5
    }
  }
  geometry IndexedFaceSet {
    ccw TRUE
    solid FALSE
    coord DEF co Coordinate {
      point [
        7.196850 0.303150 -0.866142,
        6.803149 0.303150 -0.866142,
        6.803149 0.696850 -0.866142,
        7.196850 0.303150 -1.771654,
        6.803149 0.696850 -1.771654,
        6.803149 0.303150 -1.771654,
      ]
    }
    coordIndex [
      4, 2, 5, -1,
      5, 2, 1, -1,
      5, 1, 3, -1,
      3, 1, 0, -1,
    ]
  }
}

Shape {
  appearance Appearance {
    material Material {
      diffuseColor 0.2510 0.2510 0.2510
      specularColor 0.1255 0.1255 0.1255
      ambientIntensity 0.2
      transparency 0.0000
      shininess 0.5
    }
  }
  geometry IndexedFaceSet {
    ccw TRUE
    solid FALSE
    coord DEF co Coordinate {
      point [
        6.125984 -0.374016 -0.866142,
        5.874016 -0.374016 -0.866142,
        6.125984 -0.625984 -0.866142,
        5.874016 -0.625984 -0.866142,
        6.196850 -0.696850 -0.866142,
        5.803150 -0.696850 -0.866142,
        5.803150 -0.303150 -0.866142,
        6.196850 -0.303150 -0.866142,
      ]
    }
    coordIndex [
      2, 4, 3, -1,
      3, 4, 5, -1,
      3, 5, 1, -1,
      1, 5, 6, -1,
      1, 6, 0, -1,
      0, 6, 7, -1,
      0, 7, 2, -1,
      2, 7, 4, -1,
    ]
  }
}

Shape {
  appearance Appearance {
    material Material {
      diffuseColor 0.7529 0.7529 0.7529
      specularColor 0.3765 0.3765 0.3765
      ambientIntensity 0.2
      transparency 0.0000
      shininess 0.5
    }
  }
  geometry IndexedFaceSet {
    ccw TRUE
    solid FALSE
    coord DEF co Coordinate {
      point [
        6.196850 -0.696850 -0.866142,
        5.803150 -0.696850 -0.866142,
        5.803150 -0.303150 -0.866142,
        6.196850 -0.303150 -0.866142,
        6.196850 -0.696850 -1.771654,
        6.196850 -0.303150 -1.771654,
        5.803150 -0.303150 -1.771654,
        5.803150 -0.696850 -1.771654,
      ]
    }
    coordIndex [
      4, 0, 5, -1,
      5, 0, 3, -1,
      5, 3, 6, -1,
      6, 3, 2, -1,
      6, 2, 7, -1,
      7, 2, 1, -1,
    ]
  }
}

Shape {
  appearance Appearance {
    material Material {
      diffuseColor 0.2510 0.2510 0.2510
      specularColor 0.1255 0.1255 0.1255
      ambientIntensity 0.2
      transparency 0.0000
      shininess 0.5
    }
  }
  geometry IndexedFaceSet {
    ccw TRUE
    solid FALSE
    coord DEF co Coordinate {
      point [
        6.125984 0.625984 -0.866142,
        5.874016 0.625984 -0.866142,
        6.125984 0.374016 -0.866142,
        5.874016 0.374016 -0.866142,
        6.196850 -0.696850 -0.866142,
        5.803150 -0.696850 -0.866142,
        6.196850 -0.696850 -1.771654,
        5.803150 -0.696850 -1.771654,
        6.196850 0.303150 -0.866142,
        5.803150 0.303150 -0.866142,
        5.803150 0.696850 -0.866142,
        6.196850 0.696850 -0.866142,
      ]
    }
    coordIndex [
      7, 5, 6, -1,
      6, 5, 4, -1,
      2, 8, 3, -1,
      3, 8, 9, -1,
      3, 9, 1, -1,
      1, 9, 10, -1,
      1, 10, 0, -1,
      0, 10, 11, -1,
      0, 11, 2, -1,
      2, 11, 8, -1,
    ]
  }
}

Shape {
  appearance Appearance {
    material Material {
      diffuseColor 0.7529 0.7529 0.7529
      specularColor 0.3765 0.3765 0.3765
      ambientIntensity 0.2
      transparency 0.0000
      shininess 0.5
    }
  }
  geometry IndexedFaceSet {
    ccw TRUE
    solid FALSE
    coord DEF co Coordinate {
      point [
        6.196850 0.303150 -0.866142,
        6.196850 0.696850 -0.866142,
        6.196850 0.303150 -1.771654,
        6.196850 0.696850 -1.771654,
      ]
    }
    coordIndex [
      2, 0, 3, -1,
      3, 0, 1, -1,
    ]
  }
}

Shape {
  appearance Appearance {
    material Material {
      diffuseColor 0.2510 0.2510 0.2510
      specularColor 0.1255 0.1255 0.1255
      ambientIntensity 0.2
      transparency 0.0000
      shininess 0.5
    }
  }
  geometry IndexedFaceSet {
    ccw TRUE
    solid FALSE
    coord DEF co Coordinate {
      point [
        5.803150 0.696850 -0.866142,
        6.196850 0.696850 -0.866142,
        6.196850 0.696850 -1.771654,
        5.803150 0.696850 -1.771654,
      ]
    }
    coordIndex [
      2, 1, 3, -1,
      3, 1, 0, -1,
    ]
  }
}

Shape {
  appearance Appearance {
    material Material {
      diffuseColor 0.7529 0.7529 0.7529
      specularColor 0.3765 0.3765 0.3765
      ambientIntensity 0.2
      transparency 0.0000
      shininess 0.5
    }
  }
  geometry IndexedFaceSet {
    ccw TRUE
    solid FALSE
    coord DEF co Coordinate {
      point [
        6.196850 0.303150 -0.866142,
        5.803150 0.303150 -0.866142,
        5.803150 0.696850 -0.866142,
        6.196850 0.303150 -1.771654,
        5.803150 0.696850 -1.771654,
        5.803150 0.303150 -1.771654,
      ]
    }
    coordIndex [
      4, 2, 5, -1,
      5, 2, 1, -1,
      5, 1, 3, -1,
      3, 1, 0, -1,
    ]
  }
}

Shape {
  appearance Appearance {
    material Material {
      diffuseColor 0.2510 0.2510 0.2510
      specularColor 0.1255 0.1255 0.1255
      ambientIntensity 0.2
      transparency 0.0000
      shininess 0.5
    }
  }
  geometry IndexedFaceSet {
    ccw TRUE
    solid FALSE
    coord DEF co Coordinate {
      point [
        5.125984 -0.374016 -0.866142,
        4.874016 -0.374016 -0.866142,
        5.125984 -0.625984 -0.866142,
        4.874016 -0.625984 -0.866142,
        5.196850 -0.696850 -0.866142,
        4.803150 -0.696850 -0.866142,
        4.803150 -0.303150 -0.866142,
        5.196850 -0.303150 -0.866142,
      ]
    }
    coordIndex [
      2, 4, 3, -1,
      3, 4, 5, -1,
      3, 5, 1, -1,
      1, 5, 6, -1,
      1, 6, 0, -1,
      0, 6, 7, -1,
      0, 7, 2, -1,
      2, 7, 4, -1,
    ]
  }
}

Shape {
  appearance Appearance {
    material Material {
      diffuseColor 0.7529 0.7529 0.7529
      specularColor 0.3765 0.3765 0.3765
      ambientIntensity 0.2
      transparency 0.0000
      shininess 0.5
    }
  }
  geometry IndexedFaceSet {
    ccw TRUE
    solid FALSE
    coord DEF co Coordinate {
      point [
        5.196850 -0.696850 -0.866142,
        4.803150 -0.696850 -0.866142,
        4.803150 -0.303150 -0.866142,
        5.196850 -0.303150 -0.866142,
        5.196850 -0.696850 -1.771654,
        5.196850 -0.303150 -1.771654,
        4.803150 -0.303150 -1.771654,
        4.803150 -0.696850 -1.771654,
      ]
    }
    coordIndex [
      4, 0, 5, -1,
      5, 0, 3, -1,
      5, 3, 6, -1,
      6, 3, 2, -1,
      6, 2, 7, -1,
      7, 2, 1, -1,
    ]
  }
}

Shape {
  appearance Appearance {
    material Material {
      diffuseColor 0.2510 0.2510 0.2510
      specularColor 0.1255 0.1255 0.1255
      ambientIntensity 0.2
      transparency 0.0000
      shininess 0.5
    }
  }
  geometry IndexedFaceSet {
    ccw TRUE
    solid FALSE
    coord DEF co Coordinate {
      point [
        5.125984 0.625984 -0.866142,
        4.874016 0.625984 -0.866142,
        5.125984 0.374016 -0.866142,
        4.874016 0.374016 -0.866142,
        5.196850 -0.696850 -0.866142,
        4.803150 -0.696850 -0.866142,
        5.196850 -0.696850 -1.771654,
        4.803150 -0.696850 -1.771654,
        5.196850 0.303150 -0.866142,
        4.803150 0.303150 -0.866142,
        4.803150 0.696850 -0.866142,
        5.196850 0.696850 -0.866142,
      ]
    }
    coordIndex [
      7, 5, 6, -1,
      6, 5, 4, -1,
      2, 8, 3, -1,
      3, 8, 9, -1,
      3, 9, 1, -1,
      1, 9, 10, -1,
      1, 10, 0, -1,
      0, 10, 11, -1,
      0, 11, 2, -1,
      2, 11, 8, -1,
    ]
  }
}

Shape {
  appearance Appearance {
    material Material {
      diffuseColor 0.7529 0.7529 0.7529
      specularColor 0.3765 0.3765 0.3765
      ambientIntensity 0.2
      transparency 0.0000
      shininess 0.5
    }
  }
  geometry IndexedFaceSet {
    ccw TRUE
    solid FALSE
    coord DEF co Coordinate {
      point [
        5.196850 0.303150 -0.866142,
        5.196850 0.696850 -0.866142,
        5.196850 0.303150 -1.771654,
        5.196850 0.696850 -1.771654,
      ]
    }
    coordIndex [
      2, 0, 3, -1,
      3, 0, 1, -1,
    ]
  }
}

Shape {
  appearance Appearance {
    material Material {
      diffuseColor 0.2510 0.2510 0.2510
      specularColor 0.1255 0.1255 0.1255
      ambientIntensity 0.2
      transparency 0.0000
      shininess 0.5
    }
  }
  geometry IndexedFaceSet {
    ccw TRUE
    solid FALSE
    coord DEF co Coordinate {
      point [
        4.803150 0.696850 -0.866142,
        5.196850 0.696850 -0.866142,
        5.196850 0.696850 -1.771654,
        4.803150 0.696850 -1.771654,
      ]
    }
    coordIndex [
      2, 1, 3, -1,
      3, 1, 0, -1,
    ]
  }
}

Shape {
  appearance Appearance {
    material Material {
      diffuseColor 0.7529 0.7529 0.7529
      specularColor 0.3765 0.3765 0.3765
      ambientIntensity 0.2
      transparency 0.0000
      shininess 0.5
    }
  }
  geometry IndexedFaceSet {
    ccw TRUE
    solid FALSE
    coord DEF co Coordinate {
      point [
        5.196850 0.303150 -0.866142,
        4.803150 0.303150 -0.866142,
        4.803150 0.696850 -0.866142,
        5.196850 0.303150 -1.771654,
        4.803150 0.696850 -1.771654,
        4.803150 0.303150 -1.771654,
      ]
    }
    coordIndex [
      4, 2, 5, -1,
      5, 2, 1, -1,
      5, 1, 3, -1,
      3, 1, 0, -1,
    ]
  }
}

Shape {
  appearance Appearance {
    material Material {
      diffuseColor 0.2510 0.2510 0.2510
      specularColor 0.1255 0.1255 0.1255
      ambientIntensity 0.2
      transparency 0.0000
      shininess 0.5
    }
  }
  geometry IndexedFaceSet {
    ccw TRUE
    solid FALSE
    coord DEF co Coordinate {
      point [
        4.125984 -0.374016 -0.866142,
        3.874016 -0.374016 -0.866142,
        4.125984 -0.625984 -0.866142,
        3.874016 -0.625984 -0.866142,
        4.196850 -0.696850 -0.866142,
        3.803150 -0.696850 -0.866142,
        3.803150 -0.303150 -0.866142,
        4.196850 -0.303150 -0.866142,
      ]
    }
    coordIndex [
      2, 4, 3, -1,
      3, 4, 5, -1,
      3, 5, 1, -1,
      1, 5, 6, -1,
      1, 6, 0, -1,
      0, 6, 7, -1,
      0, 7, 2, -1,
      2, 7, 4, -1,
    ]
  }
}

Shape {
  appearance Appearance {
    material Material {
      diffuseColor 0.7529 0.7529 0.7529
      specularColor 0.3765 0.3765 0.3765
      ambientIntensity 0.2
      transparency 0.0000
      shininess 0.5
    }
  }
  geometry IndexedFaceSet {
    ccw TRUE
    solid FALSE
    coord DEF co Coordinate {
      point [
        4.196850 -0.696850 -0.866142,
        3.803150 -0.696850 -0.866142,
        3.803150 -0.303150 -0.866142,
        4.196850 -0.303150 -0.866142,
        4.196850 -0.696850 -1.771654,
        4.196850 -0.303150 -1.771654,
        3.803150 -0.303150 -1.771654,
        3.803150 -0.696850 -1.771654,
      ]
    }
    coordIndex [
      4, 0, 5, -1,
      5, 0, 3, -1,
      5, 3, 6, -1,
      6, 3, 2, -1,
      6, 2, 7, -1,
      7, 2, 1, -1,
    ]
  }
}

Shape {
  appearance Appearance {
    material Material {
      diffuseColor 0.2510 0.2510 0.2510
      specularColor 0.1255 0.1255 0.1255
      ambientIntensity 0.2
      transparency 0.0000
      shininess 0.5
    }
  }
  geometry IndexedFaceSet {
    ccw TRUE
    solid FALSE
    coord DEF co Coordinate {
      point [
        4.125984 0.625984 -0.866142,
        3.874016 0.625984 -0.866142,
        4.125984 0.374016 -0.866142,
        3.874016 0.374016 -0.866142,
        4.196850 -0.696850 -0.866142,
        3.803150 -0.696850 -0.866142,
        4.196850 -0.696850 -1.771654,
        3.803150 -0.696850 -1.771654,
        4.196850 0.303150 -0.866142,
        3.803150 0.303150 -0.866142,
        3.803150 0.696850 -0.866142,
        4.196850 0.696850 -0.866142,
      ]
    }
    coordIndex [
      7, 5, 6, -1,
      6, 5, 4, -1,
      2, 8, 3, -1,
      3, 8, 9, -1,
      3, 9, 1, -1,
      1, 9, 10, -1,
      1, 10, 0, -1,
      0, 10, 11, -1,
      0, 11, 2, -1,
      2, 11, 8, -1,
    ]
  }
}

Shape {
  appearance Appearance {
    material Material {
      diffuseColor 0.7529 0.7529 0.7529
      specularColor 0.3765 0.3765 0.3765
      ambientIntensity 0.2
      transparency 0.0000
      shininess 0.5
    }
  }
  geometry IndexedFaceSet {
    ccw TRUE
    solid FALSE
    coord DEF co Coordinate {
      point [
        4.196850 0.303150 -0.866142,
        4.196850 0.696850 -0.866142,
        4.196850 0.303150 -1.771654,
        4.196850 0.696850 -1.771654,
      ]
    }
    coordIndex [
      2, 0, 3, -1,
      3, 0, 1, -1,
    ]
  }
}

Shape {
  appearance Appearance {
    material Material {
      diffuseColor 0.2510 0.2510 0.2510
      specularColor 0.1255 0.1255 0.1255
      ambientIntensity 0.2
      transparency 0.0000
      shininess 0.5
    }
  }
  geometry IndexedFaceSet {
    ccw TRUE
    solid FALSE
    coord DEF co Coordinate {
      point [
        3.803150 0.696850 -0.866142,
        4.196850 0.696850 -0.866142,
        4.196850 0.696850 -1.771654,
        3.803150 0.696850 -1.771654,
      ]
    }
    coordIndex [
      2, 1, 3, -1,
      3, 1, 0, -1,
    ]
  }
}

Shape {
  appearance Appearance {
    material Material {
      diffuseColor 0.7529 0.7529 0.7529
      specularColor 0.3765 0.3765 0.3765
      ambientIntensity 0.2
      transparency 0.0000
      shininess 0.5
    }
  }
  geometry IndexedFaceSet {
    ccw TRUE
    solid FALSE
    coord DEF co Coordinate {
      point [
        4.196850 0.303150 -0.866142,
        3.803150 0.303150 -0.866142,
        3.803150 0.696850 -0.866142,
        4.196850 0.303150 -1.771654,
        3.803150 0.696850 -1.771654,
        3.803150 0.303150 -1.771654,
      ]
    }
    coordIndex [
      4, 2, 5, -1,
      5, 2, 1, -1,
      5, 1, 3, -1,
      3, 1, 0, -1,
    ]
  }
}

Shape {
  appearance Appearance {
    material Material {
      diffuseColor 0.2510 0.2510 0.2510
      specularColor 0.1255 0.1255 0.1255
      ambientIntensity 0.2
      transparency 0.0000
      shininess 0.5
    }
  }
  geometry IndexedFaceSet {
    ccw TRUE
    solid FALSE
    coord DEF co Coordinate {
      point [
        3.125984 -0.374016 -0.866142,
        2.874016 -0.374016 -0.866142,
        3.125984 -0.625984 -0.866142,
        2.874016 -0.625984 -0.866142,
        3.196851 -0.696850 -0.866142,
        2.803150 -0.696850 -0.866142,
        2.803150 -0.303150 -0.866142,
        3.196851 -0.303150 -0.866142,
      ]
    }
    coordIndex [
      2, 4, 3, -1,
      3, 4, 5, -1,
      3, 5, 1, -1,
      1, 5, 6, -1,
      1, 6, 0, -1,
      0, 6, 7, -1,
      0, 7, 2, -1,
      2, 7, 4, -1,
    ]
  }
}

Shape {
  appearance Appearance {
    material Material {
      diffuseColor 0.7529 0.7529 0.7529
      specularColor 0.3765 0.3765 0.3765
      ambientIntensity 0.2
      transparency 0.0000
      shininess 0.5
    }
  }
  geometry IndexedFaceSet {
    ccw TRUE
    solid FALSE
    coord DEF co Coordinate {
      point [
        3.196851 -0.696850 -0.866142,
        2.803150 -0.696850 -0.866142,
        2.803150 -0.303150 -0.866142,
        3.196851 -0.303150 -0.866142,
        3.196851 -0.696850 -1.771654,
        3.196851 -0.303150 -1.771654,
        2.803150 -0.303150 -1.771654,
        2.803150 -0.696850 -1.771654,
      ]
    }
    coordIndex [
      4, 0, 5, -1,
      5, 0, 3, -1,
      5, 3, 6, -1,
      6, 3, 2, -1,
      6, 2, 7, -1,
      7, 2, 1, -1,
    ]
  }
}

Shape {
  appearance Appearance {
    material Material {
      diffuseColor 0.2510 0.2510 0.2510
      specularColor 0.1255 0.1255 0.1255
      ambientIntensity 0.2
      transparency 0.0000
      shininess 0.5
    }
  }
  geometry IndexedFaceSet {
    ccw TRUE
    solid FALSE
    coord DEF co Coordinate {
      point [
        3.125984 0.625984 -0.866142,
        2.874016 0.625984 -0.866142,
        3.125984 0.374016 -0.866142,
        2.874016 0.374016 -0.866142,
        3.196851 -0.696850 -0.866142,
        2.803150 -0.696850 -0.866142,
        3.196851 -0.696850 -1.771654,
        2.803150 -0.696850 -1.771654,
        3.196851 0.303150 -0.866142,
        2.803150 0.303150 -0.866142,
        2.803150 0.696850 -0.866142,
        3.196851 0.696850 -0.866142,
      ]
    }
    coordIndex [
      7, 5, 6, -1,
      6, 5, 4, -1,
      2, 8, 3, -1,
      3, 8, 9, -1,
      3, 9, 1, -1,
      1, 9, 10, -1,
      1, 10, 0, -1,
      0, 10, 11, -1,
      0, 11, 2, -1,
      2, 11, 8, -1,
    ]
  }
}

Shape {
  appearance Appearance {
    material Material {
      diffuseColor 0.7529 0.7529 0.7529
      specularColor 0.3765 0.3765 0.3765
      ambientIntensity 0.2
      transparency 0.0000
      shininess 0.5
    }
  }
  geometry IndexedFaceSet {
    ccw TRUE
    solid FALSE
    coord DEF co Coordinate {
      point [
        3.196851 0.303150 -0.866142,
        3.196851 0.696850 -0.866142,
        3.196851 0.303150 -1.771654,
        3.196851 0.696850 -1.771654,
      ]
    }
    coordIndex [
      2, 0, 3, -1,
      3, 0, 1, -1,
    ]
  }
}

Shape {
  appearance Appearance {
    material Material {
      diffuseColor 0.2510 0.2510 0.2510
      specularColor 0.1255 0.1255 0.1255
      ambientIntensity 0.2
      transparency 0.0000
      shininess 0.5
    }
  }
  geometry IndexedFaceSet {
    ccw TRUE
    solid FALSE
    coord DEF co Coordinate {
      point [
        2.803150 0.696850 -0.866142,
        3.196851 0.696850 -0.866142,
        3.196851 0.696850 -1.771654,
        2.803150 0.696850 -1.771654,
      ]
    }
    coordIndex [
      2, 1, 3, -1,
      3, 1, 0, -1,
    ]
  }
}

Shape {
  appearance Appearance {
    material Material {
      diffuseColor 0.7529 0.7529 0.7529
      specularColor 0.3765 0.3765 0.3765
      ambientIntensity 0.2
      transparency 0.0000
      shininess 0.5
    }
  }
  geometry IndexedFaceSet {
    ccw TRUE
    solid FALSE
    coord DEF co Coordinate {
      point [
        3.196851 0.303150 -0.866142,
        2.803150 0.303150 -0.866142,
        2.803150 0.696850 -0.866142,
        3.196851 0.303150 -1.771654,
        2.803150 0.696850 -1.771654,
        2.803150 0.303150 -1.771654,
      ]
    }
    coordIndex [
      4, 2, 5, -1,
      5, 2, 1, -1,
      5, 1, 3, -1,
      3, 1, 0, -1,
    ]
  }
}

Shape {
  appearance Appearance {
    material Material {
      diffuseColor 0.2510 0.2510 0.2510
      specularColor 0.1255 0.1255 0.1255
      ambientIntensity 0.2
      transparency 0.0000
      shininess 0.5
    }
  }
  geometry IndexedFaceSet {
    ccw TRUE
    solid FALSE
    coord DEF co Coordinate {
      point [
        2.125984 -0.374016 -0.866142,
        1.874016 -0.374016 -0.866142,
        2.125984 -0.625984 -0.866142,
        1.874016 -0.625984 -0.866142,
        2.196850 -0.696850 -0.866142,
        1.803150 -0.696850 -0.866142,
        1.803150 -0.303150 -0.866142,
        2.196850 -0.303150 -0.866142,
      ]
    }
    coordIndex [
      2, 4, 3, -1,
      3, 4, 5, -1,
      3, 5, 1, -1,
      1, 5, 6, -1,
      1, 6, 0, -1,
      0, 6, 7, -1,
      0, 7, 2, -1,
      2, 7, 4, -1,
    ]
  }
}

Shape {
  appearance Appearance {
    material Material {
      diffuseColor 0.7529 0.7529 0.7529
      specularColor 0.3765 0.3765 0.3765
      ambientIntensity 0.2
      transparency 0.0000
      shininess 0.5
    }
  }
  geometry IndexedFaceSet {
    ccw TRUE
    solid FALSE
    coord DEF co Coordinate {
      point [
        2.196850 -0.696850 -0.866142,
        1.803150 -0.696850 -0.866142,
        1.803150 -0.303150 -0.866142,
        2.196850 -0.303150 -0.866142,
        2.196850 -0.696850 -1.771654,
        2.196850 -0.303150 -1.771654,
        1.803150 -0.303150 -1.771654,
        1.803150 -0.696850 -1.771654,
      ]
    }
    coordIndex [
      4, 0, 5, -1,
      5, 0, 3, -1,
      5, 3, 6, -1,
      6, 3, 2, -1,
      6, 2, 7, -1,
      7, 2, 1, -1,
    ]
  }
}

Shape {
  appearance Appearance {
    material Material {
      diffuseColor 0.2510 0.2510 0.2510
      specularColor 0.1255 0.1255 0.1255
      ambientIntensity 0.2
      transparency 0.0000
      shininess 0.5
    }
  }
  geometry IndexedFaceSet {
    ccw TRUE
    solid FALSE
    coord DEF co Coordinate {
      point [
        2.125984 0.625984 -0.866142,
        1.874016 0.625984 -0.866142,
        2.125984 0.374016 -0.866142,
        1.874016 0.374016 -0.866142,
        2.196850 -0.696850 -0.866142,
        1.803150 -0.696850 -0.866142,
        2.196850 -0.696850 -1.771654,
        1.803150 -0.696850 -1.771654,
        2.196850 0.303150 -0.866142,
        1.803150 0.303150 -0.866142,
        1.803150 0.696850 -0.866142,
        2.196850 0.696850 -0.866142,
      ]
    }
    coordIndex [
      7, 5, 6, -1,
      6, 5, 4, -1,
      2, 8, 3, -1,
      3, 8, 9, -1,
      3, 9, 1, -1,
      1, 9, 10, -1,
      1, 10, 0, -1,
      0, 10, 11, -1,
      0, 11, 2, -1,
      2, 11, 8, -1,
    ]
  }
}

Shape {
  appearance Appearance {
    material Material {
      diffuseColor 0.7529 0.7529 0.7529
      specularColor 0.3765 0.3765 0.3765
      ambientIntensity 0.2
      transparency 0.0000
      shininess 0.5
    }
  }
  geometry IndexedFaceSet {
    ccw TRUE
    solid FALSE
    coord DEF co Coordinate {
      point [
        2.196850 0.303150 -0.866142,
        2.196850 0.696850 -0.866142,
        2.196850 0.303150 -1.771654,
        2.196850 0.696850 -1.771654,
      ]
    }
    coordIndex [
      2, 0, 3, -1,
      3, 0, 1, -1,
    ]
  }
}

Shape {
  appearance Appearance {
    material Material {
      diffuseColor 0.2510 0.2510 0.2510
      specularColor 0.1255 0.1255 0.1255
      ambientIntensity 0.2
      transparency 0.0000
      shininess 0.5
    }
  }
  geometry IndexedFaceSet {
    ccw TRUE
    solid FALSE
    coord DEF co Coordinate {
      point [
        1.803150 0.696850 -0.866142,
        2.196850 0.696850 -0.866142,
        2.196850 0.696850 -1.771654,
        1.803150 0.696850 -1.771654,
      ]
    }
    coordIndex [
      2, 1, 3, -1,
      3, 1, 0, -1,
    ]
  }
}

Shape {
  appearance Appearance {
    material Material {
      diffuseColor 0.7529 0.7529 0.7529
      specularColor 0.3765 0.3765 0.3765
      ambientIntensity 0.2
      transparency 0.0000
      shininess 0.5
    }
  }
  geometry IndexedFaceSet {
    ccw TRUE
    solid FALSE
    coord DEF co Coordinate {
      point [
        2.196850 0.303150 -0.866142,
        1.803150 0.303150 -0.866142,
        1.803150 0.696850 -0.866142,
        2.196850 0.303150 -1.771654,
        1.803150 0.696850 -1.771654,
        1.803150 0.303150 -1.771654,
      ]
    }
    coordIndex [
      4, 2, 5, -1,
      5, 2, 1, -1,
      5, 1, 3, -1,
      3, 1, 0, -1,
    ]
  }
}

Shape {
  appearance Appearance {
    material Material {
      diffuseColor 0.2510 0.2510 0.2510
      specularColor 0.1255 0.1255 0.1255
      ambientIntensity 0.2
      transparency 0.0000
      shininess 0.5
    }
  }
  geometry IndexedFaceSet {
    ccw TRUE
    solid FALSE
    coord DEF co Coordinate {
      point [
        1.125984 -0.374016 -0.866142,
        0.874016 -0.374016 -0.866142,
        1.125984 -0.625984 -0.866142,
        0.874016 -0.625984 -0.866142,
        1.196850 -0.696850 -0.866142,
        0.803150 -0.696850 -0.866142,
        0.803150 -0.303150 -0.866142,
        1.196850 -0.303150 -0.866142,
      ]
    }
    coordIndex [
      2, 4, 3, -1,
      3, 4, 5, -1,
      3, 5, 1, -1,
      1, 5, 6, -1,
      1, 6, 0, -1,
      0, 6, 7, -1,
      0, 7, 2, -1,
      2, 7, 4, -1,
    ]
  }
}

Shape {
  appearance Appearance {
    material Material {
      diffuseColor 0.7529 0.7529 0.7529
      specularColor 0.3765 0.3765 0.3765
      ambientIntensity 0.2
      transparency 0.0000
      shininess 0.5
    }
  }
  geometry IndexedFaceSet {
    ccw TRUE
    solid FALSE
    coord DEF co Coordinate {
      point [
        1.196850 -0.696850 -0.866142,
        0.803150 -0.696850 -0.866142,
        0.803150 -0.303150 -0.866142,
        1.196850 -0.303150 -0.866142,
        1.196850 -0.696850 -1.771654,
        1.196850 -0.303150 -1.771654,
        0.803150 -0.303150 -1.771654,
        0.803150 -0.696850 -1.771654,
      ]
    }
    coordIndex [
      4, 0, 5, -1,
      5, 0, 3, -1,
      5, 3, 6, -1,
      6, 3, 2, -1,
      6, 2, 7, -1,
      7, 2, 1, -1,
    ]
  }
}

Shape {
  appearance Appearance {
    material Material {
      diffuseColor 0.2510 0.2510 0.2510
      specularColor 0.1255 0.1255 0.1255
      ambientIntensity 0.2
      transparency 0.0000
      shininess 0.5
    }
  }
  geometry IndexedFaceSet {
    ccw TRUE
    solid FALSE
    coord DEF co Coordinate {
      point [
        1.125984 0.625984 -0.866142,
        0.874016 0.625984 -0.866142,
        1.125984 0.374016 -0.866142,
        0.874016 0.374016 -0.866142,
        1.196850 -0.696850 -0.866142,
        0.803150 -0.696850 -0.866142,
        1.196850 -0.696850 -1.771654,
        0.803150 -0.696850 -1.771654,
        1.196850 0.303150 -0.866142,
        0.803150 0.303150 -0.866142,
        0.803150 0.696850 -0.866142,
        1.196850 0.696850 -0.866142,
      ]
    }
    coordIndex [
      7, 5, 6, -1,
      6, 5, 4, -1,
      2, 8, 3, -1,
      3, 8, 9, -1,
      3, 9, 1, -1,
      1, 9, 10, -1,
      1, 10, 0, -1,
      0, 10, 11, -1,
      0, 11, 2, -1,
      2, 11, 8, -1,
    ]
  }
}

Shape {
  appearance Appearance {
    material Material {
      diffuseColor 0.7529 0.7529 0.7529
      specularColor 0.3765 0.3765 0.3765
      ambientIntensity 0.2
      transparency 0.0000
      shininess 0.5
    }
  }
  geometry IndexedFaceSet {
    ccw TRUE
    solid FALSE
    coord DEF co Coordinate {
      point [
        1.196850 0.303150 -0.866142,
        1.196850 0.696850 -0.866142,
        1.196850 0.303150 -1.771654,
        1.196850 0.696850 -1.771654,
      ]
    }
    coordIndex [
      2, 0, 3, -1,
      3, 0, 1, -1,
    ]
  }
}

Shape {
  appearance Appearance {
    material Material {
      diffuseColor 0.2510 0.2510 0.2510
      specularColor 0.1255 0.1255 0.1255
      ambientIntensity 0.2
      transparency 0.0000
      shininess 0.5
    }
  }
  geometry IndexedFaceSet {
    ccw TRUE
    solid FALSE
    coord DEF co Coordinate {
      point [
        0.803150 0.696850 -0.866142,
        1.196850 0.696850 -0.866142,
        1.196850 0.696850 -1.771654,
        0.803150 0.696850 -1.771654,
      ]
    }
    coordIndex [
      2, 1, 3, -1,
      3, 1, 0, -1,
    ]
  }
}

Shape {
  appearance Appearance {
    material Material {
      diffuseColor 0.7529 0.7529 0.7529
      specularColor 0.3765 0.3765 0.3765
      ambientIntensity 0.2
      transparency 0.0000
      shininess 0.5
    }
  }
  geometry IndexedFaceSet {
    ccw TRUE
    solid FALSE
    coord DEF co Coordinate {
      point [
        1.196850 0.303150 -0.866142,
        0.803150 0.303150 -0.866142,
        0.803150 0.696850 -0.866142,
        1.196850 0.303150 -1.771654,
        0.803150 0.696850 -1.771654,
        0.803150 0.303150 -1.771654,
      ]
    }
    coordIndex [
      4, 2, 5, -1,
      5, 2, 1, -1,
      5, 1, 3, -1,
      3, 1, 0, -1,
    ]
  }
}

Shape {
  appearance Appearance {
    material Material {
      diffuseColor 0.2510 0.2510 0.2510
      specularColor 0.1255 0.1255 0.1255
      ambientIntensity 0.2
      transparency 0.0000
      shininess 0.5
    }
  }
  geometry IndexedFaceSet {
    ccw TRUE
    solid FALSE
    coord DEF co Coordinate {
      point [
        0.125984 -0.374016 -0.866142,
        -0.125984 -0.374016 -0.866142,
        0.125984 -0.625984 -0.866142,
        -0.125984 -0.625984 -0.866142,
        0.196850 -0.696850 -0.866142,
        -0.196850 -0.696850 -0.866142,
        -0.196850 -0.303150 -0.866142,
        0.196850 -0.303150 -0.866142,
      ]
    }
    coordIndex [
      2, 4, 3, -1,
      3, 4, 5, -1,
      3, 5, 1, -1,
      1, 5, 6, -1,
      1, 6, 0, -1,
      0, 6, 7, -1,
      0, 7, 2, -1,
      2, 7, 4, -1,
    ]
  }
}

Shape {
  appearance Appearance {
    material Material {
      diffuseColor 0.7529 0.7529 0.7529
      specularColor 0.3765 0.3765 0.3765
      ambientIntensity 0.2
      transparency 0.0000
      shininess 0.5
    }
  }
  geometry IndexedFaceSet {
    ccw TRUE
    solid FALSE
    coord DEF co Coordinate {
      point [
        0.196850 -0.696850 -0.866142,
        -0.196850 -0.696850 -0.866142,
        -0.196850 -0.303150 -0.866142,
        0.196850 -0.303150 -0.866142,
        0.196850 -0.696850 -1.771654,
        0.196850 -0.303150 -1.771654,
        -0.196850 -0.303150 -1.771654,
        -0.196850 -0.696850 -1.771654,
      ]
    }
    coordIndex [
      4, 0, 5, -1,
      5, 0, 3, -1,
      5, 3, 6, -1,
      6, 3, 2, -1,
      6, 2, 7, -1,
      7, 2, 1, -1,
    ]
  }
}

Shape {
  appearance Appearance {
    material Material {
      diffuseColor 0.2510 0.2510 0.2510
      specularColor 0.1255 0.1255 0.1255
      ambientIntensity 0.2
      transparency 0.0000
      shininess 0.5
    }
  }
  geometry IndexedFaceSet {
    ccw TRUE
    solid FALSE
    coord DEF co Coordinate {
      point [
        0.125984 0.625984 -0.866142,
        -0.125984 0.625984 -0.866142,
        0.125984 0.374016 -0.866142,
        -0.125984 0.374016 -0.866142,
        0.196850 -0.696850 -0.866142,
        -0.196850 -0.696850 -0.866142,
        0.196850 -0.696850 -1.771654,
        -0.196850 -0.696850 -1.771654,
        0.196850 0.303150 -0.866142,
        -0.196850 0.303150 -0.866142,
        -0.196850 0.696850 -0.866142,
        0.196850 0.696850 -0.866142,
      ]
    }
    coordIndex [
      7, 5, 6, -1,
      6, 5, 4, -1,
      2, 8, 3, -1,
      3, 8, 9, -1,
      3, 9, 1, -1,
      1, 9, 10, -1,
      1, 10, 0, -1,
      0, 10, 11, -1,
      0, 11, 2, -1,
      2, 11, 8, -1,
    ]
  }
}

Shape {
  appearance Appearance {
    material Material {
      diffuseColor 0.7529 0.7529 0.7529
      specularColor 0.3765 0.3765 0.3765
      ambientIntensity 0.2
      transparency 0.0000
      shininess 0.5
    }
  }
  geometry IndexedFaceSet {
    ccw TRUE
    solid FALSE
    coord DEF co Coordinate {
      point [
        0.196850 0.303150 -0.866142,
        0.196850 0.696850 -0.866142,
        0.196850 0.303150 -1.771654,
        0.196850 0.696850 -1.771654,
      ]
    }
    coordIndex [
      2, 0, 3, -1,
      3, 0, 1, -1,
    ]
  }
}

Shape {
  appearance Appearance {
    material Material {
      diffuseColor 0.2510 0.2510 0.2510
      specularColor 0.1255 0.1255 0.1255
      ambientIntensity 0.2
      transparency 0.0000
      shininess 0.5
    }
  }
  geometry IndexedFaceSet {
    ccw TRUE
    solid FALSE
    coord DEF co Coordinate {
      point [
        -0.196850 0.696850 -0.866142,
        0.196850 0.696850 -0.866142,
        0.196850 0.696850 -1.771654,
        -0.196850 0.696850 -1.771654,
      ]
    }
    coordIndex [
      2, 1, 3, -1,
      3, 1, 0, -1,
    ]
  }
}

Shape {
  appearance Appearance {
    material Material {
      diffuseColor 0.7529 0.7529 0.7529
      specularColor 0.3765 0.3765 0.3765
      ambientIntensity 0.2
      transparency 0.0000
      shininess 0.5
    }
  }
  geometry IndexedFaceSet {
    ccw TRUE
    solid FALSE
    coord DEF co Coordinate {
      point [
        0.196850 0.303150 -0.866142,
        -0.196850 0.303150 -0.866142,
        -0.196850 0.696850 -0.866142,
        0.196850 0.303150 -1.771654,
        -0.196850 0.696850 -1.771654,
        -0.196850 0.303150 -1.771654,
      ]
    }
    coordIndex [
      4, 2, 5, -1,
      5, 2, 1, -1,
      5, 1, 3, -1,
      3, 1, 0, -1,
    ]
  }
}

Shape {
  appearance Appearance {
    material Material {
      diffuseColor 0.2510 0.2510 0.2510
      specularColor 0.1255 0.1255 0.1255
      ambientIntensity 0.2
      transparency 0.0000
      shininess 0.5
    }
  }
  geometry IndexedFaceSet {
    ccw TRUE
    solid FALSE
    coord DEF co Coordinate {
      point [
        -0.874016 -0.374016 -0.866142,
        -1.125984 -0.374016 -0.866142,
        -0.874016 -0.625984 -0.866142,
        -1.125984 -0.625984 -0.866142,
        -0.803150 -0.696850 -0.866142,
        -1.196850 -0.696850 -0.866142,
        -1.196850 -0.303150 -0.866142,
        -0.803150 -0.303150 -0.866142,
      ]
    }
    coordIndex [
      2, 4, 3, -1,
      3, 4, 5, -1,
      3, 5, 1, -1,
      1, 5, 6, -1,
      1, 6, 0, -1,
      0, 6, 7, -1,
      0, 7, 2, -1,
      2, 7, 4, -1,
    ]
  }
}

Shape {
  appearance Appearance {
    material Material {
      diffuseColor 0.7529 0.7529 0.7529
      specularColor 0.3765 0.3765 0.3765
      ambientIntensity 0.2
      transparency 0.0000
      shininess 0.5
    }
  }
  geometry IndexedFaceSet {
    ccw TRUE
    solid FALSE
    coord DEF co Coordinate {
      point [
        -0.803150 -0.696850 -0.866142,
        -1.196850 -0.696850 -0.866142,
        -1.196850 -0.303150 -0.866142,
        -0.803150 -0.303150 -0.866142,
        -0.803150 -0.696850 -1.771654,
        -0.803150 -0.303150 -1.771654,
        -1.196850 -0.303150 -1.771654,
        -1.196850 -0.696850 -1.771654,
      ]
    }
    coordIndex [
      4, 0, 5, -1,
      5, 0, 3, -1,
      5, 3, 6, -1,
      6, 3, 2, -1,
      6, 2, 7, -1,
      7, 2, 1, -1,
    ]
  }
}

Shape {
  appearance Appearance {
    material Material {
      diffuseColor 0.2510 0.2510 0.2510
      specularColor 0.1255 0.1255 0.1255
      ambientIntensity 0.2
      transparency 0.0000
      shininess 0.5
    }
  }
  geometry IndexedFaceSet {
    ccw TRUE
    solid FALSE
    coord DEF co Coordinate {
      point [
        -0.874016 0.625984 -0.866142,
        -1.125984 0.625984 -0.866142,
        -0.874016 0.374016 -0.866142,
        -1.125984 0.374016 -0.866142,
        -0.803150 -0.696850 -0.866142,
        -1.196850 -0.696850 -0.866142,
        -0.803150 -0.696850 -1.771654,
        -1.196850 -0.696850 -1.771654,
        -0.803150 0.303150 -0.866142,
        -1.196850 0.303150 -0.866142,
        -1.196850 0.696850 -0.866142,
        -0.803150 0.696850 -0.866142,
      ]
    }
    coordIndex [
      7, 5, 6, -1,
      6, 5, 4, -1,
      2, 8, 3, -1,
      3, 8, 9, -1,
      3, 9, 1, -1,
      1, 9, 10, -1,
      1, 10, 0, -1,
      0, 10, 11, -1,
      0, 11, 2, -1,
      2, 11, 8, -1,
    ]
  }
}

Shape {
  appearance Appearance {
    material Material {
      diffuseColor 0.7529 0.7529 0.7529
      specularColor 0.3765 0.3765 0.3765
      ambientIntensity 0.2
      transparency 0.0000
      shininess 0.5
    }
  }
  geometry IndexedFaceSet {
    ccw TRUE
    solid FALSE
    coord DEF co Coordinate {
      point [
        -0.803150 0.303150 -0.866142,
        -0.803150 0.696850 -0.866142,
        -0.803150 0.303150 -1.771654,
        -0.803150 0.696850 -1.771654,
      ]
    }
    coordIndex [
      2, 0, 3, -1,
      3, 0, 1, -1,
    ]
  }
}

Shape {
  appearance Appearance {
    material Material {
      diffuseColor 0.2510 0.2510 0.2510
      specularColor 0.1255 0.1255 0.1255
      ambientIntensity 0.2
      transparency 0.0000
      shininess 0.5
    }
  }
  geometry IndexedFaceSet {
    ccw TRUE
    solid FALSE
    coord DEF co Coordinate {
      point [
        -1.196850 0.696850 -0.866142,
        -0.803150 0.696850 -0.866142,
        -0.803150 0.696850 -1.771654,
        -1.196850 0.696850 -1.771654,
      ]
    }
    coordIndex [
      2, 1, 3, -1,
      3, 1, 0, -1,
    ]
  }
}

Shape {
  appearance Appearance {
    material Material {
      diffuseColor 0.7529 0.7529 0.7529
      specularColor 0.3765 0.3765 0.3765
      ambientIntensity 0.2
      transparency 0.0000
      shininess 0.5
    }
  }
  geometry IndexedFaceSet {
    ccw TRUE
    solid FALSE
    coord DEF co Coordinate {
      point [
        -0.803150 0.303150 -0.866142,
        -1.196850 0.303150 -0.866142,
        -1.196850 0.696850 -0.866142,
        -0.803150 0.303150 -1.771654,
        -1.196850 0.696850 -1.771654,
        -1.196850 0.303150 -1.771654,
      ]
    }
    coordIndex [
      4, 2, 5, -1,
      5, 2, 1, -1,
      5, 1, 3, -1,
      3, 1, 0, -1,
    ]
  }
}

Shape {
  appearance Appearance {
    material Material {
      diffuseColor 0.2510 0.2510 0.2510
      specularColor 0.1255 0.1255 0.1255
      ambientIntensity 0.2
      transparency 0.0000
      shininess 0.5
    }
  }
  geometry IndexedFaceSet {
    ccw TRUE
    solid FALSE
    coord DEF co Coordinate {
      point [
        -1.874016 -0.374016 -0.866142,
        -2.125984 -0.374016 -0.866142,
        -1.874016 -0.625984 -0.866142,
        -2.125984 -0.625984 -0.866142,
        -1.803150 -0.696850 -0.866142,
        -2.196850 -0.696850 -0.866142,
        -2.196850 -0.303150 -0.866142,
        -1.803150 -0.303150 -0.866142,
      ]
    }
    coordIndex [
      2, 4, 3, -1,
      3, 4, 5, -1,
      3, 5, 1, -1,
      1, 5, 6, -1,
      1, 6, 0, -1,
      0, 6, 7, -1,
      0, 7, 2, -1,
      2, 7, 4, -1,
    ]
  }
}

Shape {
  appearance Appearance {
    material Material {
      diffuseColor 0.7529 0.7529 0.7529
      specularColor 0.3765 0.3765 0.3765
      ambientIntensity 0.2
      transparency 0.0000
      shininess 0.5
    }
  }
  geometry IndexedFaceSet {
    ccw TRUE
    solid FALSE
    coord DEF co Coordinate {
      point [
        -1.803150 -0.696850 -0.866142,
        -2.196850 -0.696850 -0.866142,
        -2.196850 -0.303150 -0.866142,
        -1.803150 -0.303150 -0.866142,
        -1.803150 -0.696850 -1.771654,
        -1.803150 -0.303150 -1.771654,
        -2.196850 -0.303150 -1.771654,
        -2.196850 -0.696850 -1.771654,
      ]
    }
    coordIndex [
      4, 0, 5, -1,
      5, 0, 3, -1,
      5, 3, 6, -1,
      6, 3, 2, -1,
      6, 2, 7, -1,
      7, 2, 1, -1,
    ]
  }
}

Shape {
  appearance Appearance {
    material Material {
      diffuseColor 0.2510 0.2510 0.2510
      specularColor 0.1255 0.1255 0.1255
      ambientIntensity 0.2
      transparency 0.0000
      shininess 0.5
    }
  }
  geometry IndexedFaceSet {
    ccw TRUE
    solid FALSE
    coord DEF co Coordinate {
      point [
        -1.874016 0.625984 -0.866142,
        -2.125984 0.625984 -0.866142,
        -1.874016 0.374016 -0.866142,
        -2.125984 0.374016 -0.866142,
        -1.803150 -0.696850 -0.866142,
        -2.196850 -0.696850 -0.866142,
        -1.803150 -0.696850 -1.771654,
        -2.196850 -0.696850 -1.771654,
        -1.803150 0.303150 -0.866142,
        -2.196850 0.303150 -0.866142,
        -2.196850 0.696850 -0.866142,
        -1.803150 0.696850 -0.866142,
      ]
    }
    coordIndex [
      7, 5, 6, -1,
      6, 5, 4, -1,
      2, 8, 3, -1,
      3, 8, 9, -1,
      3, 9, 1, -1,
      1, 9, 10, -1,
      1, 10, 0, -1,
      0, 10, 11, -1,
      0, 11, 2, -1,
      2, 11, 8, -1,
    ]
  }
}

Shape {
  appearance Appearance {
    material Material {
      diffuseColor 0.7529 0.7529 0.7529
      specularColor 0.3765 0.3765 0.3765
      ambientIntensity 0.2
      transparency 0.0000
      shininess 0.5
    }
  }
  geometry IndexedFaceSet {
    ccw TRUE
    solid FALSE
    coord DEF co Coordinate {
      point [
        -1.803150 0.303150 -0.866142,
        -1.803150 0.696850 -0.866142,
        -1.803150 0.303150 -1.771654,
        -1.803150 0.696850 -1.771654,
      ]
    }
    coordIndex [
      2, 0, 3, -1,
      3, 0, 1, -1,
    ]
  }
}

Shape {
  appearance Appearance {
    material Material {
      diffuseColor 0.2510 0.2510 0.2510
      specularColor 0.1255 0.1255 0.1255
      ambientIntensity 0.2
      transparency 0.0000
      shininess 0.5
    }
  }
  geometry IndexedFaceSet {
    ccw TRUE
    solid FALSE
    coord DEF co Coordinate {
      point [
        -2.196850 0.696850 -0.866142,
        -1.803150 0.696850 -0.866142,
        -1.803150 0.696850 -1.771654,
        -2.196850 0.696850 -1.771654,
      ]
    }
    coordIndex [
      2, 1, 3, -1,
      3, 1, 0, -1,
    ]
  }
}

Shape {
  appearance Appearance {
    material Material {
      diffuseColor 0.7529 0.7529 0.7529
      specularColor 0.3765 0.3765 0.3765
      ambientIntensity 0.2
      transparency 0.0000
      shininess 0.5
    }
  }
  geometry IndexedFaceSet {
    ccw TRUE
    solid FALSE
    coord DEF co Coordinate {
      point [
        -1.803150 0.303150 -0.866142,
        -2.196850 0.303150 -0.866142,
        -2.196850 0.696850 -0.866142,
        -1.803150 0.303150 -1.771654,
        -2.196850 0.696850 -1.771654,
        -2.196850 0.303150 -1.771654,
      ]
    }
    coordIndex [
      4, 2, 5, -1,
      5, 2, 1, -1,
      5, 1, 3, -1,
      3, 1, 0, -1,
    ]
  }
}

Shape {
  appearance Appearance {
    material Material {
      diffuseColor 0.2510 0.2510 0.2510
      specularColor 0.1255 0.1255 0.1255
      ambientIntensity 0.2
      transparency 0.0000
      shininess 0.5
    }
  }
  geometry IndexedFaceSet {
    ccw TRUE
    solid FALSE
    coord DEF co Coordinate {
      point [
        -2.874016 -0.374016 -0.866142,
        -3.125984 -0.374016 -0.866142,
        -2.874016 -0.625984 -0.866142,
        -3.125984 -0.625984 -0.866142,
        -2.803150 -0.696850 -0.866142,
        -3.196851 -0.696850 -0.866142,
        -3.196851 -0.303150 -0.866142,
        -2.803150 -0.303150 -0.866142,
      ]
    }
    coordIndex [
      2, 4, 3, -1,
      3, 4, 5, -1,
      3, 5, 1, -1,
      1, 5, 6, -1,
      1, 6, 0, -1,
      0, 6, 7, -1,
      0, 7, 2, -1,
      2, 7, 4, -1,
    ]
  }
}

Shape {
  appearance Appearance {
    material Material {
      diffuseColor 0.7529 0.7529 0.7529
      specularColor 0.3765 0.3765 0.3765
      ambientIntensity 0.2
      transparency 0.0000
      shininess 0.5
    }
  }
  geometry IndexedFaceSet {
    ccw TRUE
    solid FALSE
    coord DEF co Coordinate {
      point [
        -2.803150 -0.696850 -0.866142,
        -3.196851 -0.696850 -0.866142,
        -3.196851 -0.303150 -0.866142,
        -2.803150 -0.303150 -0.866142,
        -2.803150 -0.696850 -1.771654,
        -2.803150 -0.303150 -1.771654,
        -3.196851 -0.303150 -1.771654,
        -3.196851 -0.696850 -1.771654,
      ]
    }
    coordIndex [
      4, 0, 5, -1,
      5, 0, 3, -1,
      5, 3, 6, -1,
      6, 3, 2, -1,
      6, 2, 7, -1,
      7, 2, 1, -1,
    ]
  }
}

Shape {
  appearance Appearance {
    material Material {
      diffuseColor 0.2510 0.2510 0.2510
      specularColor 0.1255 0.1255 0.1255
      ambientIntensity 0.2
      transparency 0.0000
      shininess 0.5
    }
  }
  geometry IndexedFaceSet {
    ccw TRUE
    solid FALSE
    coord DEF co Coordinate {
      point [
        -2.874016 0.625984 -0.866142,
        -3.125984 0.625984 -0.866142,
        -2.874016 0.374016 -0.866142,
        -3.125984 0.374016 -0.866142,
        -2.803150 -0.696850 -0.866142,
        -3.196851 -0.696850 -0.866142,
        -2.803150 -0.696850 -1.771654,
        -3.196851 -0.696850 -1.771654,
        -2.803150 0.303150 -0.866142,
        -3.196851 0.303150 -0.866142,
        -3.196851 0.696850 -0.866142,
        -2.803150 0.696850 -0.866142,
      ]
    }
    coordIndex [
      7, 5, 6, -1,
      6, 5, 4, -1,
      2, 8, 3, -1,
      3, 8, 9, -1,
      3, 9, 1, -1,
      1, 9, 10, -1,
      1, 10, 0, -1,
      0, 10, 11, -1,
      0, 11, 2, -1,
      2, 11, 8, -1,
    ]
  }
}

Shape {
  appearance Appearance {
    material Material {
      diffuseColor 0.7529 0.7529 0.7529
      specularColor 0.3765 0.3765 0.3765
      ambientIntensity 0.2
      transparency 0.0000
      shininess 0.5
    }
  }
  geometry IndexedFaceSet {
    ccw TRUE
    solid FALSE
    coord DEF co Coordinate {
      point [
        -2.803150 0.303150 -0.866142,
        -2.803150 0.696850 -0.866142,
        -2.803150 0.303150 -1.771654,
        -2.803150 0.696850 -1.771654,
      ]
    }
    coordIndex [
      2, 0, 3, -1,
      3, 0, 1, -1,
    ]
  }
}

Shape {
  appearance Appearance {
    material Material {
      diffuseColor 0.2510 0.2510 0.2510
      specularColor 0.1255 0.1255 0.1255
      ambientIntensity 0.2
      transparency 0.0000
      shininess 0.5
    }
  }
  geometry IndexedFaceSet {
    ccw TRUE
    solid FALSE
    coord DEF co Coordinate {
      point [
        -3.196851 0.696850 -0.866142,
        -2.803150 0.696850 -0.866142,
        -2.803150 0.696850 -1.771654,
        -3.196851 0.696850 -1.771654,
      ]
    }
    coordIndex [
      2, 1, 3, -1,
      3, 1, 0, -1,
    ]
  }
}

Shape {
  appearance Appearance {
    material Material {
      diffuseColor 0.7529 0.7529 0.7529
      specularColor 0.3765 0.3765 0.3765
      ambientIntensity 0.2
      transparency 0.0000
      shininess 0.5
    }
  }
  geometry IndexedFaceSet {
    ccw TRUE
    solid FALSE
    coord DEF co Coordinate {
      point [
        -2.803150 0.303150 -0.866142,
        -3.196851 0.303150 -0.866142,
        -3.196851 0.696850 -0.866142,
        -2.803150 0.303150 -1.771654,
        -3.196851 0.696850 -1.771654,
        -3.196851 0.303150 -1.771654,
      ]
    }
    coordIndex [
      4, 2, 5, -1,
      5, 2, 1, -1,
      5, 1, 3, -1,
      3, 1, 0, -1,
    ]
  }
}

Shape {
  appearance Appearance {
    material Material {
      diffuseColor 0.2510 0.2510 0.2510
      specularColor 0.1255 0.1255 0.1255
      ambientIntensity 0.2
      transparency 0.0000
      shininess 0.5
    }
  }
  geometry IndexedFaceSet {
    ccw TRUE
    solid FALSE
    coord DEF co Coordinate {
      point [
        -3.874016 -0.374016 -0.866142,
        -4.125984 -0.374016 -0.866142,
        -3.874016 -0.625984 -0.866142,
        -4.125984 -0.625984 -0.866142,
        -3.803150 -0.696850 -0.866142,
        -4.196850 -0.696850 -0.866142,
        -4.196850 -0.303150 -0.866142,
        -3.803150 -0.303150 -0.866142,
      ]
    }
    coordIndex [
      2, 4, 3, -1,
      3, 4, 5, -1,
      3, 5, 1, -1,
      1, 5, 6, -1,
      1, 6, 0, -1,
      0, 6, 7, -1,
      0, 7, 2, -1,
      2, 7, 4, -1,
    ]
  }
}

Shape {
  appearance Appearance {
    material Material {
      diffuseColor 0.7529 0.7529 0.7529
      specularColor 0.3765 0.3765 0.3765
      ambientIntensity 0.2
      transparency 0.0000
      shininess 0.5
    }
  }
  geometry IndexedFaceSet {
    ccw TRUE
    solid FALSE
    coord DEF co Coordinate {
      point [
        -3.803150 -0.696850 -0.866142,
        -4.196850 -0.696850 -0.866142,
        -4.196850 -0.303150 -0.866142,
        -3.803150 -0.303150 -0.866142,
        -3.803150 -0.696850 -1.771654,
        -3.803150 -0.303150 -1.771654,
        -4.196850 -0.303150 -1.771654,
        -4.196850 -0.696850 -1.771654,
      ]
    }
    coordIndex [
      4, 0, 5, -1,
      5, 0, 3, -1,
      5, 3, 6, -1,
      6, 3, 2, -1,
      6, 2, 7, -1,
      7, 2, 1, -1,
    ]
  }
}

Shape {
  appearance Appearance {
    material Material {
      diffuseColor 0.2510 0.2510 0.2510
      specularColor 0.1255 0.1255 0.1255
      ambientIntensity 0.2
      transparency 0.0000
      shininess 0.5
    }
  }
  geometry IndexedFaceSet {
    ccw TRUE
    solid FALSE
    coord DEF co Coordinate {
      point [
        -3.874016 0.625984 -0.866142,
        -4.125984 0.625984 -0.866142,
        -3.874016 0.374016 -0.866142,
        -4.125984 0.374016 -0.866142,
        -3.803150 -0.696850 -0.866142,
        -4.196850 -0.696850 -0.866142,
        -3.803150 -0.696850 -1.771654,
        -4.196850 -0.696850 -1.771654,
        -3.803150 0.303150 -0.866142,
        -4.196850 0.303150 -0.866142,
        -4.196850 0.696850 -0.866142,
        -3.803150 0.696850 -0.866142,
      ]
    }
    coordIndex [
      7, 5, 6, -1,
      6, 5, 4, -1,
      2, 8, 3, -1,
      3, 8, 9, -1,
      3, 9, 1, -1,
      1, 9, 10, -1,
      1, 10, 0, -1,
      0, 10, 11, -1,
      0, 11, 2, -1,
      2, 11, 8, -1,
    ]
  }
}

Shape {
  appearance Appearance {
    material Material {
      diffuseColor 0.7529 0.7529 0.7529
      specularColor 0.3765 0.3765 0.3765
      ambientIntensity 0.2
      transparency 0.0000
      shininess 0.5
    }
  }
  geometry IndexedFaceSet {
    ccw TRUE
    solid FALSE
    coord DEF co Coordinate {
      point [
        -3.803150 0.303150 -0.866142,
        -3.803150 0.696850 -0.866142,
        -3.803150 0.303150 -1.771654,
        -3.803150 0.696850 -1.771654,
      ]
    }
    coordIndex [
      2, 0, 3, -1,
      3, 0, 1, -1,
    ]
  }
}

Shape {
  appearance Appearance {
    material Material {
      diffuseColor 0.2510 0.2510 0.2510
      specularColor 0.1255 0.1255 0.1255
      ambientIntensity 0.2
      transparency 0.0000
      shininess 0.5
    }
  }
  geometry IndexedFaceSet {
    ccw TRUE
    solid FALSE
    coord DEF co Coordinate {
      point [
        -4.196850 0.696850 -0.866142,
        -3.803150 0.696850 -0.866142,
        -3.803150 0.696850 -1.771654,
        -4.196850 0.696850 -1.771654,
      ]
    }
    coordIndex [
      2, 1, 3, -1,
      3, 1, 0, -1,
    ]
  }
}

Shape {
  appearance Appearance {
    material Material {
      diffuseColor 0.7529 0.7529 0.7529
      specularColor 0.3765 0.3765 0.3765
      ambientIntensity 0.2
      transparency 0.0000
      shininess 0.5
    }
  }
  geometry IndexedFaceSet {
    ccw TRUE
    solid FALSE
    coord DEF co Coordinate {
      point [
        -3.803150 0.303150 -0.866142,
        -4.196850 0.303150 -0.866142,
        -4.196850 0.696850 -0.866142,
        -3.803150 0.303150 -1.771654,
        -4.196850 0.696850 -1.771654,
        -4.196850 0.303150 -1.771654,
      ]
    }
    coordIndex [
      4, 2, 5, -1,
      5, 2, 1, -1,
      5, 1, 3, -1,
      3, 1, 0, -1,
    ]
  }
}

Shape {
  appearance Appearance {
    material Material {
      diffuseColor 0.2510 0.2510 0.2510
      specularColor 0.1255 0.1255 0.1255
      ambientIntensity 0.2
      transparency 0.0000
      shininess 0.5
    }
  }
  geometry IndexedFaceSet {
    ccw TRUE
    solid FALSE
    coord DEF co Coordinate {
      point [
        -4.874016 -0.374016 -0.866142,
        -5.125984 -0.374016 -0.866142,
        -4.874016 -0.625984 -0.866142,
        -5.125984 -0.625984 -0.866142,
        -4.803150 -0.696850 -0.866142,
        -5.196850 -0.696850 -0.866142,
        -5.196850 -0.303150 -0.866142,
        -4.803150 -0.303150 -0.866142,
      ]
    }
    coordIndex [
      2, 4, 3, -1,
      3, 4, 5, -1,
      3, 5, 1, -1,
      1, 5, 6, -1,
      1, 6, 0, -1,
      0, 6, 7, -1,
      0, 7, 2, -1,
      2, 7, 4, -1,
    ]
  }
}

Shape {
  appearance Appearance {
    material Material {
      diffuseColor 0.7529 0.7529 0.7529
      specularColor 0.3765 0.3765 0.3765
      ambientIntensity 0.2
      transparency 0.0000
      shininess 0.5
    }
  }
  geometry IndexedFaceSet {
    ccw TRUE
    solid FALSE
    coord DEF co Coordinate {
      point [
        -4.803150 -0.696850 -0.866142,
        -5.196850 -0.696850 -0.866142,
        -5.196850 -0.303150 -0.866142,
        -4.803150 -0.303150 -0.866142,
        -4.803150 -0.696850 -1.771654,
        -4.803150 -0.303150 -1.771654,
        -5.196850 -0.303150 -1.771654,
        -5.196850 -0.696850 -1.771654,
      ]
    }
    coordIndex [
      4, 0, 5, -1,
      5, 0, 3, -1,
      5, 3, 6, -1,
      6, 3, 2, -1,
      6, 2, 7, -1,
      7, 2, 1, -1,
    ]
  }
}

Shape {
  appearance Appearance {
    material Material {
      diffuseColor 0.2510 0.2510 0.2510
      specularColor 0.1255 0.1255 0.1255
      ambientIntensity 0.2
      transparency 0.0000
      shininess 0.5
    }
  }
  geometry IndexedFaceSet {
    ccw TRUE
    solid FALSE
    coord DEF co Coordinate {
      point [
        -4.874016 0.625984 -0.866142,
        -5.125984 0.625984 -0.866142,
        -4.874016 0.374016 -0.866142,
        -5.125984 0.374016 -0.866142,
        -4.803150 -0.696850 -0.866142,
        -5.196850 -0.696850 -0.866142,
        -4.803150 -0.696850 -1.771654,
        -5.196850 -0.696850 -1.771654,
        -4.803150 0.303150 -0.866142,
        -5.196850 0.303150 -0.866142,
        -5.196850 0.696850 -0.866142,
        -4.803150 0.696850 -0.866142,
      ]
    }
    coordIndex [
      7, 5, 6, -1,
      6, 5, 4, -1,
      2, 8, 3, -1,
      3, 8, 9, -1,
      3, 9, 1, -1,
      1, 9, 10, -1,
      1, 10, 0, -1,
      0, 10, 11, -1,
      0, 11, 2, -1,
      2, 11, 8, -1,
    ]
  }
}

Shape {
  appearance Appearance {
    material Material {
      diffuseColor 0.7529 0.7529 0.7529
      specularColor 0.3765 0.3765 0.3765
      ambientIntensity 0.2
      transparency 0.0000
      shininess 0.5
    }
  }
  geometry IndexedFaceSet {
    ccw TRUE
    solid FALSE
    coord DEF co Coordinate {
      point [
        -4.803150 0.303150 -0.866142,
        -4.803150 0.696850 -0.866142,
        -4.803150 0.303150 -1.771654,
        -4.803150 0.696850 -1.771654,
      ]
    }
    coordIndex [
      2, 0, 3, -1,
      3, 0, 1, -1,
    ]
  }
}

Shape {
  appearance Appearance {
    material Material {
      diffuseColor 0.2510 0.2510 0.2510
      specularColor 0.1255 0.1255 0.1255
      ambientIntensity 0.2
      transparency 0.0000
      shininess 0.5
    }
  }
  geometry IndexedFaceSet {
    ccw TRUE
    solid FALSE
    coord DEF co Coordinate {
      point [
        -5.196850 0.696850 -0.866142,
        -4.803150 0.696850 -0.866142,
        -4.803150 0.696850 -1.771654,
        -5.196850 0.696850 -1.771654,
      ]
    }
    coordIndex [
      2, 1, 3, -1,
      3, 1, 0, -1,
    ]
  }
}

Shape {
  appearance Appearance {
    material Material {
      diffuseColor 0.7529 0.7529 0.7529
      specularColor 0.3765 0.3765 0.3765
      ambientIntensity 0.2
      transparency 0.0000
      shininess 0.5
    }
  }
  geometry IndexedFaceSet {
    ccw TRUE
    solid FALSE
    coord DEF co Coordinate {
      point [
        -4.803150 0.303150 -0.866142,
        -5.196850 0.303150 -0.866142,
        -5.196850 0.696850 -0.866142,
        -4.803150 0.303150 -1.771654,
        -5.196850 0.696850 -1.771654,
        -5.196850 0.303150 -1.771654,
      ]
    }
    coordIndex [
      4, 2, 5, -1,
      5, 2, 1, -1,
      5, 1, 3, -1,
      3, 1, 0, -1,
    ]
  }
}

Shape {
  appearance Appearance {
    material Material {
      diffuseColor 0.2510 0.2510 0.2510
      specularColor 0.1255 0.1255 0.1255
      ambientIntensity 0.2
      transparency 0.0000
      shininess 0.5
    }
  }
  geometry IndexedFaceSet {
    ccw TRUE
    solid FALSE
    coord DEF co Coordinate {
      point [
        -5.874016 -0.374016 -0.866142,
        -6.125984 -0.374016 -0.866142,
        -5.874016 -0.625984 -0.866142,
        -6.125984 -0.625984 -0.866142,
        -5.803150 -0.696850 -0.866142,
        -6.196850 -0.696850 -0.866142,
        -6.196850 -0.303150 -0.866142,
        -5.803150 -0.303150 -0.866142,
      ]
    }
    coordIndex [
      2, 4, 3, -1,
      3, 4, 5, -1,
      3, 5, 1, -1,
      1, 5, 6, -1,
      1, 6, 0, -1,
      0, 6, 7, -1,
      0, 7, 2, -1,
      2, 7, 4, -1,
    ]
  }
}

Shape {
  appearance Appearance {
    material Material {
      diffuseColor 0.7529 0.7529 0.7529
      specularColor 0.3765 0.3765 0.3765
      ambientIntensity 0.2
      transparency 0.0000
      shininess 0.5
    }
  }
  geometry IndexedFaceSet {
    ccw TRUE
    solid FALSE
    coord DEF co Coordinate {
      point [
        -5.803150 -0.696850 -0.866142,
        -6.196850 -0.696850 -0.866142,
        -6.196850 -0.303150 -0.866142,
        -5.803150 -0.303150 -0.866142,
        -5.803150 -0.696850 -1.771654,
        -5.803150 -0.303150 -1.771654,
        -6.196850 -0.303150 -1.771654,
        -6.196850 -0.696850 -1.771654,
      ]
    }
    coordIndex [
      4, 0, 5, -1,
      5, 0, 3, -1,
      5, 3, 6, -1,
      6, 3, 2, -1,
      6, 2, 7, -1,
      7, 2, 1, -1,
    ]
  }
}

Shape {
  appearance Appearance {
    material Material {
      diffuseColor 0.2510 0.2510 0.2510
      specularColor 0.1255 0.1255 0.1255
      ambientIntensity 0.2
      transparency 0.0000
      shininess 0.5
    }
  }
  geometry IndexedFaceSet {
    ccw TRUE
    solid FALSE
    coord DEF co Coordinate {
      point [
        -5.874016 0.625984 -0.866142,
        -6.125984 0.625984 -0.866142,
        -5.874016 0.374016 -0.866142,
        -6.125984 0.374016 -0.866142,
        -5.803150 -0.696850 -0.866142,
        -6.196850 -0.696850 -0.866142,
        -5.803150 -0.696850 -1.771654,
        -6.196850 -0.696850 -1.771654,
        -5.803150 0.303150 -0.866142,
        -6.196850 0.303150 -0.866142,
        -6.196850 0.696850 -0.866142,
        -5.803150 0.696850 -0.866142,
      ]
    }
    coordIndex [
      7, 5, 6, -1,
      6, 5, 4, -1,
      2, 8, 3, -1,
      3, 8, 9, -1,
      3, 9, 1, -1,
      1, 9, 10, -1,
      1, 10, 0, -1,
      0, 10, 11, -1,
      0, 11, 2, -1,
      2, 11, 8, -1,
    ]
  }
}

Shape {
  appearance Appearance {
    material Material {
      diffuseColor 0.7529 0.7529 0.7529
      specularColor 0.3765 0.3765 0.3765
      ambientIntensity 0.2
      transparency 0.0000
      shininess 0.5
    }
  }
  geometry IndexedFaceSet {
    ccw TRUE
    solid FALSE
    coord DEF co Coordinate {
      point [
        -5.803150 0.303150 -0.866142,
        -5.803150 0.696850 -0.866142,
        -5.803150 0.303150 -1.771654,
        -5.803150 0.696850 -1.771654,
      ]
    }
    coordIndex [
      2, 0, 3, -1,
      3, 0, 1, -1,
    ]
  }
}

Shape {
  appearance Appearance {
    material Material {
      diffuseColor 0.2510 0.2510 0.2510
      specularColor 0.1255 0.1255 0.1255
      ambientIntensity 0.2
      transparency 0.0000
      shininess 0.5
    }
  }
  geometry IndexedFaceSet {
    ccw TRUE
    solid FALSE
    coord DEF co Coordinate {
      point [
        -6.196850 0.696850 -0.866142,
        -5.803150 0.696850 -0.866142,
        -5.803150 0.696850 -1.771654,
        -6.196850 0.696850 -1.771654,
      ]
    }
    coordIndex [
      2, 1, 3, -1,
      3, 1, 0, -1,
    ]
  }
}

Shape {
  appearance Appearance {
    material Material {
      diffuseColor 0.7529 0.7529 0.7529
      specularColor 0.3765 0.3765 0.3765
      ambientIntensity 0.2
      transparency 0.0000
      shininess 0.5
    }
  }
  geometry IndexedFaceSet {
    ccw TRUE
    solid FALSE
    coord DEF co Coordinate {
      point [
        -5.803150 0.303150 -0.866142,
        -6.196850 0.303150 -0.866142,
        -6.196850 0.696850 -0.866142,
        -5.803150 0.303150 -1.771654,
        -6.196850 0.696850 -1.771654,
        -6.196850 0.303150 -1.771654,
      ]
    }
    coordIndex [
      4, 2, 5, -1,
      5, 2, 1, -1,
      5, 1, 3, -1,
      3, 1, 0, -1,
    ]
  }
}

Shape {
  appearance Appearance {
    material Material {
      diffuseColor 0.2510 0.2510 0.2510
      specularColor 0.1255 0.1255 0.1255
      ambientIntensity 0.2
      transparency 0.0000
      shininess 0.5
    }
  }
  geometry IndexedFaceSet {
    ccw TRUE
    solid FALSE
    coord DEF co Coordinate {
      point [
        -6.874015 -0.374016 -0.866142,
        -7.125984 -0.374016 -0.866142,
        -6.874015 -0.625984 -0.866142,
        -7.125984 -0.625984 -0.866142,
        -6.803149 -0.696850 -0.866142,
        -7.196850 -0.696850 -0.866142,
        -7.196850 -0.303150 -0.866142,
        -6.803149 -0.303150 -0.866142,
      ]
    }
    coordIndex [
      2, 4, 3, -1,
      3, 4, 5, -1,
      3, 5, 1, -1,
      1, 5, 6, -1,
      1, 6, 0, -1,
      0, 6, 7, -1,
      0, 7, 2, -1,
      2, 7, 4, -1,
    ]
  }
}

Shape {
  appearance Appearance {
    material Material {
      diffuseColor 0.7529 0.7529 0.7529
      specularColor 0.3765 0.3765 0.3765
      ambientIntensity 0.2
      transparency 0.0000
      shininess 0.5
    }
  }
  geometry IndexedFaceSet {
    ccw TRUE
    solid FALSE
    coord DEF co Coordinate {
      point [
        -6.803149 -0.696850 -0.866142,
        -7.196850 -0.696850 -0.866142,
        -7.196850 -0.303150 -0.866142,
        -6.803149 -0.303150 -0.866142,
        -6.803149 -0.696850 -1.771654,
        -6.803149 -0.303150 -1.771654,
        -7.196850 -0.303150 -1.771654,
        -7.196850 -0.696850 -1.771654,
      ]
    }
    coordIndex [
      4, 0, 5, -1,
      5, 0, 3, -1,
      5, 3, 6, -1,
      6, 3, 2, -1,
      6, 2, 7, -1,
      7, 2, 1, -1,
    ]
  }
}

Shape {
  appearance Appearance {
    material Material {
      diffuseColor 0.2510 0.2510 0.2510
      specularColor 0.1255 0.1255 0.1255
      ambientIntensity 0.2
      transparency 0.0000
      shininess 0.5
    }
  }
  geometry IndexedFaceSet {
    ccw TRUE
    solid FALSE
    coord DEF co Coordinate {
      point [
        -6.874015 0.625984 -0.866142,
        -7.125984 0.625984 -0.866142,
        -6.874015 0.374016 -0.866142,
        -7.125984 0.374016 -0.866142,
        -6.803149 -0.696850 -0.866142,
        -7.196850 -0.696850 -0.866142,
        -6.803149 -0.696850 -1.771654,
        -7.196850 -0.696850 -1.771654,
        -6.803149 0.303150 -0.866142,
        -7.196850 0.303150 -0.866142,
        -7.196850 0.696850 -0.866142,
        -6.803149 0.696850 -0.866142,
      ]
    }
    coordIndex [
      7, 5, 6, -1,
      6, 5, 4, -1,
      2, 8, 3, -1,
      3, 8, 9, -1,
      3, 9, 1, -1,
      1, 9, 10, -1,
      1, 10, 0, -1,
      0, 10, 11, -1,
      0, 11, 2, -1,
      2, 11, 8, -1,
    ]
  }
}

Shape {
  appearance Appearance {
    material Material {
      diffuseColor 0.7529 0.7529 0.7529
      specularColor 0.3765 0.3765 0.3765
      ambientIntensity 0.2
      transparency 0.0000
      shininess 0.5
    }
  }
  geometry IndexedFaceSet {
    ccw TRUE
    solid FALSE
    coord DEF co Coordinate {
      point [
        -6.803149 0.303150 -0.866142,
        -6.803149 0.696850 -0.866142,
        -6.803149 0.303150 -1.771654,
        -6.803149 0.696850 -1.771654,
      ]
    }
    coordIndex [
      2, 0, 3, -1,
      3, 0, 1, -1,
    ]
  }
}

Shape {
  appearance Appearance {
    material Material {
      diffuseColor 0.2510 0.2510 0.2510
      specularColor 0.1255 0.1255 0.1255
      ambientIntensity 0.2
      transparency 0.0000
      shininess 0.5
    }
  }
  geometry IndexedFaceSet {
    ccw TRUE
    solid FALSE
    coord DEF co Coordinate {
      point [
        -7.196850 0.696850 -0.866142,
        -6.803149 0.696850 -0.866142,
        -6.803149 0.696850 -1.771654,
        -7.196850 0.696850 -1.771654,
      ]
    }
    coordIndex [
      2, 1, 3, -1,
      3, 1, 0, -1,
    ]
  }
}

Shape {
  appearance Appearance {
    material Material {
      diffuseColor 0.7529 0.7529 0.7529
      specularColor 0.3765 0.3765 0.3765
      ambientIntensity 0.2
      transparency 0.0000
      shininess 0.5
    }
  }
  geometry IndexedFaceSet {
    ccw TRUE
    solid FALSE
    coord DEF co Coordinate {
      point [
        -6.803149 0.303150 -0.866142,
        -7.196850 0.303150 -0.866142,
        -7.196850 0.696850 -0.866142,
        -6.803149 0.303150 -1.771654,
        -7.196850 0.696850 -1.771654,
        -7.196850 0.303150 -1.771654,
      ]
    }
    coordIndex [
      4, 2, 5, -1,
      5, 2, 1, -1,
      5, 1, 3, -1,
      3, 1, 0, -1,
    ]
  }
}

Shape {
  appearance Appearance {
    material Material {
      diffuseColor 0.2510 0.2510 0.2510
      specularColor 0.1255 0.1255 0.1255
      ambientIntensity 0.2
      transparency 0.0000
      shininess 0.5
    }
  }
  geometry IndexedFaceSet {
    ccw TRUE
    solid FALSE
    coord DEF co Coordinate {
      point [
        -7.874016 -0.374016 -0.866142,
        -8.125985 -0.374016 -0.866142,
        -7.874016 -0.625984 -0.866142,
        -8.125985 -0.625984 -0.866142,
        -7.803150 -0.696850 -0.866142,
        -8.196850 -0.696850 -0.866142,
        -8.196850 -0.303150 -0.866142,
        -7.803150 -0.303150 -0.866142,
      ]
    }
    coordIndex [
      2, 4, 3, -1,
      3, 4, 5, -1,
      3, 5, 1, -1,
      1, 5, 6, -1,
      1, 6, 0, -1,
      0, 6, 7, -1,
      0, 7, 2, -1,
      2, 7, 4, -1,
    ]
  }
}

Shape {
  appearance Appearance {
    material Material {
      diffuseColor 0.7529 0.7529 0.7529
      specularColor 0.3765 0.3765 0.3765
      ambientIntensity 0.2
      transparency 0.0000
      shininess 0.5
    }
  }
  geometry IndexedFaceSet {
    ccw TRUE
    solid FALSE
    coord DEF co Coordinate {
      point [
        -7.803150 -0.696850 -0.866142,
        -8.196850 -0.696850 -0.866142,
        -8.196850 -0.303150 -0.866142,
        -7.803150 -0.303150 -0.866142,
        -7.803150 -0.696850 -1.771654,
        -7.803150 -0.303150 -1.771654,
        -8.196850 -0.303150 -1.771654,
        -8.196850 -0.696850 -1.771654,
      ]
    }
    coordIndex [
      4, 0, 5, -1,
      5, 0, 3, -1,
      5, 3, 6, -1,
      6, 3, 2, -1,
      6, 2, 7, -1,
      7, 2, 1, -1,
    ]
  }
}

Shape {
  appearance Appearance {
    material Material {
      diffuseColor 0.2510 0.2510 0.2510
      specularColor 0.1255 0.1255 0.1255
      ambientIntensity 0.2
      transparency 0.0000
      shininess 0.5
    }
  }
  geometry IndexedFaceSet {
    ccw TRUE
    solid FALSE
    coord DEF co Coordinate {
      point [
        -7.874016 0.625984 -0.866142,
        -8.125985 0.625984 -0.866142,
        -7.874016 0.374016 -0.866142,
        -8.125985 0.374016 -0.866142,
        -7.803150 -0.696850 -0.866142,
        -8.196850 -0.696850 -0.866142,
        -7.803150 -0.696850 -1.771654,
        -8.196850 -0.696850 -1.771654,
        -7.803150 0.303150 -0.866142,
        -8.196850 0.303150 -0.866142,
        -8.196850 0.696850 -0.866142,
        -7.803150 0.696850 -0.866142,
      ]
    }
    coordIndex [
      7, 5, 6, -1,
      6, 5, 4, -1,
      2, 8, 3, -1,
      3, 8, 9, -1,
      3, 9, 1, -1,
      1, 9, 10, -1,
      1, 10, 0, -1,
      0, 10, 11, -1,
      0, 11, 2, -1,
      2, 11, 8, -1,
    ]
  }
}

Shape {
  appearance Appearance {
    material Material {
      diffuseColor 0.7529 0.7529 0.7529
      specularColor 0.3765 0.3765 0.3765
      ambientIntensity 0.2
      transparency 0.0000
      shininess 0.5
    }
  }
  geometry IndexedFaceSet {
    ccw TRUE
    solid FALSE
    coord DEF co Coordinate {
      point [
        -7.803150 0.303150 -0.866142,
        -7.803150 0.696850 -0.866142,
        -7.803150 0.303150 -1.771654,
        -7.803150 0.696850 -1.771654,
      ]
    }
    coordIndex [
      2, 0, 3, -1,
      3, 0, 1, -1,
    ]
  }
}

Shape {
  appearance Appearance {
    material Material {
      diffuseColor 0.2510 0.2510 0.2510
      specularColor 0.1255 0.1255 0.1255
      ambientIntensity 0.2
      transparency 0.0000
      shininess 0.5
    }
  }
  geometry IndexedFaceSet {
    ccw TRUE
    solid FALSE
    coord DEF co Coordinate {
      point [
        -8.196850 0.696850 -0.866142,
        -7.803150 0.696850 -0.866142,
        -7.803150 0.696850 -1.771654,
        -8.196850 0.696850 -1.771654,
      ]
    }
    coordIndex [
      2, 1, 3, -1,
      3, 1, 0, -1,
    ]
  }
}

Shape {
  appearance Appearance {
    material Material {
      diffuseColor 0.7529 0.7529 0.7529
      specularColor 0.3765 0.3765 0.3765
      ambientIntensity 0.2
      transparency 0.0000
      shininess 0.5
    }
  }
  geometry IndexedFaceSet {
    ccw TRUE
    solid FALSE
    coord DEF co Coordinate {
      point [
        -7.803150 0.303150 -0.866142,
        -8.196850 0.303150 -0.866142,
        -8.196850 0.696850 -0.866142,
        -7.803150 0.303150 -1.771654,
        -8.196850 0.696850 -1.771654,
        -8.196850 0.303150 -1.771654,
      ]
    }
    coordIndex [
      4, 2, 5, -1,
      5, 2, 1, -1,
      5, 1, 3, -1,
      3, 1, 0, -1,
    ]
  }
}

Shape {
  appearance Appearance {
    material Material {
      diffuseColor 0.2510 0.2510 0.2510
      specularColor 0.1255 0.1255 0.1255
      ambientIntensity 0.2
      transparency 0.0000
      shininess 0.5
    }
  }
  geometry IndexedFaceSet {
    ccw TRUE
    solid FALSE
    coord DEF co Coordinate {
      point [
        -8.874015 -0.374016 -0.866142,
        -9.125984 -0.374016 -0.866142,
        -8.874015 -0.625984 -0.866142,
        -9.125984 -0.625984 -0.866142,
        -8.803150 -0.696850 -0.866142,
        -9.196851 -0.696850 -0.866142,
        -9.196851 -0.303150 -0.866142,
        -8.803150 -0.303150 -0.866142,
      ]
    }
    coordIndex [
      2, 4, 3, -1,
      3, 4, 5, -1,
      3, 5, 1, -1,
      1, 5, 6, -1,
      1, 6, 0, -1,
      0, 6, 7, -1,
      0, 7, 2, -1,
      2, 7, 4, -1,
    ]
  }
}

Shape {
  appearance Appearance {
    material Material {
      diffuseColor 0.7529 0.7529 0.7529
      specularColor 0.3765 0.3765 0.3765
      ambientIntensity 0.2
      transparency 0.0000
      shininess 0.5
    }
  }
  geometry IndexedFaceSet {
    ccw TRUE
    solid FALSE
    coord DEF co Coordinate {
      point [
        -8.803150 -0.696850 -0.866142,
        -9.196851 -0.696850 -0.866142,
        -9.196851 -0.303150 -0.866142,
        -8.803150 -0.303150 -0.866142,
        -8.803150 -0.696850 -1.771654,
        -8.803150 -0.303150 -1.771654,
        -9.196851 -0.303150 -1.771654,
        -9.196851 -0.696850 -1.771654,
      ]
    }
    coordIndex [
      4, 0, 5, -1,
      5, 0, 3, -1,
      5, 3, 6, -1,
      6, 3, 2, -1,
      6, 2, 7, -1,
      7, 2, 1, -1,
    ]
  }
}

Shape {
  appearance Appearance {
    material Material {
      diffuseColor 0.2510 0.2510 0.2510
      specularColor 0.1255 0.1255 0.1255
      ambientIntensity 0.2
      transparency 0.0000
      shininess 0.5
    }
  }
  geometry IndexedFaceSet {
    ccw TRUE
    solid FALSE
    coord DEF co Coordinate {
      point [
        -8.874015 0.625984 -0.866142,
        -9.125984 0.625984 -0.866142,
        -8.874015 0.374016 -0.866142,
        -9.125984 0.374016 -0.866142,
        -8.803150 -0.696850 -0.866142,
        -9.196851 -0.696850 -0.866142,
        -8.803150 -0.696850 -1.771654,
        -9.196851 -0.696850 -1.771654,
        -8.803150 0.303150 -0.866142,
        -9.196851 0.303150 -0.866142,
        -9.196851 0.696850 -0.866142,
        -8.803150 0.696850 -0.866142,
      ]
    }
    coordIndex [
      7, 5, 6, -1,
      6, 5, 4, -1,
      2, 8, 3, -1,
      3, 8, 9, -1,
      3, 9, 1, -1,
      1, 9, 10, -1,
      1, 10, 0, -1,
      0, 10, 11, -1,
      0, 11, 2, -1,
      2, 11, 8, -1,
    ]
  }
}

Shape {
  appearance Appearance {
    material Material {
      diffuseColor 0.7529 0.7529 0.7529
      specularColor 0.3765 0.3765 0.3765
      ambientIntensity 0.2
      transparency 0.0000
      shininess 0.5
    }
  }
  geometry IndexedFaceSet {
    ccw TRUE
    solid FALSE
    coord DEF co Coordinate {
      point [
        -8.803150 0.303150 -0.866142,
        -8.803150 0.696850 -0.866142,
        -8.803150 0.303150 -1.771654,
        -8.803150 0.696850 -1.771654,
      ]
    }
    coordIndex [
      2, 0, 3, -1,
      3, 0, 1, -1,
    ]
  }
}

Shape {
  appearance Appearance {
    material Material {
      diffuseColor 0.2510 0.2510 0.2510
      specularColor 0.1255 0.1255 0.1255
      ambientIntensity 0.2
      transparency 0.0000
      shininess 0.5
    }
  }
  geometry IndexedFaceSet {
    ccw TRUE
    solid FALSE
    coord DEF co Coordinate {
      point [
        -9.196851 0.696850 -0.866142,
        -8.803150 0.696850 -0.866142,
        -8.803150 0.696850 -1.771654,
        -9.196851 0.696850 -1.771654,
      ]
    }
    coordIndex [
      2, 1, 3, -1,
      3, 1, 0, -1,
    ]
  }
}

Shape {
  appearance Appearance {
    material Material {
      diffuseColor 0.7529 0.7529 0.7529
      specularColor 0.3765 0.3765 0.3765
      ambientIntensity 0.2
      transparency 0.0000
      shininess 0.5
    }
  }
  geometry IndexedFaceSet {
    ccw TRUE
    solid FALSE
    coord DEF co Coordinate {
      point [
        -8.803150 0.303150 -0.866142,
        -9.196851 0.303150 -0.866142,
        -9.196851 0.696850 -0.866142,
        -8.803150 0.303150 -1.771654,
        -9.196851 0.696850 -1.771654,
        -9.196851 0.303150 -1.771654,
      ]
    }
    coordIndex [
      4, 2, 5, -1,
      5, 2, 1, -1,
      5, 1, 3, -1,
      3, 1, 0, -1,
    ]
  }
}

Shape {
  appearance Appearance {
    material Material {
      diffuseColor 0.2510 0.2510 0.2510
      specularColor 0.1255 0.1255 0.1255
      ambientIntensity 0.2
      transparency 0.0000
      shininess 0.5
    }
  }
  geometry IndexedFaceSet {
    ccw TRUE
    solid FALSE
    coord DEF co Coordinate {
      point [
        -9.874016 -0.374016 -0.866142,
        -10.125985 -0.374016 -0.866142,
        -9.874016 -0.625984 -0.866142,
        -10.125985 -0.625984 -0.866142,
        -9.803150 -0.696850 -0.866142,
        -10.196851 -0.696850 -0.866142,
        -10.196851 -0.303150 -0.866142,
        -9.803150 -0.303150 -0.866142,
      ]
    }
    coordIndex [
      2, 4, 3, -1,
      3, 4, 5, -1,
      3, 5, 1, -1,
      1, 5, 6, -1,
      1, 6, 0, -1,
      0, 6, 7, -1,
      0, 7, 2, -1,
      2, 7, 4, -1,
    ]
  }
}

Shape {
  appearance Appearance {
    material Material {
      diffuseColor 0.7529 0.7529 0.7529
      specularColor 0.3765 0.3765 0.3765
      ambientIntensity 0.2
      transparency 0.0000
      shininess 0.5
    }
  }
  geometry IndexedFaceSet {
    ccw TRUE
    solid FALSE
    coord DEF co Coordinate {
      point [
        -9.803150 -0.696850 -0.866142,
        -10.196851 -0.696850 -0.866142,
        -10.196851 -0.303150 -0.866142,
        -9.803150 -0.303150 -0.866142,
        -9.803150 -0.696850 -1.771654,
        -9.803150 -0.303150 -1.771654,
        -10.196851 -0.303150 -1.771654,
        -10.196851 -0.696850 -1.771654,
      ]
    }
    coordIndex [
      4, 0, 5, -1,
      5, 0, 3, -1,
      5, 3, 6, -1,
      6, 3, 2, -1,
      6, 2, 7, -1,
      7, 2, 1, -1,
    ]
  }
}

Shape {
  appearance Appearance {
    material Material {
      diffuseColor 0.2510 0.2510 0.2510
      specularColor 0.1255 0.1255 0.1255
      ambientIntensity 0.2
      transparency 0.0000
      shininess 0.5
    }
  }
  geometry IndexedFaceSet {
    ccw TRUE
    solid FALSE
    coord DEF co Coordinate {
      point [
        -9.874016 0.625984 -0.866142,
        -10.125985 0.625984 -0.866142,
        -9.874016 0.374016 -0.866142,
        -10.125985 0.374016 -0.866142,
        -9.803150 -0.696850 -0.866142,
        -10.196851 -0.696850 -0.866142,
        -9.803150 -0.696850 -1.771654,
        -10.196851 -0.696850 -1.771654,
        -9.803150 0.303150 -0.866142,
        -10.196851 0.303150 -0.866142,
        -10.196851 0.696850 -0.866142,
        -9.803150 0.696850 -0.866142,
      ]
    }
    coordIndex [
      7, 5, 6, -1,
      6, 5, 4, -1,
      2, 8, 3, -1,
      3, 8, 9, -1,
      3, 9, 1, -1,
      1, 9, 10, -1,
      1, 10, 0, -1,
      0, 10, 11, -1,
      0, 11, 2, -1,
      2, 11, 8, -1,
    ]
  }
}

Shape {
  appearance Appearance {
    material Material {
      diffuseColor 0.7529 0.7529 0.7529
      specularColor 0.3765 0.3765 0.3765
      ambientIntensity 0.2
      transparency 0.0000
      shininess 0.5
    }
  }
  geometry IndexedFaceSet {
    ccw TRUE
    solid FALSE
    coord DEF co Coordinate {
      point [
        -9.803150 0.303150 -0.866142,
        -9.803150 0.696850 -0.866142,
        -9.803150 0.303150 -1.771654,
        -9.803150 0.696850 -1.771654,
      ]
    }
    coordIndex [
      2, 0, 3, -1,
      3, 0, 1, -1,
    ]
  }
}

Shape {
  appearance Appearance {
    material Material {
      diffuseColor 0.2510 0.2510 0.2510
      specularColor 0.1255 0.1255 0.1255
      ambientIntensity 0.2
      transparency 0.0000
      shininess 0.5
    }
  }
  geometry IndexedFaceSet {
    ccw TRUE
    solid FALSE
    coord DEF co Coordinate {
      point [
        -10.196851 0.696850 -0.866142,
        -9.803150 0.696850 -0.866142,
        -9.803150 0.696850 -1.771654,
        -10.196851 0.696850 -1.771654,
      ]
    }
    coordIndex [
      2, 1, 3, -1,
      3, 1, 0, -1,
    ]
  }
}

Shape {
  appearance Appearance {
    material Material {
      diffuseColor 0.7529 0.7529 0.7529
      specularColor 0.3765 0.3765 0.3765
      ambientIntensity 0.2
      transparency 0.0000
      shininess 0.5
    }
  }
  geometry IndexedFaceSet {
    ccw TRUE
    solid FALSE
    coord DEF co Coordinate {
      point [
        -9.803150 0.303150 -0.866142,
        -10.196851 0.303150 -0.866142,
        -10.196851 0.696850 -0.866142,
        -9.803150 0.303150 -1.771654,
        -10.196851 0.696850 -1.771654,
        -10.196851 0.303150 -1.771654,
      ]
    }
    coordIndex [
      4, 2, 5, -1,
      5, 2, 1, -1,
      5, 1, 3, -1,
      3, 1, 0, -1,
    ]
  }
}

Shape {
  appearance Appearance {
    material Material {
      diffuseColor 0.2510 0.2510 0.2510
      specularColor 0.1255 0.1255 0.1255
      ambientIntensity 0.2
      transparency 0.0000
      shininess 0.5
    }
  }
  geometry IndexedFaceSet {
    ccw TRUE
    solid FALSE
    coord DEF co Coordinate {
      point [
        -10.874016 -0.374016 -0.866142,
        -11.125984 -0.374016 -0.866142,
        -10.874016 -0.625984 -0.866142,
        -11.125984 -0.625984 -0.866142,
        -10.803150 -0.696850 -0.866142,
        -11.196851 -0.696850 -0.866142,
        -11.196851 -0.303150 -0.866142,
        -10.803150 -0.303150 -0.866142,
      ]
    }
    coordIndex [
      2, 4, 3, -1,
      3, 4, 5, -1,
      3, 5, 1, -1,
      1, 5, 6, -1,
      1, 6, 0, -1,
      0, 6, 7, -1,
      0, 7, 2, -1,
      2, 7, 4, -1,
    ]
  }
}

Shape {
  appearance Appearance {
    material Material {
      diffuseColor 0.7529 0.7529 0.7529
      specularColor 0.3765 0.3765 0.3765
      ambientIntensity 0.2
      transparency 0.0000
      shininess 0.5
    }
  }
  geometry IndexedFaceSet {
    ccw TRUE
    solid FALSE
    coord DEF co Coordinate {
      point [
        -10.803150 -0.696850 -0.866142,
        -11.196851 -0.696850 -0.866142,
        -11.196851 -0.303150 -0.866142,
        -10.803150 -0.303150 -0.866142,
        -10.803150 -0.696850 -1.771654,
        -10.803150 -0.303150 -1.771654,
        -11.196851 -0.303150 -1.771654,
        -11.196851 -0.696850 -1.771654,
      ]
    }
    coordIndex [
      4, 0, 5, -1,
      5, 0, 3, -1,
      5, 3, 6, -1,
      6, 3, 2, -1,
      6, 2, 7, -1,
      7, 2, 1, -1,
    ]
  }
}

Shape {
  appearance Appearance {
    material Material {
      diffuseColor 0.2510 0.2510 0.2510
      specularColor 0.1255 0.1255 0.1255
      ambientIntensity 0.2
      transparency 0.0000
      shininess 0.5
    }
  }
  geometry IndexedFaceSet {
    ccw TRUE
    solid FALSE
    coord DEF co Coordinate {
      point [
        -10.874016 0.625984 -0.866142,
        -11.125984 0.625984 -0.866142,
        -10.874016 0.374016 -0.866142,
        -11.125984 0.374016 -0.866142,
        -10.803150 -0.696850 -0.866142,
        -11.196851 -0.696850 -0.866142,
        -10.803150 -0.696850 -1.771654,
        -11.196851 -0.696850 -1.771654,
        -10.803150 0.303150 -0.866142,
        -11.196851 0.303150 -0.866142,
        -11.196851 0.696850 -0.866142,
        -10.803150 0.696850 -0.866142,
      ]
    }
    coordIndex [
      7, 5, 6, -1,
      6, 5, 4, -1,
      2, 8, 3, -1,
      3, 8, 9, -1,
      3, 9, 1, -1,
      1, 9, 10, -1,
      1, 10, 0, -1,
      0, 10, 11, -1,
      0, 11, 2, -1,
      2, 11, 8, -1,
    ]
  }
}

Shape {
  appearance Appearance {
    material Material {
      diffuseColor 0.7529 0.7529 0.7529
      specularColor 0.3765 0.3765 0.3765
      ambientIntensity 0.2
      transparency 0.0000
      shininess 0.5
    }
  }
  geometry IndexedFaceSet {
    ccw TRUE
    solid FALSE
    coord DEF co Coordinate {
      point [
        -10.803150 0.303150 -0.866142,
        -10.803150 0.696850 -0.866142,
        -10.803150 0.303150 -1.771654,
        -10.803150 0.696850 -1.771654,
      ]
    }
    coordIndex [
      2, 0, 3, -1,
      3, 0, 1, -1,
    ]
  }
}

Shape {
  appearance Appearance {
    material Material {
      diffuseColor 0.2510 0.2510 0.2510
      specularColor 0.1255 0.1255 0.1255
      ambientIntensity 0.2
      transparency 0.0000
      shininess 0.5
    }
  }
  geometry IndexedFaceSet {
    ccw TRUE
    solid FALSE
    coord DEF co Coordinate {
      point [
        -11.196851 0.696850 -0.866142,
        -10.803150 0.696850 -0.866142,
        -10.803150 0.696850 -1.771654,
        -11.196851 0.696850 -1.771654,
      ]
    }
    coordIndex [
      2, 1, 3, -1,
      3, 1, 0, -1,
    ]
  }
}

Shape {
  appearance Appearance {
    material Material {
      diffuseColor 0.7529 0.7529 0.7529
      specularColor 0.3765 0.3765 0.3765
      ambientIntensity 0.2
      transparency 0.0000
      shininess 0.5
    }
  }
  geometry IndexedFaceSet {
    ccw TRUE
    solid FALSE
    coord DEF co Coordinate {
      point [
        -10.803150 0.303150 -0.866142,
        -11.196851 0.303150 -0.866142,
        -11.196851 0.696850 -0.866142,
        -10.803150 0.303150 -1.771654,
        -11.196851 0.696850 -1.771654,
        -11.196851 0.303150 -1.771654,
      ]
    }
    coordIndex [
      4, 2, 5, -1,
      5, 2, 1, -1,
      5, 1, 3, -1,
      3, 1, 0, -1,
    ]
  }
}

Shape {
  appearance Appearance {
    material Material {
      diffuseColor 0.2510 0.2510 0.2510
      specularColor 0.1255 0.1255 0.1255
      ambientIntensity 0.2
      transparency 0.0000
      shininess 0.5
    }
  }
  geometry IndexedFaceSet {
    ccw TRUE
    solid FALSE
    coord DEF co Coordinate {
      point [
        -11.874016 -0.374016 -0.866142,
        -12.125984 -0.374016 -0.866142,
        -11.874016 -0.625984 -0.866142,
        -12.125984 -0.625984 -0.866142,
        -11.803150 -0.696850 -0.866142,
        -12.196850 -0.696850 -0.866142,
        -12.196850 -0.303150 -0.866142,
        -11.803150 -0.303150 -0.866142,
      ]
    }
    coordIndex [
      2, 4, 3, -1,
      3, 4, 5, -1,
      3, 5, 1, -1,
      1, 5, 6, -1,
      1, 6, 0, -1,
      0, 6, 7, -1,
      0, 7, 2, -1,
      2, 7, 4, -1,
    ]
  }
}

Shape {
  appearance Appearance {
    material Material {
      diffuseColor 0.7529 0.7529 0.7529
      specularColor 0.3765 0.3765 0.3765
      ambientIntensity 0.2
      transparency 0.0000
      shininess 0.5
    }
  }
  geometry IndexedFaceSet {
    ccw TRUE
    solid FALSE
    coord DEF co Coordinate {
      point [
        -11.803150 -0.696850 -0.866142,
        -12.196850 -0.696850 -0.866142,
        -12.196850 -0.303150 -0.866142,
        -11.803150 -0.303150 -0.866142,
        -11.803150 -0.696850 -1.771654,
        -11.803150 -0.303150 -1.771654,
        -12.196850 -0.303150 -1.771654,
        -12.196850 -0.696850 -1.771654,
      ]
    }
    coordIndex [
      4, 0, 5, -1,
      5, 0, 3, -1,
      5, 3, 6, -1,
      6, 3, 2, -1,
      6, 2, 7, -1,
      7, 2, 1, -1,
    ]
  }
}

Shape {
  appearance Appearance {
    material Material {
      diffuseColor 0.2510 0.2510 0.2510
      specularColor 0.1255 0.1255 0.1255
      ambientIntensity 0.2
      transparency 0.0000
      shininess 0.5
    }
  }
  geometry IndexedFaceSet {
    ccw TRUE
    solid FALSE
    coord DEF co Coordinate {
      point [
        -11.874016 0.625984 -0.866142,
        -12.125984 0.625984 -0.866142,
        -11.874016 0.374016 -0.866142,
        -12.125984 0.374016 -0.866142,
        -11.803150 -0.696850 -0.866142,
        -12.196850 -0.696850 -0.866142,
        -11.803150 -0.696850 -1.771654,
        -12.196850 -0.696850 -1.771654,
        -11.803150 0.303150 -0.866142,
        -12.196850 0.303150 -0.866142,
        -12.196850 0.696850 -0.866142,
        -11.803150 0.696850 -0.866142,
      ]
    }
    coordIndex [
      7, 5, 6, -1,
      6, 5, 4, -1,
      2, 8, 3, -1,
      3, 8, 9, -1,
      3, 9, 1, -1,
      1, 9, 10, -1,
      1, 10, 0, -1,
      0, 10, 11, -1,
      0, 11, 2, -1,
      2, 11, 8, -1,
    ]
  }
}

Shape {
  appearance Appearance {
    material Material {
      diffuseColor 0.7529 0.7529 0.7529
      specularColor 0.3765 0.3765 0.3765
      ambientIntensity 0.2
      transparency 0.0000
      shininess 0.5
    }
  }
  geometry IndexedFaceSet {
    ccw TRUE
    solid FALSE
    coord DEF co Coordinate {
      point [
        -11.803150 0.303150 -0.866142,
        -11.803150 0.696850 -0.866142,
        -11.803150 0.303150 -1.771654,
        -11.803150 0.696850 -1.771654,
      ]
    }
    coordIndex [
      2, 0, 3, -1,
      3, 0, 1, -1,
    ]
  }
}

Shape {
  appearance Appearance {
    material Material {
      diffuseColor 0.2510 0.2510 0.2510
      specularColor 0.1255 0.1255 0.1255
      ambientIntensity 0.2
      transparency 0.0000
      shininess 0.5
    }
  }
  geometry IndexedFaceSet {
    ccw TRUE
    solid FALSE
    coord DEF co Coordinate {
      point [
        -12.196850 0.696850 -0.866142,
        -11.803150 0.696850 -0.866142,
        -11.803150 0.696850 -1.771654,
        -12.196850 0.696850 -1.771654,
      ]
    }
    coordIndex [
      2, 1, 3, -1,
      3, 1, 0, -1,
    ]
  }
}

Shape {
  appearance Appearance {
    material Material {
      diffuseColor 0.7529 0.7529 0.7529
      specularColor 0.3765 0.3765 0.3765
      ambientIntensity 0.2
      transparency 0.0000
      shininess 0.5
    }
  }
  geometry IndexedFaceSet {
    ccw TRUE
    solid FALSE
    coord DEF co Coordinate {
      point [
        -11.803150 0.303150 -0.866142,
        -12.196850 0.303150 -0.866142,
        -12.196850 0.696850 -0.866142,
        -11.803150 0.303150 -1.771654,
        -12.196850 0.696850 -1.771654,
        -12.196850 0.303150 -1.771654,
      ]
    }
    coordIndex [
      4, 2, 5, -1,
      5, 2, 1, -1,
      5, 1, 3, -1,
      3, 1, 0, -1,
    ]
  }
}

Shape {
  appearance Appearance {
    material Material {
      diffuseColor 0.2510 0.2510 0.2510
      specularColor 0.1255 0.1255 0.1255
      ambientIntensity 0.2
      transparency 0.0000
      shininess 0.5
    }
  }
  geometry IndexedFaceSet {
    ccw TRUE
    solid FALSE
    coord DEF co Coordinate {
      point [
        -12.874015 -0.374016 -0.866142,
        -13.125984 -0.374016 -0.866142,
        -12.874015 -0.625984 -0.866142,
        -13.125984 -0.625984 -0.866142,
        -12.803150 -0.696850 -0.866142,
        -13.196849 -0.696850 -0.866142,
        -13.196849 -0.303150 -0.866142,
        -12.803150 -0.303150 -0.866142,
      ]
    }
    coordIndex [
      2, 4, 3, -1,
      3, 4, 5, -1,
      3, 5, 1, -1,
      1, 5, 6, -1,
      1, 6, 0, -1,
      0, 6, 7, -1,
      0, 7, 2, -1,
      2, 7, 4, -1,
    ]
  }
}

Shape {
  appearance Appearance {
    material Material {
      diffuseColor 0.7529 0.7529 0.7529
      specularColor 0.3765 0.3765 0.3765
      ambientIntensity 0.2
      transparency 0.0000
      shininess 0.5
    }
  }
  geometry IndexedFaceSet {
    ccw TRUE
    solid FALSE
    coord DEF co Coordinate {
      point [
        -12.803150 -0.696850 -0.866142,
        -13.196849 -0.696850 -0.866142,
        -13.196849 -0.303150 -0.866142,
        -12.803150 -0.303150 -0.866142,
        -12.803150 -0.696850 -1.771654,
        -12.803150 -0.303150 -1.771654,
        -13.196849 -0.303150 -1.771654,
        -13.196849 -0.696850 -1.771654,
      ]
    }
    coordIndex [
      4, 0, 5, -1,
      5, 0, 3, -1,
      5, 3, 6, -1,
      6, 3, 2, -1,
      6, 2, 7, -1,
      7, 2, 1, -1,
    ]
  }
}

Shape {
  appearance Appearance {
    material Material {
      diffuseColor 0.2510 0.2510 0.2510
      specularColor 0.1255 0.1255 0.1255
      ambientIntensity 0.2
      transparency 0.0000
      shininess 0.5
    }
  }
  geometry IndexedFaceSet {
    ccw TRUE
    solid FALSE
    coord DEF co Coordinate {
      point [
        -12.803150 -0.696850 -0.866142,
        -13.196849 -0.696850 -0.866142,
        -12.803150 -0.696850 -1.771654,
        -13.196849 -0.696850 -1.771654,
      ]
    }
    coordIndex [
      3, 1, 2, -1,
      2, 1, 0, -1,
    ]
  }
}

Shape {
  appearance Appearance {
    material Material {
      diffuseColor 0.7529 0.7529 0.7529
      specularColor 0.3765 0.3765 0.3765
      ambientIntensity 0.2
      transparency 0.0000
      shininess 0.5
    }
  }
  geometry IndexedFaceSet {
    ccw TRUE
    solid FALSE
    coord DEF co Coordinate {
      point [
        13.125984 -0.598425 -3.149606,
        12.874015 -0.598425 -3.149606,
        12.874015 -0.401575 -3.149606,
        13.125984 -0.401575 -3.149606,
        13.125984 0.401575 -3.149606,
        12.874015 0.401575 -3.149606,
        12.874015 0.598425 -3.149606,
        13.125984 0.598425 -3.149606,
        12.125984 -0.598425 -3.149606,
        11.874016 -0.598425 -3.149606,
        11.874016 -0.401575 -3.149606,
        12.125984 -0.401575 -3.149606,
        12.125984 0.401575 -3.149606,
        11.874016 0.401575 -3.149606,
        11.874016 0.598425 -3.149606,
        12.125984 0.598425 -3.149606,
        11.125984 -0.598425 -3.149606,
        10.874016 -0.598425 -3.149606,
        10.874016 -0.401575 -3.149606,
        11.125984 -0.401575 -3.149606,
        11.125984 0.401575 -3.149606,
        10.874016 0.401575 -3.149606,
        10.874016 0.598425 -3.149606,
        11.125984 0.598425 -3.149606,
        10.125985 -0.598425 -3.149606,
        9.874016 -0.598425 -3.149606,
        9.874016 -0.401575 -3.149606,
        10.125985 -0.401575 -3.149606,
        10.125985 0.401575 -3.149606,
        9.874016 0.401575 -3.149606,
        9.874016 0.598425 -3.149606,
        10.125985 0.598425 -3.149606,
        9.125984 -0.598425 -3.149606,
        8.874015 -0.598425 -3.149606,
        8.874015 -0.401575 -3.149606,
        9.125984 -0.401575 -3.149606,
        9.125984 0.401575 -3.149606,
        8.874015 0.401575 -3.149606,
        8.874015 0.598425 -3.149606,
        9.125984 0.598425 -3.149606,
        8.125985 -0.598425 -3.149606,
        7.874016 -0.598425 -3.149606,
        7.874016 -0.401575 -3.149606,
        8.125985 -0.401575 -3.149606,
        8.125985 0.401575 -3.149606,
        7.874016 0.401575 -3.149606,
        7.874016 0.598425 -3.149606,
        8.125985 0.598425 -3.149606,
        7.125984 -0.598425 -3.149606,
        6.874015 -0.598425 -3.149606,
        6.874015 -0.401575 -3.149606,
        7.125984 -0.401575 -3.149606,
        7.125984 0.401575 -3.149606,
        6.874015 0.401575 -3.149606,
        6.874015 0.598425 -3.149606,
        7.125984 0.598425 -3.149606,
        6.125984 -0.598425 -3.149606,
        5.874016 -0.598425 -3.149606,
        5.874016 -0.401575 -3.149606,
        6.125984 -0.401575 -3.149606,
        6.125984 0.401575 -3.149606,
        5.874016 0.401575 -3.149606,
        5.874016 0.598425 -3.149606,
        6.125984 0.598425 -3.149606,
        5.125984 -0.598425 -3.149606,
        4.874016 -0.598425 -3.149606,
        4.874016 -0.401575 -3.149606,
        5.125984 -0.401575 -3.149606,
        5.125984 0.401575 -3.149606,
        4.874016 0.401575 -3.149606,
        4.874016 0.598425 -3.149606,
        5.125984 0.598425 -3.149606,
        4.125984 -0.598425 -3.149606,
        3.874016 -0.598425 -3.149606,
        3.874016 -0.401575 -3.149606,
        4.125984 -0.401575 -3.149606,
        4.125984 0.401575 -3.149606,
        3.874016 0.401575 -3.149606,
        3.874016 0.598425 -3.149606,
        4.125984 0.598425 -3.149606,
        3.125984 -0.598425 -3.149606,
        2.874016 -0.598425 -3.149606,
        2.874016 -0.401575 -3.149606,
        3.125984 -0.401575 -3.149606,
        3.125984 0.401575 -3.149606,
        2.874016 0.401575 -3.149606,
        2.874016 0.598425 -3.149606,
        3.125984 0.598425 -3.149606,
        2.125984 -0.598425 -3.149606,
        1.874016 -0.598425 -3.149606,
        1.874016 -0.401575 -3.149606,
        2.125984 -0.401575 -3.149606,
        2.125984 0.401575 -3.149606,
        1.874016 0.401575 -3.149606,
        1.874016 0.598425 -3.149606,
        2.125984 0.598425 -3.149606,
        1.125984 -0.598425 -3.149606,
        0.874016 -0.598425 -3.149606,
        0.874016 -0.401575 -3.149606,
        1.125984 -0.401575 -3.149606,
        1.125984 0.401575 -3.149606,
        0.874016 0.401575 -3.149606,
        0.874016 0.598425 -3.149606,
        1.125984 0.598425 -3.149606,
        0.125984 -0.598425 -3.149606,
        -0.125984 -0.598425 -3.149606,
        -0.125984 -0.401575 -3.149606,
        0.125984 -0.401575 -3.149606,
        0.125984 0.401575 -3.149606,
        -0.125984 0.401575 -3.149606,
        -0.125984 0.598425 -3.149606,
        0.125984 0.598425 -3.149606,
        -0.874016 -0.598425 -3.149606,
        -1.125984 -0.598425 -3.149606,
        -1.125984 -0.401575 -3.149606,
        -0.874016 -0.401575 -3.149606,
        -0.874016 0.401575 -3.149606,
        -1.125984 0.401575 -3.149606,
        -1.125984 0.598425 -3.149606,
        -0.874016 0.598425 -3.149606,
        -1.874016 -0.598425 -3.149606,
        -2.125984 -0.598425 -3.149606,
        -2.125984 -0.401575 -3.149606,
        -1.874016 -0.401575 -3.149606,
        -1.874016 0.401575 -3.149606,
        -2.125984 0.401575 -3.149606,
        -2.125984 0.598425 -3.149606,
        -1.874016 0.598425 -3.149606,
        -2.874016 -0.598425 -3.149606,
        -3.125984 -0.598425 -3.149606,
        -3.125984 -0.401575 -3.149606,
        -2.874016 -0.401575 -3.149606,
        -2.874016 0.401575 -3.149606,
        -3.125984 0.401575 -3.149606,
        -3.125984 0.598425 -3.149606,
        -2.874016 0.598425 -3.149606,
        -3.874016 -0.598425 -3.149606,
        -4.125984 -0.598425 -3.149606,
        -4.125984 -0.401575 -3.149606,
        -3.874016 -0.401575 -3.149606,
        -3.874016 0.401575 -3.149606,
        -4.125984 0.401575 -3.149606,
        -4.125984 0.598425 -3.149606,
        -3.874016 0.598425 -3.149606,
        -4.874016 -0.598425 -3.149606,
        -5.125984 -0.598425 -3.149606,
        -5.125984 -0.401575 -3.149606,
        -4.874016 -0.401575 -3.149606,
        -4.874016 0.401575 -3.149606,
        -5.125984 0.401575 -3.149606,
        -5.125984 0.598425 -3.149606,
        -4.874016 0.598425 -3.149606,
        -5.874016 -0.598425 -3.149606,
        -6.125984 -0.598425 -3.149606,
        -6.125984 -0.401575 -3.149606,
        -5.874016 -0.401575 -3.149606,
        -5.874016 0.401575 -3.149606,
        -6.125984 0.401575 -3.149606,
        -6.125984 0.598425 -3.149606,
        -5.874016 0.598425 -3.149606,
        -6.874015 -0.598425 -3.149606,
        -7.125984 -0.598425 -3.149606,
        -7.125984 -0.401575 -3.149606,
        -6.874015 -0.401575 -3.149606,
        -6.874015 0.401575 -3.149606,
        -7.125984 0.401575 -3.149606,
        -7.125984 0.598425 -3.149606,
        -6.874015 0.598425 -3.149606,
        -7.874016 -0.598425 -3.149606,
        -8.125985 -0.598425 -3.149606,
        -8.125985 -0.401575 -3.149606,
        -7.874016 -0.401575 -3.149606,
        -7.874016 0.401575 -3.149606,
        -8.125985 0.401575 -3.149606,
        -8.125985 0.598425 -3.149606,
        -7.874016 0.598425 -3.149606,
        -8.874015 -0.598425 -3.149606,
        -9.125984 -0.598425 -3.149606,
        -9.125984 -0.401575 -3.149606,
        -8.874015 -0.401575 -3.149606,
        -8.874015 0.401575 -3.149606,
        -9.125984 0.401575 -3.149606,
        -9.125984 0.598425 -3.149606,
        -8.874015 0.598425 -3.149606,
        -9.874016 -0.598425 -3.149606,
        -10.125985 -0.598425 -3.149606,
        -10.125985 -0.401575 -3.149606,
        -9.874016 -0.401575 -3.149606,
        -9.874016 0.401575 -3.149606,
        -10.125985 0.401575 -3.149606,
        -10.125985 0.598425 -3.149606,
        -9.874016 0.598425 -3.149606,
        -10.874016 -0.598425 -3.149606,
        -11.125984 -0.598425 -3.149606,
        -11.125984 -0.401575 -3.149606,
        -10.874016 -0.401575 -3.149606,
        -10.874016 0.401575 -3.149606,
        -11.125984 0.401575 -3.149606,
        -11.125984 0.598425 -3.149606,
        -10.874016 0.598425 -3.149606,
        -11.874016 -0.598425 -3.149606,
        -12.125984 -0.598425 -3.149606,
        -12.125984 -0.401575 -3.149606,
        -11.874016 -0.401575 -3.149606,
        -11.874016 0.401575 -3.149606,
        -12.125984 0.401575 -3.149606,
        -12.125984 0.598425 -3.149606,
        -11.874016 0.598425 -3.149606,
        -12.874015 -0.598425 -3.149606,
        -13.125984 -0.598425 -3.149606,
        -13.125984 -0.401575 -3.149606,
        -12.874015 -0.401575 -3.149606,
        -12.874015 0.401575 -3.149606,
        -13.125984 0.401575 -3.149606,
        -13.125984 0.598425 -3.149606,
        -12.874015 0.598425 -3.149606,
        -12.803150 0.303150 -1.771654,
        -12.803150 0.696850 -1.771654,
        -13.196849 0.696850 -1.771654,
        -13.196849 0.303150 -1.771654,
        13.196849 -0.696850 -1.771654,
        13.196849 -0.303150 -1.771654,
        12.803150 -0.303150 -1.771654,
        12.803150 -0.696850 -1.771654,
        13.196849 0.303150 -1.771654,
        13.196849 0.696850 -1.771654,
        12.803150 0.696850 -1.771654,
        12.803150 0.303150 -1.771654,
        12.196850 -0.696850 -1.771654,
        12.196850 -0.303150 -1.771654,
        11.803150 -0.303150 -1.771654,
        11.803150 -0.696850 -1.771654,
        12.196850 0.303150 -1.771654,
        12.196850 0.696850 -1.771654,
        11.803150 0.696850 -1.771654,
        11.803150 0.303150 -1.771654,
        11.196851 -0.696850 -1.771654,
        11.196851 -0.303150 -1.771654,
        10.803150 -0.303150 -1.771654,
        10.803150 -0.696850 -1.771654,
        11.196851 0.303150 -1.771654,
        11.196851 0.696850 -1.771654,
        10.803150 0.696850 -1.771654,
        10.803150 0.303150 -1.771654,
        10.196851 -0.696850 -1.771654,
        10.196851 -0.303150 -1.771654,
        9.803150 -0.303150 -1.771654,
        9.803150 -0.696850 -1.771654,
        10.196851 0.303150 -1.771654,
        10.196851 0.696850 -1.771654,
        9.803150 0.696850 -1.771654,
        9.803150 0.303150 -1.771654,
        9.196851 -0.696850 -1.771654,
        9.196851 -0.303150 -1.771654,
        8.803150 -0.303150 -1.771654,
        8.803150 -0.696850 -1.771654,
        9.196851 0.303150 -1.771654,
        9.196851 0.696850 -1.771654,
        8.803150 0.696850 -1.771654,
        8.803150 0.303150 -1.771654,
        8.196850 -0.696850 -1.771654,
        8.196850 -0.303150 -1.771654,
        7.803150 -0.303150 -1.771654,
        7.803150 -0.696850 -1.771654,
        8.196850 0.303150 -1.771654,
        8.196850 0.696850 -1.771654,
        7.803150 0.696850 -1.771654,
        7.803150 0.303150 -1.771654,
        7.196850 -0.696850 -1.771654,
        7.196850 -0.303150 -1.771654,
        6.803149 -0.303150 -1.771654,
        6.803149 -0.696850 -1.771654,
        7.196850 0.303150 -1.771654,
        7.196850 0.696850 -1.771654,
        6.803149 0.696850 -1.771654,
        6.803149 0.303150 -1.771654,
        6.196850 -0.696850 -1.771654,
        6.196850 -0.303150 -1.771654,
        5.803150 -0.303150 -1.771654,
        5.803150 -0.696850 -1.771654,
        6.196850 0.303150 -1.771654,
        6.196850 0.696850 -1.771654,
        5.803150 0.696850 -1.771654,
        5.803150 0.303150 -1.771654,
        5.196850 -0.696850 -1.771654,
        5.196850 -0.303150 -1.771654,
        4.803150 -0.303150 -1.771654,
        4.803150 -0.696850 -1.771654,
        5.196850 0.303150 -1.771654,
        5.196850 0.696850 -1.771654,
        4.803150 0.696850 -1.771654,
        4.803150 0.303150 -1.771654,
        4.196850 -0.696850 -1.771654,
        4.196850 -0.303150 -1.771654,
        3.803150 -0.303150 -1.771654,
        3.803150 -0.696850 -1.771654,
        4.196850 0.303150 -1.771654,
        4.196850 0.696850 -1.771654,
        3.803150 0.696850 -1.771654,
        3.803150 0.303150 -1.771654,
        3.196851 -0.696850 -1.771654,
        3.196851 -0.303150 -1.771654,
        2.803150 -0.303150 -1.771654,
        2.803150 -0.696850 -1.771654,
        3.196851 0.303150 -1.771654,
        3.196851 0.696850 -1.771654,
        2.803150 0.696850 -1.771654,
        2.803150 0.303150 -1.771654,
        2.196850 -0.696850 -1.771654,
        2.196850 -0.303150 -1.771654,
        1.803150 -0.303150 -1.771654,
        1.803150 -0.696850 -1.771654,
        2.196850 0.303150 -1.771654,
        2.196850 0.696850 -1.771654,
        1.803150 0.696850 -1.771654,
        1.803150 0.303150 -1.771654,
        1.196850 -0.696850 -1.771654,
        1.196850 -0.303150 -1.771654,
        0.803150 -0.303150 -1.771654,
        0.803150 -0.696850 -1.771654,
        1.196850 0.303150 -1.771654,
        1.196850 0.696850 -1.771654,
        0.803150 0.696850 -1.771654,
        0.803150 0.303150 -1.771654,
        0.196850 -0.696850 -1.771654,
        0.196850 -0.303150 -1.771654,
        -0.196850 -0.303150 -1.771654,
        -0.196850 -0.696850 -1.771654,
        0.196850 0.303150 -1.771654,
        0.196850 0.696850 -1.771654,
        -0.196850 0.696850 -1.771654,
        -0.196850 0.303150 -1.771654,
        -0.803150 -0.696850 -1.771654,
        -0.803150 -0.303150 -1.771654,
        -1.196850 -0.303150 -1.771654,
        -1.196850 -0.696850 -1.771654,
        -0.803150 0.303150 -1.771654,
        -0.803150 0.696850 -1.771654,
        -1.196850 0.696850 -1.771654,
        -1.196850 0.303150 -1.771654,
        -1.803150 -0.696850 -1.771654,
        -1.803150 -0.303150 -1.771654,
        -2.196850 -0.303150 -1.771654,
        -2.196850 -0.696850 -1.771654,
        -1.803150 0.303150 -1.771654,
        -1.803150 0.696850 -1.771654,
        -2.196850 0.696850 -1.771654,
        -2.196850 0.303150 -1.771654,
        -2.803150 -0.696850 -1.771654,
        -2.803150 -0.303150 -1.771654,
        -3.196851 -0.303150 -1.771654,
        -3.196851 -0.696850 -1.771654,
        -2.803150 0.303150 -1.771654,
        -2.803150 0.696850 -1.771654,
        -3.196851 0.696850 -1.771654,
        -3.196851 0.303150 -1.771654,
        -3.803150 -0.696850 -1.771654,
        -3.803150 -0.303150 -1.771654,
        -4.196850 -0.303150 -1.771654,
        -4.196850 -0.696850 -1.771654,
        -3.803150 0.303150 -1.771654,
        -3.803150 0.696850 -1.771654,
        -4.196850 0.696850 -1.771654,
        -4.196850 0.303150 -1.771654,
        -4.803150 -0.696850 -1.771654,
        -4.803150 -0.303150 -1.771654,
        -5.196850 -0.303150 -1.771654,
        -5.196850 -0.696850 -1.771654,
        -4.803150 0.303150 -1.771654,
        -4.803150 0.696850 -1.771654,
        -5.196850 0.696850 -1.771654,
        -5.196850 0.303150 -1.771654,
        -5.803150 -0.696850 -1.771654,
        -5.803150 -0.303150 -1.771654,
        -6.196850 -0.303150 -1.771654,
        -6.196850 -0.696850 -1.771654,
        -5.803150 0.303150 -1.771654,
        -5.803150 0.696850 -1.771654,
        -6.196850 0.696850 -1.771654,
        -6.196850 0.303150 -1.771654,
        -6.803149 -0.696850 -1.771654,
        -6.803149 -0.303150 -1.771654,
        -7.196850 -0.303150 -1.771654,
        -7.196850 -0.696850 -1.771654,
        -6.803149 0.303150 -1.771654,
        -6.803149 0.696850 -1.771654,
        -7.196850 0.696850 -1.771654,
        -7.196850 0.303150 -1.771654,
        -7.803150 -0.696850 -1.771654,
        -7.803150 -0.303150 -1.771654,
        -8.196850 -0.303150 -1.771654,
        -8.196850 -0.696850 -1.771654,
        -7.803150 0.303150 -1.771654,
        -7.803150 0.696850 -1.771654,
        -8.196850 0.696850 -1.771654,
        -8.196850 0.303150 -1.771654,
        -8.803150 -0.696850 -1.771654,
        -8.803150 -0.303150 -1.771654,
        -9.196851 -0.303150 -1.771654,
        -9.196851 -0.696850 -1.771654,
        -8.803150 0.303150 -1.771654,
        -8.803150 0.696850 -1.771654,
        -9.196851 0.696850 -1.771654,
        -9.196851 0.303150 -1.771654,
        -9.803150 -0.696850 -1.771654,
        -9.803150 -0.303150 -1.771654,
        -10.196851 -0.303150 -1.771654,
        -10.196851 -0.696850 -1.771654,
        -9.803150 0.303150 -1.771654,
        -9.803150 0.696850 -1.771654,
        -10.196851 0.696850 -1.771654,
        -10.196851 0.303150 -1.771654,
        -10.803150 -0.696850 -1.771654,
        -10.803150 -0.303150 -1.771654,
        -11.196851 -0.303150 -1.771654,
        -11.196851 -0.696850 -1.771654,
        -10.803150 0.303150 -1.771654,
        -10.803150 0.696850 -1.771654,
        -11.196851 0.696850 -1.771654,
        -11.196851 0.303150 -1.771654,
        -11.803150 -0.696850 -1.771654,
        -11.803150 -0.303150 -1.771654,
        -12.196850 -0.303150 -1.771654,
        -12.196850 -0.696850 -1.771654,
        -11.803150 0.303150 -1.771654,
        -11.803150 0.696850 -1.771654,
        -12.196850 0.696850 -1.771654,
        -12.196850 0.303150 -1.771654,
        -12.803150 -0.696850 -1.771654,
        -12.803150 -0.303150 -1.771654,
        -13.196849 -0.303150 -1.771654,
        -13.196849 -0.696850 -1.771654,
        -12.874015 0.598425 -4.409449,
        -12.874015 0.401575 -4.409449,
        -13.125984 0.401575 -4.409449,
        -12.945663 0.401575 -4.606299,
        -13.054337 0.401575 -4.606299,
        -13.125984 0.598425 -4.409449,
        -12.945663 0.598425 -4.606299,
        -13.054337 0.598425 -4.606299,
        -12.874015 -0.401575 -4.409449,
        -12.874015 -0.598425 -4.409449,
        -13.125984 -0.598425 -4.409449,
        -12.945663 -0.598425 -4.606299,
        -13.054337 -0.598425 -4.606299,
        -13.125984 -0.401575 -4.409449,
        -12.945663 -0.401575 -4.606299,
        -13.054337 -0.401575 -4.606299,
        -11.874016 0.598425 -4.409449,
        -11.874016 0.401575 -4.409449,
        -12.125984 0.401575 -4.409449,
        -11.945663 0.401575 -4.606299,
        -12.054337 0.401575 -4.606299,
        -12.125984 0.598425 -4.409449,
        -11.945663 0.598425 -4.606299,
        -12.054337 0.598425 -4.606299,
        -11.874016 -0.401575 -4.409449,
        -11.874016 -0.598425 -4.409449,
        -12.125984 -0.598425 -4.409449,
        -11.945663 -0.598425 -4.606299,
        -12.054337 -0.598425 -4.606299,
        -12.125984 -0.401575 -4.409449,
        -11.945663 -0.401575 -4.606299,
        -12.054337 -0.401575 -4.606299,
        -10.874016 0.598425 -4.409449,
        -10.874016 0.401575 -4.409449,
        -11.125984 0.401575 -4.409449,
        -10.945663 0.401575 -4.606299,
        -11.054336 0.401575 -4.606299,
        -11.125984 0.598425 -4.409449,
        -10.945663 0.598425 -4.606299,
        -11.054336 0.598425 -4.606299,
        -10.874016 -0.401575 -4.409449,
        -10.874016 -0.598425 -4.409449,
        -11.125984 -0.598425 -4.409449,
        -10.945663 -0.598425 -4.606299,
        -11.054336 -0.598425 -4.606299,
        -11.125984 -0.401575 -4.409449,
        -10.945663 -0.401575 -4.606299,
        -11.054336 -0.401575 -4.606299,
        -9.874016 0.598425 -4.409449,
        -9.874016 0.401575 -4.409449,
        -10.125985 0.401575 -4.409449,
        -9.945664 0.401575 -4.606299,
        -10.054336 0.401575 -4.606299,
        -10.125985 0.598425 -4.409449,
        -9.945664 0.598425 -4.606299,
        -10.054336 0.598425 -4.606299,
        -9.874016 -0.401575 -4.409449,
        -9.874016 -0.598425 -4.409449,
        -10.125985 -0.598425 -4.409449,
        -9.945664 -0.598425 -4.606299,
        -10.054336 -0.598425 -4.606299,
        -10.125985 -0.401575 -4.409449,
        -9.945664 -0.401575 -4.606299,
        -10.054336 -0.401575 -4.606299,
        -8.874015 0.598425 -4.409449,
        -8.874015 0.401575 -4.409449,
        -9.125984 0.401575 -4.409449,
        -8.945663 0.401575 -4.606299,
        -9.054336 0.401575 -4.606299,
        -9.125984 0.598425 -4.409449,
        -8.945663 0.598425 -4.606299,
        -9.054336 0.598425 -4.606299,
        -8.874015 -0.401575 -4.409449,
        -8.874015 -0.598425 -4.409449,
        -9.125984 -0.598425 -4.409449,
        -8.945663 -0.598425 -4.606299,
        -9.054336 -0.598425 -4.606299,
        -9.125984 -0.401575 -4.409449,
        -8.945663 -0.401575 -4.606299,
        -9.054336 -0.401575 -4.606299,
        -7.874016 0.598425 -4.409449,
        -7.874016 0.401575 -4.409449,
        -8.125985 0.401575 -4.409449,
        -7.945664 0.401575 -4.606299,
        -8.054337 0.401575 -4.606299,
        -8.125985 0.598425 -4.409449,
        -7.945664 0.598425 -4.606299,
        -8.054337 0.598425 -4.606299,
        -7.874016 -0.401575 -4.409449,
        -7.874016 -0.598425 -4.409449,
        -8.125985 -0.598425 -4.409449,
        -7.945664 -0.598425 -4.606299,
        -8.054337 -0.598425 -4.606299,
        -8.125985 -0.401575 -4.409449,
        -7.945664 -0.401575 -4.606299,
        -8.054337 -0.401575 -4.606299,
        -6.874015 0.598425 -4.409449,
        -6.874015 0.401575 -4.409449,
        -7.125984 0.401575 -4.409449,
        -6.945663 0.401575 -4.606299,
        -7.054337 0.401575 -4.606299,
        -7.125984 0.598425 -4.409449,
        -6.945663 0.598425 -4.606299,
        -7.054337 0.598425 -4.606299,
        -6.874015 -0.401575 -4.409449,
        -6.874015 -0.598425 -4.409449,
        -7.125984 -0.598425 -4.409449,
        -6.945663 -0.598425 -4.606299,
        -7.054337 -0.598425 -4.606299,
        -7.125984 -0.401575 -4.409449,
        -6.945663 -0.401575 -4.606299,
        -7.054337 -0.401575 -4.606299,
        -5.874016 0.598425 -4.409449,
        -5.874016 0.401575 -4.409449,
        -6.125984 0.401575 -4.409449,
        -5.945663 0.401575 -4.606299,
        -6.054337 0.401575 -4.606299,
        -6.125984 0.598425 -4.409449,
        -5.945663 0.598425 -4.606299,
        -6.054337 0.598425 -4.606299,
        -5.874016 -0.401575 -4.409449,
        -5.874016 -0.598425 -4.409449,
        -6.125984 -0.598425 -4.409449,
        -5.945663 -0.598425 -4.606299,
        -6.054337 -0.598425 -4.606299,
        -6.125984 -0.401575 -4.409449,
        -5.945663 -0.401575 -4.606299,
        -6.054337 -0.401575 -4.606299,
        -4.874016 0.598425 -4.409449,
        -4.874016 0.401575 -4.409449,
        -5.125984 0.401575 -4.409449,
        -4.945663 0.401575 -4.606299,
        -5.054337 0.401575 -4.606299,
        -5.125984 0.598425 -4.409449,
        -4.945663 0.598425 -4.606299,
        -5.054337 0.598425 -4.606299,
        -4.874016 -0.401575 -4.409449,
        -4.874016 -0.598425 -4.409449,
        -5.125984 -0.598425 -4.409449,
        -4.945663 -0.598425 -4.606299,
        -5.054337 -0.598425 -4.606299,
        -5.125984 -0.401575 -4.409449,
        -4.945663 -0.401575 -4.606299,
        -5.054337 -0.401575 -4.606299,
        -3.874016 0.598425 -4.409449,
        -3.874016 0.401575 -4.409449,
        -4.125984 0.401575 -4.409449,
        -3.945663 0.401575 -4.606299,
        -4.054337 0.401575 -4.606299,
        -4.125984 0.598425 -4.409449,
        -3.945663 0.598425 -4.606299,
        -4.054337 0.598425 -4.606299,
        -3.874016 -0.401575 -4.409449,
        -3.874016 -0.598425 -4.409449,
        -4.125984 -0.598425 -4.409449,
        -3.945663 -0.598425 -4.606299,
        -4.054337 -0.598425 -4.606299,
        -4.125984 -0.401575 -4.409449,
        -3.945663 -0.401575 -4.606299,
        -4.054337 -0.401575 -4.606299,
        -2.874016 0.598425 -4.409449,
        -2.874016 0.401575 -4.409449,
        -3.125984 0.401575 -4.409449,
        -2.945663 0.401575 -4.606299,
        -3.054337 0.401575 -4.606299,
        -3.125984 0.598425 -4.409449,
        -2.945663 0.598425 -4.606299,
        -3.054337 0.598425 -4.606299,
        -2.874016 -0.401575 -4.409449,
        -2.874016 -0.598425 -4.409449,
        -3.125984 -0.598425 -4.409449,
        -2.945663 -0.598425 -4.606299,
        -3.054337 -0.598425 -4.606299,
        -3.125984 -0.401575 -4.409449,
        -2.945663 -0.401575 -4.606299,
        -3.054337 -0.401575 -4.606299,
        -1.874016 0.598425 -4.409449,
        -1.874016 0.401575 -4.409449,
        -2.125984 0.401575 -4.409449,
        -1.945663 0.401575 -4.606299,
        -2.054337 0.401575 -4.606299,
        -2.125984 0.598425 -4.409449,
        -1.945663 0.598425 -4.606299,
        -2.054337 0.598425 -4.606299,
        -1.874016 -0.401575 -4.409449,
        -1.874016 -0.598425 -4.409449,
        -2.125984 -0.598425 -4.409449,
        -1.945663 -0.598425 -4.606299,
        -2.054337 -0.598425 -4.606299,
        -2.125984 -0.401575 -4.409449,
        -1.945663 -0.401575 -4.606299,
        -2.054337 -0.401575 -4.606299,
        -0.874016 0.598425 -4.409449,
        -0.874016 0.401575 -4.409449,
        -1.125984 0.401575 -4.409449,
        -0.945663 0.401575 -4.606299,
        -1.054337 0.401575 -4.606299,
        -1.125984 0.598425 -4.409449,
        -0.945663 0.598425 -4.606299,
        -1.054337 0.598425 -4.606299,
        -0.874016 -0.401575 -4.409449,
        -0.874016 -0.598425 -4.409449,
        -1.125984 -0.598425 -4.409449,
        -0.945663 -0.598425 -4.606299,
        -1.054337 -0.598425 -4.606299,
        -1.125984 -0.401575 -4.409449,
        -0.945663 -0.401575 -4.606299,
        -1.054337 -0.401575 -4.606299,
        0.125984 0.598425 -4.409449,
        0.125984 0.401575 -4.409449,
        -0.125984 0.401575 -4.409449,
        0.054337 0.401575 -4.606299,
        -0.054337 0.401575 -4.606299,
        -0.125984 0.598425 -4.409449,
        0.054337 0.598425 -4.606299,
        -0.054337 0.598425 -4.606299,
        0.125984 -0.401575 -4.409449,
        0.125984 -0.598425 -4.409449,
        -0.125984 -0.598425 -4.409449,
        0.054337 -0.598425 -4.606299,
        -0.054337 -0.598425 -4.606299,
        -0.125984 -0.401575 -4.409449,
        0.054337 -0.401575 -4.606299,
        -0.054337 -0.401575 -4.606299,
        1.125984 0.598425 -4.409449,
        1.125984 0.401575 -4.409449,
        0.874016 0.401575 -4.409449,
        1.054337 0.401575 -4.606299,
        0.945663 0.401575 -4.606299,
        0.874016 0.598425 -4.409449,
        1.054337 0.598425 -4.606299,
        0.945663 0.598425 -4.606299,
        1.125984 -0.401575 -4.409449,
        1.125984 -0.598425 -4.409449,
        0.874016 -0.598425 -4.409449,
        1.054337 -0.598425 -4.606299,
        0.945663 -0.598425 -4.606299,
        0.874016 -0.401575 -4.409449,
        1.054337 -0.401575 -4.606299,
        0.945663 -0.401575 -4.606299,
        2.125984 0.598425 -4.409449,
        2.125984 0.401575 -4.409449,
        1.874016 0.401575 -4.409449,
        2.054337 0.401575 -4.606299,
        1.945663 0.401575 -4.606299,
        1.874016 0.598425 -4.409449,
        2.054337 0.598425 -4.606299,
        1.945663 0.598425 -4.606299,
        2.125984 -0.401575 -4.409449,
        2.125984 -0.598425 -4.409449,
        1.874016 -0.598425 -4.409449,
        2.054337 -0.598425 -4.606299,
        1.945663 -0.598425 -4.606299,
        1.874016 -0.401575 -4.409449,
        2.054337 -0.401575 -4.606299,
        1.945663 -0.401575 -4.606299,
        3.125984 0.598425 -4.409449,
        3.125984 0.401575 -4.409449,
        2.874016 0.401575 -4.409449,
        3.054337 0.401575 -4.606299,
        2.945663 0.401575 -4.606299,
        2.874016 0.598425 -4.409449,
        3.054337 0.598425 -4.606299,
        2.945663 0.598425 -4.606299,
        3.125984 -0.401575 -4.409449,
        3.125984 -0.598425 -4.409449,
        2.874016 -0.598425 -4.409449,
        3.054337 -0.598425 -4.606299,
        2.945663 -0.598425 -4.606299,
        2.874016 -0.401575 -4.409449,
        3.054337 -0.401575 -4.606299,
        2.945663 -0.401575 -4.606299,
        4.125984 0.598425 -4.409449,
        4.125984 0.401575 -4.409449,
        3.874016 0.401575 -4.409449,
        4.054337 0.401575 -4.606299,
        3.945663 0.401575 -4.606299,
        3.874016 0.598425 -4.409449,
        4.054337 0.598425 -4.606299,
        3.945663 0.598425 -4.606299,
        4.125984 -0.401575 -4.409449,
        4.125984 -0.598425 -4.409449,
        3.874016 -0.598425 -4.409449,
        4.054337 -0.598425 -4.606299,
        3.945663 -0.598425 -4.606299,
        3.874016 -0.401575 -4.409449,
        4.054337 -0.401575 -4.606299,
        3.945663 -0.401575 -4.606299,
        5.125984 0.598425 -4.409449,
        5.125984 0.401575 -4.409449,
        4.874016 0.401575 -4.409449,
        5.054337 0.401575 -4.606299,
        4.945663 0.401575 -4.606299,
        4.874016 0.598425 -4.409449,
        5.054337 0.598425 -4.606299,
        4.945663 0.598425 -4.606299,
        5.125984 -0.401575 -4.409449,
        5.125984 -0.598425 -4.409449,
        4.874016 -0.598425 -4.409449,
        5.054337 -0.598425 -4.606299,
        4.945663 -0.598425 -4.606299,
        4.874016 -0.401575 -4.409449,
        5.054337 -0.401575 -4.606299,
        4.945663 -0.401575 -4.606299,
        6.125984 0.598425 -4.409449,
        6.125984 0.401575 -4.409449,
        5.874016 0.401575 -4.409449,
        6.054337 0.401575 -4.606299,
        5.945663 0.401575 -4.606299,
        5.874016 0.598425 -4.409449,
        6.054337 0.598425 -4.606299,
        5.945663 0.598425 -4.606299,
        6.125984 -0.401575 -4.409449,
        6.125984 -0.598425 -4.409449,
        5.874016 -0.598425 -4.409449,
        6.054337 -0.598425 -4.606299,
        5.945663 -0.598425 -4.606299,
        5.874016 -0.401575 -4.409449,
        6.054337 -0.401575 -4.606299,
        5.945663 -0.401575 -4.606299,
        7.125984 0.598425 -4.409449,
        7.125984 0.401575 -4.409449,
        6.945663 0.401575 -4.606299,
        7.054337 0.401575 -4.606299,
        6.874015 0.401575 -4.409449,
        6.874015 0.598425 -4.409449,
        6.945663 0.598425 -4.606299,
        7.054337 0.598425 -4.606299,
        7.125984 -0.401575 -4.409449,
        7.125984 -0.598425 -4.409449,
        6.945663 -0.598425 -4.606299,
        7.054337 -0.598425 -4.606299,
        6.874015 -0.598425 -4.409449,
        6.874015 -0.401575 -4.409449,
        6.945663 -0.401575 -4.606299,
        7.054337 -0.401575 -4.606299,
        8.125985 0.598425 -4.409449,
        8.125985 0.401575 -4.409449,
        7.945664 0.401575 -4.606299,
        8.054337 0.401575 -4.606299,
        7.874016 0.401575 -4.409449,
        7.874016 0.598425 -4.409449,
        7.945664 0.598425 -4.606299,
        8.054337 0.598425 -4.606299,
        8.125985 -0.401575 -4.409449,
        8.125985 -0.598425 -4.409449,
        7.945664 -0.598425 -4.606299,
        8.054337 -0.598425 -4.606299,
        7.874016 -0.598425 -4.409449,
        7.874016 -0.401575 -4.409449,
        7.945664 -0.401575 -4.606299,
        8.054337 -0.401575 -4.606299,
        9.125984 0.598425 -4.409449,
        9.125984 0.401575 -4.409449,
        8.945663 0.401575 -4.606299,
        9.054336 0.401575 -4.606299,
        8.874015 0.401575 -4.409449,
        8.874015 0.598425 -4.409449,
        8.945663 0.598425 -4.606299,
        9.054336 0.598425 -4.606299,
        9.125984 -0.401575 -4.409449,
        9.125984 -0.598425 -4.409449,
        8.945663 -0.598425 -4.606299,
        9.054336 -0.598425 -4.606299,
        8.874015 -0.598425 -4.409449,
        8.874015 -0.401575 -4.409449,
        8.945663 -0.401575 -4.606299,
        9.054336 -0.401575 -4.606299,
        10.125985 0.598425 -4.409449,
        10.125985 0.401575 -4.409449,
        9.945664 0.401575 -4.606299,
        10.054336 0.401575 -4.606299,
        9.874016 0.401575 -4.409449,
        9.874016 0.598425 -4.409449,
        9.945664 0.598425 -4.606299,
        10.054336 0.598425 -4.606299,
        10.125985 -0.401575 -4.409449,
        10.125985 -0.598425 -4.409449,
        9.945664 -0.598425 -4.606299,
        10.054336 -0.598425 -4.606299,
        9.874016 -0.598425 -4.409449,
        9.874016 -0.401575 -4.409449,
        9.945664 -0.401575 -4.606299,
        10.054336 -0.401575 -4.606299,
        11.125984 0.598425 -4.409449,
        11.125984 0.401575 -4.409449,
        10.874016 0.401575 -4.409449,
        11.054336 0.401575 -4.606299,
        10.945663 0.401575 -4.606299,
        10.874016 0.598425 -4.409449,
        11.054336 0.598425 -4.606299,
        10.945663 0.598425 -4.606299,
        11.125984 -0.401575 -4.409449,
        11.125984 -0.598425 -4.409449,
        10.874016 -0.598425 -4.409449,
        11.054336 -0.598425 -4.606299,
        10.945663 -0.598425 -4.606299,
        10.874016 -0.401575 -4.409449,
        11.054336 -0.401575 -4.606299,
        10.945663 -0.401575 -4.606299,
        12.125984 0.598425 -4.409449,
        12.125984 0.401575 -4.409449,
        11.874016 0.401575 -4.409449,
        12.054337 0.401575 -4.606299,
        11.945663 0.401575 -4.606299,
        11.874016 0.598425 -4.409449,
        12.054337 0.598425 -4.606299,
        11.945663 0.598425 -4.606299,
        12.125984 -0.401575 -4.409449,
        12.125984 -0.598425 -4.409449,
        11.874016 -0.598425 -4.409449,
        12.054337 -0.598425 -4.606299,
        11.945663 -0.598425 -4.606299,
        11.874016 -0.401575 -4.409449,
        12.054337 -0.401575 -4.606299,
        11.945663 -0.401575 -4.606299,
        13.125984 0.598425 -4.409449,
        13.125984 0.401575 -4.409449,
        12.874015 0.401575 -4.409449,
        13.054337 0.401575 -4.606299,
        12.945663 0.401575 -4.606299,
        12.874015 0.598425 -4.409449,
        13.054337 0.598425 -4.606299,
        12.945663 0.598425 -4.606299,
        13.125984 -0.401575 -4.409449,
        13.125984 -0.598425 -4.409449,
        12.874015 -0.598425 -4.409449,
        13.054337 -0.598425 -4.606299,
        12.945663 -0.598425 -4.606299,
        12.874015 -0.401575 -4.409449,
        13.054337 -0.401575 -4.606299,
        12.945663 -0.401575 -4.606299,
      ]
    }
    coordIndex [
      218, 219, 217, -1,
      217, 219, 216, -1,
      432, 215, 433, -1,
      433, 215, 212, -1,
      212, 213, 433, -1,
      433, 213, 434, -1,
      433, 434, 435, -1,
      435, 434, 436, -1,
      434, 213, 437, -1,
      437, 213, 214, -1,
      438, 439, 432, -1,
      432, 439, 437, -1,
      432, 437, 215, -1,
      215, 437, 214, -1,
      435, 436, 438, -1,
      438, 436, 439, -1,
      433, 435, 432, -1,
      432, 435, 438, -1,
      437, 439, 434, -1,
      434, 439, 436, -1,
      430, 431, 429, -1,
      429, 431, 428, -1,
      426, 427, 425, -1,
      425, 427, 424, -1,
      422, 423, 421, -1,
      421, 423, 420, -1,
      418, 419, 417, -1,
      417, 419, 416, -1,
      414, 415, 413, -1,
      413, 415, 412, -1,
      410, 411, 409, -1,
      409, 411, 408, -1,
      406, 407, 405, -1,
      405, 407, 404, -1,
      402, 403, 401, -1,
      401, 403, 400, -1,
      398, 399, 397, -1,
      397, 399, 396, -1,
      394, 395, 393, -1,
      393, 395, 392, -1,
      390, 391, 389, -1,
      389, 391, 388, -1,
      386, 387, 385, -1,
      385, 387, 384, -1,
      382, 383, 381, -1,
      381, 383, 380, -1,
      378, 379, 377, -1,
      377, 379, 376, -1,
      374, 375, 373, -1,
      373, 375, 372, -1,
      370, 371, 369, -1,
      369, 371, 368, -1,
      366, 367, 365, -1,
      365, 367, 364, -1,
      362, 363, 361, -1,
      361, 363, 360, -1,
      358, 359, 357, -1,
      357, 359, 356, -1,
      354, 355, 353, -1,
      353, 355, 352, -1,
      350, 351, 349, -1,
      349, 351, 348, -1,
      346, 347, 345, -1,
      345, 347, 344, -1,
      342, 343, 341, -1,
      341, 343, 340, -1,
      338, 339, 337, -1,
      337, 339, 336, -1,
      334, 335, 333, -1,
      333, 335, 332, -1,
      330, 331, 329, -1,
      329, 331, 328, -1,
      326, 327, 325, -1,
      325, 327, 324, -1,
      322, 323, 321, -1,
      321, 323, 320, -1,
      318, 319, 317, -1,
      317, 319, 316, -1,
      314, 315, 313, -1,
      313, 315, 312, -1,
      310, 311, 309, -1,
      309, 311, 308, -1,
      306, 307, 305, -1,
      305, 307, 304, -1,
      302, 303, 301, -1,
      301, 303, 300, -1,
      298, 299, 297, -1,
      297, 299, 296, -1,
      294, 295, 293, -1,
      293, 295, 292, -1,
      290, 291, 289, -1,
      289, 291, 288, -1,
      286, 287, 285, -1,
      285, 287, 284, -1,
      282, 283, 281, -1,
      281, 283, 280, -1,
      278, 279, 277, -1,
      277, 279, 276, -1,
      274, 275, 273, -1,
      273, 275, 272, -1,
      270, 271, 269, -1,
      269, 271, 268, -1,
      266, 267, 265, -1,
      265, 267, 264, -1,
      262, 263, 261, -1,
      261, 263, 260, -1,
      258, 259, 257, -1,
      257, 259, 256, -1,
      254, 255, 253, -1,
      253, 255, 252, -1,
      250, 251, 249, -1,
      249, 251, 248, -1,
      246, 247, 245, -1,
      245, 247, 244, -1,
      242, 243, 241, -1,
      241, 243, 240, -1,
      238, 239, 237, -1,
      237, 239, 236, -1,
      234, 235, 233, -1,
      233, 235, 232, -1,
      230, 231, 229, -1,
      229, 231, 228, -1,
      226, 227, 225, -1,
      225, 227, 224, -1,
      222, 223, 221, -1,
      221, 223, 220, -1,
      440, 211, 441, -1,
      441, 211, 208, -1,
      208, 209, 441, -1,
      441, 209, 442, -1,
      441, 442, 443, -1,
      443, 442, 444, -1,
      442, 209, 445, -1,
      445, 209, 210, -1,
      446, 447, 440, -1,
      440, 447, 445, -1,
      440, 445, 211, -1,
      211, 445, 210, -1,
      443, 444, 446, -1,
      446, 444, 447, -1,
      448, 207, 449, -1,
      449, 207, 204, -1,
      204, 205, 449, -1,
      449, 205, 450, -1,
      449, 450, 451, -1,
      451, 450, 452, -1,
      450, 205, 453, -1,
      453, 205, 206, -1,
      454, 455, 448, -1,
      448, 455, 453, -1,
      448, 453, 207, -1,
      207, 453, 206, -1,
      451, 452, 454, -1,
      454, 452, 455, -1,
      456, 203, 457, -1,
      457, 203, 200, -1,
      200, 201, 457, -1,
      457, 201, 458, -1,
      457, 458, 459, -1,
      459, 458, 460, -1,
      458, 201, 461, -1,
      461, 201, 202, -1,
      462, 463, 456, -1,
      456, 463, 461, -1,
      456, 461, 203, -1,
      203, 461, 202, -1,
      459, 460, 462, -1,
      462, 460, 463, -1,
      464, 199, 465, -1,
      465, 199, 196, -1,
      196, 197, 465, -1,
      465, 197, 466, -1,
      465, 466, 467, -1,
      467, 466, 468, -1,
      466, 197, 469, -1,
      469, 197, 198, -1,
      470, 471, 464, -1,
      464, 471, 469, -1,
      464, 469, 199, -1,
      199, 469, 198, -1,
      467, 468, 470, -1,
      470, 468, 471, -1,
      472, 195, 473, -1,
      473, 195, 192, -1,
      192, 193, 473, -1,
      473, 193, 474, -1,
      473, 474, 475, -1,
      475, 474, 476, -1,
      474, 193, 477, -1,
      477, 193, 194, -1,
      478, 479, 472, -1,
      472, 479, 477, -1,
      472, 477, 195, -1,
      195, 477, 194, -1,
      475, 476, 478, -1,
      478, 476, 479, -1,
      480, 191, 481, -1,
      481, 191, 188, -1,
      188, 189, 481, -1,
      481, 189, 482, -1,
      481, 482, 483, -1,
      483, 482, 484, -1,
      482, 189, 485, -1,
      485, 189, 190, -1,
      486, 487, 480, -1,
      480, 487, 485, -1,
      480, 485, 191, -1,
      191, 485, 190, -1,
      483, 484, 486, -1,
      486, 484, 487, -1,
      488, 187, 489, -1,
      489, 187, 184, -1,
      184, 185, 489, -1,
      489, 185, 490, -1,
      489, 490, 491, -1,
      491, 490, 492, -1,
      490, 185, 493, -1,
      493, 185, 186, -1,
      494, 495, 488, -1,
      488, 495, 493, -1,
      488, 493, 187, -1,
      187, 493, 186, -1,
      491, 492, 494, -1,
      494, 492, 495, -1,
      496, 183, 497, -1,
      497, 183, 180, -1,
      180, 181, 497, -1,
      497, 181, 498, -1,
      497, 498, 499, -1,
      499, 498, 500, -1,
      498, 181, 501, -1,
      501, 181, 182, -1,
      502, 503, 496, -1,
      496, 503, 501, -1,
      496, 501, 183, -1,
      183, 501, 182, -1,
      499, 500, 502, -1,
      502, 500, 503, -1,
      504, 179, 505, -1,
      505, 179, 176, -1,
      176, 177, 505, -1,
      505, 177, 506, -1,
      505, 506, 507, -1,
      507, 506, 508, -1,
      506, 177, 509, -1,
      509, 177, 178, -1,
      510, 511, 504, -1,
      504, 511, 509, -1,
      504, 509, 179, -1,
      179, 509, 178, -1,
      507, 508, 510, -1,
      510, 508, 511, -1,
      512, 175, 513, -1,
      513, 175, 172, -1,
      172, 173, 513, -1,
      513, 173, 514, -1,
      513, 514, 515, -1,
      515, 514, 516, -1,
      514, 173, 517, -1,
      517, 173, 174, -1,
      518, 519, 512, -1,
      512, 519, 517, -1,
      512, 517, 175, -1,
      175, 517, 174, -1,
      515, 516, 518, -1,
      518, 516, 519, -1,
      520, 171, 521, -1,
      521, 171, 168, -1,
      168, 169, 521, -1,
      521, 169, 522, -1,
      521, 522, 523, -1,
      523, 522, 524, -1,
      522, 169, 525, -1,
      525, 169, 170, -1,
      526, 527, 520, -1,
      520, 527, 525, -1,
      520, 525, 171, -1,
      171, 525, 170, -1,
      523, 524, 526, -1,
      526, 524, 527, -1,
      528, 167, 529, -1,
      529, 167, 164, -1,
      164, 165, 529, -1,
      529, 165, 530, -1,
      529, 530, 531, -1,
      531, 530, 532, -1,
      530, 165, 533, -1,
      533, 165, 166, -1,
      534, 535, 528, -1,
      528, 535, 533, -1,
      528, 533, 167, -1,
      167, 533, 166, -1,
      531, 532, 534, -1,
      534, 532, 535, -1,
      536, 163, 537, -1,
      537, 163, 160, -1,
      160, 161, 537, -1,
      537, 161, 538, -1,
      537, 538, 539, -1,
      539, 538, 540, -1,
      538, 161, 541, -1,
      541, 161, 162, -1,
      542, 543, 536, -1,
      536, 543, 541, -1,
      536, 541, 163, -1,
      163, 541, 162, -1,
      539, 540, 542, -1,
      542, 540, 543, -1,
      544, 159, 545, -1,
      545, 159, 156, -1,
      156, 157, 545, -1,
      545, 157, 546, -1,
      545, 546, 547, -1,
      547, 546, 548, -1,
      546, 157, 549, -1,
      549, 157, 158, -1,
      550, 551, 544, -1,
      544, 551, 549, -1,
      544, 549, 159, -1,
      159, 549, 158, -1,
      547, 548, 550, -1,
      550, 548, 551, -1,
      552, 155, 553, -1,
      553, 155, 152, -1,
      152, 153, 553, -1,
      553, 153, 554, -1,
      553, 554, 555, -1,
      555, 554, 556, -1,
      554, 153, 557, -1,
      557, 153, 154, -1,
      558, 559, 552, -1,
      552, 559, 557, -1,
      552, 557, 155, -1,
      155, 557, 154, -1,
      555, 556, 558, -1,
      558, 556, 559, -1,
      560, 151, 561, -1,
      561, 151, 148, -1,
      148, 149, 561, -1,
      561, 149, 562, -1,
      561, 562, 563, -1,
      563, 562, 564, -1,
      562, 149, 565, -1,
      565, 149, 150, -1,
      566, 567, 560, -1,
      560, 567, 565, -1,
      560, 565, 151, -1,
      151, 565, 150, -1,
      563, 564, 566, -1,
      566, 564, 567, -1,
      568, 147, 569, -1,
      569, 147, 144, -1,
      144, 145, 569, -1,
      569, 145, 570, -1,
      569, 570, 571, -1,
      571, 570, 572, -1,
      570, 145, 573, -1,
      573, 145, 146, -1,
      574, 575, 568, -1,
      568, 575, 573, -1,
      568, 573, 147, -1,
      147, 573, 146, -1,
      571, 572, 574, -1,
      574, 572, 575, -1,
      576, 143, 577, -1,
      577, 143, 140, -1,
      140, 141, 577, -1,
      577, 141, 578, -1,
      577, 578, 579, -1,
      579, 578, 580, -1,
      578, 141, 581, -1,
      581, 141, 142, -1,
      582, 583, 576, -1,
      576, 583, 581, -1,
      576, 581, 143, -1,
      143, 581, 142, -1,
      579, 580, 582, -1,
      582, 580, 583, -1,
      584, 139, 585, -1,
      585, 139, 136, -1,
      136, 137, 585, -1,
      585, 137, 586, -1,
      585, 586, 587, -1,
      587, 586, 588, -1,
      586, 137, 589, -1,
      589, 137, 138, -1,
      590, 591, 584, -1,
      584, 591, 589, -1,
      584, 589, 139, -1,
      139, 589, 138, -1,
      587, 588, 590, -1,
      590, 588, 591, -1,
      592, 135, 593, -1,
      593, 135, 132, -1,
      132, 133, 593, -1,
      593, 133, 594, -1,
      593, 594, 595, -1,
      595, 594, 596, -1,
      594, 133, 597, -1,
      597, 133, 134, -1,
      598, 599, 592, -1,
      592, 599, 597, -1,
      592, 597, 135, -1,
      135, 597, 134, -1,
      595, 596, 598, -1,
      598, 596, 599, -1,
      600, 131, 601, -1,
      601, 131, 128, -1,
      128, 129, 601, -1,
      601, 129, 602, -1,
      601, 602, 603, -1,
      603, 602, 604, -1,
      602, 129, 605, -1,
      605, 129, 130, -1,
      606, 607, 600, -1,
      600, 607, 605, -1,
      600, 605, 131, -1,
      131, 605, 130, -1,
      603, 604, 606, -1,
      606, 604, 607, -1,
      608, 127, 609, -1,
      609, 127, 124, -1,
      124, 125, 609, -1,
      609, 125, 610, -1,
      609, 610, 611, -1,
      611, 610, 612, -1,
      610, 125, 613, -1,
      613, 125, 126, -1,
      614, 615, 608, -1,
      608, 615, 613, -1,
      608, 613, 127, -1,
      127, 613, 126, -1,
      611, 612, 614, -1,
      614, 612, 615, -1,
      616, 123, 617, -1,
      617, 123, 120, -1,
      120, 121, 617, -1,
      617, 121, 618, -1,
      617, 618, 619, -1,
      619, 618, 620, -1,
      618, 121, 621, -1,
      621, 121, 122, -1,
      622, 623, 616, -1,
      616, 623, 621, -1,
      616, 621, 123, -1,
      123, 621, 122, -1,
      619, 620, 622, -1,
      622, 620, 623, -1,
      624, 119, 625, -1,
      625, 119, 116, -1,
      116, 117, 625, -1,
      625, 117, 626, -1,
      625, 626, 627, -1,
      627, 626, 628, -1,
      626, 117, 629, -1,
      629, 117, 118, -1,
      630, 631, 624, -1,
      624, 631, 629, -1,
      624, 629, 119, -1,
      119, 629, 118, -1,
      627, 628, 630, -1,
      630, 628, 631, -1,
      632, 115, 633, -1,
      633, 115, 112, -1,
      112, 113, 633, -1,
      633, 113, 634, -1,
      633, 634, 635, -1,
      635, 634, 636, -1,
      634, 113, 637, -1,
      637, 113, 114, -1,
      638, 639, 632, -1,
      632, 639, 637, -1,
      632, 637, 115, -1,
      115, 637, 114, -1,
      635, 636, 638, -1,
      638, 636, 639, -1,
      640, 111, 641, -1,
      641, 111, 108, -1,
      108, 109, 641, -1,
      641, 109, 642, -1,
      641, 642, 643, -1,
      643, 642, 644, -1,
      642, 109, 645, -1,
      645, 109, 110, -1,
      646, 647, 640, -1,
      640, 647, 645, -1,
      640, 645, 111, -1,
      111, 645, 110, -1,
      643, 644, 646, -1,
      646, 644, 647, -1,
      648, 107, 649, -1,
      649, 107, 104, -1,
      104, 105, 649, -1,
      649, 105, 650, -1,
      649, 650, 651, -1,
      651, 650, 652, -1,
      650, 105, 653, -1,
      653, 105, 106, -1,
      654, 655, 648, -1,
      648, 655, 653, -1,
      648, 653, 107, -1,
      107, 653, 106, -1,
      651, 652, 654, -1,
      654, 652, 655, -1,
      656, 103, 657, -1,
      657, 103, 100, -1,
      100, 101, 657, -1,
      657, 101, 658, -1,
      657, 658, 659, -1,
      659, 658, 660, -1,
      658, 101, 661, -1,
      661, 101, 102, -1,
      662, 663, 656, -1,
      656, 663, 661, -1,
      656, 661, 103, -1,
      103, 661, 102, -1,
      659, 660, 662, -1,
      662, 660, 663, -1,
      664, 99, 665, -1,
      665, 99, 96, -1,
      96, 97, 665, -1,
      665, 97, 666, -1,
      665, 666, 667, -1,
      667, 666, 668, -1,
      666, 97, 669, -1,
      669, 97, 98, -1,
      670, 671, 664, -1,
      664, 671, 669, -1,
      664, 669, 99, -1,
      99, 669, 98, -1,
      667, 668, 670, -1,
      670, 668, 671, -1,
      672, 95, 673, -1,
      673, 95, 92, -1,
      92, 93, 673, -1,
      673, 93, 674, -1,
      673, 674, 675, -1,
      675, 674, 676, -1,
      674, 93, 677, -1,
      677, 93, 94, -1,
      678, 679, 672, -1,
      672, 679, 677, -1,
      672, 677, 95, -1,
      95, 677, 94, -1,
      675, 676, 678, -1,
      678, 676, 679, -1,
      680, 91, 681, -1,
      681, 91, 88, -1,
      88, 89, 681, -1,
      681, 89, 682, -1,
      681, 682, 683, -1,
      683, 682, 684, -1,
      682, 89, 685, -1,
      685, 89, 90, -1,
      686, 687, 680, -1,
      680, 687, 685, -1,
      680, 685, 91, -1,
      91, 685, 90, -1,
      683, 684, 686, -1,
      686, 684, 687, -1,
      688, 87, 689, -1,
      689, 87, 84, -1,
      84, 85, 689, -1,
      689, 85, 690, -1,
      689, 690, 691, -1,
      691, 690, 692, -1,
      690, 85, 693, -1,
      693, 85, 86, -1,
      694, 695, 688, -1,
      688, 695, 693, -1,
      688, 693, 87, -1,
      87, 693, 86, -1,
      691, 692, 694, -1,
      694, 692, 695, -1,
      696, 83, 697, -1,
      697, 83, 80, -1,
      80, 81, 697, -1,
      697, 81, 698, -1,
      697, 698, 699, -1,
      699, 698, 700, -1,
      698, 81, 701, -1,
      701, 81, 82, -1,
      702, 703, 696, -1,
      696, 703, 701, -1,
      696, 701, 83, -1,
      83, 701, 82, -1,
      699, 700, 702, -1,
      702, 700, 703, -1,
      704, 79, 705, -1,
      705, 79, 76, -1,
      76, 77, 705, -1,
      705, 77, 706, -1,
      705, 706, 707, -1,
      707, 706, 708, -1,
      706, 77, 709, -1,
      709, 77, 78, -1,
      710, 711, 704, -1,
      704, 711, 709, -1,
      704, 709, 79, -1,
      79, 709, 78, -1,
      707, 708, 710, -1,
      710, 708, 711, -1,
      712, 75, 713, -1,
      713, 75, 72, -1,
      72, 73, 713, -1,
      713, 73, 714, -1,
      713, 714, 715, -1,
      715, 714, 716, -1,
      714, 73, 717, -1,
      717, 73, 74, -1,
      718, 719, 712, -1,
      712, 719, 717, -1,
      712, 717, 75, -1,
      75, 717, 74, -1,
      715, 716, 718, -1,
      718, 716, 719, -1,
      720, 71, 721, -1,
      721, 71, 68, -1,
      68, 69, 721, -1,
      721, 69, 722, -1,
      721, 722, 723, -1,
      723, 722, 724, -1,
      722, 69, 725, -1,
      725, 69, 70, -1,
      726, 727, 720, -1,
      720, 727, 725, -1,
      720, 725, 71, -1,
      71, 725, 70, -1,
      723, 724, 726, -1,
      726, 724, 727, -1,
      728, 67, 729, -1,
      729, 67, 64, -1,
      64, 65, 729, -1,
      729, 65, 730, -1,
      729, 730, 731, -1,
      731, 730, 732, -1,
      730, 65, 733, -1,
      733, 65, 66, -1,
      734, 735, 728, -1,
      728, 735, 733, -1,
      728, 733, 67, -1,
      67, 733, 66, -1,
      731, 732, 734, -1,
      734, 732, 735, -1,
      736, 63, 737, -1,
      737, 63, 60, -1,
      60, 61, 737, -1,
      737, 61, 738, -1,
      737, 738, 739, -1,
      739, 738, 740, -1,
      738, 61, 741, -1,
      741, 61, 62, -1,
      742, 743, 736, -1,
      736, 743, 741, -1,
      736, 741, 63, -1,
      63, 741, 62, -1,
      739, 740, 742, -1,
      742, 740, 743, -1,
      744, 59, 745, -1,
      745, 59, 56, -1,
      56, 57, 745, -1,
      745, 57, 746, -1,
      745, 746, 747, -1,
      747, 746, 748, -1,
      746, 57, 749, -1,
      749, 57, 58, -1,
      750, 751, 744, -1,
      744, 751, 749, -1,
      744, 749, 59, -1,
      59, 749, 58, -1,
      747, 748, 750, -1,
      750, 748, 751, -1,
      752, 55, 753, -1,
      753, 55, 52, -1,
      754, 755, 756, -1,
      756, 755, 753, -1,
      756, 753, 53, -1,
      53, 753, 52, -1,
      756, 53, 757, -1,
      757, 53, 54, -1,
      54, 55, 757, -1,
      757, 55, 752, -1,
      757, 752, 758, -1,
      758, 752, 759, -1,
      755, 754, 759, -1,
      759, 754, 758, -1,
      760, 51, 761, -1,
      761, 51, 48, -1,
      762, 763, 764, -1,
      764, 763, 761, -1,
      764, 761, 49, -1,
      49, 761, 48, -1,
      764, 49, 765, -1,
      765, 49, 50, -1,
      50, 51, 765, -1,
      765, 51, 760, -1,
      765, 760, 766, -1,
      766, 760, 767, -1,
      763, 762, 767, -1,
      767, 762, 766, -1,
      768, 47, 769, -1,
      769, 47, 44, -1,
      770, 771, 772, -1,
      772, 771, 769, -1,
      772, 769, 45, -1,
      45, 769, 44, -1,
      772, 45, 773, -1,
      773, 45, 46, -1,
      46, 47, 773, -1,
      773, 47, 768, -1,
      773, 768, 774, -1,
      774, 768, 775, -1,
      771, 770, 775, -1,
      775, 770, 774, -1,
      776, 43, 777, -1,
      777, 43, 40, -1,
      778, 779, 780, -1,
      780, 779, 777, -1,
      780, 777, 41, -1,
      41, 777, 40, -1,
      780, 41, 781, -1,
      781, 41, 42, -1,
      42, 43, 781, -1,
      781, 43, 776, -1,
      781, 776, 782, -1,
      782, 776, 783, -1,
      779, 778, 783, -1,
      783, 778, 782, -1,
      784, 39, 785, -1,
      785, 39, 36, -1,
      786, 787, 788, -1,
      788, 787, 785, -1,
      788, 785, 37, -1,
      37, 785, 36, -1,
      788, 37, 789, -1,
      789, 37, 38, -1,
      38, 39, 789, -1,
      789, 39, 784, -1,
      789, 784, 790, -1,
      790, 784, 791, -1,
      787, 786, 791, -1,
      791, 786, 790, -1,
      792, 35, 793, -1,
      793, 35, 32, -1,
      794, 795, 796, -1,
      796, 795, 793, -1,
      796, 793, 33, -1,
      33, 793, 32, -1,
      796, 33, 797, -1,
      797, 33, 34, -1,
      34, 35, 797, -1,
      797, 35, 792, -1,
      797, 792, 798, -1,
      798, 792, 799, -1,
      795, 794, 799, -1,
      799, 794, 798, -1,
      800, 31, 801, -1,
      801, 31, 28, -1,
      802, 803, 804, -1,
      804, 803, 801, -1,
      804, 801, 29, -1,
      29, 801, 28, -1,
      804, 29, 805, -1,
      805, 29, 30, -1,
      30, 31, 805, -1,
      805, 31, 800, -1,
      805, 800, 806, -1,
      806, 800, 807, -1,
      803, 802, 807, -1,
      807, 802, 806, -1,
      808, 27, 809, -1,
      809, 27, 24, -1,
      810, 811, 812, -1,
      812, 811, 809, -1,
      812, 809, 25, -1,
      25, 809, 24, -1,
      812, 25, 813, -1,
      813, 25, 26, -1,
      26, 27, 813, -1,
      813, 27, 808, -1,
      813, 808, 814, -1,
      814, 808, 815, -1,
      811, 810, 815, -1,
      815, 810, 814, -1,
      816, 23, 817, -1,
      817, 23, 20, -1,
      20, 21, 817, -1,
      817, 21, 818, -1,
      817, 818, 819, -1,
      819, 818, 820, -1,
      818, 21, 821, -1,
      821, 21, 22, -1,
      822, 823, 816, -1,
      816, 823, 821, -1,
      816, 821, 23, -1,
      23, 821, 22, -1,
      819, 820, 822, -1,
      822, 820, 823, -1,
      824, 19, 825, -1,
      825, 19, 16, -1,
      16, 17, 825, -1,
      825, 17, 826, -1,
      825, 826, 827, -1,
      827, 826, 828, -1,
      826, 17, 829, -1,
      829, 17, 18, -1,
      830, 831, 824, -1,
      824, 831, 829, -1,
      824, 829, 19, -1,
      19, 829, 18, -1,
      827, 828, 830, -1,
      830, 828, 831, -1,
      832, 15, 833, -1,
      833, 15, 12, -1,
      12, 13, 833, -1,
      833, 13, 834, -1,
      833, 834, 835, -1,
      835, 834, 836, -1,
      834, 13, 837, -1,
      837, 13, 14, -1,
      838, 839, 832, -1,
      832, 839, 837, -1,
      832, 837, 15, -1,
      15, 837, 14, -1,
      835, 836, 838, -1,
      838, 836, 839, -1,
      840, 11, 841, -1,
      841, 11, 8, -1,
      8, 9, 841, -1,
      841, 9, 842, -1,
      841, 842, 843, -1,
      843, 842, 844, -1,
      842, 9, 845, -1,
      845, 9, 10, -1,
      846, 847, 840, -1,
      840, 847, 845, -1,
      840, 845, 11, -1,
      11, 845, 10, -1,
      843, 844, 846, -1,
      846, 844, 847, -1,
      848, 7, 849, -1,
      849, 7, 4, -1,
      4, 5, 849, -1,
      849, 5, 850, -1,
      849, 850, 851, -1,
      851, 850, 852, -1,
      850, 5, 853, -1,
      853, 5, 6, -1,
      854, 855, 848, -1,
      848, 855, 853, -1,
      848, 853, 7, -1,
      7, 853, 6, -1,
      851, 852, 854, -1,
      854, 852, 855, -1,
      856, 3, 857, -1,
      857, 3, 0, -1,
      0, 1, 857, -1,
      857, 1, 858, -1,
      857, 858, 859, -1,
      859, 858, 860, -1,
      858, 1, 861, -1,
      861, 1, 2, -1,
      862, 863, 856, -1,
      856, 863, 861, -1,
      856, 861, 3, -1,
      3, 861, 2, -1,
      859, 860, 862, -1,
      862, 860, 863, -1,
      441, 443, 440, -1,
      440, 443, 446, -1,
      445, 447, 442, -1,
      442, 447, 444, -1,
      449, 451, 448, -1,
      448, 451, 454, -1,
      453, 455, 450, -1,
      450, 455, 452, -1,
      457, 459, 456, -1,
      456, 459, 462, -1,
      461, 463, 458, -1,
      458, 463, 460, -1,
      465, 467, 464, -1,
      464, 467, 470, -1,
      469, 471, 466, -1,
      466, 471, 468, -1,
      473, 475, 472, -1,
      472, 475, 478, -1,
      477, 479, 474, -1,
      474, 479, 476, -1,
      481, 483, 480, -1,
      480, 483, 486, -1,
      485, 487, 482, -1,
      482, 487, 484, -1,
      489, 491, 488, -1,
      488, 491, 494, -1,
      493, 495, 490, -1,
      490, 495, 492, -1,
      497, 499, 496, -1,
      496, 499, 502, -1,
      501, 503, 498, -1,
      498, 503, 500, -1,
      505, 507, 504, -1,
      504, 507, 510, -1,
      509, 511, 506, -1,
      506, 511, 508, -1,
      513, 515, 512, -1,
      512, 515, 518, -1,
      517, 519, 514, -1,
      514, 519, 516, -1,
      521, 523, 520, -1,
      520, 523, 526, -1,
      525, 527, 522, -1,
      522, 527, 524, -1,
      529, 531, 528, -1,
      528, 531, 534, -1,
      533, 535, 530, -1,
      530, 535, 532, -1,
      537, 539, 536, -1,
      536, 539, 542, -1,
      541, 543, 538, -1,
      538, 543, 540, -1,
      545, 547, 544, -1,
      544, 547, 550, -1,
      549, 551, 546, -1,
      546, 551, 548, -1,
      553, 555, 552, -1,
      552, 555, 558, -1,
      557, 559, 554, -1,
      554, 559, 556, -1,
      561, 563, 560, -1,
      560, 563, 566, -1,
      565, 567, 562, -1,
      562, 567, 564, -1,
      569, 571, 568, -1,
      568, 571, 574, -1,
      573, 575, 570, -1,
      570, 575, 572, -1,
      577, 579, 576, -1,
      576, 579, 582, -1,
      581, 583, 578, -1,
      578, 583, 580, -1,
      585, 587, 584, -1,
      584, 587, 590, -1,
      589, 591, 586, -1,
      586, 591, 588, -1,
      593, 595, 592, -1,
      592, 595, 598, -1,
      597, 599, 594, -1,
      594, 599, 596, -1,
      601, 603, 600, -1,
      600, 603, 606, -1,
      605, 607, 602, -1,
      602, 607, 604, -1,
      609, 611, 608, -1,
      608, 611, 614, -1,
      613, 615, 610, -1,
      610, 615, 612, -1,
      617, 619, 616, -1,
      616, 619, 622, -1,
      621, 623, 618, -1,
      618, 623, 620, -1,
      625, 627, 624, -1,
      624, 627, 630, -1,
      629, 631, 626, -1,
      626, 631, 628, -1,
      633, 635, 632, -1,
      632, 635, 638, -1,
      637, 639, 634, -1,
      634, 639, 636, -1,
      641, 643, 640, -1,
      640, 643, 646, -1,
      645, 647, 642, -1,
      642, 647, 644, -1,
      649, 651, 648, -1,
      648, 651, 654, -1,
      653, 655, 650, -1,
      650, 655, 652, -1,
      657, 659, 656, -1,
      656, 659, 662, -1,
      661, 663, 658, -1,
      658, 663, 660, -1,
      665, 667, 664, -1,
      664, 667, 670, -1,
      669, 671, 666, -1,
      666, 671, 668, -1,
      673, 675, 672, -1,
      672, 675, 678, -1,
      677, 679, 674, -1,
      674, 679, 676, -1,
      681, 683, 680, -1,
      680, 683, 686, -1,
      685, 687, 682, -1,
      682, 687, 684, -1,
      689, 691, 688, -1,
      688, 691, 694, -1,
      693, 695, 690, -1,
      690, 695, 692, -1,
      697, 699, 696, -1,
      696, 699, 702, -1,
      701, 703, 698, -1,
      698, 703, 700, -1,
      705, 707, 704, -1,
      704, 707, 710, -1,
      709, 711, 706, -1,
      706, 711, 708, -1,
      713, 715, 712, -1,
      712, 715, 718, -1,
      717, 719, 714, -1,
      714, 719, 716, -1,
      721, 723, 720, -1,
      720, 723, 726, -1,
      725, 727, 722, -1,
      722, 727, 724, -1,
      729, 731, 728, -1,
      728, 731, 734, -1,
      733, 735, 730, -1,
      730, 735, 732, -1,
      737, 739, 736, -1,
      736, 739, 742, -1,
      741, 743, 738, -1,
      738, 743, 740, -1,
      745, 747, 744, -1,
      744, 747, 750, -1,
      749, 751, 746, -1,
      746, 751, 748, -1,
      753, 755, 752, -1,
      752, 755, 759, -1,
      757, 758, 756, -1,
      756, 758, 754, -1,
      761, 763, 760, -1,
      760, 763, 767, -1,
      765, 766, 764, -1,
      764, 766, 762, -1,
      769, 771, 768, -1,
      768, 771, 775, -1,
      773, 774, 772, -1,
      772, 774, 770, -1,
      777, 779, 776, -1,
      776, 779, 783, -1,
      781, 782, 780, -1,
      780, 782, 778, -1,
      785, 787, 784, -1,
      784, 787, 791, -1,
      789, 790, 788, -1,
      788, 790, 786, -1,
      793, 795, 792, -1,
      792, 795, 799, -1,
      797, 798, 796, -1,
      796, 798, 794, -1,
      801, 803, 800, -1,
      800, 803, 807, -1,
      805, 806, 804, -1,
      804, 806, 802, -1,
      809, 811, 808, -1,
      808, 811, 815, -1,
      813, 814, 812, -1,
      812, 814, 810, -1,
      817, 819, 816, -1,
      816, 819, 822, -1,
      821, 823, 818, -1,
      818, 823, 820, -1,
      825, 827, 824, -1,
      824, 827, 830, -1,
      829, 831, 826, -1,
      826, 831, 828, -1,
      833, 835, 832, -1,
      832, 835, 838, -1,
      837, 839, 834, -1,
      834, 839, 836, -1,
      841, 843, 840, -1,
      840, 843, 846, -1,
      845, 847, 842, -1,
      842, 847, 844, -1,
      849, 851, 848, -1,
      848, 851, 854, -1,
      853, 855, 850, -1,
      850, 855, 852, -1,
      857, 859, 856, -1,
      856, 859, 862, -1,
      861, 863, 858, -1,
      858, 863, 860, -1,
    ]
  }
}

Shape {
  appearance Appearance {
    material Material {
      diffuseColor 0.2510 0.2510 0.2510
      specularColor 0.1255 0.1255 0.1255
      ambientIntensity 0.2
      transparency 0.0000
      shininess 0.5
    }
  }
  geometry IndexedFaceSet {
    ccw TRUE
    solid FALSE
    coord DEF co Coordinate {
      point [
        -13.539370 0.984252 -0.078740,
        13.539370 0.984252 -0.078740,
        13.539370 0.984252 -3.346457,
        -13.539370 0.984252 -3.346457,
        -13.578741 0.944882 -3.346457,
        -13.556452 0.980353 -3.346457,
        -13.574842 0.961964 -3.346457,
        -13.563918 0.975663 -3.346457,
        -13.570150 0.969429 -3.346457,
        -13.577753 0.953643 -3.346457,
        -13.548131 0.983265 -3.346457,
        13.578741 0.944882 -3.346457,
        13.559055 0.978978 -3.346457,
        13.567209 0.972721 -3.346457,
        13.549560 0.982911 -3.346457,
        13.573466 0.964567 -3.346457,
        13.577398 0.955072 -3.346457,
        13.578741 -0.944882 -3.346457,
        13.578741 0.944882 -0.078740,
        13.578741 -0.944882 -0.078740,
        13.539370 -0.984252 -3.346457,
        13.539370 -0.984252 -0.078740,
        -13.539370 -0.984252 -3.346457,
        -13.539370 -0.984252 -0.078740,
        -13.578741 -0.944882 -3.346457,
        -13.578741 -0.944882 -0.078740,
        -13.578741 0.944882 -0.078740,
        -13.577753 -0.953643 -3.346457,
        -13.563918 -0.975663 -3.346457,
        -13.556452 -0.980353 -3.346457,
        -13.548131 -0.983265 -3.346457,
        -13.570150 -0.969429 -3.346457,
        -13.574842 -0.961964 -3.346457,
        13.577398 -0.955072 -3.346457,
        13.573466 -0.964567 -3.346457,
        13.567209 -0.972721 -3.346457,
        13.549560 -0.982911 -3.346457,
        13.559055 -0.978978 -3.346457,
        -13.543778 0.984004 -0.078493,
        -13.548131 0.983265 -0.077753,
        -13.552373 0.982043 -0.076531,
        -13.556452 0.980353 -0.074841,
        -13.563918 0.975663 -0.070151,
        -13.567209 0.972721 -0.067209,
        13.567209 0.972721 -0.067209,
        13.563338 0.976116 -0.070604,
        13.559055 0.978978 -0.073466,
        13.554436 0.981255 -0.075743,
        13.549560 0.982911 -0.077399,
        13.544509 0.983915 -0.078403,
        -13.577753 -0.953643 -0.077753,
        -13.576531 -0.957885 -0.076531,
        -13.578493 -0.949290 -0.078493,
        -13.570150 0.969429 -0.070151,
        -13.574842 -0.961964 -0.074841,
        -13.570150 -0.969429 -0.070151,
        -13.567209 -0.972721 -0.067209,
        -13.574842 0.961964 -0.074841,
        -13.576531 0.957885 -0.076531,
        -13.577753 0.953643 -0.077753,
        -13.578493 0.949290 -0.078493,
        13.570605 0.968849 -0.070604,
        13.567209 -0.972721 -0.067209,
        13.570605 -0.968849 -0.070604,
        13.573466 0.964567 -0.073466,
        13.573466 -0.964567 -0.073466,
        13.575744 -0.959948 -0.075743,
        13.577398 -0.955072 -0.077399,
        13.578403 0.950021 -0.078403,
        13.577398 0.955072 -0.077399,
        13.575744 0.959948 -0.075743,
        13.578403 -0.950021 -0.078403,
        -13.563918 -0.975663 -0.070151,
        -13.556452 -0.980353 -0.074841,
        -13.552373 -0.982043 -0.076531,
        -13.548131 -0.983265 -0.077753,
        -13.543778 -0.984004 -0.078493,
        13.554436 -0.981255 -0.075743,
        13.559055 -0.978978 -0.073466,
        13.563338 -0.976116 -0.070604,
        13.544509 -0.983915 -0.078403,
        13.549560 -0.982911 -0.077399,
      ]
    }
    coordIndex [
      36, 37, 78, -1,
      78, 77, 36, -1,
      36, 77, 81, -1,
      36, 81, 20, -1,
      20, 81, 80, -1,
      20, 80, 21, -1,
      35, 34, 65, -1,
      65, 63, 35, -1,
      35, 63, 62, -1,
      35, 62, 37, -1,
      37, 62, 79, -1,
      37, 79, 78, -1,
      33, 17, 19, -1,
      19, 71, 33, -1,
      33, 71, 67, -1,
      33, 67, 34, -1,
      34, 67, 66, -1,
      34, 66, 65, -1,
      16, 15, 64, -1,
      64, 70, 16, -1,
      16, 70, 69, -1,
      16, 69, 11, -1,
      11, 69, 68, -1,
      11, 68, 18, -1,
      13, 12, 46, -1,
      46, 45, 13, -1,
      13, 45, 44, -1,
      13, 44, 15, -1,
      15, 44, 61, -1,
      15, 61, 64, -1,
      14, 2, 1, -1,
      1, 49, 14, -1,
      14, 49, 48, -1,
      14, 48, 12, -1,
      12, 48, 47, -1,
      12, 47, 46, -1,
      54, 51, 27, -1,
      27, 51, 50, -1,
      27, 50, 24, -1,
      24, 50, 52, -1,
      24, 52, 25, -1,
      27, 32, 54, -1,
      54, 32, 31, -1,
      54, 31, 55, -1,
      55, 31, 72, -1,
      55, 72, 56, -1,
      31, 28, 72, -1,
      72, 28, 29, -1,
      72, 29, 73, -1,
      30, 22, 23, -1,
      23, 76, 30, -1,
      30, 76, 75, -1,
      30, 75, 29, -1,
      29, 75, 74, -1,
      29, 74, 73, -1,
      41, 40, 10, -1,
      10, 40, 39, -1,
      10, 39, 3, -1,
      3, 39, 38, -1,
      3, 38, 0, -1,
      53, 43, 42, -1,
      10, 5, 41, -1,
      41, 5, 7, -1,
      41, 7, 42, -1,
      42, 7, 8, -1,
      42, 8, 53, -1,
      53, 8, 6, -1,
      53, 6, 57, -1,
      9, 4, 26, -1,
      26, 60, 9, -1,
      9, 60, 59, -1,
      9, 59, 6, -1,
      6, 59, 58, -1,
      6, 58, 57, -1,
    ]
  }
}

Shape {
  appearance Appearance {
    material Material {
      diffuseColor 0.7529 0.7529 0.7529
      specularColor 0.3765 0.3765 0.3765
      ambientIntensity 0.2
      transparency 0.0000
      shininess 0.5
    }
  }
  geometry IndexedFaceSet {
    ccw TRUE
    solid FALSE
    coord DEF co Coordinate {
      point [
        5.105044 0.984252 -1.583890,
        5.107409 0.984252 -1.577177,
        4.728620 0.984252 -1.377640,
        4.759561 0.984252 -1.377640,
        4.728620 0.984252 -1.408342,
        4.722549 0.984252 -1.614110,
        4.722549 0.984252 -1.644539,
        4.831641 0.984252 -1.408342,
        4.831641 0.984252 -1.493760,
        4.759561 0.984252 -1.408342,
        4.759561 0.984252 -1.493760,
        4.736194 0.984252 -1.493760,
        4.736194 0.984252 -1.524325,
        4.759561 0.984252 -1.614110,
        4.759561 0.984252 -1.524325,
        4.831641 0.984252 -1.614110,
        4.831641 0.984252 -1.524325,
        4.866095 0.984252 -1.377640,
        4.866095 0.984252 -1.644539,
        4.988424 0.984252 -1.618340,
        4.977224 0.984252 -1.617967,
        4.930909 0.984252 -1.415522,
        4.759561 0.984252 -1.644539,
        4.919516 0.984252 -1.600465,
        4.919516 0.984252 -1.420077,
        4.930909 0.984252 -1.605518,
        4.946835 0.984252 -1.612581,
        5.057565 0.984252 -1.436531,
        5.070305 0.984252 -1.455236,
        5.079080 0.984252 -1.478542,
        4.982420 0.984252 -1.404248,
        4.994240 0.984252 -1.404793,
        5.055148 0.984252 -1.433858,
        5.017254 0.984252 -1.409548,
        5.038096 0.984252 -1.419574,
        5.083189 0.984252 -1.514092,
        5.083171 0.984252 -1.516583,
        5.078975 0.984252 -1.549349,
        5.050465 0.984252 -1.596564,
        5.032682 0.984252 -1.608590,
        5.013326 0.984252 -1.615586,
        4.948843 0.984252 -1.408354,
        5.070576 0.984252 -1.571096,
        5.056990 0.984252 -1.590231,
        4.955354 0.984252 -1.375389,
        4.945789 0.984252 -1.376247,
        4.930909 0.984252 -1.380669,
        4.919516 0.984252 -1.384054,
        4.980310 0.984252 -1.373149,
        4.982761 0.984252 -1.373137,
        5.002637 0.984252 -1.375389,
        5.100429 0.984252 -1.438194,
        5.080801 0.984252 -1.412435,
        5.073435 0.984252 -1.405458,
        5.047276 0.984252 -1.387629,
        5.019027 0.984252 -1.377246,
        5.112991 0.984252 -1.467924,
        5.107409 0.984252 -1.454714,
        5.115207 0.984252 -1.555040,
        5.119348 0.984252 -1.516138,
        5.118926 0.984252 -1.502902,
        5.064893 0.984252 -1.629632,
        5.039906 0.984252 -1.641832,
        5.017256 0.984252 -1.646790,
        5.085099 0.984252 -1.612609,
        5.089808 0.984252 -1.607299,
        4.993404 0.984252 -1.649042,
        5.011278 0.984252 -1.648099,
        4.970729 0.984252 -1.646790,
        4.919516 0.984252 -1.633486,
        4.923130 0.984252 -1.635308,
        4.930909 0.984252 -1.637938,
        4.951426 0.984252 -1.644874,
        5.236560 0.984252 -1.377640,
        5.236560 0.984252 -1.614110,
        5.130264 0.984252 -1.614110,
        5.271014 0.984252 -1.644539,
        5.271014 0.984252 -1.377640,
        5.130264 0.984252 -1.644539,
        4.461752 0.984252 -1.554863,
        4.474654 0.984252 -1.582608,
        4.495085 0.984252 -1.607151,
        4.501113 0.984252 -1.612446,
        4.527496 0.984252 -1.629459,
        4.595990 0.984252 -1.377640,
        4.554828 0.984252 -1.382238,
        4.522672 0.984252 -1.394090,
        4.495085 0.984252 -1.412981,
        4.484885 0.984252 -1.423054,
        4.468565 0.984252 -1.446570,
        4.559026 0.984252 -1.640392,
        4.598719 0.984252 -1.644539,
        4.672130 0.984252 -1.644539,
        4.672130 0.984252 -1.377640,
        4.458931 0.984252 -1.472267,
        4.454831 0.984252 -1.507678,
        4.455515 0.984252 -1.523410,
        5.130264 0.988189 -1.614110,
        5.130264 0.988189 -1.644539,
        5.236560 0.988189 -1.614110,
        5.236560 0.988189 -1.377640,
        5.271014 0.988189 -1.377640,
        5.271014 0.988189 -1.644539,
        4.923130 0.988189 -1.635308,
        4.951426 0.988189 -1.644874,
        4.993404 0.988189 -1.649042,
        4.919516 0.988189 -1.633486,
        4.919516 0.988189 -1.600465,
        4.946835 0.988189 -1.612581,
        4.977224 0.988189 -1.617967,
        4.988424 0.988189 -1.618340,
        5.013326 0.988189 -1.615586,
        5.032682 0.988189 -1.608590,
        5.050465 0.988189 -1.596564,
        5.056990 0.988189 -1.590231,
        5.070576 0.988189 -1.571096,
        5.078975 0.988189 -1.549349,
        5.083171 0.988189 -1.516583,
        5.083189 0.988189 -1.514092,
        5.079080 0.988189 -1.478542,
        5.070305 0.988189 -1.455236,
        5.057565 0.988189 -1.436531,
        5.055148 0.988189 -1.433858,
        5.038096 0.988189 -1.419574,
        5.017254 0.988189 -1.409548,
        4.994240 0.988189 -1.404793,
        4.982420 0.988189 -1.404248,
        4.919516 0.988189 -1.420077,
        4.948843 0.988189 -1.408354,
        4.919516 0.988189 -1.384054,
        4.982761 0.988189 -1.373137,
        4.980310 0.988189 -1.373149,
        4.945789 0.988189 -1.376247,
        5.019027 0.988189 -1.377246,
        5.047276 0.988189 -1.387629,
        5.073435 0.988189 -1.405458,
        5.080801 0.988189 -1.412435,
        5.100429 0.988189 -1.438194,
        5.112991 0.988189 -1.467924,
        5.118926 0.988189 -1.502902,
        5.119348 0.988189 -1.516138,
        5.105044 0.988189 -1.583890,
        5.115207 0.988189 -1.555040,
        5.089808 0.988189 -1.607299,
        5.085099 0.988189 -1.612609,
        5.064893 0.988189 -1.629632,
        5.011278 0.988189 -1.648099,
        5.039906 0.988189 -1.641832,
        4.722549 0.988189 -1.614110,
        4.722549 0.988189 -1.644539,
        4.831641 0.988189 -1.614110,
        4.831641 0.988189 -1.524325,
        4.736194 0.988189 -1.524325,
        4.736194 0.988189 -1.493760,
        4.831641 0.988189 -1.493760,
        4.831641 0.988189 -1.408342,
        4.728620 0.988189 -1.408342,
        4.728620 0.988189 -1.377640,
        4.866095 0.988189 -1.377640,
        4.866095 0.988189 -1.644539,
        4.491764 0.988189 -1.523808,
        4.455515 0.988189 -1.523410,
        4.491059 0.988189 -1.508633,
        4.454831 0.988189 -1.507678,
        4.494356 0.988189 -1.477883,
        4.458931 0.988189 -1.472267,
        4.501545 0.988189 -1.457678,
        4.468565 0.988189 -1.446570,
        4.511564 0.988189 -1.442318,
        4.484885 0.988189 -1.423054,
        4.520328 0.988189 -1.433449,
        4.495085 0.988189 -1.412981,
        4.540847 0.988189 -1.419988,
        4.522672 0.988189 -1.394090,
        4.564214 0.988189 -1.411847,
        4.554828 0.988189 -1.382238,
        4.597355 0.988189 -1.408342,
        4.595990 0.988189 -1.377640,
        4.637676 0.988189 -1.408342,
        4.672130 0.988189 -1.377640,
        4.637676 0.988189 -1.614110,
        4.672130 0.988189 -1.644539,
        4.598924 0.988189 -1.614110,
        4.598719 0.988189 -1.644539,
        4.563115 0.988189 -1.609996,
        4.559026 0.988189 -1.640392,
        4.540778 0.988189 -1.601601,
        4.527496 0.988189 -1.629459,
        4.523387 0.988189 -1.589789,
        4.501113 0.988189 -1.612446,
        4.519578 0.988189 -1.586274,
        4.495085 0.988189 -1.607151,
        4.505636 0.988189 -1.568711,
        4.474654 0.988189 -1.582608,
        4.496687 0.988189 -1.548655,
        4.461752 0.988189 -1.554863,
        4.597355 0.984252 -1.408342,
        4.637676 0.984252 -1.408342,
        4.637676 0.984252 -1.614110,
        4.598924 0.984252 -1.614110,
        4.519578 0.984252 -1.586274,
        4.523387 0.984252 -1.589789,
        4.540778 0.984252 -1.601601,
        4.563115 0.984252 -1.609996,
        4.491059 0.984252 -1.508633,
        4.491764 0.984252 -1.523808,
        4.496687 0.984252 -1.548655,
        4.505636 0.984252 -1.568711,
        4.520328 0.984252 -1.433449,
        4.511564 0.984252 -1.442318,
        4.501545 0.984252 -1.457678,
        4.494356 0.984252 -1.477883,
        4.564214 0.984252 -1.411847,
        4.540847 0.984252 -1.419988,
      ]
    }
    coordIndex [
      97, 98, 75, -1,
      75, 98, 78, -1,
      99, 97, 74, -1,
      74, 97, 75, -1,
      100, 99, 73, -1,
      73, 99, 74, -1,
      101, 100, 77, -1,
      77, 100, 73, -1,
      102, 101, 76, -1,
      76, 101, 77, -1,
      98, 102, 78, -1,
      78, 102, 76, -1,
      100, 101, 99, -1,
      99, 101, 102, -1,
      99, 102, 97, -1,
      97, 102, 98, -1,
      71, 103, 72, -1,
      72, 103, 104, -1,
      72, 104, 68, -1,
      68, 104, 105, -1,
      68, 105, 66, -1,
      71, 70, 103, -1,
      103, 70, 69, -1,
      103, 69, 106, -1,
      107, 106, 23, -1,
      23, 106, 69, -1,
      107, 23, 25, -1,
      107, 25, 108, -1,
      25, 26, 108, -1,
      108, 26, 20, -1,
      108, 20, 109, -1,
      109, 20, 19, -1,
      109, 19, 110, -1,
      110, 19, 40, -1,
      110, 40, 111, -1,
      111, 40, 39, -1,
      111, 39, 112, -1,
      112, 39, 38, -1,
      112, 38, 113, -1,
      113, 38, 43, -1,
      113, 43, 114, -1,
      114, 43, 42, -1,
      114, 42, 115, -1,
      115, 42, 37, -1,
      115, 37, 116, -1,
      116, 37, 36, -1,
      116, 36, 117, -1,
      117, 36, 35, -1,
      117, 35, 118, -1,
      118, 35, 29, -1,
      118, 29, 119, -1,
      119, 29, 28, -1,
      119, 28, 120, -1,
      120, 28, 27, -1,
      120, 27, 121, -1,
      121, 27, 32, -1,
      121, 32, 122, -1,
      122, 32, 34, -1,
      122, 34, 123, -1,
      123, 34, 33, -1,
      123, 33, 124, -1,
      124, 33, 31, -1,
      124, 31, 125, -1,
      125, 31, 30, -1,
      125, 30, 126, -1,
      24, 127, 21, -1,
      21, 127, 128, -1,
      21, 128, 41, -1,
      41, 128, 126, -1,
      41, 126, 30, -1,
      129, 127, 47, -1,
      47, 127, 24, -1,
      49, 130, 131, -1,
      129, 47, 46, -1,
      129, 46, 132, -1,
      46, 45, 132, -1,
      132, 45, 44, -1,
      132, 44, 131, -1,
      131, 44, 48, -1,
      131, 48, 49, -1,
      133, 130, 50, -1,
      50, 130, 49, -1,
      50, 55, 133, -1,
      133, 55, 54, -1,
      133, 54, 134, -1,
      134, 54, 53, -1,
      134, 53, 135, -1,
      135, 53, 52, -1,
      135, 52, 136, -1,
      136, 52, 51, -1,
      136, 51, 137, -1,
      137, 51, 57, -1,
      137, 57, 138, -1,
      57, 56, 138, -1,
      138, 56, 60, -1,
      138, 60, 139, -1,
      139, 60, 59, -1,
      139, 59, 140, -1,
      140, 59, 58, -1,
      1, 141, 58, -1,
      58, 141, 142, -1,
      58, 142, 140, -1,
      1, 0, 141, -1,
      141, 0, 65, -1,
      141, 65, 143, -1,
      143, 65, 64, -1,
      143, 64, 144, -1,
      62, 145, 61, -1,
      61, 145, 144, -1,
      61, 144, 64, -1,
      63, 146, 62, -1,
      62, 146, 147, -1,
      62, 147, 145, -1,
      63, 67, 146, -1,
      146, 67, 66, -1,
      146, 66, 105, -1,
      115, 116, 142, -1,
      127, 129, 128, -1,
      128, 129, 132, -1,
      128, 132, 126, -1,
      126, 132, 131, -1,
      126, 131, 125, -1,
      125, 131, 130, -1,
      125, 130, 124, -1,
      124, 130, 133, -1,
      124, 133, 123, -1,
      142, 116, 140, -1,
      136, 122, 135, -1,
      135, 122, 123, -1,
      135, 123, 134, -1,
      134, 123, 133, -1,
      106, 107, 103, -1,
      103, 107, 108, -1,
      103, 108, 104, -1,
      104, 108, 105, -1,
      116, 117, 140, -1,
      140, 117, 118, -1,
      140, 118, 139, -1,
      139, 118, 119, -1,
      139, 119, 138, -1,
      138, 119, 137, -1,
      137, 119, 120, -1,
      137, 120, 136, -1,
      136, 120, 121, -1,
      136, 121, 122, -1,
      142, 141, 115, -1,
      115, 141, 143, -1,
      115, 143, 114, -1,
      114, 143, 144, -1,
      114, 144, 113, -1,
      113, 144, 145, -1,
      113, 145, 112, -1,
      112, 145, 147, -1,
      112, 147, 111, -1,
      111, 147, 146, -1,
      111, 146, 110, -1,
      110, 146, 105, -1,
      110, 105, 109, -1,
      109, 105, 108, -1,
      148, 149, 5, -1,
      5, 149, 6, -1,
      15, 150, 13, -1,
      13, 150, 148, -1,
      13, 148, 5, -1,
      151, 150, 16, -1,
      16, 150, 15, -1,
      12, 152, 14, -1,
      14, 152, 151, -1,
      14, 151, 16, -1,
      153, 152, 11, -1,
      11, 152, 12, -1,
      8, 154, 10, -1,
      10, 154, 153, -1,
      10, 153, 11, -1,
      155, 154, 7, -1,
      7, 154, 8, -1,
      4, 156, 9, -1,
      9, 156, 155, -1,
      9, 155, 7, -1,
      157, 156, 2, -1,
      2, 156, 4, -1,
      17, 158, 3, -1,
      3, 158, 157, -1,
      3, 157, 2, -1,
      159, 158, 18, -1,
      18, 158, 17, -1,
      6, 149, 22, -1,
      22, 149, 159, -1,
      22, 159, 18, -1,
      159, 149, 148, -1,
      148, 150, 159, -1,
      159, 150, 151, -1,
      159, 151, 158, -1,
      156, 157, 155, -1,
      155, 157, 158, -1,
      155, 158, 154, -1,
      154, 158, 151, -1,
      154, 151, 153, -1,
      153, 151, 152, -1,
      160, 161, 162, -1,
      162, 161, 163, -1,
      162, 163, 164, -1,
      164, 163, 165, -1,
      164, 165, 166, -1,
      166, 165, 167, -1,
      166, 167, 168, -1,
      168, 167, 169, -1,
      168, 169, 170, -1,
      170, 169, 171, -1,
      170, 171, 172, -1,
      172, 171, 173, -1,
      172, 173, 174, -1,
      174, 173, 175, -1,
      174, 175, 176, -1,
      176, 175, 177, -1,
      176, 177, 178, -1,
      178, 177, 179, -1,
      178, 179, 180, -1,
      180, 179, 181, -1,
      180, 181, 182, -1,
      182, 181, 183, -1,
      182, 183, 184, -1,
      184, 183, 185, -1,
      184, 185, 186, -1,
      186, 185, 187, -1,
      186, 187, 188, -1,
      188, 187, 189, -1,
      188, 189, 190, -1,
      190, 189, 191, -1,
      190, 191, 192, -1,
      192, 191, 193, -1,
      192, 193, 194, -1,
      194, 193, 195, -1,
      194, 195, 160, -1,
      160, 195, 161, -1,
      183, 181, 91, -1,
      91, 181, 92, -1,
      183, 91, 90, -1,
      183, 90, 185, -1,
      185, 90, 83, -1,
      185, 83, 187, -1,
      187, 83, 82, -1,
      187, 82, 189, -1,
      189, 82, 81, -1,
      189, 81, 191, -1,
      191, 81, 80, -1,
      191, 80, 193, -1,
      193, 80, 79, -1,
      193, 79, 195, -1,
      195, 79, 96, -1,
      195, 96, 161, -1,
      161, 96, 95, -1,
      161, 95, 163, -1,
      163, 95, 94, -1,
      163, 94, 165, -1,
      165, 94, 89, -1,
      165, 89, 167, -1,
      167, 89, 88, -1,
      167, 88, 169, -1,
      169, 88, 87, -1,
      169, 87, 171, -1,
      171, 87, 86, -1,
      171, 86, 173, -1,
      173, 86, 85, -1,
      173, 85, 175, -1,
      175, 85, 84, -1,
      175, 84, 177, -1,
      179, 177, 93, -1,
      93, 177, 84, -1,
      181, 179, 92, -1,
      92, 179, 93, -1,
      176, 178, 196, -1,
      196, 178, 197, -1,
      178, 180, 197, -1,
      197, 180, 198, -1,
      180, 182, 198, -1,
      198, 182, 199, -1,
      190, 200, 201, -1,
      190, 201, 188, -1,
      188, 201, 202, -1,
      188, 202, 186, -1,
      186, 202, 203, -1,
      186, 203, 184, -1,
      184, 203, 199, -1,
      184, 199, 182, -1,
      162, 204, 205, -1,
      162, 205, 160, -1,
      160, 205, 206, -1,
      160, 206, 194, -1,
      194, 206, 207, -1,
      194, 207, 192, -1,
      192, 207, 200, -1,
      192, 200, 190, -1,
      170, 208, 209, -1,
      170, 209, 168, -1,
      168, 209, 210, -1,
      168, 210, 166, -1,
      166, 210, 211, -1,
      166, 211, 164, -1,
      164, 211, 204, -1,
      164, 204, 162, -1,
      176, 196, 212, -1,
      176, 212, 174, -1,
      174, 212, 213, -1,
      174, 213, 172, -1,
      172, 213, 208, -1,
      172, 208, 170, -1,
    ]
  }
}

Shape {
  appearance Appearance {
    material Material {
      diffuseColor 0.2510 0.2510 0.2510
      specularColor 0.1255 0.1255 0.1255
      ambientIntensity 0.2
      transparency 0.0000
      shininess 0.5
    }
  }
  geometry IndexedFaceSet {
    ccw TRUE
    solid FALSE
    coord DEF co Coordinate {
      point [
        4.597355 0.984252 -1.408342,
        4.637676 0.984252 -1.408342,
        4.637676 0.984252 -1.614110,
        4.598924 0.984252 -1.614110,
        4.519578 0.984252 -1.586274,
        4.523387 0.984252 -1.589789,
        4.540778 0.984252 -1.601601,
        4.563115 0.984252 -1.609996,
        4.491059 0.984252 -1.508633,
        4.491764 0.984252 -1.523808,
        4.496687 0.984252 -1.548655,
        4.505636 0.984252 -1.568711,
        4.520328 0.984252 -1.433449,
        4.511564 0.984252 -1.442318,
        4.501545 0.984252 -1.457678,
        4.494356 0.984252 -1.477883,
        4.564214 0.984252 -1.411847,
        4.540847 0.984252 -1.419988,
      ]
    }
    coordIndex [
      1, 2, 0, -1,
      0, 2, 3, -1,
      0, 3, 7, -1,
      7, 6, 0, -1,
      0, 6, 5, -1,
      0, 5, 4, -1,
      4, 11, 0, -1,
      0, 11, 10, -1,
      0, 10, 9, -1,
      9, 8, 0, -1,
      0, 8, 15, -1,
      0, 15, 14, -1,
      14, 13, 0, -1,
      0, 13, 12, -1,
      0, 12, 16, -1,
      16, 12, 17, -1,
    ]
  }
}

Shape {
  appearance Appearance {
    material Material {
      diffuseColor 0.7529 0.7529 0.7529
      specularColor 0.3765 0.3765 0.3765
      ambientIntensity 0.2
      transparency 0.0000
      shininess 0.5
    }
  }
  geometry IndexedFaceSet {
    ccw TRUE
    solid FALSE
    coord DEF co Coordinate {
      point [
        4.199872 0.984252 -1.644539,
        4.237943 0.984252 -1.644539,
        4.301528 0.984252 -1.377640,
        4.401957 0.984252 -1.644539,
        4.440026 0.984252 -1.644539,
        4.363102 0.984252 -1.571537,
        4.376304 0.984252 -1.571537,
        4.363102 0.984252 -1.442574,
        4.338370 0.984252 -1.377640,
        4.265164 0.984252 -1.571537,
        4.365387 0.988189 -1.541382,
        4.325476 0.988189 -1.430447,
        4.338370 0.988189 -1.377640,
        4.440026 0.988189 -1.644539,
        4.401957 0.988189 -1.644539,
        4.376304 0.988189 -1.571537,
        4.323165 0.988189 -1.422481,
        4.321109 0.988189 -1.411753,
        4.301528 0.988189 -1.377640,
        4.320290 0.988189 -1.411753,
        4.318133 0.988189 -1.423044,
        4.316129 0.988189 -1.430447,
        4.275807 0.988189 -1.541382,
        4.199872 0.988189 -1.644539,
        4.237943 0.988189 -1.644539,
        4.265164 0.988189 -1.571537,
        4.365387 0.984252 -1.541382,
        4.275807 0.984252 -1.541382,
        4.316129 0.984252 -1.430447,
        4.320290 0.984252 -1.411753,
        4.318133 0.984252 -1.423044,
        4.321109 0.984252 -1.411753,
        4.325476 0.984252 -1.430447,
        4.323165 0.984252 -1.422481,
      ]
    }
    coordIndex [
      10, 11, 12, -1,
      13, 14, 15, -1,
      11, 16, 12, -1,
      12, 16, 17, -1,
      12, 17, 18, -1,
      18, 17, 19, -1,
      18, 19, 20, -1,
      20, 21, 18, -1,
      18, 21, 22, -1,
      18, 22, 23, -1,
      24, 23, 25, -1,
      25, 23, 22, -1,
      25, 22, 15, -1,
      15, 22, 10, -1,
      15, 10, 13, -1,
      13, 10, 12, -1,
      18, 23, 2, -1,
      2, 23, 0, -1,
      12, 18, 8, -1,
      8, 18, 2, -1,
      4, 13, 7, -1,
      7, 13, 12, -1,
      7, 12, 8, -1,
      14, 13, 3, -1,
      3, 13, 4, -1,
      15, 14, 6, -1,
      6, 14, 3, -1,
      9, 25, 5, -1,
      5, 25, 15, -1,
      5, 15, 6, -1,
      24, 25, 1, -1,
      1, 25, 9, -1,
      23, 24, 0, -1,
      0, 24, 1, -1,
      10, 22, 26, -1,
      26, 22, 27, -1,
      22, 21, 27, -1,
      27, 21, 28, -1,
      19, 29, 30, -1,
      19, 30, 20, -1,
      20, 30, 28, -1,
      20, 28, 21, -1,
      19, 17, 29, -1,
      29, 17, 31, -1,
      11, 32, 33, -1,
      11, 33, 16, -1,
      16, 33, 31, -1,
      16, 31, 17, -1,
      11, 10, 32, -1,
      32, 10, 26, -1,
    ]
  }
}

Shape {
  appearance Appearance {
    material Material {
      diffuseColor 0.2510 0.2510 0.2510
      specularColor 0.1255 0.1255 0.1255
      ambientIntensity 0.2
      transparency 0.0000
      shininess 0.5
    }
  }
  geometry IndexedFaceSet {
    ccw TRUE
    solid FALSE
    coord DEF co Coordinate {
      point [
        4.365387 0.984252 -1.541382,
        4.275807 0.984252 -1.541382,
        4.316129 0.984252 -1.430447,
        4.320290 0.984252 -1.411753,
        4.318133 0.984252 -1.423044,
        4.321109 0.984252 -1.411753,
        4.325476 0.984252 -1.430447,
        4.323165 0.984252 -1.422481,
      ]
    }
    coordIndex [
      3, 5, 4, -1,
      4, 5, 7, -1,
      4, 7, 2, -1,
      2, 7, 6, -1,
      2, 6, 1, -1,
      1, 6, 0, -1,
    ]
  }
}

Shape {
  appearance Appearance {
    material Material {
      diffuseColor 0.7529 0.7529 0.7529
      specularColor 0.3765 0.3765 0.3765
      ambientIntensity 0.2
      transparency 0.0000
      shininess 0.5
    }
  }
  geometry IndexedFaceSet {
    ccw TRUE
    solid FALSE
    coord DEF co Coordinate {
      point [
        5.088559 0.984252 -1.986473,
        5.081838 0.984252 -1.976930,
        5.076844 0.984252 -1.923172,
        4.942303 0.984252 -2.067947,
        4.975733 0.984252 -2.067947,
        5.067838 0.984252 -2.065295,
        5.055020 0.984252 -2.070127,
        5.054410 0.984252 -2.070198,
        5.089780 0.984252 -2.043378,
        5.093824 0.984252 -2.032067,
        5.095470 0.984252 -2.016914,
        4.965870 0.984252 -1.885404,
        4.956956 0.984252 -1.893931,
        5.071527 0.984252 -1.968068,
        5.057163 0.984252 -1.960789,
        5.055444 0.984252 -1.909457,
        5.032224 0.984252 -1.954692,
        5.003024 0.984252 -1.901298,
        5.014349 0.984252 -1.900112,
        5.034556 0.984252 -1.902245,
        5.079095 0.984252 -2.057440,
        5.082834 0.984252 -2.053650,
        4.975733 0.984252 -2.038473,
        4.976620 0.984252 -2.038473,
        4.981829 0.984252 -2.046401,
        4.992387 0.984252 -2.057769,
        5.095363 0.984252 -2.012599,
        5.093188 0.984252 -1.998231,
        5.045028 0.984252 -1.877052,
        5.011211 0.984252 -1.872958,
        4.991068 0.984252 -1.874777,
        4.976977 0.984252 -1.879055,
        5.076844 0.984252 -1.890697,
        5.069895 0.984252 -1.886674,
        4.950119 0.984252 -1.904739,
        4.944886 0.984252 -1.919961,
        4.942303 0.984252 -1.945277,
        4.975733 0.984252 -1.946778,
        4.976896 0.984252 -1.931996,
        4.980353 0.984252 -1.920093,
        4.984281 0.984252 -1.913208,
        4.989335 0.984252 -1.907832,
        4.995270 0.984252 -1.904007,
        5.035022 0.984252 -2.072450,
        5.017785 0.984252 -2.070542,
        5.016833 0.984252 -2.070198,
        5.133539 0.984252 -1.801048,
        5.133539 0.984252 -1.831750,
        5.236560 0.984252 -1.831750,
        5.236560 0.984252 -1.917168,
        5.127467 0.984252 -2.037518,
        5.127467 0.984252 -2.067947,
        5.271014 0.984252 -2.067947,
        5.271014 0.984252 -1.801048,
        5.236560 0.984252 -1.947733,
        5.236560 0.984252 -2.037518,
        5.141113 0.984252 -1.947733,
        5.141113 0.984252 -1.917168,
        5.004230 0.984252 -2.065644,
        5.127467 0.988189 -2.037518,
        5.127467 0.988189 -2.067947,
        5.236560 0.988189 -2.037518,
        5.236560 0.988189 -1.947733,
        5.141113 0.988189 -1.947733,
        5.141113 0.988189 -1.917168,
        5.236560 0.988189 -1.917168,
        5.236560 0.988189 -1.831750,
        5.133539 0.988189 -1.831750,
        5.133539 0.988189 -1.801048,
        5.271014 0.988189 -1.801048,
        5.271014 0.988189 -2.067947,
        4.975733 0.988189 -2.067947,
        4.942303 0.988189 -2.067947,
        4.975733 0.988189 -2.038473,
        4.942303 0.988189 -1.945277,
        4.975733 0.988189 -1.946778,
        5.047435 0.988189 -1.986148,
        5.038895 0.988189 -1.982396,
        5.020354 0.988189 -1.978298,
        4.975733 0.988189 -1.972294,
        4.975733 0.988189 -1.990579,
        4.976620 0.988189 -2.038473,
        4.994253 0.988189 -2.033564,
        4.981829 0.988189 -2.046401,
        5.003700 0.988189 -2.039939,
        4.975766 0.988189 -1.992798,
        4.977919 0.988189 -2.007714,
        4.982822 0.988189 -2.019641,
        4.990061 0.988189 -2.029468,
        4.976896 0.988189 -1.931996,
        4.944886 0.988189 -1.919961,
        4.980353 0.988189 -1.920093,
        4.950119 0.988189 -1.904739,
        4.984281 0.988189 -1.913208,
        4.956956 0.988189 -1.893931,
        4.989335 0.988189 -1.907832,
        4.965870 0.988189 -1.885404,
        4.995270 0.988189 -1.904007,
        4.976977 0.988189 -1.879055,
        5.003024 0.988189 -1.901298,
        4.991068 0.988189 -1.874777,
        5.014349 0.988189 -1.900112,
        5.011211 0.988189 -1.872958,
        5.034556 0.988189 -1.902245,
        5.045028 0.988189 -1.877052,
        5.055444 0.988189 -1.909457,
        5.069895 0.988189 -1.886674,
        5.076844 0.988189 -1.923172,
        5.076844 0.988189 -1.890697,
        5.054717 0.988189 -2.033569,
        5.079095 0.988189 -2.057440,
        5.051873 0.988189 -2.036426,
        5.067838 0.988189 -2.065295,
        5.045211 0.988189 -2.040976,
        5.055020 0.988189 -2.070127,
        5.037649 0.988189 -2.043751,
        5.035022 0.988189 -2.072450,
        5.026357 0.988189 -2.045023,
        5.017785 0.988189 -2.070542,
        5.013843 0.988189 -2.043624,
        5.004230 0.988189 -2.065644,
        4.992387 0.988189 -2.057769,
        5.061278 0.988189 -2.008879,
        5.095363 0.988189 -2.012599,
        5.061561 0.988189 -2.014185,
        5.095470 0.988189 -2.016914,
        5.060712 0.988189 -2.021860,
        5.093824 0.988189 -2.032067,
        5.058515 0.988189 -2.027933,
        5.089780 0.988189 -2.043378,
        5.082834 0.988189 -2.053650,
        5.032224 0.988189 -1.954692,
        5.057163 0.988189 -1.960789,
        5.052692 0.988189 -1.990033,
        5.071527 0.988189 -1.968068,
        5.056694 0.988189 -1.994987,
        5.081838 0.988189 -1.976930,
        5.059628 0.988189 -2.001223,
        5.088559 0.988189 -1.986473,
        5.093188 0.988189 -1.998231,
        5.052692 0.984252 -1.990033,
        5.047435 0.984252 -1.986148,
        5.038895 0.984252 -1.982396,
        5.020354 0.984252 -1.978298,
        5.061561 0.984252 -2.014185,
        5.061278 0.984252 -2.008879,
        5.059628 0.984252 -2.001223,
        5.056694 0.984252 -1.994987,
        5.051873 0.984252 -2.036426,
        5.054717 0.984252 -2.033569,
        5.058515 0.984252 -2.027933,
        5.060712 0.984252 -2.021860,
        5.026357 0.984252 -2.045023,
        5.037649 0.984252 -2.043751,
        5.045211 0.984252 -2.040976,
        4.990061 0.984252 -2.029468,
        4.994253 0.984252 -2.033564,
        5.003700 0.984252 -2.039939,
        5.013843 0.984252 -2.043624,
        4.975733 0.984252 -1.990579,
        4.975766 0.984252 -1.992798,
        4.977919 0.984252 -2.007714,
        4.982822 0.984252 -2.019641,
        4.975733 0.984252 -1.972294,
      ]
    }
    coordIndex [
      59, 60, 50, -1,
      50, 60, 51, -1,
      61, 59, 55, -1,
      55, 59, 50, -1,
      62, 61, 54, -1,
      54, 61, 55, -1,
      63, 62, 56, -1,
      56, 62, 54, -1,
      64, 63, 57, -1,
      57, 63, 56, -1,
      65, 64, 49, -1,
      49, 64, 57, -1,
      66, 65, 48, -1,
      48, 65, 49, -1,
      67, 66, 47, -1,
      47, 66, 48, -1,
      68, 67, 46, -1,
      46, 67, 47, -1,
      69, 68, 53, -1,
      53, 68, 46, -1,
      70, 69, 52, -1,
      52, 69, 53, -1,
      60, 70, 51, -1,
      51, 70, 52, -1,
      70, 60, 59, -1,
      59, 61, 70, -1,
      70, 61, 62, -1,
      70, 62, 69, -1,
      67, 68, 66, -1,
      66, 68, 69, -1,
      66, 69, 65, -1,
      65, 69, 62, -1,
      65, 62, 64, -1,
      64, 62, 63, -1,
      71, 72, 73, -1,
      73, 72, 74, -1,
      75, 76, 77, -1,
      78, 79, 74, -1,
      74, 79, 80, -1,
      81, 82, 83, -1,
      83, 82, 84, -1,
      80, 85, 74, -1,
      74, 85, 86, -1,
      74, 86, 73, -1,
      73, 86, 87, -1,
      73, 87, 81, -1,
      81, 87, 88, -1,
      81, 88, 82, -1,
      77, 78, 75, -1,
      75, 78, 74, -1,
      75, 74, 89, -1,
      89, 74, 90, -1,
      89, 90, 91, -1,
      91, 90, 92, -1,
      91, 92, 93, -1,
      93, 92, 94, -1,
      93, 94, 95, -1,
      95, 94, 96, -1,
      95, 96, 97, -1,
      97, 96, 98, -1,
      97, 98, 99, -1,
      99, 98, 100, -1,
      99, 100, 101, -1,
      101, 100, 102, -1,
      101, 102, 103, -1,
      103, 102, 104, -1,
      103, 104, 105, -1,
      105, 104, 106, -1,
      105, 106, 107, -1,
      107, 106, 108, -1,
      109, 110, 111, -1,
      111, 110, 112, -1,
      111, 112, 113, -1,
      113, 112, 114, -1,
      113, 114, 115, -1,
      115, 114, 116, -1,
      115, 116, 117, -1,
      117, 116, 118, -1,
      117, 118, 119, -1,
      119, 118, 120, -1,
      119, 120, 84, -1,
      84, 120, 121, -1,
      84, 121, 83, -1,
      122, 123, 124, -1,
      124, 123, 125, -1,
      124, 125, 126, -1,
      126, 125, 127, -1,
      126, 127, 128, -1,
      128, 127, 129, -1,
      128, 129, 109, -1,
      109, 129, 130, -1,
      109, 130, 110, -1,
      75, 131, 76, -1,
      76, 131, 132, -1,
      76, 132, 133, -1,
      133, 132, 134, -1,
      133, 134, 135, -1,
      135, 134, 136, -1,
      135, 136, 137, -1,
      137, 136, 138, -1,
      137, 138, 122, -1,
      122, 138, 139, -1,
      122, 139, 123, -1,
      102, 29, 28, -1,
      102, 28, 104, -1,
      104, 28, 33, -1,
      104, 33, 106, -1,
      106, 33, 32, -1,
      106, 32, 108, -1,
      107, 108, 2, -1,
      2, 108, 32, -1,
      107, 2, 15, -1,
      107, 15, 105, -1,
      105, 15, 19, -1,
      105, 19, 103, -1,
      103, 19, 18, -1,
      103, 18, 101, -1,
      101, 18, 17, -1,
      101, 17, 99, -1,
      99, 17, 42, -1,
      99, 42, 97, -1,
      97, 42, 41, -1,
      97, 41, 95, -1,
      95, 41, 40, -1,
      95, 40, 93, -1,
      93, 40, 39, -1,
      93, 39, 91, -1,
      91, 39, 38, -1,
      91, 38, 89, -1,
      89, 38, 37, -1,
      89, 37, 75, -1,
      131, 75, 16, -1,
      16, 75, 37, -1,
      131, 16, 14, -1,
      131, 14, 132, -1,
      132, 14, 13, -1,
      132, 13, 134, -1,
      134, 13, 1, -1,
      134, 1, 136, -1,
      136, 1, 0, -1,
      136, 0, 138, -1,
      138, 0, 27, -1,
      138, 27, 139, -1,
      139, 27, 26, -1,
      139, 26, 123, -1,
      123, 26, 10, -1,
      123, 10, 125, -1,
      125, 10, 9, -1,
      125, 9, 127, -1,
      127, 9, 8, -1,
      127, 8, 129, -1,
      129, 8, 21, -1,
      129, 21, 130, -1,
      130, 21, 20, -1,
      130, 20, 110, -1,
      43, 116, 7, -1,
      7, 116, 114, -1,
      7, 114, 6, -1,
      6, 114, 112, -1,
      6, 112, 5, -1,
      5, 112, 110, -1,
      5, 110, 20, -1,
      116, 43, 44, -1,
      116, 44, 118, -1,
      118, 44, 45, -1,
      118, 45, 120, -1,
      45, 58, 120, -1,
      120, 58, 25, -1,
      120, 25, 121, -1,
      121, 25, 24, -1,
      121, 24, 83, -1,
      83, 24, 23, -1,
      83, 23, 81, -1,
      73, 81, 22, -1,
      22, 81, 23, -1,
      71, 73, 4, -1,
      4, 73, 22, -1,
      72, 71, 3, -1,
      3, 71, 4, -1,
      74, 72, 36, -1,
      36, 72, 3, -1,
      74, 36, 35, -1,
      74, 35, 90, -1,
      90, 35, 34, -1,
      90, 34, 92, -1,
      92, 34, 12, -1,
      92, 12, 94, -1,
      94, 12, 11, -1,
      94, 11, 96, -1,
      96, 11, 31, -1,
      96, 31, 98, -1,
      98, 31, 30, -1,
      98, 30, 100, -1,
      100, 30, 29, -1,
      100, 29, 102, -1,
      133, 140, 141, -1,
      133, 141, 76, -1,
      76, 141, 142, -1,
      76, 142, 77, -1,
      77, 142, 143, -1,
      77, 143, 78, -1,
      124, 144, 145, -1,
      124, 145, 122, -1,
      122, 145, 146, -1,
      122, 146, 137, -1,
      137, 146, 147, -1,
      137, 147, 135, -1,
      135, 147, 140, -1,
      135, 140, 133, -1,
      111, 148, 149, -1,
      111, 149, 109, -1,
      109, 149, 150, -1,
      109, 150, 128, -1,
      128, 150, 151, -1,
      128, 151, 126, -1,
      126, 151, 144, -1,
      126, 144, 124, -1,
      117, 152, 153, -1,
      117, 153, 115, -1,
      115, 153, 154, -1,
      115, 154, 113, -1,
      113, 154, 148, -1,
      113, 148, 111, -1,
      88, 155, 156, -1,
      88, 156, 82, -1,
      82, 156, 157, -1,
      82, 157, 84, -1,
      84, 157, 158, -1,
      84, 158, 119, -1,
      119, 158, 152, -1,
      119, 152, 117, -1,
      80, 159, 160, -1,
      80, 160, 85, -1,
      85, 160, 161, -1,
      85, 161, 86, -1,
      86, 161, 162, -1,
      86, 162, 87, -1,
      87, 162, 155, -1,
      87, 155, 88, -1,
      80, 79, 159, -1,
      159, 79, 163, -1,
      79, 78, 163, -1,
      163, 78, 143, -1,
    ]
  }
}

Shape {
  appearance Appearance {
    material Material {
      diffuseColor 0.2510 0.2510 0.2510
      specularColor 0.1255 0.1255 0.1255
      ambientIntensity 0.2
      transparency 0.0000
      shininess 0.5
    }
  }
  geometry IndexedFaceSet {
    ccw TRUE
    solid FALSE
    coord DEF co Coordinate {
      point [
        5.052692 0.984252 -1.990033,
        5.047435 0.984252 -1.986148,
        5.038895 0.984252 -1.982396,
        5.020354 0.984252 -1.978298,
        5.061561 0.984252 -2.014185,
        5.061278 0.984252 -2.008879,
        5.059628 0.984252 -2.001223,
        5.056694 0.984252 -1.994987,
        5.051873 0.984252 -2.036426,
        5.054717 0.984252 -2.033569,
        5.058515 0.984252 -2.027933,
        5.060712 0.984252 -2.021860,
        5.026357 0.984252 -2.045023,
        5.037649 0.984252 -2.043751,
        5.045211 0.984252 -2.040976,
        4.990061 0.984252 -2.029468,
        4.994253 0.984252 -2.033564,
        5.003700 0.984252 -2.039939,
        5.013843 0.984252 -2.043624,
        4.975733 0.984252 -1.990579,
        4.975766 0.984252 -1.992798,
        4.977919 0.984252 -2.007714,
        4.982822 0.984252 -2.019641,
        4.975733 0.984252 -1.972294,
      ]
    }
    coordIndex [
      23, 3, 19, -1,
      19, 3, 2, -1,
      2, 1, 19, -1,
      19, 1, 0, -1,
      19, 0, 20, -1,
      20, 0, 21, -1,
      21, 0, 7, -1,
      21, 7, 22, -1,
      9, 8, 16, -1,
      9, 16, 10, -1,
      17, 16, 18, -1,
      18, 16, 12, -1,
      7, 6, 22, -1,
      22, 6, 5, -1,
      22, 5, 15, -1,
      15, 5, 4, -1,
      15, 4, 16, -1,
      16, 4, 11, -1,
      16, 11, 10, -1,
      8, 14, 16, -1,
      16, 14, 13, -1,
      16, 13, 12, -1,
    ]
  }
}

Shape {
  appearance Appearance {
    material Material {
      diffuseColor 0.7529 0.7529 0.7529
      specularColor 0.3765 0.3765 0.3765
      ambientIntensity 0.2
      transparency 0.0000
      shininess 0.5
    }
  }
  geometry IndexedFaceSet {
    ccw TRUE
    solid FALSE
    coord DEF co Coordinate {
      point [
        4.817693 0.984252 -2.069510,
        4.824155 0.984252 -2.070198,
        4.896796 0.984252 -1.928767,
        4.895478 0.984252 -1.916813,
        4.891673 0.984252 -1.951955,
        4.895359 0.984252 -1.941746,
        4.897001 0.984252 -2.026739,
        4.883931 0.984252 -2.034822,
        4.881548 0.984252 -2.035718,
        4.881548 0.984252 -1.964837,
        4.887313 0.984252 -1.958922,
        4.881844 0.984252 -1.964642,
        4.867314 0.984252 -2.070198,
        4.873081 0.984252 -2.069609,
        4.881548 0.984252 -2.066654,
        4.897001 0.984252 -2.061261,
        4.845287 0.984252 -2.072450,
        4.777402 0.984252 -1.881418,
        4.777402 0.984252 -1.913893,
        4.875374 0.984252 -1.888104,
        4.865527 0.984252 -1.882215,
        4.769850 0.984252 -2.029528,
        4.773955 0.984252 -2.040122,
        4.780187 0.984252 -2.048939,
        4.891496 0.984252 -1.906050,
        4.885285 0.984252 -1.897014,
        4.881548 0.984252 -1.893655,
        4.847204 0.984252 -1.875645,
        4.822567 0.984252 -1.872958,
        4.804137 0.984252 -1.874217,
        4.779449 0.984252 -1.984575,
        4.773209 0.984252 -1.993784,
        4.769642 0.984252 -2.003641,
        4.768260 0.984252 -2.016096,
        4.789750 0.984252 -2.057304,
        4.799480 0.984252 -2.063085,
        4.825842 0.984252 -1.900112,
        4.835738 0.984252 -1.900854,
        4.862343 0.984252 -1.925765,
        4.844681 0.984252 -1.903221,
        4.852177 0.984252 -1.907207,
        4.862038 0.984252 -1.930212,
        4.860712 0.984252 -1.935405,
        4.858303 0.984252 -1.939915,
        4.855043 0.984252 -1.943504,
        4.843256 0.984252 -1.950872,
        4.803888 0.984252 -1.902607,
        4.822567 0.984252 -1.959878,
        4.785033 0.984252 -1.909521,
        4.809623 0.984252 -1.965115,
        4.787420 0.984252 -1.977463,
        4.857221 0.984252 -1.911665,
        4.860087 0.984252 -1.915920,
        4.861738 0.984252 -1.920433,
        4.862971 0.984252 -2.042709,
        4.846173 0.984252 -1.984166,
        4.866100 0.984252 -1.975032,
        4.842011 0.984252 -2.045159,
        4.840535 0.984252 -2.045150,
        4.824222 0.984252 -1.993359,
        4.823398 0.984252 -2.043230,
        4.802577 0.984252 -2.019370,
        4.802905 0.984252 -2.015212,
        4.814771 0.984252 -2.040072,
        4.811723 0.984252 -2.038223,
        4.807887 0.984252 -2.034818,
        4.804969 0.984252 -2.030502,
        4.803270 0.984252 -2.025748,
        4.804424 0.984252 -2.009991,
        4.807008 0.984252 -2.005560,
        4.811174 0.984252 -2.001222,
        4.531858 0.984252 -1.801048,
        4.447429 0.984252 -1.801048,
        4.663670 0.984252 -2.020598,
        4.659576 0.984252 -2.036290,
        4.658689 0.984252 -2.036290,
        4.567881 0.984252 -1.877324,
        4.602540 0.984252 -1.877324,
        4.697339 0.984252 -1.923741,
        4.654596 0.984252 -2.020871,
        4.657154 0.984252 -2.029757,
        4.697339 0.984252 -2.013476,
        4.750862 0.984252 -1.877324,
        4.713474 0.984252 -1.877324,
        4.677213 0.984252 -2.070198,
        4.676087 0.984252 -2.067537,
        4.697339 0.984252 -2.114245,
        4.697295 0.984252 -2.114195,
        4.690755 0.984252 -2.102196,
        4.743971 0.984252 -2.125256,
        4.743971 0.984252 -2.155003,
        4.737132 0.984252 -2.127498,
        4.725005 0.984252 -2.129077,
        4.716978 0.984252 -2.128178,
        4.697339 0.984252 -2.151772,
        4.708906 0.984252 -2.156179,
        4.722412 0.984252 -2.157732,
        4.729792 0.984252 -2.157467,
        4.709656 0.984252 -2.125432,
        4.703520 0.984252 -2.121172,
        4.654391 0.984252 -2.096738,
        4.669525 0.984252 -2.126212,
        4.643927 0.984252 -2.070198,
        4.681758 0.984252 -2.140904,
        4.684038 0.984252 -2.142993,
        4.695714 0.984252 -2.151153,
        4.394384 0.984252 -1.801048,
        4.394384 0.984252 -1.831750,
        4.388311 0.984252 -2.037518,
        4.388311 0.984252 -2.067947,
        4.447429 0.984252 -2.067947,
        4.531858 0.984252 -2.067947,
        4.497404 0.984252 -1.831750,
        4.497404 0.984252 -1.917168,
        4.447429 0.984252 -1.831750,
        4.447429 0.984252 -1.917168,
        4.401957 0.984252 -1.917168,
        4.401957 0.984252 -1.947733,
        4.447429 0.984252 -2.037518,
        4.447429 0.984252 -1.947733,
        4.497404 0.984252 -2.037518,
        4.497404 0.984252 -1.947733,
        4.127514 0.984252 -1.978270,
        4.140417 0.984252 -2.006016,
        4.220591 0.984252 -1.805646,
        4.188435 0.984252 -1.817498,
        4.160847 0.984252 -2.030559,
        4.166876 0.984252 -2.035854,
        4.193259 0.984252 -2.052867,
        4.160847 0.984252 -1.836389,
        4.150648 0.984252 -1.846462,
        4.134328 0.984252 -1.869978,
        4.224788 0.984252 -2.063800,
        4.264482 0.984252 -2.067947,
        4.337893 0.984252 -2.067947,
        4.337893 0.984252 -1.801048,
        4.261753 0.984252 -1.801048,
        4.124694 0.984252 -1.895675,
        4.120594 0.984252 -1.931086,
        4.121277 0.984252 -1.946818,
        4.842011 0.988189 -2.045159,
        4.883931 0.988189 -2.034822,
        4.862971 0.988189 -2.042709,
        4.897001 0.988189 -2.026739,
        4.897001 0.988189 -2.061261,
        4.873081 0.988189 -2.069609,
        4.845287 0.988189 -2.072450,
        4.817693 0.988189 -2.069510,
        4.799480 0.988189 -2.063085,
        4.789750 0.988189 -2.057304,
        4.780187 0.988189 -2.048939,
        4.773955 0.988189 -2.040122,
        4.769850 0.988189 -2.029528,
        4.768260 0.988189 -2.016096,
        4.769642 0.988189 -2.003641,
        4.773209 0.988189 -1.993784,
        4.779449 0.988189 -1.984575,
        4.787420 0.988189 -1.977463,
        4.809623 0.988189 -1.965115,
        4.822567 0.988189 -1.959878,
        4.843256 0.988189 -1.950872,
        4.855043 0.988189 -1.943504,
        4.858303 0.988189 -1.939915,
        4.860712 0.988189 -1.935405,
        4.862038 0.988189 -1.930212,
        4.862343 0.988189 -1.925765,
        4.861738 0.988189 -1.920433,
        4.860087 0.988189 -1.915920,
        4.857221 0.988189 -1.911665,
        4.852177 0.988189 -1.907207,
        4.844681 0.988189 -1.903221,
        4.835738 0.988189 -1.900854,
        4.825842 0.988189 -1.900112,
        4.803888 0.988189 -1.902607,
        4.785033 0.988189 -1.909521,
        4.777402 0.988189 -1.913893,
        4.777402 0.988189 -1.881418,
        4.804137 0.988189 -1.874217,
        4.822567 0.988189 -1.872958,
        4.847204 0.988189 -1.875645,
        4.865527 0.988189 -1.882215,
        4.875374 0.988189 -1.888104,
        4.885285 0.988189 -1.897014,
        4.891496 0.988189 -1.906050,
        4.895478 0.988189 -1.916813,
        4.896796 0.988189 -1.928767,
        4.895359 0.988189 -1.941746,
        4.891673 0.988189 -1.951955,
        4.887313 0.988189 -1.958922,
        4.846173 0.988189 -1.984166,
        4.866100 0.988189 -1.975032,
        4.881844 0.988189 -1.964642,
        4.824222 0.988189 -1.993359,
        4.811174 0.988189 -2.001222,
        4.807008 0.988189 -2.005560,
        4.804424 0.988189 -2.009991,
        4.802905 0.988189 -2.015212,
        4.802577 0.988189 -2.019370,
        4.803270 0.988189 -2.025748,
        4.804969 0.988189 -2.030502,
        4.807887 0.988189 -2.034818,
        4.811723 0.988189 -2.038223,
        4.814771 0.988189 -2.040072,
        4.823398 0.988189 -2.043230,
        4.840535 0.988189 -2.045150,
        4.602540 0.988189 -1.877324,
        4.567881 0.988189 -1.877324,
        4.654596 0.988189 -2.020871,
        4.657154 0.988189 -2.029757,
        4.658689 0.988189 -2.036290,
        4.659576 0.988189 -2.036290,
        4.663670 0.988189 -2.020598,
        4.713474 0.988189 -1.877324,
        4.750862 0.988189 -1.877324,
        4.676087 0.988189 -2.067537,
        4.690755 0.988189 -2.102196,
        4.697295 0.988189 -2.114195,
        4.703520 0.988189 -2.121172,
        4.709656 0.988189 -2.125432,
        4.716978 0.988189 -2.128178,
        4.725005 0.988189 -2.129077,
        4.737132 0.988189 -2.127498,
        4.743971 0.988189 -2.125256,
        4.743971 0.988189 -2.155003,
        4.729792 0.988189 -2.157467,
        4.722412 0.988189 -2.157732,
        4.708906 0.988189 -2.156179,
        4.695714 0.988189 -2.151153,
        4.684038 0.988189 -2.142993,
        4.681758 0.988189 -2.140904,
        4.669525 0.988189 -2.126212,
        4.654391 0.988189 -2.096738,
        4.388311 0.988189 -2.037518,
        4.388311 0.988189 -2.067947,
        4.497404 0.988189 -2.037518,
        4.497404 0.988189 -1.947733,
        4.401957 0.988189 -1.947733,
        4.401957 0.988189 -1.917168,
        4.497404 0.988189 -1.917168,
        4.497404 0.988189 -1.831750,
        4.394384 0.988189 -1.831750,
        4.394384 0.988189 -1.801048,
        4.531858 0.988189 -1.801048,
        4.531858 0.988189 -2.067947,
        4.157528 0.988189 -1.947217,
        4.121277 0.988189 -1.946818,
        4.156822 0.988189 -1.932041,
        4.120594 0.988189 -1.931086,
        4.160119 0.988189 -1.901291,
        4.124694 0.988189 -1.895675,
        4.167307 0.988189 -1.881086,
        4.134328 0.988189 -1.869978,
        4.177327 0.988189 -1.865726,
        4.150648 0.988189 -1.846462,
        4.186091 0.988189 -1.856857,
        4.160847 0.988189 -1.836389,
        4.206609 0.988189 -1.843396,
        4.188435 0.988189 -1.817498,
        4.229977 0.988189 -1.835256,
        4.220591 0.988189 -1.805646,
        4.263117 0.988189 -1.831750,
        4.261753 0.988189 -1.801048,
        4.303439 0.988189 -1.831750,
        4.337893 0.988189 -1.801048,
        4.303439 0.988189 -2.037518,
        4.337893 0.988189 -2.067947,
        4.264687 0.988189 -2.037518,
        4.264482 0.988189 -2.067947,
        4.228878 0.988189 -2.033404,
        4.224788 0.988189 -2.063800,
        4.206541 0.988189 -2.025009,
        4.193259 0.988189 -2.052867,
        4.189150 0.988189 -2.013197,
        4.166876 0.988189 -2.035854,
        4.185340 0.988189 -2.009682,
        4.160847 0.988189 -2.030559,
        4.171398 0.988189 -1.992119,
        4.140417 0.988189 -2.006016,
        4.162450 0.988189 -1.972063,
        4.127514 0.988189 -1.978270,
        4.263117 0.984252 -1.831750,
        4.303439 0.984252 -1.831750,
        4.303439 0.984252 -2.037518,
        4.264687 0.984252 -2.037518,
        4.185340 0.984252 -2.009682,
        4.189150 0.984252 -2.013197,
        4.206541 0.984252 -2.025009,
        4.228878 0.984252 -2.033404,
        4.156822 0.984252 -1.932041,
        4.157528 0.984252 -1.947217,
        4.162450 0.984252 -1.972063,
        4.171398 0.984252 -1.992119,
        4.186091 0.984252 -1.856857,
        4.177327 0.984252 -1.865726,
        4.167307 0.984252 -1.881086,
        4.160119 0.984252 -1.901291,
        4.229977 0.984252 -1.835256,
        4.206609 0.984252 -1.843396,
      ]
    }
    coordIndex [
      140, 57, 54, -1,
      8, 141, 54, -1,
      54, 141, 142, -1,
      54, 142, 140, -1,
      8, 7, 141, -1,
      141, 7, 6, -1,
      141, 6, 143, -1,
      144, 143, 15, -1,
      15, 143, 6, -1,
      144, 15, 145, -1,
      145, 15, 14, -1,
      16, 146, 12, -1,
      12, 146, 145, -1,
      12, 145, 13, -1,
      13, 145, 14, -1,
      146, 16, 147, -1,
      147, 16, 1, -1,
      1, 0, 147, -1,
      147, 0, 35, -1,
      147, 35, 148, -1,
      148, 35, 34, -1,
      148, 34, 149, -1,
      149, 34, 23, -1,
      149, 23, 150, -1,
      150, 23, 22, -1,
      150, 22, 151, -1,
      151, 22, 21, -1,
      151, 21, 152, -1,
      152, 21, 33, -1,
      152, 33, 153, -1,
      153, 33, 32, -1,
      153, 32, 154, -1,
      154, 32, 31, -1,
      154, 31, 155, -1,
      155, 31, 30, -1,
      155, 30, 156, -1,
      156, 30, 50, -1,
      156, 50, 157, -1,
      157, 50, 49, -1,
      157, 49, 158, -1,
      158, 49, 47, -1,
      158, 47, 159, -1,
      159, 47, 45, -1,
      159, 45, 160, -1,
      160, 45, 44, -1,
      160, 44, 161, -1,
      161, 44, 43, -1,
      161, 43, 162, -1,
      162, 43, 42, -1,
      162, 42, 163, -1,
      163, 42, 41, -1,
      163, 41, 164, -1,
      164, 41, 38, -1,
      164, 38, 165, -1,
      165, 38, 53, -1,
      165, 53, 166, -1,
      166, 53, 52, -1,
      166, 52, 167, -1,
      167, 52, 51, -1,
      167, 51, 168, -1,
      168, 51, 40, -1,
      168, 40, 169, -1,
      169, 40, 39, -1,
      169, 39, 170, -1,
      170, 39, 37, -1,
      170, 37, 171, -1,
      171, 37, 36, -1,
      171, 36, 172, -1,
      172, 36, 46, -1,
      172, 46, 173, -1,
      173, 46, 48, -1,
      173, 48, 174, -1,
      174, 48, 18, -1,
      174, 18, 175, -1,
      176, 175, 17, -1,
      17, 175, 18, -1,
      176, 17, 29, -1,
      176, 29, 177, -1,
      177, 29, 28, -1,
      177, 28, 178, -1,
      178, 28, 27, -1,
      178, 27, 179, -1,
      179, 27, 20, -1,
      179, 20, 180, -1,
      180, 20, 19, -1,
      180, 19, 181, -1,
      181, 19, 182, -1,
      182, 19, 26, -1,
      26, 25, 182, -1,
      182, 25, 24, -1,
      182, 24, 183, -1,
      183, 24, 3, -1,
      183, 3, 184, -1,
      184, 3, 2, -1,
      184, 2, 185, -1,
      185, 2, 5, -1,
      185, 5, 186, -1,
      186, 5, 4, -1,
      186, 4, 187, -1,
      187, 4, 10, -1,
      187, 10, 188, -1,
      55, 189, 190, -1,
      188, 10, 11, -1,
      188, 11, 191, -1,
      191, 11, 9, -1,
      191, 9, 190, -1,
      190, 9, 56, -1,
      190, 56, 55, -1,
      189, 55, 59, -1,
      189, 59, 192, -1,
      192, 59, 70, -1,
      192, 70, 193, -1,
      193, 70, 69, -1,
      193, 69, 194, -1,
      194, 69, 68, -1,
      194, 68, 195, -1,
      195, 68, 62, -1,
      195, 62, 196, -1,
      196, 62, 61, -1,
      196, 61, 197, -1,
      197, 61, 67, -1,
      197, 67, 198, -1,
      198, 67, 66, -1,
      198, 66, 199, -1,
      199, 66, 65, -1,
      199, 65, 200, -1,
      200, 65, 64, -1,
      200, 64, 201, -1,
      201, 64, 63, -1,
      201, 63, 202, -1,
      202, 63, 60, -1,
      202, 60, 203, -1,
      203, 60, 58, -1,
      203, 58, 204, -1,
      204, 58, 57, -1,
      204, 57, 140, -1,
      168, 169, 180, -1,
      180, 169, 179, -1,
      192, 159, 189, -1,
      189, 159, 160, -1,
      148, 149, 200, -1,
      200, 149, 150, -1,
      200, 150, 199, -1,
      199, 150, 151, -1,
      199, 151, 198, -1,
      198, 151, 152, -1,
      198, 152, 197, -1,
      197, 152, 153, -1,
      197, 153, 196, -1,
      196, 153, 154, -1,
      196, 154, 195, -1,
      195, 154, 155, -1,
      195, 155, 194, -1,
      194, 155, 156, -1,
      194, 156, 193, -1,
      193, 156, 157, -1,
      193, 157, 192, -1,
      192, 157, 158, -1,
      192, 158, 159, -1,
      146, 140, 145, -1,
      145, 140, 142, -1,
      145, 142, 144, -1,
      144, 142, 141, -1,
      144, 141, 143, -1,
      169, 170, 179, -1,
      179, 170, 171, -1,
      179, 171, 178, -1,
      178, 171, 172, -1,
      178, 172, 177, -1,
      177, 172, 173, -1,
      177, 173, 176, -1,
      176, 173, 174, -1,
      176, 174, 175, -1,
      200, 201, 148, -1,
      148, 201, 202, -1,
      148, 202, 147, -1,
      147, 202, 203, -1,
      147, 203, 146, -1,
      146, 203, 204, -1,
      146, 204, 140, -1,
      180, 181, 168, -1,
      168, 181, 182, -1,
      168, 182, 167, -1,
      167, 182, 183, -1,
      167, 183, 166, -1,
      166, 183, 184, -1,
      166, 184, 165, -1,
      165, 184, 185, -1,
      165, 185, 164, -1,
      164, 185, 186, -1,
      164, 186, 163, -1,
      163, 186, 187, -1,
      163, 187, 162, -1,
      162, 187, 188, -1,
      162, 188, 161, -1,
      161, 188, 191, -1,
      161, 191, 160, -1,
      160, 191, 190, -1,
      160, 190, 189, -1,
      205, 206, 77, -1,
      77, 206, 76, -1,
      207, 205, 79, -1,
      79, 205, 77, -1,
      207, 79, 80, -1,
      207, 80, 208, -1,
      208, 80, 75, -1,
      208, 75, 209, -1,
      210, 209, 74, -1,
      74, 209, 75, -1,
      211, 210, 73, -1,
      73, 210, 74, -1,
      83, 212, 78, -1,
      78, 212, 211, -1,
      78, 211, 73, -1,
      213, 212, 82, -1,
      82, 212, 83, -1,
      85, 214, 81, -1,
      81, 214, 213, -1,
      81, 213, 82, -1,
      88, 215, 84, -1,
      84, 215, 214, -1,
      84, 214, 85, -1,
      215, 88, 87, -1,
      215, 87, 216, -1,
      216, 87, 86, -1,
      216, 86, 217, -1,
      86, 99, 217, -1,
      217, 99, 98, -1,
      217, 98, 218, -1,
      218, 98, 93, -1,
      218, 93, 219, -1,
      219, 93, 92, -1,
      219, 92, 220, -1,
      220, 92, 91, -1,
      220, 91, 221, -1,
      221, 91, 89, -1,
      221, 89, 222, -1,
      223, 222, 90, -1,
      90, 222, 89, -1,
      223, 90, 97, -1,
      223, 97, 224, -1,
      224, 97, 96, -1,
      224, 96, 225, -1,
      225, 96, 95, -1,
      225, 95, 226, -1,
      226, 95, 94, -1,
      226, 94, 227, -1,
      94, 105, 227, -1,
      227, 105, 104, -1,
      227, 104, 228, -1,
      228, 104, 103, -1,
      228, 103, 229, -1,
      229, 103, 101, -1,
      229, 101, 230, -1,
      230, 101, 100, -1,
      230, 100, 231, -1,
      76, 206, 102, -1,
      102, 206, 231, -1,
      102, 231, 100, -1,
      208, 209, 231, -1,
      206, 205, 231, -1,
      231, 205, 207, -1,
      231, 207, 208, -1,
      212, 213, 211, -1,
      211, 213, 214, -1,
      211, 214, 210, -1,
      230, 216, 229, -1,
      229, 216, 217, -1,
      222, 223, 221, -1,
      221, 223, 224, -1,
      221, 224, 220, -1,
      220, 224, 225, -1,
      220, 225, 219, -1,
      219, 225, 226, -1,
      219, 226, 218, -1,
      218, 226, 227, -1,
      218, 227, 217, -1,
      217, 227, 228, -1,
      217, 228, 229, -1,
      209, 210, 231, -1,
      231, 210, 214, -1,
      231, 214, 230, -1,
      230, 214, 215, -1,
      230, 215, 216, -1,
      232, 233, 108, -1,
      108, 233, 109, -1,
      120, 234, 118, -1,
      118, 234, 232, -1,
      118, 232, 108, -1,
      235, 234, 121, -1,
      121, 234, 120, -1,
      117, 236, 119, -1,
      119, 236, 235, -1,
      119, 235, 121, -1,
      237, 236, 116, -1,
      116, 236, 117, -1,
      113, 238, 115, -1,
      115, 238, 237, -1,
      115, 237, 116, -1,
      239, 238, 112, -1,
      112, 238, 113, -1,
      107, 240, 114, -1,
      114, 240, 239, -1,
      114, 239, 112, -1,
      241, 240, 106, -1,
      106, 240, 107, -1,
      71, 242, 72, -1,
      72, 242, 241, -1,
      72, 241, 106, -1,
      243, 242, 111, -1,
      111, 242, 71, -1,
      109, 233, 110, -1,
      110, 233, 243, -1,
      110, 243, 111, -1,
      243, 233, 232, -1,
      232, 234, 243, -1,
      243, 234, 235, -1,
      243, 235, 242, -1,
      240, 241, 239, -1,
      239, 241, 242, -1,
      239, 242, 238, -1,
      238, 242, 235, -1,
      238, 235, 237, -1,
      237, 235, 236, -1,
      244, 245, 246, -1,
      246, 245, 247, -1,
      246, 247, 248, -1,
      248, 247, 249, -1,
      248, 249, 250, -1,
      250, 249, 251, -1,
      250, 251, 252, -1,
      252, 251, 253, -1,
      252, 253, 254, -1,
      254, 253, 255, -1,
      254, 255, 256, -1,
      256, 255, 257, -1,
      256, 257, 258, -1,
      258, 257, 259, -1,
      258, 259, 260, -1,
      260, 259, 261, -1,
      260, 261, 262, -1,
      262, 261, 263, -1,
      262, 263, 264, -1,
      264, 263, 265, -1,
      264, 265, 266, -1,
      266, 265, 267, -1,
      266, 267, 268, -1,
      268, 267, 269, -1,
      268, 269, 270, -1,
      270, 269, 271, -1,
      270, 271, 272, -1,
      272, 271, 273, -1,
      272, 273, 274, -1,
      274, 273, 275, -1,
      274, 275, 276, -1,
      276, 275, 277, -1,
      276, 277, 278, -1,
      278, 277, 279, -1,
      278, 279, 244, -1,
      244, 279, 245, -1,
      267, 265, 133, -1,
      133, 265, 134, -1,
      267, 133, 132, -1,
      267, 132, 269, -1,
      269, 132, 128, -1,
      269, 128, 271, -1,
      271, 128, 127, -1,
      271, 127, 273, -1,
      273, 127, 126, -1,
      273, 126, 275, -1,
      275, 126, 123, -1,
      275, 123, 277, -1,
      277, 123, 122, -1,
      277, 122, 279, -1,
      279, 122, 139, -1,
      279, 139, 245, -1,
      245, 139, 138, -1,
      245, 138, 247, -1,
      247, 138, 137, -1,
      247, 137, 249, -1,
      249, 137, 131, -1,
      249, 131, 251, -1,
      251, 131, 130, -1,
      251, 130, 253, -1,
      253, 130, 129, -1,
      253, 129, 255, -1,
      255, 129, 125, -1,
      255, 125, 257, -1,
      257, 125, 124, -1,
      257, 124, 259, -1,
      259, 124, 136, -1,
      259, 136, 261, -1,
      263, 261, 135, -1,
      135, 261, 136, -1,
      265, 263, 134, -1,
      134, 263, 135, -1,
      260, 262, 280, -1,
      280, 262, 281, -1,
      262, 264, 281, -1,
      281, 264, 282, -1,
      264, 266, 282, -1,
      282, 266, 283, -1,
      274, 284, 285, -1,
      274, 285, 272, -1,
      272, 285, 286, -1,
      272, 286, 270, -1,
      270, 286, 287, -1,
      270, 287, 268, -1,
      268, 287, 283, -1,
      268, 283, 266, -1,
      246, 288, 289, -1,
      246, 289, 244, -1,
      244, 289, 290, -1,
      244, 290, 278, -1,
      278, 290, 291, -1,
      278, 291, 276, -1,
      276, 291, 284, -1,
      276, 284, 274, -1,
      254, 292, 293, -1,
      254, 293, 252, -1,
      252, 293, 294, -1,
      252, 294, 250, -1,
      250, 294, 295, -1,
      250, 295, 248, -1,
      248, 295, 288, -1,
      248, 288, 246, -1,
      260, 280, 296, -1,
      260, 296, 258, -1,
      258, 296, 297, -1,
      258, 297, 256, -1,
      256, 297, 292, -1,
      256, 292, 254, -1,
    ]
  }
}

Shape {
  appearance Appearance {
    material Material {
      diffuseColor 0.2510 0.2510 0.2510
      specularColor 0.1255 0.1255 0.1255
      ambientIntensity 0.2
      transparency 0.0000
      shininess 0.5
    }
  }
  geometry IndexedFaceSet {
    ccw TRUE
    solid FALSE
    coord DEF co Coordinate {
      point [
        4.263117 0.984252 -1.831750,
        4.303439 0.984252 -1.831750,
        4.303439 0.984252 -2.037518,
        4.264687 0.984252 -2.037518,
        4.185340 0.984252 -2.009682,
        4.189150 0.984252 -2.013197,
        4.206541 0.984252 -2.025009,
        4.228878 0.984252 -2.033404,
        4.156822 0.984252 -1.932041,
        4.157528 0.984252 -1.947217,
        4.162450 0.984252 -1.972063,
        4.171398 0.984252 -1.992119,
        4.186091 0.984252 -1.856857,
        4.177327 0.984252 -1.865726,
        4.167307 0.984252 -1.881086,
        4.160119 0.984252 -1.901291,
        4.229977 0.984252 -1.835256,
        4.206609 0.984252 -1.843396,
      ]
    }
    coordIndex [
      1, 2, 0, -1,
      0, 2, 3, -1,
      0, 3, 7, -1,
      7, 6, 0, -1,
      0, 6, 5, -1,
      0, 5, 4, -1,
      4, 11, 0, -1,
      0, 11, 10, -1,
      0, 10, 9, -1,
      9, 8, 0, -1,
      0, 8, 15, -1,
      0, 15, 14, -1,
      14, 13, 0, -1,
      0, 13, 12, -1,
      0, 12, 16, -1,
      16, 12, 17, -1,
    ]
  }
}

Shape {
  appearance Appearance {
    material Material {
      diffuseColor 0.7529 0.7529 0.7529
      specularColor 0.3765 0.3765 0.3765
      ambientIntensity 0.2
      transparency 0.0000
      shininess 0.5
    }
  }
  geometry IndexedFaceSet {
    ccw TRUE
    solid FALSE
    coord DEF co Coordinate {
      point [
        4.067719 0.984252 -2.067947,
        4.105789 0.984252 -2.067947,
        3.903705 0.984252 -2.067947,
        3.930927 0.984252 -1.994945,
        4.042067 0.984252 -1.994945,
        4.004133 0.984252 -1.801048,
        3.967291 0.984252 -1.801048,
        3.865635 0.984252 -2.067947,
        4.031150 0.988189 -1.964790,
        3.991239 0.988189 -1.853855,
        4.004133 0.988189 -1.801048,
        4.105789 0.988189 -2.067947,
        4.067719 0.988189 -2.067947,
        4.042067 0.988189 -1.994945,
        3.988927 0.988189 -1.845890,
        3.986872 0.988189 -1.835161,
        3.967291 0.988189 -1.801048,
        3.986054 0.988189 -1.835161,
        3.983896 0.988189 -1.846452,
        3.981892 0.988189 -1.853855,
        3.941570 0.988189 -1.964790,
        3.865635 0.988189 -2.067947,
        3.903705 0.988189 -2.067947,
        3.930927 0.988189 -1.994945,
        4.031150 0.984252 -1.964790,
        3.941570 0.984252 -1.964790,
        3.981892 0.984252 -1.853855,
        3.986054 0.984252 -1.835161,
        3.983896 0.984252 -1.846452,
        3.986872 0.984252 -1.835161,
        3.991239 0.984252 -1.853855,
        3.988927 0.984252 -1.845890,
      ]
    }
    coordIndex [
      8, 9, 10, -1,
      11, 12, 13, -1,
      9, 14, 10, -1,
      10, 14, 15, -1,
      10, 15, 16, -1,
      16, 15, 17, -1,
      16, 17, 18, -1,
      18, 19, 16, -1,
      16, 19, 20, -1,
      16, 20, 21, -1,
      22, 21, 23, -1,
      23, 21, 20, -1,
      23, 20, 13, -1,
      13, 20, 8, -1,
      13, 8, 11, -1,
      11, 8, 10, -1,
      16, 21, 6, -1,
      6, 21, 7, -1,
      10, 16, 5, -1,
      5, 16, 6, -1,
      11, 10, 1, -1,
      1, 10, 5, -1,
      12, 11, 0, -1,
      0, 11, 1, -1,
      13, 12, 4, -1,
      4, 12, 0, -1,
      23, 13, 3, -1,
      3, 13, 4, -1,
      22, 23, 2, -1,
      2, 23, 3, -1,
      21, 22, 7, -1,
      7, 22, 2, -1,
      8, 20, 24, -1,
      24, 20, 25, -1,
      20, 19, 25, -1,
      25, 19, 26, -1,
      17, 27, 28, -1,
      17, 28, 18, -1,
      18, 28, 26, -1,
      18, 26, 19, -1,
      17, 15, 27, -1,
      27, 15, 29, -1,
      9, 30, 31, -1,
      9, 31, 14, -1,
      14, 31, 29, -1,
      14, 29, 15, -1,
      9, 8, 30, -1,
      30, 8, 24, -1,
    ]
  }
}

Shape {
  appearance Appearance {
    material Material {
      diffuseColor 0.2510 0.2510 0.2510
      specularColor 0.1255 0.1255 0.1255
      ambientIntensity 0.2
      transparency 0.0000
      shininess 0.5
    }
  }
  geometry IndexedFaceSet {
    ccw TRUE
    solid FALSE
    coord DEF co Coordinate {
      point [
        4.031150 0.984252 -1.964790,
        3.941570 0.984252 -1.964790,
        3.981892 0.984252 -1.853855,
        3.986054 0.984252 -1.835161,
        3.983896 0.984252 -1.846452,
        3.986872 0.984252 -1.835161,
        3.991239 0.984252 -1.853855,
        3.988927 0.984252 -1.845890,
      ]
    }
    coordIndex [
      3, 5, 4, -1,
      4, 5, 7, -1,
      4, 7, 2, -1,
      2, 7, 6, -1,
      2, 6, 1, -1,
      1, 6, 0, -1,
    ]
  }
}

Shape {
  appearance Appearance {
    material Material {
      diffuseColor 0.7529 0.7529 0.7529
      specularColor 0.3765 0.3765 0.3765
      ambientIntensity 0.2
      transparency 0.0000
      shininess 0.5
    }
  }
  geometry IndexedFaceSet {
    ccw TRUE
    solid FALSE
    coord DEF co Coordinate {
      point [
        5.521629 0.984252 -1.683018,
        5.504750 0.984252 -1.725045,
        5.560423 0.984252 -1.629077,
        5.547683 0.984252 -1.646790,
        5.864566 0.984252 -1.347804,
        5.823538 0.984252 -1.375389,
        5.779935 0.984252 -1.404705,
        5.717226 0.984252 -1.477231,
        5.677463 0.984252 -1.554617,
        5.668448 0.984252 -1.557642,
        5.611950 0.984252 -1.585597,
        5.959794 0.984252 -1.314246,
        6.038011 0.984252 -1.306029,
        6.131933 0.984252 -1.317603,
        6.219432 0.984252 -1.351356,
        6.258224 0.984252 -1.375389,
        6.265726 0.984252 -1.380036,
        6.467746 0.984252 -1.469003,
        6.392867 0.984252 -1.459736,
        6.310320 0.984252 -1.418226,
        6.371044 0.984252 -1.460922,
        6.349221 0.984252 -1.463531,
        6.611093 0.984252 -1.550822,
        6.598375 0.984252 -1.538780,
        6.538033 0.984252 -1.496325,
        6.695466 0.984252 -1.725045,
        6.687067 0.984252 -1.677843,
        6.673330 0.984252 -1.646790,
        6.656832 0.984252 -1.609498,
        6.561502 0.984252 -2.024394,
        6.620581 0.984252 -1.973991,
        6.663784 0.984252 -1.912365,
        6.492943 0.984252 -2.057837,
        6.466490 0.984252 -2.070198,
        6.468770 0.984252 -2.065077,
        6.691036 0.984252 -1.841733,
        6.700281 0.984252 -1.767151,
        6.699758 0.984252 -1.749169,
        6.366866 0.984252 -2.175924,
        6.390275 0.984252 -2.165068,
        6.426359 0.984252 -2.135757,
        6.453187 0.984252 -2.100067,
        6.209972 0.984252 -2.175924,
        6.242345 0.984252 -2.188402,
        6.288497 0.984252 -2.194115,
        6.302866 0.984252 -2.193588,
        6.347354 0.984252 -2.184972,
        6.110778 0.984252 -2.070198,
        6.111119 0.984252 -2.071614,
        6.133716 0.984252 -2.113804,
        6.162270 0.984252 -2.145743,
        6.200039 0.984252 -2.172094,
        5.868385 0.984252 -1.958251,
        5.855363 0.984252 -1.953107,
        5.833068 0.984252 -1.844953,
        6.146175 0.984252 -1.877213,
        5.891894 0.984252 -1.744379,
        6.174170 0.984252 -1.850811,
        6.213415 0.984252 -1.827957,
        5.880054 0.984252 -1.966521,
        5.522035 0.984252 -1.930807,
        5.559811 0.984252 -1.983480,
        5.498360 0.984252 -1.740955,
        5.489599 0.984252 -1.803206,
        5.498247 0.984252 -1.870704,
        5.840659 0.984252 -1.951220,
        5.838812 0.984252 -1.951354,
        5.833119 0.984252 -1.952615,
        6.564594 0.984252 -1.839633,
        6.542376 0.984252 -1.877343,
        6.446051 0.984252 -1.897365,
        6.508388 0.984252 -1.912336,
        6.466874 0.984252 -1.937937,
        6.375959 0.984252 -1.834435,
        6.575989 0.984252 -1.725045,
        6.414722 0.984252 -1.861445,
        6.580730 0.984252 -1.763356,
        6.578357 0.984252 -1.793263,
        6.334061 0.984252 -1.818341,
        6.288497 0.984252 -1.812694,
        6.258560 0.984252 -1.815007,
        5.611324 0.984252 -2.027109,
        5.669211 0.984252 -2.055475,
        5.732494 0.984252 -2.068872,
        5.899485 0.984252 -2.010046,
        5.899003 0.984252 -2.002557,
        6.098735 0.984252 -1.985377,
        5.895192 0.984252 -1.988115,
        5.887895 0.984252 -1.975168,
        5.844454 0.984252 -2.068872,
        5.855144 0.984252 -2.067150,
        5.867696 0.984252 -2.062209,
        5.880003 0.984252 -2.053459,
        5.884414 0.984252 -2.048969,
        5.892686 0.984252 -2.037049,
        5.897684 0.984252 -2.024181,
        6.099839 0.984252 -2.024815,
        6.098735 0.984252 -2.004354,
        5.643993 0.984252 -1.903481,
        5.623660 0.984252 -1.873529,
        5.611185 0.984252 -1.839486,
        5.607251 0.984252 -1.805103,
        5.607991 0.984252 -1.790254,
        5.829273 0.984252 -1.953118,
        5.743880 0.984252 -1.953118,
        5.717689 0.984252 -1.948848,
        5.683317 0.984252 -1.935198,
        5.653960 0.984252 -1.913803,
        5.755266 0.984252 -1.657089,
        5.770446 0.984252 -1.657089,
        5.631474 0.984252 -1.725045,
        5.721370 0.984252 -1.661007,
        5.616465 0.984252 -1.753686,
        6.575018 0.984252 -1.717203,
        6.558710 0.984252 -1.674898,
        5.633774 0.984252 -1.720658,
        5.658369 0.984252 -1.693312,
        5.688074 0.984252 -1.673244,
        5.811768 0.984252 -1.542446,
        5.854713 0.984252 -1.491439,
        6.290394 0.984252 -1.602057,
        5.858754 0.984252 -1.487764,
        5.912042 0.984252 -1.450711,
        6.261311 0.984252 -1.541887,
        6.539098 0.984252 -1.646790,
        6.303154 0.984252 -1.595044,
        5.772726 0.984252 -1.646790,
        5.782310 0.984252 -1.603498,
        6.345676 0.984252 -1.579302,
        6.390969 0.984252 -1.573593,
        6.411430 0.984252 -1.574697,
        6.218716 0.984252 -1.491066,
        5.971531 0.984252 -1.427855,
        6.168120 0.984252 -1.454098,
        6.036113 0.984252 -1.419886,
        6.106157 0.984252 -1.428933,
        6.458229 0.984252 -1.585977,
        6.500419 0.984252 -1.608574,
        6.532358 0.984252 -1.637129,
        5.833068 0.988189 -1.844953,
        5.891894 0.988189 -1.744379,
        6.146175 0.988189 -1.877213,
        6.274596 0.988189 -1.933961,
        6.256974 0.988189 -1.940268,
        6.500419 0.988189 -1.608574,
        6.458229 0.988189 -1.585977,
        6.467746 0.988189 -1.469003,
        6.349221 0.988189 -1.463531,
        6.290394 0.988189 -1.602057,
        6.261311 0.988189 -1.541887,
        6.390275 0.988189 -2.165068,
        6.466874 0.988189 -1.937937,
        6.426359 0.988189 -2.135757,
        6.453187 0.988189 -2.100067,
        5.688074 0.988189 -1.673244,
        5.658369 0.988189 -1.693312,
        5.560423 0.988189 -1.629077,
        6.508388 0.988189 -1.912336,
        6.492943 0.988189 -2.057837,
        6.468770 0.988189 -2.065077,
        6.392867 0.988189 -1.459736,
        6.241709 0.988189 -1.950573,
        6.229483 0.988189 -1.964219,
        6.098735 0.988189 -1.985377,
        6.308953 0.988189 -1.934624,
        6.334061 0.988189 -1.818341,
        6.325524 0.988189 -1.941165,
        6.375959 0.988189 -1.834435,
        6.340361 0.988189 -1.951715,
        6.414722 0.988189 -1.861445,
        6.347863 0.988189 -1.959647,
        6.446051 0.988189 -1.897365,
        6.357670 0.988189 -1.975343,
        6.363263 0.988189 -1.993203,
        6.364207 0.988189 -2.011697,
        6.213415 0.988189 -1.827957,
        6.258560 0.988189 -1.815007,
        6.288497 0.988189 -1.812694,
        5.521629 0.988189 -1.683018,
        5.633774 0.988189 -1.720658,
        5.498360 0.988189 -1.740955,
        5.616465 0.988189 -1.753686,
        5.489599 0.988189 -1.803206,
        6.310320 0.988189 -1.418226,
        6.218716 0.988189 -1.491066,
        6.265726 0.988189 -1.380036,
        6.168120 0.988189 -1.454098,
        6.219432 0.988189 -1.351356,
        6.411430 0.988189 -1.574697,
        6.390969 0.988189 -1.573593,
        6.371044 0.988189 -1.460922,
        6.345676 0.988189 -1.579302,
        6.303154 0.988189 -1.595044,
        6.221241 0.988189 -1.979798,
        6.216907 0.988189 -1.997393,
        6.098735 0.988189 -2.004354,
        6.216880 0.988189 -2.014756,
        5.770446 0.988189 -1.657089,
        5.755266 0.988189 -1.657089,
        5.677463 0.988189 -1.554617,
        5.721370 0.988189 -1.661007,
        5.668448 0.988189 -1.557642,
        5.611950 0.988189 -1.585597,
        5.559811 0.988189 -1.983480,
        5.653960 0.988189 -1.913803,
        5.611324 0.988189 -2.027109,
        5.683317 0.988189 -1.935198,
        5.669211 0.988189 -2.055475,
        5.717689 0.988189 -1.948848,
        5.732494 0.988189 -2.068872,
        5.743880 0.988189 -1.953118,
        5.844454 0.988189 -2.068872,
        5.829273 0.988189 -1.953118,
        5.855144 0.988189 -2.067150,
        6.290394 0.988189 -1.932244,
        6.174170 0.988189 -1.850811,
        5.607991 0.988189 -1.790254,
        5.607251 0.988189 -1.805103,
        5.498247 0.988189 -1.870704,
        5.611185 0.988189 -1.839486,
        5.522035 0.988189 -1.930807,
        5.623660 0.988189 -1.873529,
        5.643993 0.988189 -1.903481,
        5.779935 0.988189 -1.404705,
        5.854713 0.988189 -1.491439,
        5.717226 0.988189 -1.477231,
        5.811768 0.988189 -1.542446,
        5.782310 0.988189 -1.603498,
        6.575018 0.988189 -1.717203,
        6.699758 0.988189 -1.749169,
        6.580730 0.988189 -1.763356,
        6.700281 0.988189 -1.767151,
        6.578357 0.988189 -1.793263,
        6.691036 0.988189 -1.841733,
        6.564594 0.988189 -1.839633,
        6.663784 0.988189 -1.912365,
        6.542376 0.988189 -1.877343,
        6.620581 0.988189 -1.973991,
        6.561502 0.988189 -2.024394,
        6.538033 0.988189 -1.496325,
        6.598375 0.988189 -1.538780,
        6.532358 0.988189 -1.637129,
        6.611093 0.988189 -1.550822,
        6.558710 0.988189 -1.674898,
        6.656832 0.988189 -1.609498,
        6.687067 0.988189 -1.677843,
        6.131933 0.988189 -1.317603,
        6.106157 0.988189 -1.428933,
        6.038011 0.988189 -1.306029,
        6.036113 0.988189 -1.419886,
        5.959794 0.988189 -1.314246,
        5.971531 0.988189 -1.427855,
        5.864566 0.988189 -1.347804,
        5.912042 0.988189 -1.450711,
        5.858754 0.988189 -1.487764,
        6.327817 0.988189 -2.070043,
        6.310663 0.988189 -2.077410,
        6.347354 0.988189 -2.184972,
        6.293628 0.988189 -2.080187,
        6.302866 0.988189 -2.193588,
        6.290394 0.988189 -2.080258,
        6.288497 0.988189 -2.194115,
        6.271387 0.988189 -2.077807,
        6.242345 0.988189 -2.188402,
        6.254951 0.988189 -2.071241,
        6.200039 0.988189 -2.172094,
        6.240537 0.988189 -2.060904,
        6.162270 0.988189 -2.145743,
        6.230236 0.988189 -2.049268,
        6.133716 0.988189 -2.113804,
        6.221411 0.988189 -2.032968,
        6.111119 0.988189 -2.071614,
        6.099839 0.988189 -2.024815,
        5.838812 0.988189 -1.951354,
        5.884414 0.988189 -2.048969,
        5.880003 0.988189 -2.053459,
        6.342342 0.988189 -2.058910,
        6.353182 0.988189 -2.045444,
        6.360693 0.988189 -2.029493,
        5.833119 0.988189 -1.952615,
        5.867696 0.988189 -2.062209,
        5.899485 0.988189 -2.010046,
        5.897684 0.988189 -2.024181,
        5.892686 0.988189 -2.037049,
        5.855363 0.988189 -1.953107,
        5.868385 0.988189 -1.958251,
        5.899003 0.988189 -2.002557,
        5.880054 0.988189 -1.966521,
        5.887895 0.988189 -1.975168,
        5.895192 0.988189 -1.988115,
        5.840659 0.988189 -1.951220,
        6.290394 0.984252 -1.932244,
        6.274596 0.984252 -1.933961,
        6.256974 0.984252 -1.940268,
        6.241709 0.984252 -1.950573,
        6.229483 0.984252 -1.964219,
        6.221241 0.984252 -1.979798,
        6.216907 0.984252 -1.997393,
        6.216880 0.984252 -2.014756,
        6.221411 0.984252 -2.032968,
        6.230236 0.984252 -2.049268,
        6.240537 0.984252 -2.060904,
        6.254951 0.984252 -2.071241,
        6.271387 0.984252 -2.077807,
        6.290394 0.984252 -2.080258,
        6.293628 0.984252 -2.080187,
        6.310663 0.984252 -2.077410,
        6.327817 0.984252 -2.070043,
        6.342342 0.984252 -2.058910,
        6.353182 0.984252 -2.045444,
        6.360693 0.984252 -2.029493,
        6.364207 0.984252 -2.011697,
        6.363263 0.984252 -1.993203,
        6.357670 0.984252 -1.975343,
        6.347863 0.984252 -1.959647,
        6.340361 0.984252 -1.951715,
        6.325524 0.984252 -1.941165,
        6.308953 0.984252 -1.934624,
      ]
    }
    coordIndex [
      139, 140, 141, -1,
      142, 143, 139, -1,
      144, 145, 146, -1,
      147, 148, 149, -1,
      150, 151, 152, -1,
      152, 151, 153, -1,
      154, 155, 156, -1,
      157, 158, 151, -1,
      151, 158, 159, -1,
      151, 159, 153, -1,
      146, 145, 160, -1,
      143, 161, 139, -1,
      139, 161, 162, -1,
      139, 162, 163, -1,
      164, 165, 166, -1,
      166, 165, 167, -1,
      166, 167, 168, -1,
      168, 167, 169, -1,
      168, 169, 170, -1,
      170, 169, 171, -1,
      170, 171, 172, -1,
      172, 171, 151, -1,
      172, 151, 173, -1,
      173, 151, 174, -1,
      175, 176, 164, -1,
      164, 176, 177, -1,
      164, 177, 165, -1,
      156, 155, 178, -1,
      178, 155, 179, -1,
      178, 179, 180, -1,
      180, 179, 181, -1,
      180, 181, 182, -1,
      147, 149, 183, -1,
      183, 149, 184, -1,
      183, 184, 185, -1,
      185, 184, 186, -1,
      185, 186, 187, -1,
      145, 188, 160, -1,
      160, 188, 189, -1,
      160, 189, 190, -1,
      190, 189, 191, -1,
      190, 191, 147, -1,
      147, 191, 192, -1,
      147, 192, 148, -1,
      162, 193, 163, -1,
      163, 193, 194, -1,
      163, 194, 195, -1,
      195, 194, 196, -1,
      197, 198, 199, -1,
      199, 198, 200, -1,
      199, 200, 201, -1,
      201, 200, 154, -1,
      201, 154, 202, -1,
      202, 154, 156, -1,
      203, 204, 205, -1,
      205, 204, 206, -1,
      205, 206, 207, -1,
      207, 206, 208, -1,
      207, 208, 209, -1,
      209, 208, 210, -1,
      209, 210, 211, -1,
      211, 210, 212, -1,
      211, 212, 213, -1,
      142, 139, 214, -1,
      214, 139, 141, -1,
      214, 141, 164, -1,
      164, 141, 215, -1,
      164, 215, 175, -1,
      181, 216, 182, -1,
      182, 216, 217, -1,
      182, 217, 218, -1,
      218, 217, 219, -1,
      218, 219, 220, -1,
      220, 219, 221, -1,
      220, 221, 203, -1,
      203, 221, 222, -1,
      203, 222, 204, -1,
      223, 224, 225, -1,
      225, 224, 226, -1,
      225, 226, 199, -1,
      199, 226, 227, -1,
      199, 227, 197, -1,
      228, 229, 230, -1,
      230, 229, 231, -1,
      230, 231, 232, -1,
      232, 231, 233, -1,
      232, 233, 234, -1,
      234, 233, 235, -1,
      234, 235, 236, -1,
      236, 235, 237, -1,
      236, 237, 157, -1,
      157, 237, 238, -1,
      157, 238, 158, -1,
      146, 239, 144, -1,
      144, 239, 240, -1,
      144, 240, 241, -1,
      241, 240, 242, -1,
      241, 242, 243, -1,
      243, 242, 244, -1,
      243, 244, 228, -1,
      228, 244, 245, -1,
      228, 245, 229, -1,
      187, 186, 246, -1,
      246, 186, 247, -1,
      246, 247, 248, -1,
      248, 247, 249, -1,
      248, 249, 250, -1,
      250, 249, 251, -1,
      250, 251, 252, -1,
      252, 251, 253, -1,
      252, 253, 223, -1,
      223, 253, 254, -1,
      223, 254, 224, -1,
      255, 150, 256, -1,
      256, 150, 257, -1,
      256, 257, 258, -1,
      258, 257, 259, -1,
      258, 259, 260, -1,
      260, 259, 261, -1,
      260, 261, 262, -1,
      262, 261, 263, -1,
      262, 263, 264, -1,
      264, 263, 265, -1,
      264, 265, 266, -1,
      266, 265, 267, -1,
      266, 267, 268, -1,
      268, 267, 269, -1,
      268, 269, 270, -1,
      270, 269, 271, -1,
      270, 271, 196, -1,
      196, 271, 272, -1,
      196, 272, 195, -1,
      273, 274, 275, -1,
      255, 276, 150, -1,
      150, 276, 277, -1,
      150, 277, 151, -1,
      151, 277, 278, -1,
      151, 278, 174, -1,
      212, 279, 213, -1,
      213, 279, 273, -1,
      213, 273, 280, -1,
      280, 273, 275, -1,
      281, 282, 273, -1,
      273, 282, 283, -1,
      273, 283, 274, -1,
      284, 285, 286, -1,
      285, 287, 286, -1,
      286, 287, 288, -1,
      286, 288, 289, -1,
      281, 273, 286, -1,
      286, 273, 290, -1,
      286, 290, 284, -1,
      182, 63, 62, -1,
      3, 156, 178, -1,
      182, 62, 180, -1,
      180, 62, 1, -1,
      180, 1, 178, -1,
      178, 1, 0, -1,
      178, 0, 3, -1,
      3, 2, 156, -1,
      156, 2, 10, -1,
      156, 10, 202, -1,
      202, 10, 9, -1,
      202, 9, 201, -1,
      201, 9, 8, -1,
      201, 8, 199, -1,
      199, 8, 7, -1,
      199, 7, 225, -1,
      225, 7, 6, -1,
      225, 6, 223, -1,
      252, 223, 5, -1,
      5, 223, 6, -1,
      5, 4, 252, -1,
      252, 4, 11, -1,
      252, 11, 250, -1,
      250, 11, 12, -1,
      250, 12, 248, -1,
      248, 12, 13, -1,
      248, 13, 246, -1,
      246, 13, 14, -1,
      246, 14, 187, -1,
      187, 14, 185, -1,
      185, 14, 15, -1,
      185, 15, 16, -1,
      185, 16, 19, -1,
      185, 19, 183, -1,
      183, 19, 21, -1,
      183, 21, 147, -1,
      147, 21, 20, -1,
      147, 20, 190, -1,
      190, 20, 18, -1,
      190, 18, 160, -1,
      160, 18, 17, -1,
      160, 17, 146, -1,
      146, 17, 24, -1,
      146, 24, 239, -1,
      239, 24, 23, -1,
      239, 23, 240, -1,
      240, 23, 22, -1,
      240, 22, 242, -1,
      36, 231, 229, -1,
      242, 22, 28, -1,
      242, 28, 244, -1,
      244, 28, 27, -1,
      244, 27, 245, -1,
      27, 26, 245, -1,
      245, 26, 25, -1,
      245, 25, 229, -1,
      229, 25, 37, -1,
      229, 37, 36, -1,
      231, 36, 35, -1,
      231, 35, 233, -1,
      233, 35, 31, -1,
      233, 31, 235, -1,
      235, 31, 30, -1,
      235, 30, 237, -1,
      237, 30, 29, -1,
      237, 29, 238, -1,
      238, 29, 32, -1,
      238, 32, 158, -1,
      158, 32, 34, -1,
      158, 34, 159, -1,
      159, 34, 33, -1,
      159, 33, 153, -1,
      33, 41, 153, -1,
      153, 41, 40, -1,
      153, 40, 152, -1,
      152, 40, 39, -1,
      152, 39, 150, -1,
      150, 39, 38, -1,
      150, 38, 257, -1,
      38, 46, 257, -1,
      257, 46, 45, -1,
      257, 45, 259, -1,
      259, 45, 44, -1,
      259, 44, 261, -1,
      97, 195, 272, -1,
      261, 44, 43, -1,
      42, 265, 43, -1,
      43, 265, 263, -1,
      43, 263, 261, -1,
      42, 51, 265, -1,
      265, 51, 50, -1,
      265, 50, 267, -1,
      267, 50, 49, -1,
      267, 49, 269, -1,
      269, 49, 48, -1,
      269, 48, 271, -1,
      271, 48, 47, -1,
      271, 47, 272, -1,
      272, 47, 96, -1,
      272, 96, 97, -1,
      163, 195, 86, -1,
      86, 195, 97, -1,
      139, 163, 54, -1,
      54, 163, 86, -1,
      140, 139, 56, -1,
      56, 139, 54, -1,
      141, 140, 55, -1,
      55, 140, 56, -1,
      141, 55, 57, -1,
      141, 57, 215, -1,
      215, 57, 58, -1,
      215, 58, 175, -1,
      175, 58, 80, -1,
      175, 80, 176, -1,
      176, 80, 79, -1,
      176, 79, 177, -1,
      177, 79, 78, -1,
      177, 78, 165, -1,
      165, 78, 73, -1,
      165, 73, 167, -1,
      167, 73, 75, -1,
      167, 75, 169, -1,
      169, 75, 70, -1,
      169, 70, 171, -1,
      171, 70, 72, -1,
      171, 72, 151, -1,
      151, 72, 71, -1,
      151, 71, 157, -1,
      157, 71, 69, -1,
      157, 69, 236, -1,
      236, 69, 68, -1,
      236, 68, 234, -1,
      234, 68, 77, -1,
      234, 77, 232, -1,
      232, 77, 76, -1,
      232, 76, 230, -1,
      228, 230, 76, -1,
      76, 74, 228, -1,
      228, 74, 113, -1,
      228, 113, 114, -1,
      124, 241, 114, -1,
      114, 241, 243, -1,
      114, 243, 228, -1,
      124, 138, 241, -1,
      241, 138, 137, -1,
      241, 137, 144, -1,
      144, 137, 136, -1,
      144, 136, 145, -1,
      145, 136, 130, -1,
      145, 130, 188, -1,
      188, 130, 129, -1,
      188, 129, 189, -1,
      189, 129, 128, -1,
      189, 128, 191, -1,
      191, 128, 125, -1,
      191, 125, 192, -1,
      192, 125, 120, -1,
      192, 120, 148, -1,
      148, 120, 123, -1,
      148, 123, 149, -1,
      149, 123, 131, -1,
      149, 131, 184, -1,
      184, 131, 133, -1,
      184, 133, 186, -1,
      186, 133, 135, -1,
      186, 135, 247, -1,
      247, 135, 134, -1,
      247, 134, 249, -1,
      249, 134, 132, -1,
      249, 132, 251, -1,
      251, 132, 122, -1,
      251, 122, 253, -1,
      253, 122, 121, -1,
      253, 121, 254, -1,
      254, 121, 119, -1,
      254, 119, 224, -1,
      224, 119, 118, -1,
      224, 118, 226, -1,
      226, 118, 127, -1,
      226, 127, 227, -1,
      227, 127, 197, -1,
      197, 127, 126, -1,
      197, 126, 109, -1,
      198, 197, 108, -1,
      108, 197, 109, -1,
      198, 108, 111, -1,
      198, 111, 200, -1,
      200, 111, 117, -1,
      200, 117, 154, -1,
      154, 117, 116, -1,
      154, 116, 155, -1,
      155, 116, 115, -1,
      155, 115, 179, -1,
      179, 115, 110, -1,
      179, 110, 181, -1,
      110, 112, 181, -1,
      181, 112, 102, -1,
      181, 102, 216, -1,
      216, 102, 101, -1,
      216, 101, 217, -1,
      217, 101, 100, -1,
      217, 100, 219, -1,
      219, 100, 99, -1,
      219, 99, 221, -1,
      221, 99, 98, -1,
      221, 98, 222, -1,
      222, 98, 107, -1,
      222, 107, 204, -1,
      204, 107, 106, -1,
      204, 106, 206, -1,
      206, 106, 105, -1,
      206, 105, 208, -1,
      208, 105, 104, -1,
      208, 104, 210, -1,
      212, 210, 103, -1,
      103, 210, 104, -1,
      212, 103, 67, -1,
      212, 67, 279, -1,
      279, 67, 66, -1,
      279, 66, 273, -1,
      273, 66, 65, -1,
      273, 65, 290, -1,
      290, 65, 53, -1,
      290, 53, 284, -1,
      284, 53, 52, -1,
      284, 52, 285, -1,
      285, 52, 59, -1,
      285, 59, 287, -1,
      287, 59, 88, -1,
      287, 88, 288, -1,
      288, 88, 87, -1,
      288, 87, 289, -1,
      289, 87, 85, -1,
      289, 85, 286, -1,
      286, 85, 84, -1,
      286, 84, 281, -1,
      281, 84, 95, -1,
      281, 95, 282, -1,
      282, 95, 94, -1,
      282, 94, 283, -1,
      283, 94, 93, -1,
      283, 93, 274, -1,
      274, 93, 92, -1,
      274, 92, 275, -1,
      275, 92, 91, -1,
      275, 91, 280, -1,
      280, 91, 90, -1,
      280, 90, 213, -1,
      213, 90, 89, -1,
      213, 89, 211, -1,
      209, 211, 83, -1,
      83, 211, 89, -1,
      209, 83, 82, -1,
      209, 82, 207, -1,
      207, 82, 81, -1,
      207, 81, 205, -1,
      205, 81, 61, -1,
      205, 61, 203, -1,
      203, 61, 60, -1,
      203, 60, 220, -1,
      220, 60, 64, -1,
      220, 64, 218, -1,
      218, 64, 63, -1,
      218, 63, 182, -1,
      214, 291, 292, -1,
      214, 292, 142, -1,
      142, 292, 293, -1,
      142, 293, 143, -1,
      143, 293, 294, -1,
      143, 294, 161, -1,
      161, 294, 295, -1,
      161, 295, 162, -1,
      162, 295, 296, -1,
      162, 296, 193, -1,
      193, 296, 297, -1,
      193, 297, 194, -1,
      194, 297, 298, -1,
      194, 298, 196, -1,
      196, 298, 299, -1,
      196, 299, 270, -1,
      270, 299, 300, -1,
      270, 300, 268, -1,
      268, 300, 301, -1,
      268, 301, 266, -1,
      266, 301, 302, -1,
      266, 302, 264, -1,
      264, 302, 303, -1,
      264, 303, 262, -1,
      262, 303, 304, -1,
      262, 304, 260, -1,
      260, 304, 305, -1,
      260, 305, 258, -1,
      258, 305, 306, -1,
      258, 306, 256, -1,
      256, 306, 307, -1,
      256, 307, 255, -1,
      255, 307, 308, -1,
      255, 308, 276, -1,
      276, 308, 309, -1,
      276, 309, 277, -1,
      277, 309, 310, -1,
      277, 310, 278, -1,
      278, 310, 311, -1,
      278, 311, 174, -1,
      174, 311, 312, -1,
      174, 312, 173, -1,
      173, 312, 313, -1,
      173, 313, 172, -1,
      172, 313, 314, -1,
      172, 314, 170, -1,
      170, 314, 315, -1,
      170, 315, 168, -1,
      168, 315, 316, -1,
      168, 316, 166, -1,
      166, 316, 317, -1,
      166, 317, 164, -1,
      164, 317, 291, -1,
      164, 291, 214, -1,
    ]
  }
}

Shape {
  appearance Appearance {
    material Material {
      diffuseColor 0.2510 0.2510 0.2510
      specularColor 0.1255 0.1255 0.1255
      ambientIntensity 0.2
      transparency 0.0000
      shininess 0.5
    }
  }
  geometry IndexedFaceSet {
    ccw TRUE
    solid FALSE
    coord DEF co Coordinate {
      point [
        6.290394 0.984252 -1.932244,
        6.274596 0.984252 -1.933961,
        6.256974 0.984252 -1.940268,
        6.241709 0.984252 -1.950573,
        6.229483 0.984252 -1.964219,
        6.221241 0.984252 -1.979798,
        6.216907 0.984252 -1.997393,
        6.216880 0.984252 -2.014756,
        6.221411 0.984252 -2.032968,
        6.230236 0.984252 -2.049268,
        6.240537 0.984252 -2.060904,
        6.254951 0.984252 -2.071241,
        6.271387 0.984252 -2.077807,
        6.290394 0.984252 -2.080258,
        6.293628 0.984252 -2.080187,
        6.310663 0.984252 -2.077410,
        6.327817 0.984252 -2.070043,
        6.342342 0.984252 -2.058910,
        6.353182 0.984252 -2.045444,
        6.360693 0.984252 -2.029493,
        6.364207 0.984252 -2.011697,
        6.363263 0.984252 -1.993203,
        6.357670 0.984252 -1.975343,
        6.347863 0.984252 -1.959647,
        6.340361 0.984252 -1.951715,
        6.325524 0.984252 -1.941165,
        6.308953 0.984252 -1.934624,
      ]
    }
    coordIndex [
      14, 24, 23, -1,
      12, 11, 1, -1,
      0, 26, 14, -1,
      14, 26, 25, -1,
      14, 25, 24, -1,
      19, 18, 23, -1,
      23, 18, 17, -1,
      0, 14, 1, -1,
      1, 14, 13, -1,
      1, 13, 12, -1,
      22, 21, 23, -1,
      23, 21, 20, -1,
      23, 20, 19, -1,
      17, 16, 23, -1,
      23, 16, 15, -1,
      23, 15, 14, -1,
      11, 10, 1, -1,
      1, 10, 9, -1,
      1, 9, 8, -1,
      8, 7, 1, -1,
      1, 7, 6, -1,
      1, 6, 5, -1,
      5, 4, 1, -1,
      1, 4, 3, -1,
      1, 3, 2, -1,
    ]
  }
}
