#VRML V2.0 utf8

Shape {
  appearance Appearance {
    material Material {
      diffuseColor 0.2510 0.2510 0.2510
      specularColor 0.1255 0.1255 0.1255
      ambientIntensity 0.2
      transparency 0.0000
      shininess 0.5
    }
  }
  geometry IndexedFaceSet {
    ccw TRUE
    solid FALSE
    coord DEF co Coordinate {
      point [
        0.210909 0.053148 0.360236,
        0.204237 0.046743 0.360236,
        0.168227 -0.085366 0.360236,
        0.148068 -0.005468 0.360236,
        0.129943 -0.022775 0.360236,
        0.580367 -0.501626 0.360236,
        0.319466 -0.106971 0.360236,
        0.197035 -0.106971 0.360236,
        0.198727 -0.078650 0.360236,
        0.203607 -0.064116 0.360236,
        0.211586 -0.051691 0.360236,
        -0.019733 -0.051757 0.360236,
        -0.101054 -0.051757 0.360236,
        0.000184 -0.106971 0.360236,
        -0.119846 -0.106971 0.360236,
        0.028992 -0.106971 0.360236,
        -0.283003 -0.501626 0.360236,
        -0.148654 -0.106971 0.360236,
        -0.283003 0.501626 0.360236,
        0.433640 0.016293 0.360236,
        0.445365 0.012221 0.360236,
        0.463503 0.062872 0.360236,
        0.456197 0.004964 0.360236,
        0.290659 0.037628 0.360236,
        0.289776 0.046159 0.360236,
        0.224530 0.062741 0.360236,
        0.287527 0.052689 0.360236,
        0.273401 0.066497 0.360236,
        0.264143 0.069595 0.360236,
        0.252774 0.070674 0.360236,
        0.238010 0.068494 0.360236,
        0.145835 0.079076 0.360236,
        0.153787 0.070898 0.360236,
        0.159135 0.061764 0.360236,
        0.162371 0.051281 0.360236,
        0.468633 -0.075291 0.360236,
        0.473635 -0.061005 0.360236,
        0.475506 -0.043205 0.360236,
        0.439347 -0.104024 0.360236,
        0.425896 -0.108199 0.360236,
        0.412715 -0.109372 0.360236,
        0.395825 -0.107281 0.360236,
        0.384137 -0.102691 0.360236,
        -0.047828 0.089879 0.360236,
        0.052998 0.046743 0.360236,
        0.052998 0.070824 0.360236,
        0.284045 0.058199 0.360236,
        0.279487 0.062659 0.360236,
        0.163426 0.039541 0.360236,
        0.161489 0.021449 0.360236,
        0.155981 0.006406 0.360236,
        0.460763 -0.087467 0.360236,
        0.450677 -0.097229 0.360236,
        0.227710 -0.035633 0.360236,
        0.119427 -0.030526 0.360236,
        0.088702 -0.053017 0.360236,
        0.079216 -0.062385 0.360236,
        0.373432 -0.095085 0.360236,
        0.364677 -0.085131 0.360236,
        0.319466 -0.085366 0.360236,
        0.356256 -0.069401 0.360236,
        0.349893 -0.044576 0.360236,
        0.076471 -0.035633 0.360236,
        0.060348 -0.051691 0.360236,
        0.052369 -0.064116 0.360236,
        0.047489 -0.078650 0.360236,
        0.271894 0.090706 0.360236,
        0.285165 0.086467 0.360236,
        0.580367 0.501626 0.360236,
        0.464681 -0.004546 0.360236,
        0.470962 -0.016417 0.360236,
        0.474852 -0.032242 0.360236,
        0.045796 -0.097219 0.360236,
        0.045796 -0.106971 0.360236,
        0.168227 -0.106971 0.360236,
        0.197035 -0.097219 0.360236,
        0.248348 -0.020026 0.360236,
        0.250486 -0.018524 0.360236,
        0.271942 -0.001592 0.360236,
        0.066437 0.082098 0.360236,
        0.079757 0.088605 0.360236,
        0.458794 0.087079 0.360236,
        0.463503 0.084478 0.360236,
        0.074878 -0.069065 0.360236,
        0.072499 -0.076100 0.360236,
        0.071603 -0.085366 0.360236,
        0.130859 0.009714 0.360236,
        0.136100 0.019424 0.360236,
        0.059670 0.053148 0.360236,
        0.282097 0.009714 0.360236,
        0.287338 0.019424 0.360236,
        0.290001 0.029198 0.360236,
        0.373142 -0.010196 0.360236,
        0.373780 -0.010196 0.360236,
        0.374658 0.010728 0.360236,
        0.380983 0.000972 0.360236,
        0.380618 0.033378 0.360236,
        0.388935 0.008661 0.360236,
        0.388532 0.048121 0.360236,
        0.398340 0.014061 0.360236,
        0.398096 0.058855 0.360236,
        0.408635 0.017009 0.360236,
        0.407822 0.065458 0.360236,
        0.418867 0.017861 0.360236,
        0.447627 0.068699 0.360236,
        0.430832 0.070674 0.360236,
        0.418145 0.069242 0.360236,
        0.097109 -0.020026 0.360236,
        0.099247 -0.018524 0.360236,
        0.120704 -0.001592 0.360236,
        -0.074235 0.089879 0.360236,
        0.138763 0.029198 0.360236,
        0.139420 0.037628 0.360236,
        0.073291 0.062741 0.360236,
        0.138537 0.046159 0.360236,
        0.136288 0.052689 0.360236,
        0.122162 0.066497 0.360236,
        0.112905 0.069595 0.360236,
        0.101535 0.070674 0.360236,
        0.086772 0.068494 0.360236,
        0.132806 0.058199 0.360236,
        0.128248 0.062659 0.360236,
        0.095292 0.091888 0.360236,
        0.103936 0.092280 0.360236,
        0.120656 0.090706 0.360236,
        0.133927 0.086467 0.360236,
        0.204237 0.070824 0.360236,
        0.217676 0.082098 0.360236,
        0.230996 0.088605 0.360236,
        0.246530 0.091888 0.360236,
        0.255174 0.092280 0.360236,
        0.378699 0.071057 0.360236,
        0.391769 0.081654 0.360236,
        0.405867 0.088417 0.360236,
        0.421963 0.091852 0.360236,
        0.430344 0.092280 0.360236,
        0.447506 0.090707 0.360236,
        0.270666 -0.030526 0.360236,
        0.239941 -0.053017 0.360236,
        0.230455 -0.062385 0.360236,
        0.226116 -0.069065 0.360236,
        0.223737 -0.076100 0.360236,
        0.222841 -0.085366 0.360236,
        0.297073 0.079076 0.360236,
        0.305025 0.070898 0.360236,
        0.310374 0.061764 0.360236,
        0.366087 0.054774 0.360236,
        0.313610 0.051281 0.360236,
        0.355934 0.032755 0.360236,
        0.314665 0.039541 0.360236,
        0.350010 0.006667 0.360236,
        0.312728 0.021449 0.360236,
        0.348273 -0.020211 0.360236,
        0.307220 0.006406 0.360236,
        0.299307 -0.005468 0.360236,
        0.281182 -0.022775 0.360236,
        -0.629921 0.531571 -0.000000,
        -0.629921 -0.531571 0.000000,
        -0.600011 0.501661 0.341873,
        -0.600011 -0.501661 0.341873,
        -0.052387 0.519665 -0.360236,
        -0.044706 -0.030744 -0.360236,
        -0.052387 -0.039866 -0.360236,
        -0.044706 -0.039386 -0.360236,
        -0.002455 -0.039386 -0.360236,
        -0.042785 0.030712 -0.360236,
        -0.013017 0.030712 -0.360236,
        -0.013017 0.004785 -0.360236,
        0.012909 -0.035305 -0.360236,
        0.012909 -0.026663 -0.360236,
        -0.002455 0.039354 -0.360236,
        -0.013017 -0.003857 -0.360236,
        -0.013017 -0.030744 -0.360236,
        -0.040865 -0.003857 -0.360236,
        -0.040865 0.004785 -0.360236,
        0.051910 -0.036713 -0.360236,
        0.078206 -0.039386 -0.360236,
        0.044278 -0.039340 -0.360236,
        0.039206 -0.039866 -0.360236,
        -0.042785 0.039354 -0.360236,
        0.067329 0.018615 -0.360236,
        0.062713 0.025977 -0.360236,
        0.107974 0.039354 -0.360236,
        0.039102 0.030801 -0.360236,
        0.044996 0.028674 -0.360236,
        0.014320 -0.027444 -0.360236,
        0.050446 0.025028 -0.360236,
        0.055201 0.019779 -0.360236,
        0.060922 -0.000856 -0.360236,
        0.060124 -0.009380 -0.360236,
        0.057985 -0.016153 -0.360236,
        0.040464 -0.030880 -0.360236,
        0.033119 -0.031704 -0.360236,
        0.046201 -0.028768 -0.360236,
        0.051033 -0.025511 -0.360236,
        0.054728 -0.021613 -0.360236,
        0.022667 -0.030544 -0.360236,
        0.058447 0.013700 -0.360236,
        0.060546 0.005270 -0.360236,
        0.055605 0.032813 -0.360236,
        0.118536 0.039354 -0.360236,
        0.362184 0.519665 -0.360236,
        0.118536 -0.039386 -0.360236,
        0.362184 -0.039866 -0.360236,
        0.058244 -0.032669 -0.360236,
        0.064158 -0.026442 -0.360236,
        0.078206 -0.030744 -0.360236,
        0.068353 -0.018955 -0.360236,
        0.107974 -0.030744 -0.360236,
        0.070723 -0.010620 -0.360236,
        0.071484 -0.001502 -0.360236,
        0.070352 0.009693 -0.360236,
        0.048126 0.037119 -0.360236,
        0.039348 0.039669 -0.360236,
        0.031439 0.040314 -0.360236,
        0.022013 0.039664 -0.360236,
        0.012909 0.037193 -0.360236,
        0.012909 0.026631 -0.360236,
        0.021778 0.030429 -0.360236,
        0.031349 0.031672 -0.360236,
        0.034575 -0.040346 -0.360236,
        0.362184 -0.519665 -0.360236,
        0.032422 -0.040309 -0.360236,
        -0.052387 -0.519665 -0.360236,
        0.029259 -0.039866 -0.360236,
        -0.362184 -0.519665 -0.360236,
        -0.362184 -0.039866 -0.360236,
        0.021302 -0.038751 -0.360236,
        -0.129207 -0.039386 -0.360236,
        -0.119514 -0.017805 -0.360236,
        -0.114998 -0.024848 -0.360236,
        -0.188743 -0.039386 -0.360236,
        -0.200265 -0.039386 -0.360236,
        -0.169537 0.039354 -0.360236,
        -0.362184 0.519665 -0.360236,
        -0.158975 0.039354 -0.360236,
        -0.108517 -0.031054 -0.360236,
        -0.100296 -0.035831 -0.360236,
        -0.091222 -0.038536 -0.360236,
        -0.081480 -0.039386 -0.360236,
        -0.060069 -0.039386 -0.360236,
        -0.060069 0.039354 -0.360236,
        -0.082290 0.039354 -0.360236,
        -0.111531 0.029087 -0.360236,
        -0.117099 0.022913 -0.360236,
        -0.120759 0.016141 -0.360236,
        -0.093666 0.038138 -0.360236,
        -0.102879 0.034903 -0.360236,
        -0.111449 0.029159 -0.360236,
        -0.140730 -0.039386 -0.360236,
        -0.148247 -0.017300 -0.360236,
        -0.180775 -0.017300 -0.360236,
        -0.122873 0.008383 -0.360236,
        -0.123446 0.000974 -0.360236,
        -0.122341 -0.009563 -0.360236,
      ]
    }
    coordIndex [
      0, 1, 2, -1,
      2, 3, 4, -1,
      5, 6, 7, -1,
      8, 9, 2, -1,
      2, 9, 10, -1,
      11, 12, 13, -1,
      13, 12, 14, -1,
      15, 13, 5, -1,
      5, 13, 14, -1,
      5, 14, 16, -1,
      16, 14, 17, -1,
      16, 17, 18, -1,
      19, 20, 21, -1,
      21, 20, 22, -1,
      23, 24, 25, -1,
      25, 24, 26, -1,
      27, 28, 25, -1,
      25, 28, 29, -1,
      25, 29, 30, -1,
      31, 32, 1, -1,
      1, 32, 33, -1,
      1, 33, 34, -1,
      35, 5, 36, -1,
      36, 5, 37, -1,
      38, 39, 5, -1,
      5, 39, 40, -1,
      40, 41, 5, -1,
      5, 41, 42, -1,
      5, 42, 6, -1,
      43, 44, 45, -1,
      26, 46, 25, -1,
      25, 46, 47, -1,
      25, 47, 27, -1,
      34, 48, 1, -1,
      1, 48, 49, -1,
      1, 49, 2, -1,
      2, 49, 50, -1,
      2, 50, 3, -1,
      35, 51, 5, -1,
      5, 51, 52, -1,
      5, 52, 38, -1,
      25, 0, 23, -1,
      23, 0, 2, -1,
      23, 2, 53, -1,
      53, 2, 10, -1,
      4, 54, 2, -1,
      2, 54, 55, -1,
      2, 55, 56, -1,
      42, 57, 6, -1,
      6, 57, 58, -1,
      6, 58, 59, -1,
      59, 58, 60, -1,
      59, 60, 61, -1,
      62, 44, 63, -1,
      63, 44, 43, -1,
      63, 43, 64, -1,
      64, 43, 65, -1,
      66, 67, 68, -1,
      22, 69, 21, -1,
      21, 69, 70, -1,
      21, 70, 71, -1,
      65, 43, 72, -1,
      72, 43, 15, -1,
      72, 15, 73, -1,
      73, 15, 5, -1,
      73, 5, 74, -1,
      74, 5, 7, -1,
      74, 7, 2, -1,
      2, 7, 75, -1,
      2, 75, 8, -1,
      53, 76, 23, -1,
      23, 76, 77, -1,
      23, 77, 78, -1,
      79, 80, 18, -1,
      81, 82, 68, -1,
      68, 82, 21, -1,
      68, 21, 5, -1,
      5, 21, 71, -1,
      5, 71, 37, -1,
      56, 83, 2, -1,
      2, 83, 84, -1,
      2, 84, 85, -1,
      86, 87, 88, -1,
      89, 90, 78, -1,
      78, 90, 91, -1,
      78, 91, 23, -1,
      92, 93, 94, -1,
      94, 93, 95, -1,
      94, 95, 96, -1,
      96, 95, 97, -1,
      96, 97, 98, -1,
      98, 97, 99, -1,
      98, 99, 100, -1,
      100, 99, 101, -1,
      100, 101, 102, -1,
      102, 101, 103, -1,
      21, 104, 19, -1,
      19, 104, 105, -1,
      19, 105, 103, -1,
      103, 105, 106, -1,
      103, 106, 102, -1,
      62, 107, 44, -1,
      44, 107, 108, -1,
      44, 108, 88, -1,
      88, 108, 109, -1,
      88, 109, 86, -1,
      45, 79, 43, -1,
      43, 79, 18, -1,
      43, 18, 110, -1,
      110, 18, 17, -1,
      87, 111, 88, -1,
      88, 111, 112, -1,
      88, 112, 113, -1,
      113, 112, 114, -1,
      113, 114, 115, -1,
      116, 117, 113, -1,
      113, 117, 118, -1,
      113, 118, 119, -1,
      115, 120, 113, -1,
      113, 120, 121, -1,
      113, 121, 116, -1,
      80, 122, 18, -1,
      18, 122, 123, -1,
      18, 123, 124, -1,
      31, 1, 125, -1,
      125, 1, 126, -1,
      125, 126, 124, -1,
      124, 126, 127, -1,
      124, 127, 18, -1,
      127, 128, 18, -1,
      18, 128, 129, -1,
      18, 129, 68, -1,
      68, 129, 130, -1,
      68, 130, 66, -1,
      131, 132, 68, -1,
      68, 132, 133, -1,
      68, 133, 134, -1,
      134, 135, 68, -1,
      68, 135, 136, -1,
      68, 136, 81, -1,
      137, 138, 59, -1,
      59, 138, 139, -1,
      139, 140, 59, -1,
      59, 140, 141, -1,
      59, 141, 142, -1,
      67, 143, 68, -1,
      68, 143, 144, -1,
      68, 144, 131, -1,
      131, 144, 145, -1,
      131, 145, 146, -1,
      146, 145, 147, -1,
      146, 147, 148, -1,
      148, 147, 149, -1,
      148, 149, 150, -1,
      150, 149, 151, -1,
      150, 151, 152, -1,
      152, 151, 153, -1,
      152, 153, 61, -1,
      61, 153, 154, -1,
      61, 154, 59, -1,
      59, 154, 155, -1,
      59, 155, 137, -1,
      156, 157, 158, -1,
      158, 157, 159, -1,
      160, 161, 162, -1,
      162, 161, 163, -1,
      162, 163, 164, -1,
      165, 166, 167, -1,
      168, 164, 169, -1,
      169, 164, 170, -1,
      171, 172, 173, -1,
      173, 172, 161, -1,
      173, 161, 174, -1,
      175, 176, 177, -1,
      177, 176, 178, -1,
      167, 174, 165, -1,
      165, 174, 161, -1,
      165, 161, 179, -1,
      179, 161, 160, -1,
      179, 160, 170, -1,
      180, 181, 182, -1,
      183, 184, 185, -1,
      185, 184, 186, -1,
      185, 186, 187, -1,
      188, 189, 185, -1,
      185, 189, 190, -1,
      191, 192, 193, -1,
      193, 192, 194, -1,
      190, 195, 185, -1,
      185, 195, 194, -1,
      185, 194, 196, -1,
      196, 194, 192, -1,
      187, 197, 185, -1,
      185, 197, 198, -1,
      185, 198, 188, -1,
      181, 199, 182, -1,
      182, 199, 160, -1,
      182, 160, 200, -1,
      200, 160, 201, -1,
      200, 201, 202, -1,
      202, 201, 203, -1,
      175, 204, 176, -1,
      176, 204, 205, -1,
      176, 205, 206, -1,
      206, 205, 207, -1,
      206, 207, 208, -1,
      207, 209, 208, -1,
      208, 209, 210, -1,
      208, 210, 182, -1,
      182, 210, 211, -1,
      182, 211, 180, -1,
      199, 212, 160, -1,
      160, 212, 213, -1,
      160, 213, 214, -1,
      214, 215, 160, -1,
      160, 215, 216, -1,
      160, 216, 170, -1,
      170, 216, 217, -1,
      170, 217, 169, -1,
      169, 217, 218, -1,
      169, 218, 185, -1,
      185, 218, 219, -1,
      185, 219, 183, -1,
      176, 202, 178, -1,
      178, 202, 203, -1,
      178, 203, 220, -1,
      220, 203, 221, -1,
      220, 221, 222, -1,
      222, 221, 223, -1,
      222, 223, 224, -1,
      225, 226, 223, -1,
      223, 226, 162, -1,
      223, 162, 224, -1,
      224, 162, 164, -1,
      224, 164, 227, -1,
      227, 164, 168, -1,
      228, 229, 230, -1,
      231, 162, 232, -1,
      232, 162, 226, -1,
      232, 226, 233, -1,
      233, 226, 234, -1,
      233, 234, 235, -1,
      235, 234, 160, -1,
      230, 236, 228, -1,
      228, 236, 237, -1,
      228, 237, 238, -1,
      239, 240, 162, -1,
      162, 240, 241, -1,
      162, 241, 160, -1,
      160, 241, 242, -1,
      243, 244, 235, -1,
      235, 244, 245, -1,
      242, 246, 160, -1,
      160, 246, 247, -1,
      160, 247, 235, -1,
      235, 247, 248, -1,
      235, 248, 243, -1,
      238, 239, 228, -1,
      228, 239, 162, -1,
      228, 162, 249, -1,
      249, 162, 231, -1,
      249, 231, 250, -1,
      250, 231, 251, -1,
      245, 252, 235, -1,
      235, 252, 253, -1,
      235, 253, 228, -1,
      228, 253, 254, -1,
      228, 254, 229, -1,
    ]
  }
}

Shape {
  appearance Appearance {
    material Material {
      diffuseColor 1.0000 1.0000 1.0000
      specularColor 0.5020 0.5020 0.5020
      ambientIntensity 0.2
      transparency 0.0000
      shininess 0.5
    }
  }
  geometry IndexedFaceSet {
    ccw TRUE
    solid FALSE
    coord DEF co Coordinate {
      point [
        0.649606 0.314961 -0.118110,
        0.649606 0.196850 -0.118110,
        0.647960 0.314961 -0.102094,
        0.647960 0.196850 -0.102094,
        0.643091 0.314961 -0.086747,
        0.643091 0.196850 -0.086747,
        0.635201 0.314961 -0.072712,
        0.635201 0.196850 -0.072712,
        0.624622 0.314961 -0.060574,
        0.624622 0.196850 -0.060574,
        0.628602 0.314961 -0.015074,
        0.628602 0.196850 -0.015074,
        0.648991 0.196850 -0.029530,
        0.648991 0.314961 -0.029530,
        0.665881 0.196850 -0.047952,
        0.665881 0.314961 -0.047952,
        0.678517 0.196850 -0.069517,
        0.678517 0.314961 -0.069517,
        0.686332 0.196850 -0.093257,
        0.686332 0.314961 -0.093257,
        0.688976 0.196850 -0.118110,
        0.688976 0.314961 -0.118110,
        0.649606 -0.196850 -0.118110,
        0.649606 -0.314961 -0.118110,
        0.647960 -0.196850 -0.102094,
        0.647960 -0.314961 -0.102094,
        0.643091 -0.196850 -0.086747,
        0.643091 -0.314961 -0.086747,
        0.635201 -0.196850 -0.072712,
        0.635201 -0.314961 -0.072712,
        0.624622 -0.196850 -0.060574,
        0.624622 -0.314961 -0.060574,
        0.628602 -0.196850 -0.015074,
        0.628602 -0.314961 -0.015074,
        0.648991 -0.314961 -0.029530,
        0.648991 -0.196850 -0.029530,
        0.665881 -0.314961 -0.047952,
        0.665881 -0.196850 -0.047952,
        0.678517 -0.314961 -0.069517,
        0.678517 -0.196850 -0.069517,
        0.686332 -0.314961 -0.093257,
        0.686332 -0.196850 -0.093257,
        0.688976 -0.314961 -0.118110,
        0.688976 -0.196850 -0.118110,
        0.374016 -0.433071 -0.348425,
        0.374016 -0.433071 -0.387795,
        0.570866 -0.433071 -0.348425,
        0.570866 -0.433071 -0.387795,
        0.591246 -0.433071 -0.345742,
        0.601435 -0.433071 -0.383771,
        0.610236 -0.433071 -0.337876,
        0.629921 -0.433071 -0.371972,
        0.626544 -0.433071 -0.325363,
        0.654383 -0.433071 -0.353202,
        0.639057 -0.433071 -0.309055,
        0.673153 -0.433071 -0.328740,
        0.646923 -0.433071 -0.290065,
        0.684952 -0.433071 -0.300254,
        0.649606 -0.433071 -0.269685,
        0.688976 -0.433071 -0.269685,
        0.649606 -0.433071 -0.118110,
        0.688976 -0.433071 -0.118110,
      ]
    }
    coordIndex [
      0, 1, 2, -1,
      2, 1, 3, -1,
      2, 3, 4, -1,
      4, 3, 5, -1,
      4, 5, 6, -1,
      6, 5, 7, -1,
      6, 7, 8, -1,
      8, 7, 9, -1,
      10, 11, 12, -1,
      10, 12, 13, -1,
      13, 12, 14, -1,
      13, 14, 15, -1,
      15, 14, 16, -1,
      15, 16, 17, -1,
      17, 16, 18, -1,
      17, 18, 19, -1,
      19, 18, 20, -1,
      19, 20, 21, -1,
      22, 23, 24, -1,
      24, 23, 25, -1,
      24, 25, 26, -1,
      26, 25, 27, -1,
      26, 27, 28, -1,
      28, 27, 29, -1,
      28, 29, 30, -1,
      30, 29, 31, -1,
      32, 33, 34, -1,
      32, 34, 35, -1,
      35, 34, 36, -1,
      35, 36, 37, -1,
      37, 36, 38, -1,
      37, 38, 39, -1,
      39, 38, 40, -1,
      39, 40, 41, -1,
      41, 40, 42, -1,
      41, 42, 43, -1,
      44, 45, 46, -1,
      46, 45, 47, -1,
      46, 47, 48, -1,
      48, 47, 49, -1,
      48, 49, 50, -1,
      50, 49, 51, -1,
      50, 51, 52, -1,
      52, 51, 53, -1,
      52, 53, 54, -1,
      54, 53, 55, -1,
      54, 55, 56, -1,
      56, 55, 57, -1,
      56, 57, 58, -1,
      58, 57, 59, -1,
      58, 59, 60, -1,
      60, 59, 61, -1,
    ]
  }
}

Shape {
  appearance Appearance {
    material Material {
      diffuseColor 0.2510 0.2510 0.2510
      specularColor 0.1255 0.1255 0.1255
      ambientIntensity 0.2
      transparency 0.0000
      shininess 0.5
    }
  }
  geometry IndexedFaceSet {
    ccw TRUE
    solid FALSE
    coord DEF co Coordinate {
      point [
        0.624622 0.314961 -0.060574,
        0.624622 0.196850 -0.060574,
        0.628602 0.314961 -0.015074,
        0.628602 0.196850 -0.015074,
        0.624622 -0.196850 -0.060574,
        0.624622 -0.314961 -0.060574,
        0.628602 -0.196850 -0.015074,
        0.628602 -0.314961 -0.015074,
        0.629921 -0.531571 0.000000,
        0.600127 -0.501777 -0.340551,
        0.600127 0.501777 -0.340551,
        0.629921 0.531571 0.000000,
      ]
    }
    coordIndex [
      4, 1, 6, -1,
      6, 1, 3, -1,
      7, 8, 5, -1,
      5, 8, 9, -1,
      5, 9, 4, -1,
      4, 9, 10, -1,
      4, 10, 1, -1,
      7, 6, 8, -1,
      8, 6, 3, -1,
      8, 3, 11, -1,
      11, 3, 2, -1,
      11, 2, 10, -1,
      10, 2, 0, -1,
      10, 0, 1, -1,
    ]
  }
}

Shape {
  appearance Appearance {
    material Material {
      diffuseColor 1.0000 1.0000 1.0000
      specularColor 0.5020 0.5020 0.5020
      ambientIntensity 0.2
      transparency 0.0000
      shininess 0.5
    }
  }
  geometry IndexedFaceSet {
    ccw TRUE
    solid FALSE
    coord DEF co Coordinate {
      point [
        -0.688976 0.314961 -0.118110,
        -0.688976 0.196850 -0.118110,
        -0.686332 0.196850 -0.093257,
        -0.686332 0.314961 -0.093257,
        -0.678517 0.196850 -0.069517,
        -0.678517 0.314961 -0.069517,
        -0.665881 0.196850 -0.047952,
        -0.665881 0.314961 -0.047952,
        -0.648991 0.196850 -0.029530,
        -0.648991 0.314961 -0.029530,
        -0.628602 0.196850 -0.015074,
        -0.628602 0.314961 -0.015074,
        -0.624622 0.314961 -0.060574,
        -0.624622 0.196850 -0.060574,
        -0.635201 0.314961 -0.072712,
        -0.635201 0.196850 -0.072712,
        -0.643091 0.314961 -0.086747,
        -0.643091 0.196850 -0.086747,
        -0.647960 0.314961 -0.102094,
        -0.647960 0.196850 -0.102094,
        -0.649606 0.314961 -0.118110,
        -0.649606 0.196850 -0.118110,
        -0.374016 0.433071 -0.348425,
        -0.374016 0.433071 -0.387795,
        -0.570866 0.433071 -0.348425,
        -0.570866 0.433071 -0.387795,
        -0.591246 0.433071 -0.345742,
        -0.601435 0.433071 -0.383771,
        -0.610236 0.433071 -0.337876,
        -0.629921 0.433071 -0.371972,
        -0.626544 0.433071 -0.325363,
        -0.654383 0.433071 -0.353202,
        -0.639057 0.433071 -0.309055,
        -0.673153 0.433071 -0.328740,
        -0.646923 0.433071 -0.290065,
        -0.684952 0.433071 -0.300254,
        -0.649606 0.433071 -0.269685,
        -0.688976 0.433071 -0.269685,
        -0.649606 0.433071 -0.118110,
        -0.688976 0.433071 -0.118110,
        -0.688976 -0.196850 -0.118110,
        -0.688976 -0.314961 -0.118110,
        -0.686332 -0.314961 -0.093257,
        -0.686332 -0.196850 -0.093257,
        -0.678517 -0.314961 -0.069517,
        -0.678517 -0.196850 -0.069517,
        -0.665881 -0.314961 -0.047952,
        -0.665881 -0.196850 -0.047952,
        -0.648991 -0.314961 -0.029530,
        -0.648991 -0.196850 -0.029530,
        -0.628602 -0.314961 -0.015074,
        -0.628602 -0.196850 -0.015074,
        -0.624622 -0.196850 -0.060574,
        -0.624622 -0.314961 -0.060574,
        -0.635201 -0.196850 -0.072712,
        -0.635201 -0.314961 -0.072712,
        -0.643091 -0.196850 -0.086747,
        -0.643091 -0.314961 -0.086747,
        -0.647960 -0.196850 -0.102094,
        -0.647960 -0.314961 -0.102094,
        -0.649606 -0.196850 -0.118110,
        -0.649606 -0.314961 -0.118110,
      ]
    }
    coordIndex [
      0, 1, 2, -1,
      0, 2, 3, -1,
      3, 2, 4, -1,
      3, 4, 5, -1,
      5, 4, 6, -1,
      5, 6, 7, -1,
      7, 6, 8, -1,
      7, 8, 9, -1,
      9, 8, 10, -1,
      9, 10, 11, -1,
      12, 13, 14, -1,
      14, 13, 15, -1,
      14, 15, 16, -1,
      16, 15, 17, -1,
      16, 17, 18, -1,
      18, 17, 19, -1,
      18, 19, 20, -1,
      20, 19, 21, -1,
      22, 23, 24, -1,
      24, 23, 25, -1,
      24, 25, 26, -1,
      26, 25, 27, -1,
      26, 27, 28, -1,
      28, 27, 29, -1,
      28, 29, 30, -1,
      30, 29, 31, -1,
      30, 31, 32, -1,
      32, 31, 33, -1,
      32, 33, 34, -1,
      34, 33, 35, -1,
      34, 35, 36, -1,
      36, 35, 37, -1,
      36, 37, 38, -1,
      38, 37, 39, -1,
      40, 41, 42, -1,
      40, 42, 43, -1,
      43, 42, 44, -1,
      43, 44, 45, -1,
      45, 44, 46, -1,
      45, 46, 47, -1,
      47, 46, 48, -1,
      47, 48, 49, -1,
      49, 48, 50, -1,
      49, 50, 51, -1,
      52, 53, 54, -1,
      54, 53, 55, -1,
      54, 55, 56, -1,
      56, 55, 57, -1,
      56, 57, 58, -1,
      58, 57, 59, -1,
      58, 59, 60, -1,
      60, 59, 61, -1,
    ]
  }
}

Shape {
  appearance Appearance {
    material Material {
      diffuseColor 0.2510 0.2510 0.2510
      specularColor 0.1255 0.1255 0.1255
      ambientIntensity 0.2
      transparency 0.0000
      shininess 0.5
    }
  }
  geometry IndexedFaceSet {
    ccw TRUE
    solid FALSE
    coord DEF co Coordinate {
      point [
        -0.629921 0.531571 -0.000000,
        -0.629921 -0.531571 0.000000,
        0.362184 0.519665 -0.360236,
        0.362184 -0.039866 -0.360236,
        0.362184 -0.519665 -0.360236,
        -0.362184 -0.519665 -0.360236,
        -0.362184 -0.039866 -0.360236,
        -0.362184 0.519665 -0.360236,
        0.629921 -0.531571 0.000000,
        0.600127 -0.501777 -0.340551,
        0.600127 0.501777 -0.340551,
        0.629921 0.531571 0.000000,
        -0.628602 0.196850 -0.015074,
        -0.628602 0.314961 -0.015074,
        -0.624622 0.314961 -0.060574,
        -0.624622 0.196850 -0.060574,
        -0.628602 -0.314961 -0.015074,
        -0.628602 -0.196850 -0.015074,
        -0.624622 -0.196850 -0.060574,
        -0.624622 -0.314961 -0.060574,
        -0.600127 0.501777 -0.340551,
        -0.600127 -0.501777 -0.340551,
        -0.610311 -0.551181 0.000000,
        -0.580517 -0.521387 -0.340551,
        0.610311 -0.551181 0.000000,
        -0.362184 -0.521387 -0.340551,
        0.580517 -0.521387 -0.340551,
        0.362184 -0.521387 -0.340551,
        0.610311 0.551181 -0.000000,
        0.580517 0.521387 -0.340551,
        -0.610311 0.551181 0.000000,
        0.362184 0.521387 -0.340551,
        -0.580517 0.521387 -0.340551,
        -0.362184 0.521387 -0.340551,
        0.599977 -0.501626 0.342267,
        0.599977 0.501626 0.342267,
        -0.580367 0.521237 0.342267,
        0.580367 0.521237 0.342267,
        -0.580367 -0.521237 0.342267,
        0.580367 -0.521237 0.342267,
        -0.590333 0.518764 -0.340551,
        -0.588032 0.519897 -0.340551,
        -0.598637 0.509292 -0.340551,
        -0.597504 -0.511593 -0.340551,
        -0.598637 -0.509292 -0.340551,
        -0.588032 -0.519897 -0.340551,
        -0.599460 0.506861 -0.340551,
        -0.585602 0.520720 -0.340551,
        -0.585602 -0.520720 -0.340551,
        -0.599460 -0.506861 -0.340551,
        -0.597504 0.511593 -0.340551,
        -0.596081 0.513725 -0.340551,
        -0.592465 0.517341 -0.340551,
        -0.594392 0.515652 -0.340551,
        -0.590333 -0.518764 -0.340551,
        -0.592465 -0.517341 -0.340551,
        -0.596081 -0.513725 -0.340551,
        -0.594392 -0.515652 -0.340551,
        0.590333 -0.518764 -0.340551,
        0.588032 -0.519897 -0.340551,
        0.598637 -0.509292 -0.340551,
        0.599460 -0.506861 -0.340551,
        0.585602 -0.520720 -0.340551,
        0.585602 0.520720 -0.340551,
        0.598637 0.509292 -0.340551,
        0.599460 0.506861 -0.340551,
        0.588032 0.519897 -0.340551,
        0.590333 0.518764 -0.340551,
        0.597504 0.511593 -0.340551,
        0.597504 -0.511593 -0.340551,
        0.596081 -0.513725 -0.340551,
        0.592465 -0.517341 -0.340551,
        0.594392 -0.515652 -0.340551,
        0.596081 0.513725 -0.340551,
        0.592465 0.517341 -0.340551,
        0.594392 0.515652 -0.340551,
      ]
    }
    coordIndex [
      17, 12, 18, -1,
      18, 12, 15, -1,
      13, 0, 14, -1,
      14, 0, 20, -1,
      14, 20, 15, -1,
      15, 20, 21, -1,
      15, 21, 18, -1,
      13, 12, 0, -1,
      0, 12, 17, -1,
      0, 17, 1, -1,
      1, 17, 16, -1,
      1, 16, 21, -1,
      21, 16, 19, -1,
      21, 19, 18, -1,
      22, 23, 24, -1,
      24, 23, 25, -1,
      26, 24, 27, -1,
      27, 24, 25, -1,
      27, 25, 4, -1,
      4, 25, 5, -1,
      28, 29, 30, -1,
      30, 29, 31, -1,
      32, 30, 33, -1,
      33, 30, 31, -1,
      33, 31, 7, -1,
      7, 31, 2, -1,
      8, 11, 34, -1,
      34, 11, 35, -1,
      36, 37, 30, -1,
      30, 37, 28, -1,
      22, 24, 38, -1,
      38, 24, 39, -1,
      5, 25, 6, -1,
      6, 25, 33, -1,
      6, 33, 7, -1,
      32, 33, 20, -1,
      33, 25, 20, -1,
      20, 25, 23, -1,
      20, 23, 21, -1,
      40, 41, 42, -1,
      43, 44, 45, -1,
      20, 46, 32, -1,
      32, 46, 42, -1,
      32, 42, 47, -1,
      47, 42, 41, -1,
      23, 48, 21, -1,
      21, 48, 45, -1,
      21, 45, 49, -1,
      49, 45, 44, -1,
      42, 50, 40, -1,
      40, 50, 51, -1,
      40, 51, 52, -1,
      52, 51, 53, -1,
      45, 54, 43, -1,
      43, 54, 55, -1,
      43, 55, 56, -1,
      56, 55, 57, -1,
      2, 31, 3, -1,
      3, 31, 27, -1,
      3, 27, 4, -1,
      26, 27, 31, -1,
      31, 29, 26, -1,
      26, 29, 10, -1,
      26, 10, 9, -1,
      58, 59, 60, -1,
      9, 61, 26, -1,
      26, 61, 60, -1,
      26, 60, 62, -1,
      62, 60, 59, -1,
      63, 64, 29, -1,
      29, 64, 65, -1,
      29, 65, 10, -1,
      63, 66, 64, -1,
      64, 66, 67, -1,
      64, 67, 68, -1,
      60, 69, 58, -1,
      58, 69, 70, -1,
      58, 70, 71, -1,
      71, 70, 72, -1,
      68, 67, 73, -1,
      73, 67, 74, -1,
      73, 74, 75, -1,
    ]
  }
}

Shape {
  appearance Appearance {
    material Material {
      diffuseColor 1.0000 1.0000 1.0000
      specularColor 0.5020 0.5020 0.5020
      ambientIntensity 0.2
      transparency 0.0000
      shininess 0.5
    }
  }
  geometry IndexedFaceSet {
    ccw TRUE
    solid FALSE
    coord DEF co Coordinate {
      point [
        0.649606 0.314961 -0.118110,
        0.649606 0.196850 -0.118110,
        0.647960 0.314961 -0.102094,
        0.647960 0.196850 -0.102094,
        0.643091 0.314961 -0.086747,
        0.643091 0.196850 -0.086747,
        0.635201 0.314961 -0.072712,
        0.635201 0.196850 -0.072712,
        0.624622 0.314961 -0.060574,
        0.624622 0.196850 -0.060574,
        0.628602 0.314961 -0.015074,
        0.628602 0.196850 -0.015074,
        0.648991 0.196850 -0.029530,
        0.648991 0.314961 -0.029530,
        0.665881 0.196850 -0.047952,
        0.665881 0.314961 -0.047952,
        0.678517 0.196850 -0.069517,
        0.678517 0.314961 -0.069517,
        0.686332 0.196850 -0.093257,
        0.686332 0.314961 -0.093257,
        0.688976 0.196850 -0.118110,
        0.688976 0.314961 -0.118110,
        0.649606 -0.196850 -0.118110,
        0.649606 -0.314961 -0.118110,
        0.647960 -0.196850 -0.102094,
        0.647960 -0.314961 -0.102094,
        0.643091 -0.196850 -0.086747,
        0.643091 -0.314961 -0.086747,
        0.635201 -0.196850 -0.072712,
        0.635201 -0.314961 -0.072712,
        0.624622 -0.196850 -0.060574,
        0.624622 -0.314961 -0.060574,
        0.628602 -0.196850 -0.015074,
        0.628602 -0.314961 -0.015074,
        0.648991 -0.314961 -0.029530,
        0.648991 -0.196850 -0.029530,
        0.665881 -0.314961 -0.047952,
        0.665881 -0.196850 -0.047952,
        0.678517 -0.314961 -0.069517,
        0.678517 -0.196850 -0.069517,
        0.686332 -0.314961 -0.093257,
        0.686332 -0.196850 -0.093257,
        0.688976 -0.314961 -0.118110,
        0.688976 -0.196850 -0.118110,
        0.374016 -0.433071 -0.348425,
        0.374016 -0.433071 -0.387795,
        0.570866 -0.433071 -0.348425,
        0.570866 -0.433071 -0.387795,
        0.591246 -0.433071 -0.345742,
        0.601435 -0.433071 -0.383771,
        0.610236 -0.433071 -0.337876,
        0.629921 -0.433071 -0.371972,
        0.626544 -0.433071 -0.325363,
        0.654383 -0.433071 -0.353202,
        0.639057 -0.433071 -0.309055,
        0.673153 -0.433071 -0.328740,
        0.646923 -0.433071 -0.290065,
        0.684952 -0.433071 -0.300254,
        0.649606 -0.433071 -0.269685,
        0.688976 -0.433071 -0.269685,
        0.649606 -0.433071 -0.118110,
        0.688976 -0.433071 -0.118110,
        -0.688976 0.314961 -0.118110,
        -0.688976 0.196850 -0.118110,
        -0.686332 0.196850 -0.093257,
        -0.686332 0.314961 -0.093257,
        -0.678517 0.196850 -0.069517,
        -0.678517 0.314961 -0.069517,
        -0.665881 0.196850 -0.047952,
        -0.665881 0.314961 -0.047952,
        -0.648991 0.196850 -0.029530,
        -0.648991 0.314961 -0.029530,
        -0.628602 0.196850 -0.015074,
        -0.628602 0.314961 -0.015074,
        -0.624622 0.314961 -0.060574,
        -0.624622 0.196850 -0.060574,
        -0.635201 0.314961 -0.072712,
        -0.635201 0.196850 -0.072712,
        -0.643091 0.314961 -0.086747,
        -0.643091 0.196850 -0.086747,
        -0.647960 0.314961 -0.102094,
        -0.647960 0.196850 -0.102094,
        -0.649606 0.314961 -0.118110,
        -0.649606 0.196850 -0.118110,
        -0.374016 0.433071 -0.348425,
        -0.374016 0.433071 -0.387795,
        -0.570866 0.433071 -0.348425,
        -0.570866 0.433071 -0.387795,
        -0.591246 0.433071 -0.345742,
        -0.601435 0.433071 -0.383771,
        -0.610236 0.433071 -0.337876,
        -0.629921 0.433071 -0.371972,
        -0.626544 0.433071 -0.325363,
        -0.654383 0.433071 -0.353202,
        -0.639057 0.433071 -0.309055,
        -0.673153 0.433071 -0.328740,
        -0.646923 0.433071 -0.290065,
        -0.684952 0.433071 -0.300254,
        -0.649606 0.433071 -0.269685,
        -0.688976 0.433071 -0.269685,
        -0.649606 0.433071 -0.118110,
        -0.688976 0.433071 -0.118110,
        -0.688976 -0.196850 -0.118110,
        -0.688976 -0.314961 -0.118110,
        -0.686332 -0.314961 -0.093257,
        -0.686332 -0.196850 -0.093257,
        -0.678517 -0.314961 -0.069517,
        -0.678517 -0.196850 -0.069517,
        -0.665881 -0.314961 -0.047952,
        -0.665881 -0.196850 -0.047952,
        -0.648991 -0.314961 -0.029530,
        -0.648991 -0.196850 -0.029530,
        -0.628602 -0.314961 -0.015074,
        -0.628602 -0.196850 -0.015074,
        -0.624622 -0.196850 -0.060574,
        -0.624622 -0.314961 -0.060574,
        -0.635201 -0.196850 -0.072712,
        -0.635201 -0.314961 -0.072712,
        -0.643091 -0.196850 -0.086747,
        -0.643091 -0.314961 -0.086747,
        -0.647960 -0.196850 -0.102094,
        -0.647960 -0.314961 -0.102094,
        -0.649606 -0.196850 -0.118110,
        -0.649606 -0.314961 -0.118110,
        -0.374016 -0.433071 -0.348425,
        -0.570866 -0.433071 -0.348425,
        -0.374016 -0.433071 -0.387795,
        -0.570866 -0.433071 -0.387795,
        -0.601435 -0.433071 -0.383771,
        -0.629921 -0.433071 -0.371972,
        -0.654383 -0.433071 -0.353202,
        -0.673153 -0.433071 -0.328740,
        -0.684952 -0.433071 -0.300254,
        -0.688976 -0.433071 -0.269685,
        -0.688976 -0.433071 -0.118110,
        -0.649606 -0.433071 -0.118110,
        -0.649606 -0.433071 -0.269685,
        -0.646923 -0.433071 -0.290065,
        -0.639057 -0.433071 -0.309055,
        -0.626544 -0.433071 -0.325363,
        -0.610236 -0.433071 -0.337876,
        -0.591246 -0.433071 -0.345742,
        0.570866 0.433071 -0.348425,
        0.374016 0.433071 -0.348425,
        0.591246 0.433071 -0.345742,
        0.610236 0.433071 -0.337876,
        0.626544 0.433071 -0.325363,
        0.639057 0.433071 -0.309055,
        0.646923 0.433071 -0.290065,
        0.649606 0.433071 -0.269685,
        0.649606 0.433071 -0.118110,
        0.688976 0.433071 -0.118110,
        0.688976 0.433071 -0.269685,
        0.684952 0.433071 -0.300254,
        0.673153 0.433071 -0.328740,
        0.654383 0.433071 -0.353202,
        0.629921 0.433071 -0.371972,
        0.601435 0.433071 -0.383771,
        0.570866 0.433071 -0.387795,
        0.374016 0.433071 -0.387795,
      ]
    }
    coordIndex [
      84, 86, 124, -1,
      124, 86, 125, -1,
      85, 84, 126, -1,
      126, 84, 124, -1,
      87, 85, 127, -1,
      127, 85, 126, -1,
      87, 127, 128, -1,
      87, 128, 89, -1,
      89, 128, 129, -1,
      89, 129, 91, -1,
      91, 129, 130, -1,
      91, 130, 93, -1,
      93, 130, 131, -1,
      93, 131, 95, -1,
      95, 131, 132, -1,
      95, 132, 97, -1,
      97, 132, 133, -1,
      97, 133, 99, -1,
      62, 101, 99, -1,
      134, 103, 133, -1,
      133, 103, 102, -1,
      133, 102, 99, -1,
      99, 102, 63, -1,
      99, 63, 62, -1,
      123, 135, 136, -1,
      100, 82, 98, -1,
      98, 82, 83, -1,
      98, 83, 136, -1,
      136, 83, 122, -1,
      136, 122, 123, -1,
      98, 136, 96, -1,
      96, 136, 137, -1,
      96, 137, 94, -1,
      94, 137, 138, -1,
      94, 138, 92, -1,
      92, 138, 139, -1,
      92, 139, 90, -1,
      90, 139, 140, -1,
      90, 140, 88, -1,
      88, 140, 141, -1,
      88, 141, 86, -1,
      86, 141, 125, -1,
      135, 134, 136, -1,
      136, 134, 133, -1,
      136, 133, 137, -1,
      137, 133, 132, -1,
      137, 132, 138, -1,
      138, 132, 131, -1,
      138, 131, 139, -1,
      139, 131, 130, -1,
      139, 130, 140, -1,
      140, 130, 129, -1,
      140, 129, 141, -1,
      141, 129, 128, -1,
      141, 128, 125, -1,
      125, 128, 127, -1,
      125, 127, 124, -1,
      124, 127, 126, -1,
      102, 122, 63, -1,
      63, 122, 83, -1,
      113, 114, 111, -1,
      111, 114, 116, -1,
      122, 102, 120, -1,
      120, 102, 105, -1,
      120, 105, 118, -1,
      118, 105, 107, -1,
      118, 107, 116, -1,
      116, 107, 109, -1,
      116, 109, 111, -1,
      63, 83, 64, -1,
      64, 83, 81, -1,
      64, 81, 66, -1,
      66, 81, 79, -1,
      66, 79, 68, -1,
      68, 79, 77, -1,
      68, 77, 70, -1,
      70, 77, 75, -1,
      70, 75, 72, -1,
      123, 103, 135, -1,
      135, 103, 134, -1,
      103, 123, 104, -1,
      104, 123, 121, -1,
      104, 121, 106, -1,
      106, 121, 119, -1,
      106, 119, 108, -1,
      108, 119, 117, -1,
      108, 117, 110, -1,
      110, 117, 115, -1,
      110, 115, 112, -1,
      62, 82, 101, -1,
      101, 82, 100, -1,
      73, 74, 71, -1,
      71, 74, 76, -1,
      82, 62, 80, -1,
      80, 62, 65, -1,
      80, 65, 78, -1,
      78, 65, 67, -1,
      78, 67, 76, -1,
      76, 67, 69, -1,
      76, 69, 71, -1,
      142, 143, 46, -1,
      46, 143, 44, -1,
      142, 46, 144, -1,
      144, 46, 48, -1,
      144, 48, 145, -1,
      145, 48, 50, -1,
      145, 50, 146, -1,
      146, 50, 52, -1,
      146, 52, 147, -1,
      147, 52, 54, -1,
      147, 54, 148, -1,
      148, 54, 56, -1,
      148, 56, 149, -1,
      149, 56, 58, -1,
      0, 150, 149, -1,
      60, 23, 58, -1,
      58, 23, 22, -1,
      58, 22, 149, -1,
      149, 22, 1, -1,
      149, 1, 0, -1,
      42, 61, 59, -1,
      151, 21, 152, -1,
      152, 21, 20, -1,
      152, 20, 59, -1,
      59, 20, 43, -1,
      59, 43, 42, -1,
      152, 59, 57, -1,
      152, 57, 153, -1,
      153, 57, 55, -1,
      153, 55, 154, -1,
      154, 55, 53, -1,
      154, 53, 155, -1,
      155, 53, 51, -1,
      155, 51, 156, -1,
      156, 51, 49, -1,
      156, 49, 157, -1,
      157, 49, 47, -1,
      157, 47, 158, -1,
      159, 158, 45, -1,
      45, 158, 47, -1,
      143, 159, 44, -1,
      44, 159, 45, -1,
      150, 151, 149, -1,
      149, 151, 152, -1,
      149, 152, 148, -1,
      148, 152, 153, -1,
      148, 153, 147, -1,
      147, 153, 154, -1,
      147, 154, 146, -1,
      146, 154, 155, -1,
      146, 155, 145, -1,
      145, 155, 156, -1,
      145, 156, 144, -1,
      144, 156, 157, -1,
      144, 157, 142, -1,
      142, 157, 158, -1,
      142, 158, 143, -1,
      143, 158, 159, -1,
      22, 43, 1, -1,
      1, 43, 20, -1,
      43, 22, 41, -1,
      41, 22, 24, -1,
      41, 24, 39, -1,
      39, 24, 26, -1,
      39, 26, 37, -1,
      37, 26, 28, -1,
      37, 28, 35, -1,
      35, 28, 30, -1,
      35, 30, 32, -1,
      11, 9, 12, -1,
      12, 9, 7, -1,
      1, 20, 3, -1,
      3, 20, 18, -1,
      3, 18, 5, -1,
      5, 18, 16, -1,
      5, 16, 7, -1,
      7, 16, 14, -1,
      7, 14, 12, -1,
      42, 23, 61, -1,
      61, 23, 60, -1,
      33, 31, 34, -1,
      34, 31, 29, -1,
      23, 42, 25, -1,
      25, 42, 40, -1,
      25, 40, 27, -1,
      27, 40, 38, -1,
      27, 38, 29, -1,
      29, 38, 36, -1,
      29, 36, 34, -1,
      0, 21, 150, -1,
      150, 21, 151, -1,
      21, 0, 19, -1,
      19, 0, 2, -1,
      19, 2, 17, -1,
      17, 2, 4, -1,
      17, 4, 15, -1,
      15, 4, 6, -1,
      15, 6, 13, -1,
      13, 6, 8, -1,
      13, 8, 10, -1,
    ]
  }
}

Shape {
  appearance Appearance {
    material Material {
      diffuseColor 0.7529 0.7529 0.7529
      specularColor 0.3765 0.3765 0.3765
      ambientIntensity 0.2
      transparency 0.0000
      shininess 0.5
    }
  }
  geometry IndexedFaceSet {
    ccw TRUE
    solid FALSE
    coord DEF co Coordinate {
      point [
        -0.044706 -0.030744 -0.360236,
        -0.044706 -0.039386 -0.360236,
        -0.002455 -0.039386 -0.360236,
        -0.042785 0.030712 -0.360236,
        -0.013017 0.030712 -0.360236,
        -0.013017 0.004785 -0.360236,
        0.012909 -0.035305 -0.360236,
        0.012909 -0.026663 -0.360236,
        -0.002455 0.039354 -0.360236,
        -0.013017 -0.003857 -0.360236,
        -0.013017 -0.030744 -0.360236,
        -0.040865 -0.003857 -0.360236,
        -0.040865 0.004785 -0.360236,
        0.051910 -0.036713 -0.360236,
        0.078206 -0.039386 -0.360236,
        0.044278 -0.039340 -0.360236,
        0.039206 -0.039866 -0.360236,
        -0.042785 0.039354 -0.360236,
        0.067329 0.018615 -0.360236,
        0.062713 0.025977 -0.360236,
        0.107974 0.039354 -0.360236,
        0.039102 0.030801 -0.360236,
        0.044996 0.028674 -0.360236,
        0.014320 -0.027444 -0.360236,
        0.050446 0.025028 -0.360236,
        0.055201 0.019779 -0.360236,
        0.060922 -0.000856 -0.360236,
        0.060124 -0.009380 -0.360236,
        0.057985 -0.016153 -0.360236,
        0.040464 -0.030880 -0.360236,
        0.033119 -0.031704 -0.360236,
        0.046201 -0.028768 -0.360236,
        0.051033 -0.025511 -0.360236,
        0.054728 -0.021613 -0.360236,
        0.022667 -0.030544 -0.360236,
        0.058447 0.013700 -0.360236,
        0.060546 0.005270 -0.360236,
        0.055605 0.032813 -0.360236,
        0.118536 0.039354 -0.360236,
        0.118536 -0.039386 -0.360236,
        0.058244 -0.032669 -0.360236,
        0.064158 -0.026442 -0.360236,
        0.078206 -0.030744 -0.360236,
        0.068353 -0.018955 -0.360236,
        0.107974 -0.030744 -0.360236,
        0.070723 -0.010620 -0.360236,
        0.071484 -0.001502 -0.360236,
        0.070352 0.009693 -0.360236,
        0.048126 0.037119 -0.360236,
        0.039348 0.039669 -0.360236,
        0.031439 0.040314 -0.360236,
        0.022013 0.039664 -0.360236,
        0.012909 0.037193 -0.360236,
        0.012909 0.026631 -0.360236,
        0.021778 0.030429 -0.360236,
        0.031349 0.031672 -0.360236,
        0.034575 -0.040346 -0.360236,
        0.032422 -0.040309 -0.360236,
        0.029259 -0.039866 -0.360236,
        0.021302 -0.038751 -0.360236,
        -0.129207 -0.039386 -0.360236,
        -0.119514 -0.017805 -0.360236,
        -0.114998 -0.024848 -0.360236,
        -0.188743 -0.039386 -0.360236,
        -0.200265 -0.039386 -0.360236,
        -0.169537 0.039354 -0.360236,
        -0.158975 0.039354 -0.360236,
        -0.108517 -0.031054 -0.360236,
        -0.100296 -0.035831 -0.360236,
        -0.091222 -0.038536 -0.360236,
        -0.081480 -0.039386 -0.360236,
        -0.060069 -0.039386 -0.360236,
        -0.060069 0.039354 -0.360236,
        -0.082290 0.039354 -0.360236,
        -0.111531 0.029087 -0.360236,
        -0.117099 0.022913 -0.360236,
        -0.120759 0.016141 -0.360236,
        -0.093666 0.038138 -0.360236,
        -0.102879 0.034903 -0.360236,
        -0.111449 0.029159 -0.360236,
        -0.140730 -0.039386 -0.360236,
        -0.148247 -0.017300 -0.360236,
        -0.180775 -0.017300 -0.360236,
        -0.122873 0.008383 -0.360236,
        -0.123446 0.000974 -0.360236,
        -0.122341 -0.009563 -0.360236,
        -0.169537 0.039354 -0.359843,
        -0.200265 -0.039386 -0.359843,
        -0.188743 -0.039386 -0.359843,
        -0.180775 -0.017300 -0.359843,
        -0.148247 -0.017300 -0.359843,
        -0.140730 -0.039386 -0.359843,
        -0.129207 -0.039386 -0.359843,
        -0.158975 0.039354 -0.359843,
        -0.150903 -0.008658 -0.359843,
        -0.177234 -0.008658 -0.359843,
        -0.162651 0.024230 -0.359843,
        -0.163409 0.026961 -0.359843,
        -0.163911 0.029752 -0.359843,
        -0.164166 0.029752 -0.359843,
        -0.164680 0.026969 -0.359843,
        -0.165381 0.024230 -0.359843,
        -0.150903 -0.008658 -0.360236,
        -0.177234 -0.008658 -0.360236,
        -0.162651 0.024230 -0.360236,
        -0.163409 0.026961 -0.360236,
        -0.163911 0.029752 -0.360236,
        -0.164166 0.029752 -0.360236,
        -0.164680 0.026969 -0.360236,
        -0.165381 0.024230 -0.360236,
        -0.081480 -0.039386 -0.359843,
        -0.060069 -0.039386 -0.359843,
        -0.060069 0.039354 -0.359843,
        -0.082290 0.039354 -0.359843,
        -0.123446 0.000974 -0.359843,
        -0.122873 0.008383 -0.359843,
        -0.120759 0.016141 -0.359843,
        -0.117099 0.022913 -0.359843,
        -0.111531 0.029087 -0.359843,
        -0.111449 0.029159 -0.359843,
        -0.102879 0.034903 -0.359843,
        -0.093666 0.038138 -0.359843,
        -0.091222 -0.038536 -0.359843,
        -0.100296 -0.035831 -0.359843,
        -0.108517 -0.031054 -0.359843,
        -0.114998 -0.024848 -0.359843,
        -0.119514 -0.017805 -0.359843,
        -0.122341 -0.009563 -0.359843,
        -0.107641 0.019670 -0.359843,
        -0.103816 0.023731 -0.359843,
        -0.098064 0.027447 -0.359843,
        -0.091565 0.029721 -0.359843,
        -0.082245 0.030712 -0.359843,
        -0.070632 0.030712 -0.359843,
        -0.070632 -0.030744 -0.359843,
        -0.081810 -0.030744 -0.359843,
        -0.090117 -0.029971 -0.359843,
        -0.096743 -0.027902 -0.359843,
        -0.102113 -0.024714 -0.359843,
        -0.106530 -0.020352 -0.359843,
        -0.109850 -0.014923 -0.359843,
        -0.112160 -0.007521 -0.359843,
        -0.112883 0.000749 -0.359843,
        -0.112214 0.008586 -0.359843,
        -0.110376 0.014813 -0.359843,
        -0.082245 0.030712 -0.360236,
        -0.070632 0.030712 -0.360236,
        -0.091565 0.029721 -0.360236,
        -0.098064 0.027447 -0.360236,
        -0.103816 0.023731 -0.360236,
        -0.107641 0.019670 -0.360236,
        -0.110376 0.014813 -0.360236,
        -0.112214 0.008586 -0.360236,
        -0.112883 0.000749 -0.360236,
        -0.112160 -0.007521 -0.360236,
        -0.109850 -0.014923 -0.360236,
        -0.106530 -0.020352 -0.360236,
        -0.102113 -0.024714 -0.360236,
        -0.096743 -0.027902 -0.360236,
        -0.090117 -0.029971 -0.360236,
        -0.081810 -0.030744 -0.360236,
        -0.070632 -0.030744 -0.360236,
        -0.044706 -0.030744 -0.359843,
        -0.044706 -0.039386 -0.359843,
        -0.002455 -0.039386 -0.359843,
        -0.002455 0.039354 -0.359843,
        -0.042785 0.039354 -0.359843,
        -0.042785 0.030712 -0.359843,
        -0.013017 0.030712 -0.359843,
        -0.013017 0.004785 -0.359843,
        -0.040865 0.004785 -0.359843,
        -0.040865 -0.003857 -0.359843,
        -0.013017 -0.003857 -0.359843,
        -0.013017 -0.030744 -0.359843,
        0.012909 -0.026663 -0.359843,
        0.012909 -0.035305 -0.359843,
        0.021302 -0.038751 -0.359843,
        0.034575 -0.040346 -0.359843,
        0.032422 -0.040309 -0.359843,
        0.044278 -0.039340 -0.359843,
        0.051910 -0.036713 -0.359843,
        0.058244 -0.032669 -0.359843,
        0.064158 -0.026442 -0.359843,
        0.068353 -0.018955 -0.359843,
        0.070723 -0.010620 -0.359843,
        0.071484 -0.001502 -0.359843,
        0.031439 0.040314 -0.359843,
        0.039348 0.039669 -0.359843,
        0.048126 0.037119 -0.359843,
        0.055605 0.032813 -0.359843,
        0.062713 0.025977 -0.359843,
        0.067329 0.018615 -0.359843,
        0.070352 0.009693 -0.359843,
        0.012909 0.037193 -0.359843,
        0.022013 0.039664 -0.359843,
        0.012909 0.026631 -0.359843,
        0.031349 0.031672 -0.359843,
        0.021778 0.030429 -0.359843,
        0.060922 -0.000856 -0.359843,
        0.060546 0.005270 -0.359843,
        0.058447 0.013700 -0.359843,
        0.055201 0.019779 -0.359843,
        0.050446 0.025028 -0.359843,
        0.044996 0.028674 -0.359843,
        0.039102 0.030801 -0.359843,
        0.033119 -0.031704 -0.359843,
        0.040464 -0.030880 -0.359843,
        0.046201 -0.028768 -0.359843,
        0.051033 -0.025511 -0.359843,
        0.054728 -0.021613 -0.359843,
        0.057985 -0.016153 -0.359843,
        0.060124 -0.009380 -0.359843,
        0.014320 -0.027444 -0.359843,
        0.022667 -0.030544 -0.359843,
        0.078206 -0.030744 -0.359843,
        0.078206 -0.039386 -0.359843,
        0.118536 -0.039386 -0.359843,
        0.118536 0.039354 -0.359843,
        0.107974 0.039354 -0.359843,
        0.107974 -0.030744 -0.359843,
      ]
    }
    coordIndex [
      86, 87, 65, -1,
      65, 87, 64, -1,
      87, 88, 64, -1,
      64, 88, 63, -1,
      88, 89, 63, -1,
      63, 89, 82, -1,
      89, 90, 82, -1,
      82, 90, 81, -1,
      90, 91, 81, -1,
      81, 91, 80, -1,
      91, 92, 80, -1,
      80, 92, 60, -1,
      92, 93, 60, -1,
      60, 93, 66, -1,
      93, 86, 66, -1,
      66, 86, 65, -1,
      94, 90, 95, -1,
      95, 90, 89, -1,
      96, 93, 94, -1,
      94, 93, 92, -1,
      94, 92, 90, -1,
      90, 92, 91, -1,
      96, 97, 93, -1,
      93, 97, 98, -1,
      93, 98, 86, -1,
      86, 98, 99, -1,
      86, 99, 100, -1,
      100, 101, 86, -1,
      86, 101, 95, -1,
      86, 95, 87, -1,
      87, 95, 89, -1,
      87, 89, 88, -1,
      94, 95, 102, -1,
      102, 95, 103, -1,
      96, 94, 104, -1,
      104, 94, 102, -1,
      96, 104, 105, -1,
      96, 105, 97, -1,
      97, 105, 106, -1,
      97, 106, 98, -1,
      99, 98, 107, -1,
      107, 98, 106, -1,
      99, 107, 108, -1,
      99, 108, 100, -1,
      100, 108, 109, -1,
      100, 109, 101, -1,
      95, 101, 103, -1,
      103, 101, 109, -1,
      110, 111, 70, -1,
      70, 111, 71, -1,
      111, 112, 71, -1,
      71, 112, 72, -1,
      112, 113, 72, -1,
      72, 113, 73, -1,
      114, 84, 83, -1,
      114, 83, 115, -1,
      115, 83, 76, -1,
      115, 76, 116, -1,
      116, 76, 75, -1,
      116, 75, 117, -1,
      117, 75, 74, -1,
      117, 74, 118, -1,
      118, 74, 79, -1,
      118, 79, 119, -1,
      119, 79, 78, -1,
      119, 78, 120, -1,
      120, 78, 77, -1,
      120, 77, 121, -1,
      121, 77, 73, -1,
      121, 73, 113, -1,
      110, 70, 69, -1,
      110, 69, 122, -1,
      122, 69, 68, -1,
      122, 68, 123, -1,
      123, 68, 67, -1,
      123, 67, 124, -1,
      124, 67, 62, -1,
      124, 62, 125, -1,
      125, 62, 61, -1,
      125, 61, 126, -1,
      126, 61, 85, -1,
      126, 85, 127, -1,
      127, 85, 84, -1,
      127, 84, 114, -1,
      116, 117, 128, -1,
      128, 117, 118, -1,
      128, 118, 129, -1,
      129, 118, 119, -1,
      129, 119, 130, -1,
      130, 119, 120, -1,
      130, 120, 131, -1,
      131, 120, 121, -1,
      131, 121, 132, -1,
      132, 121, 113, -1,
      132, 113, 133, -1,
      133, 113, 112, -1,
      133, 112, 134, -1,
      134, 112, 111, -1,
      134, 111, 135, -1,
      135, 111, 110, -1,
      135, 110, 136, -1,
      136, 110, 122, -1,
      136, 122, 137, -1,
      137, 122, 123, -1,
      137, 123, 138, -1,
      138, 123, 124, -1,
      138, 124, 139, -1,
      139, 124, 125, -1,
      139, 125, 140, -1,
      140, 125, 126, -1,
      140, 126, 141, -1,
      141, 126, 127, -1,
      141, 127, 142, -1,
      142, 127, 114, -1,
      142, 114, 143, -1,
      143, 114, 115, -1,
      143, 115, 144, -1,
      144, 115, 116, -1,
      144, 116, 128, -1,
      132, 133, 145, -1,
      145, 133, 146, -1,
      132, 145, 147, -1,
      132, 147, 131, -1,
      131, 147, 148, -1,
      131, 148, 130, -1,
      130, 148, 149, -1,
      130, 149, 129, -1,
      129, 149, 150, -1,
      129, 150, 128, -1,
      128, 150, 151, -1,
      128, 151, 144, -1,
      144, 151, 152, -1,
      144, 152, 143, -1,
      143, 152, 153, -1,
      143, 153, 142, -1,
      142, 153, 154, -1,
      142, 154, 141, -1,
      141, 154, 155, -1,
      141, 155, 140, -1,
      140, 155, 156, -1,
      140, 156, 139, -1,
      139, 156, 157, -1,
      139, 157, 138, -1,
      138, 157, 158, -1,
      138, 158, 137, -1,
      137, 158, 159, -1,
      137, 159, 136, -1,
      136, 159, 160, -1,
      136, 160, 135, -1,
      134, 135, 161, -1,
      161, 135, 160, -1,
      133, 134, 146, -1,
      146, 134, 161, -1,
      162, 163, 0, -1,
      0, 163, 1, -1,
      163, 164, 1, -1,
      1, 164, 2, -1,
      164, 165, 2, -1,
      2, 165, 8, -1,
      165, 166, 8, -1,
      8, 166, 17, -1,
      166, 167, 17, -1,
      17, 167, 3, -1,
      167, 168, 3, -1,
      3, 168, 4, -1,
      168, 169, 4, -1,
      4, 169, 5, -1,
      169, 170, 5, -1,
      5, 170, 12, -1,
      170, 171, 12, -1,
      12, 171, 11, -1,
      171, 172, 11, -1,
      11, 172, 9, -1,
      172, 173, 9, -1,
      9, 173, 10, -1,
      173, 162, 10, -1,
      10, 162, 0, -1,
      164, 163, 162, -1,
      162, 173, 164, -1,
      164, 173, 172, -1,
      164, 172, 165, -1,
      167, 166, 168, -1,
      168, 166, 165, -1,
      168, 165, 169, -1,
      169, 165, 172, -1,
      169, 172, 170, -1,
      170, 172, 171, -1,
      174, 175, 7, -1,
      7, 175, 6, -1,
      6, 175, 176, -1,
      177, 56, 57, -1,
      177, 57, 178, -1,
      178, 57, 58, -1,
      178, 58, 176, -1,
      176, 58, 59, -1,
      176, 59, 6, -1,
      56, 177, 16, -1,
      16, 177, 179, -1,
      16, 179, 15, -1,
      15, 179, 180, -1,
      15, 180, 13, -1,
      13, 180, 181, -1,
      13, 181, 40, -1,
      40, 181, 182, -1,
      40, 182, 41, -1,
      41, 182, 183, -1,
      41, 183, 43, -1,
      43, 183, 184, -1,
      43, 184, 45, -1,
      45, 184, 185, -1,
      45, 185, 46, -1,
      186, 50, 49, -1,
      186, 49, 187, -1,
      187, 49, 48, -1,
      187, 48, 188, -1,
      188, 48, 37, -1,
      188, 37, 189, -1,
      189, 37, 19, -1,
      189, 19, 190, -1,
      190, 19, 18, -1,
      190, 18, 191, -1,
      191, 18, 47, -1,
      191, 47, 192, -1,
      192, 47, 46, -1,
      192, 46, 185, -1,
      193, 52, 51, -1,
      193, 51, 194, -1,
      194, 51, 50, -1,
      194, 50, 186, -1,
      193, 195, 52, -1,
      52, 195, 53, -1,
      196, 55, 54, -1,
      196, 54, 197, -1,
      197, 54, 53, -1,
      197, 53, 195, -1,
      198, 26, 36, -1,
      198, 36, 199, -1,
      199, 36, 35, -1,
      199, 35, 200, -1,
      200, 35, 25, -1,
      200, 25, 201, -1,
      201, 25, 24, -1,
      201, 24, 202, -1,
      202, 24, 22, -1,
      202, 22, 203, -1,
      203, 22, 21, -1,
      203, 21, 204, -1,
      204, 21, 55, -1,
      204, 55, 196, -1,
      205, 30, 29, -1,
      205, 29, 206, -1,
      206, 29, 31, -1,
      206, 31, 207, -1,
      207, 31, 32, -1,
      207, 32, 208, -1,
      208, 32, 33, -1,
      208, 33, 209, -1,
      209, 33, 28, -1,
      209, 28, 210, -1,
      210, 28, 27, -1,
      210, 27, 211, -1,
      211, 27, 26, -1,
      211, 26, 198, -1,
      174, 7, 23, -1,
      174, 23, 212, -1,
      212, 23, 34, -1,
      212, 34, 213, -1,
      213, 34, 30, -1,
      213, 30, 205, -1,
      206, 177, 205, -1,
      205, 177, 178, -1,
      205, 178, 213, -1,
      213, 178, 176, -1,
      213, 176, 212, -1,
      212, 176, 175, -1,
      212, 175, 174, -1,
      195, 193, 197, -1,
      197, 193, 194, -1,
      197, 194, 196, -1,
      196, 194, 186, -1,
      196, 186, 204, -1,
      204, 186, 187, -1,
      204, 187, 203, -1,
      203, 187, 188, -1,
      203, 188, 202, -1,
      202, 188, 189, -1,
      202, 189, 201, -1,
      201, 189, 190, -1,
      201, 190, 200, -1,
      200, 190, 191, -1,
      200, 191, 199, -1,
      199, 191, 192, -1,
      199, 192, 198, -1,
      198, 192, 185, -1,
      198, 185, 211, -1,
      211, 185, 184, -1,
      211, 184, 210, -1,
      210, 184, 183, -1,
      210, 183, 209, -1,
      209, 183, 182, -1,
      209, 182, 208, -1,
      208, 182, 181, -1,
      208, 181, 207, -1,
      207, 181, 180, -1,
      207, 180, 206, -1,
      206, 180, 179, -1,
      206, 179, 177, -1,
      214, 215, 42, -1,
      42, 215, 14, -1,
      215, 216, 14, -1,
      14, 216, 39, -1,
      216, 217, 39, -1,
      39, 217, 38, -1,
      217, 218, 38, -1,
      38, 218, 20, -1,
      218, 219, 20, -1,
      20, 219, 44, -1,
      219, 214, 44, -1,
      44, 214, 42, -1,
      218, 217, 219, -1,
      219, 217, 216, -1,
      219, 216, 214, -1,
      214, 216, 215, -1,
    ]
  }
}

Shape {
  appearance Appearance {
    material Material {
      diffuseColor 0.2510 0.2510 0.2510
      specularColor 0.1255 0.1255 0.1255
      ambientIntensity 0.2
      transparency 0.0000
      shininess 0.5
    }
  }
  geometry IndexedFaceSet {
    ccw TRUE
    solid FALSE
    coord DEF co Coordinate {
      point [
        -0.150903 -0.008658 -0.360236,
        -0.177234 -0.008658 -0.360236,
        -0.162651 0.024230 -0.360236,
        -0.163409 0.026961 -0.360236,
        -0.163911 0.029752 -0.360236,
        -0.164166 0.029752 -0.360236,
        -0.164680 0.026969 -0.360236,
        -0.165381 0.024230 -0.360236,
        -0.082245 0.030712 -0.360236,
        -0.070632 0.030712 -0.360236,
        -0.091565 0.029721 -0.360236,
        -0.098064 0.027447 -0.360236,
        -0.103816 0.023731 -0.360236,
        -0.107641 0.019670 -0.360236,
        -0.110376 0.014813 -0.360236,
        -0.112214 0.008586 -0.360236,
        -0.112883 0.000749 -0.360236,
        -0.112160 -0.007521 -0.360236,
        -0.109850 -0.014923 -0.360236,
        -0.106530 -0.020352 -0.360236,
        -0.102113 -0.024714 -0.360236,
        -0.096743 -0.027902 -0.360236,
        -0.090117 -0.029971 -0.360236,
        -0.081810 -0.030744 -0.360236,
        -0.070632 -0.030744 -0.360236,
      ]
    }
    coordIndex [
      0, 1, 2, -1,
      2, 1, 7, -1,
      2, 7, 3, -1,
      3, 7, 6, -1,
      3, 6, 4, -1,
      4, 6, 5, -1,
      9, 24, 8, -1,
      8, 24, 23, -1,
      8, 23, 22, -1,
      16, 15, 8, -1,
      8, 15, 14, -1,
      8, 14, 10, -1,
      22, 21, 8, -1,
      8, 21, 20, -1,
      8, 20, 19, -1,
      19, 18, 8, -1,
      8, 18, 17, -1,
      8, 17, 16, -1,
      13, 12, 14, -1,
      14, 12, 11, -1,
      14, 11, 10, -1,
    ]
  }
}

Shape {
  appearance Appearance {
    material Material {
      diffuseColor 0.7529 0.7529 0.7529
      specularColor 0.3765 0.3765 0.3765
      ambientIntensity 0.2
      transparency 0.0000
      shininess 0.5
    }
  }
  geometry IndexedFaceSet {
    ccw TRUE
    solid FALSE
    coord DEF co Coordinate {
      point [
        -0.283003 -0.501626 0.360236,
        -0.283003 0.501626 0.360236,
        -0.283003 -0.505544 0.359843,
        -0.283003 0.505544 0.359843,
        -0.580401 -0.505544 0.359843,
        -0.580401 0.505544 0.359843,
      ]
    }
    coordIndex [
      2, 3, 4, -1,
      4, 3, 5, -1,
      1, 3, 0, -1,
      0, 3, 2, -1,
    ]
  }
}

Shape {
  appearance Appearance {
    material Material {
      diffuseColor 0.5020 0.5020 0.5020
      specularColor 0.2510 0.2510 0.2510
      ambientIntensity 0.2
      transparency 0.0000
      shininess 0.5
    }
  }
  geometry IndexedFaceSet {
    ccw TRUE
    solid FALSE
    coord DEF co Coordinate {
      point [
        0.210909 0.053148 0.360236,
        0.204237 0.046743 0.360236,
        0.168227 -0.085366 0.360236,
        0.148068 -0.005468 0.360236,
        0.129943 -0.022775 0.360236,
        0.319466 -0.106971 0.360236,
        0.197035 -0.106971 0.360236,
        0.198727 -0.078650 0.360236,
        0.203607 -0.064116 0.360236,
        0.211586 -0.051691 0.360236,
        -0.019733 -0.051757 0.360236,
        -0.101054 -0.051757 0.360236,
        0.000184 -0.106971 0.360236,
        -0.119846 -0.106971 0.360236,
        0.028992 -0.106971 0.360236,
        -0.148654 -0.106971 0.360236,
        0.433640 0.016293 0.360236,
        0.445365 0.012221 0.360236,
        0.463503 0.062872 0.360236,
        0.456197 0.004964 0.360236,
        0.290659 0.037628 0.360236,
        0.289776 0.046159 0.360236,
        0.224530 0.062741 0.360236,
        0.287527 0.052689 0.360236,
        0.273401 0.066497 0.360236,
        0.264143 0.069595 0.360236,
        0.252774 0.070674 0.360236,
        0.238010 0.068494 0.360236,
        0.145835 0.079076 0.360236,
        0.153787 0.070898 0.360236,
        0.159135 0.061764 0.360236,
        0.162371 0.051281 0.360236,
        0.468633 -0.075291 0.360236,
        0.473635 -0.061005 0.360236,
        0.475506 -0.043205 0.360236,
        0.439347 -0.104024 0.360236,
        0.425896 -0.108199 0.360236,
        0.412715 -0.109372 0.360236,
        0.395825 -0.107281 0.360236,
        0.384137 -0.102691 0.360236,
        -0.047828 0.089879 0.360236,
        0.052998 0.046743 0.360236,
        0.052998 0.070824 0.360236,
        0.284045 0.058199 0.360236,
        0.279487 0.062659 0.360236,
        0.163426 0.039541 0.360236,
        0.161489 0.021449 0.360236,
        0.155981 0.006406 0.360236,
        0.460763 -0.087467 0.360236,
        0.450677 -0.097229 0.360236,
        0.227710 -0.035633 0.360236,
        0.119427 -0.030526 0.360236,
        0.088702 -0.053017 0.360236,
        0.079216 -0.062385 0.360236,
        0.373432 -0.095085 0.360236,
        0.364677 -0.085131 0.360236,
        0.319466 -0.085366 0.360236,
        0.356256 -0.069401 0.360236,
        0.349893 -0.044576 0.360236,
        0.076471 -0.035633 0.360236,
        0.060348 -0.051691 0.360236,
        0.052369 -0.064116 0.360236,
        0.047489 -0.078650 0.360236,
        0.271894 0.090706 0.360236,
        0.285165 0.086467 0.360236,
        0.464681 -0.004546 0.360236,
        0.470962 -0.016417 0.360236,
        0.474852 -0.032242 0.360236,
        0.045796 -0.097219 0.360236,
        0.045796 -0.106971 0.360236,
        0.168227 -0.106971 0.360236,
        0.197035 -0.097219 0.360236,
        0.248348 -0.020026 0.360236,
        0.250486 -0.018524 0.360236,
        0.271942 -0.001592 0.360236,
        0.066437 0.082098 0.360236,
        0.079757 0.088605 0.360236,
        0.458794 0.087079 0.360236,
        0.463503 0.084478 0.360236,
        0.074878 -0.069065 0.360236,
        0.072499 -0.076100 0.360236,
        0.071603 -0.085366 0.360236,
        0.130859 0.009714 0.360236,
        0.136100 0.019424 0.360236,
        0.059670 0.053148 0.360236,
        0.282097 0.009714 0.360236,
        0.287338 0.019424 0.360236,
        0.290001 0.029198 0.360236,
        0.373142 -0.010196 0.360236,
        0.373780 -0.010196 0.360236,
        0.374658 0.010728 0.360236,
        0.380983 0.000972 0.360236,
        0.380618 0.033378 0.360236,
        0.388935 0.008661 0.360236,
        0.388532 0.048121 0.360236,
        0.398340 0.014061 0.360236,
        0.398096 0.058855 0.360236,
        0.408635 0.017009 0.360236,
        0.407822 0.065458 0.360236,
        0.418867 0.017861 0.360236,
        0.447627 0.068699 0.360236,
        0.430832 0.070674 0.360236,
        0.418145 0.069242 0.360236,
        0.097109 -0.020026 0.360236,
        0.099247 -0.018524 0.360236,
        0.120704 -0.001592 0.360236,
        -0.074235 0.089879 0.360236,
        0.138763 0.029198 0.360236,
        0.139420 0.037628 0.360236,
        0.073291 0.062741 0.360236,
        0.138537 0.046159 0.360236,
        0.136288 0.052689 0.360236,
        0.122162 0.066497 0.360236,
        0.112905 0.069595 0.360236,
        0.101535 0.070674 0.360236,
        0.086772 0.068494 0.360236,
        0.132806 0.058199 0.360236,
        0.128248 0.062659 0.360236,
        0.095292 0.091888 0.360236,
        0.103936 0.092280 0.360236,
        0.120656 0.090706 0.360236,
        0.133927 0.086467 0.360236,
        0.204237 0.070824 0.360236,
        0.217676 0.082098 0.360236,
        0.230996 0.088605 0.360236,
        0.246530 0.091888 0.360236,
        0.255174 0.092280 0.360236,
        0.378699 0.071057 0.360236,
        0.391769 0.081654 0.360236,
        0.405867 0.088417 0.360236,
        0.421963 0.091852 0.360236,
        0.430344 0.092280 0.360236,
        0.447506 0.090707 0.360236,
        0.270666 -0.030526 0.360236,
        0.239941 -0.053017 0.360236,
        0.230455 -0.062385 0.360236,
        0.226116 -0.069065 0.360236,
        0.223737 -0.076100 0.360236,
        0.222841 -0.085366 0.360236,
        0.297073 0.079076 0.360236,
        0.305025 0.070898 0.360236,
        0.310374 0.061764 0.360236,
        0.366087 0.054774 0.360236,
        0.313610 0.051281 0.360236,
        0.355934 0.032755 0.360236,
        0.314665 0.039541 0.360236,
        0.350010 0.006667 0.360236,
        0.312728 0.021449 0.360236,
        0.348273 -0.020211 0.360236,
        0.307220 0.006406 0.360236,
        0.299307 -0.005468 0.360236,
        0.281182 -0.022775 0.360236,
        0.463503 0.084478 0.359843,
        0.463503 0.062872 0.359843,
        0.430832 0.070674 0.359843,
        0.447627 0.068699 0.359843,
        0.373142 -0.010196 0.359843,
        0.374658 0.010728 0.359843,
        0.380618 0.033378 0.359843,
        0.388532 0.048121 0.359843,
        0.398096 0.058855 0.359843,
        0.407822 0.065458 0.359843,
        0.418145 0.069242 0.359843,
        0.373780 -0.010196 0.359843,
        0.418867 0.017861 0.359843,
        0.408635 0.017009 0.359843,
        0.398340 0.014061 0.359843,
        0.388935 0.008661 0.359843,
        0.380983 0.000972 0.359843,
        0.475506 -0.043205 0.359843,
        0.474852 -0.032242 0.359843,
        0.470962 -0.016417 0.359843,
        0.464681 -0.004546 0.359843,
        0.456197 0.004964 0.359843,
        0.445365 0.012221 0.359843,
        0.433640 0.016293 0.359843,
        0.412715 -0.109372 0.359843,
        0.425896 -0.108199 0.359843,
        0.439347 -0.104024 0.359843,
        0.450677 -0.097229 0.359843,
        0.460763 -0.087467 0.359843,
        0.468633 -0.075291 0.359843,
        0.473635 -0.061005 0.359843,
        0.348273 -0.020211 0.359843,
        0.349893 -0.044576 0.359843,
        0.356256 -0.069401 0.359843,
        0.364677 -0.085131 0.359843,
        0.373432 -0.095085 0.359843,
        0.384137 -0.102691 0.359843,
        0.395825 -0.107281 0.359843,
        0.430344 0.092280 0.359843,
        0.421963 0.091852 0.359843,
        0.405867 0.088417 0.359843,
        0.391769 0.081654 0.359843,
        0.378699 0.071057 0.359843,
        0.366087 0.054774 0.359843,
        0.355934 0.032755 0.359843,
        0.350010 0.006667 0.359843,
        0.458794 0.087079 0.359843,
        0.447506 0.090707 0.359843,
        0.374896 -0.036996 0.359843,
        0.376940 -0.028072 0.359843,
        0.392085 -0.081302 0.359843,
        0.386405 -0.075891 0.359843,
        0.380093 -0.066222 0.359843,
        0.376140 -0.055043 0.359843,
        0.374680 -0.041517 0.359843,
        0.381358 -0.019558 0.359843,
        0.387794 -0.012315 0.359843,
        0.394890 -0.007550 0.359843,
        0.402471 -0.004832 0.359843,
        0.412265 -0.003745 0.359843,
        0.418448 -0.004107 0.359843,
        0.426257 -0.005905 0.359843,
        0.432656 -0.008951 0.359843,
        0.437998 -0.013237 0.359843,
        0.441113 -0.016878 0.359843,
        0.445280 -0.024250 0.359843,
        0.448061 -0.033726 0.359843,
        0.449099 -0.045868 0.359843,
        0.448231 -0.056081 0.359843,
        0.445570 -0.065259 0.359843,
        0.441239 -0.073159 0.359843,
        0.435291 -0.079705 0.359843,
        0.428903 -0.084056 0.359843,
        0.422011 -0.086624 0.359843,
        0.412527 -0.087766 0.359843,
        0.405567 -0.087142 0.359843,
        0.398349 -0.084946 0.359843,
        0.374680 -0.041517 0.360236,
        0.374896 -0.036996 0.360236,
        0.376940 -0.028072 0.360236,
        0.381358 -0.019558 0.360236,
        0.387794 -0.012315 0.360236,
        0.394890 -0.007550 0.360236,
        0.402471 -0.004832 0.360236,
        0.412265 -0.003745 0.360236,
        0.418448 -0.004107 0.360236,
        0.426257 -0.005905 0.360236,
        0.432656 -0.008951 0.360236,
        0.437998 -0.013237 0.360236,
        0.441113 -0.016878 0.360236,
        0.445280 -0.024250 0.360236,
        0.448061 -0.033726 0.360236,
        0.449099 -0.045868 0.360236,
        0.448231 -0.056081 0.360236,
        0.445570 -0.065259 0.360236,
        0.441239 -0.073159 0.360236,
        0.435291 -0.079705 0.360236,
        0.428903 -0.084056 0.360236,
        0.422011 -0.086624 0.360236,
        0.412527 -0.087766 0.360236,
        0.405567 -0.087142 0.360236,
        0.398349 -0.084946 0.360236,
        0.392085 -0.081302 0.360236,
        0.386405 -0.075891 0.360236,
        0.380093 -0.066222 0.360236,
        0.376140 -0.055043 0.360236,
        0.290659 0.037628 0.359843,
        0.290001 0.029198 0.359843,
        0.287338 0.019424 0.359843,
        0.282097 0.009714 0.359843,
        0.271942 -0.001592 0.359843,
        0.250486 -0.018524 0.359843,
        0.252774 0.070674 0.359843,
        0.264143 0.069595 0.359843,
        0.273401 0.066497 0.359843,
        0.279487 0.062659 0.359843,
        0.284045 0.058199 0.359843,
        0.287527 0.052689 0.359843,
        0.289776 0.046159 0.359843,
        0.204237 0.046743 0.359843,
        0.210909 0.053148 0.359843,
        0.224530 0.062741 0.359843,
        0.238010 0.068494 0.359843,
        0.204237 0.070824 0.359843,
        0.255174 0.092280 0.359843,
        0.246530 0.091888 0.359843,
        0.230996 0.088605 0.359843,
        0.217676 0.082098 0.359843,
        0.314665 0.039541 0.359843,
        0.313610 0.051281 0.359843,
        0.310374 0.061764 0.359843,
        0.305025 0.070898 0.359843,
        0.297073 0.079076 0.359843,
        0.285165 0.086467 0.359843,
        0.271894 0.090706 0.359843,
        0.270666 -0.030526 0.359843,
        0.281182 -0.022775 0.359843,
        0.299307 -0.005468 0.359843,
        0.307220 0.006406 0.359843,
        0.312728 0.021449 0.359843,
        0.222841 -0.085366 0.359843,
        0.223737 -0.076100 0.359843,
        0.226116 -0.069065 0.359843,
        0.230455 -0.062385 0.359843,
        0.239941 -0.053017 0.359843,
        0.319466 -0.085366 0.359843,
        0.319466 -0.106971 0.359843,
        0.197035 -0.106971 0.359843,
        0.197035 -0.097219 0.359843,
        0.248348 -0.020026 0.359843,
        0.227710 -0.035633 0.359843,
        0.211586 -0.051691 0.359843,
        0.203607 -0.064116 0.359843,
        0.198727 -0.078650 0.359843,
        0.139420 0.037628 0.359843,
        0.138763 0.029198 0.359843,
        0.136100 0.019424 0.359843,
        0.130859 0.009714 0.359843,
        0.120704 -0.001592 0.359843,
        0.099247 -0.018524 0.359843,
        0.101535 0.070674 0.359843,
        0.112905 0.069595 0.359843,
        0.122162 0.066497 0.359843,
        0.128248 0.062659 0.359843,
        0.132806 0.058199 0.359843,
        0.136288 0.052689 0.359843,
        0.138537 0.046159 0.359843,
        0.052998 0.046743 0.359843,
        0.059670 0.053148 0.359843,
        0.073291 0.062741 0.359843,
        0.086772 0.068494 0.359843,
        0.052998 0.070824 0.359843,
        0.103936 0.092280 0.359843,
        0.095292 0.091888 0.359843,
        0.079757 0.088605 0.359843,
        0.066437 0.082098 0.359843,
        0.163426 0.039541 0.359843,
        0.162371 0.051281 0.359843,
        0.159135 0.061764 0.359843,
        0.153787 0.070898 0.359843,
        0.145835 0.079076 0.359843,
        0.133927 0.086467 0.359843,
        0.120656 0.090706 0.359843,
        0.119427 -0.030526 0.359843,
        0.129943 -0.022775 0.359843,
        0.148068 -0.005468 0.359843,
        0.155981 0.006406 0.359843,
        0.161489 0.021449 0.359843,
        0.071603 -0.085366 0.359843,
        0.072499 -0.076100 0.359843,
        0.074878 -0.069065 0.359843,
        0.079216 -0.062385 0.359843,
        0.088702 -0.053017 0.359843,
        0.168227 -0.085366 0.359843,
        0.168227 -0.106971 0.359843,
        0.045796 -0.106971 0.359843,
        0.045796 -0.097219 0.359843,
        0.097109 -0.020026 0.359843,
        0.076471 -0.035633 0.359843,
        0.060348 -0.051691 0.359843,
        0.052369 -0.064116 0.359843,
        0.047489 -0.078650 0.359843,
        -0.047828 0.089879 0.359843,
        0.028992 -0.106971 0.359843,
        0.000184 -0.106971 0.359843,
        -0.019733 -0.051757 0.359843,
        -0.101054 -0.051757 0.359843,
        -0.119846 -0.106971 0.359843,
        -0.148654 -0.106971 0.359843,
        -0.074235 0.089879 0.359843,
        -0.094415 -0.030152 0.359843,
        -0.028585 -0.030152 0.359843,
        -0.065045 0.052070 0.359843,
        -0.063150 0.058897 0.359843,
        -0.061894 0.065873 0.359843,
        -0.061256 0.065873 0.359843,
        -0.059972 0.058918 0.359843,
        -0.058218 0.052070 0.359843,
        -0.094415 -0.030152 0.360236,
        -0.028585 -0.030152 0.360236,
        -0.065045 0.052070 0.360236,
        -0.063150 0.058897 0.360236,
        -0.061894 0.065873 0.360236,
        -0.061256 0.065873 0.360236,
        -0.059972 0.058918 0.360236,
        -0.058218 0.052070 0.360236,
      ]
    }
    coordIndex [
      152, 153, 78, -1,
      78, 153, 18, -1,
      154, 101, 100, -1,
      154, 100, 155, -1,
      155, 100, 18, -1,
      155, 18, 153, -1,
      156, 88, 90, -1,
      156, 90, 157, -1,
      157, 90, 92, -1,
      157, 92, 158, -1,
      158, 92, 94, -1,
      158, 94, 159, -1,
      159, 94, 96, -1,
      159, 96, 160, -1,
      160, 96, 98, -1,
      160, 98, 161, -1,
      161, 98, 102, -1,
      161, 102, 162, -1,
      162, 102, 101, -1,
      162, 101, 154, -1,
      156, 163, 88, -1,
      88, 163, 89, -1,
      164, 99, 97, -1,
      164, 97, 165, -1,
      165, 97, 95, -1,
      165, 95, 166, -1,
      166, 95, 93, -1,
      166, 93, 167, -1,
      167, 93, 91, -1,
      167, 91, 168, -1,
      168, 91, 89, -1,
      168, 89, 163, -1,
      169, 34, 67, -1,
      169, 67, 170, -1,
      170, 67, 66, -1,
      170, 66, 171, -1,
      171, 66, 65, -1,
      171, 65, 172, -1,
      172, 65, 19, -1,
      172, 19, 173, -1,
      173, 19, 17, -1,
      173, 17, 174, -1,
      174, 17, 16, -1,
      174, 16, 175, -1,
      175, 16, 99, -1,
      175, 99, 164, -1,
      176, 37, 36, -1,
      176, 36, 177, -1,
      177, 36, 35, -1,
      177, 35, 178, -1,
      178, 35, 49, -1,
      178, 49, 179, -1,
      179, 49, 48, -1,
      179, 48, 180, -1,
      180, 48, 32, -1,
      180, 32, 181, -1,
      181, 32, 33, -1,
      181, 33, 182, -1,
      182, 33, 34, -1,
      182, 34, 169, -1,
      183, 148, 58, -1,
      183, 58, 184, -1,
      184, 58, 57, -1,
      184, 57, 185, -1,
      185, 57, 55, -1,
      185, 55, 186, -1,
      186, 55, 54, -1,
      186, 54, 187, -1,
      187, 54, 39, -1,
      187, 39, 188, -1,
      188, 39, 38, -1,
      188, 38, 189, -1,
      189, 38, 37, -1,
      189, 37, 176, -1,
      190, 131, 130, -1,
      190, 130, 191, -1,
      191, 130, 129, -1,
      191, 129, 192, -1,
      192, 129, 128, -1,
      192, 128, 193, -1,
      193, 128, 127, -1,
      193, 127, 194, -1,
      194, 127, 142, -1,
      194, 142, 195, -1,
      195, 142, 144, -1,
      195, 144, 196, -1,
      196, 144, 146, -1,
      196, 146, 197, -1,
      197, 146, 148, -1,
      197, 148, 183, -1,
      152, 78, 77, -1,
      152, 77, 198, -1,
      198, 77, 132, -1,
      198, 132, 199, -1,
      199, 132, 131, -1,
      199, 131, 190, -1,
      200, 201, 184, -1,
      183, 156, 157, -1,
      154, 155, 199, -1,
      199, 155, 198, -1,
      198, 155, 153, -1,
      198, 153, 152, -1,
      188, 202, 187, -1,
      187, 202, 203, -1,
      187, 203, 186, -1,
      186, 203, 204, -1,
      186, 204, 185, -1,
      185, 204, 205, -1,
      185, 205, 184, -1,
      184, 205, 206, -1,
      184, 206, 200, -1,
      199, 190, 154, -1,
      154, 190, 191, -1,
      154, 191, 162, -1,
      162, 191, 192, -1,
      162, 192, 161, -1,
      161, 192, 193, -1,
      161, 193, 160, -1,
      160, 193, 194, -1,
      160, 194, 159, -1,
      159, 194, 195, -1,
      159, 195, 158, -1,
      158, 195, 196, -1,
      158, 196, 157, -1,
      157, 196, 197, -1,
      157, 197, 183, -1,
      183, 184, 156, -1,
      156, 184, 201, -1,
      156, 201, 163, -1,
      163, 201, 207, -1,
      163, 207, 168, -1,
      168, 207, 208, -1,
      168, 208, 167, -1,
      167, 208, 209, -1,
      167, 209, 166, -1,
      166, 209, 210, -1,
      166, 210, 165, -1,
      165, 210, 211, -1,
      165, 211, 164, -1,
      164, 211, 212, -1,
      164, 212, 175, -1,
      175, 212, 213, -1,
      175, 213, 174, -1,
      174, 213, 214, -1,
      174, 214, 173, -1,
      173, 214, 215, -1,
      173, 215, 172, -1,
      172, 215, 216, -1,
      172, 216, 171, -1,
      171, 216, 217, -1,
      171, 217, 170, -1,
      170, 217, 218, -1,
      170, 218, 169, -1,
      169, 218, 219, -1,
      169, 219, 182, -1,
      182, 219, 220, -1,
      182, 220, 181, -1,
      181, 220, 221, -1,
      181, 221, 180, -1,
      180, 221, 222, -1,
      180, 222, 179, -1,
      179, 222, 223, -1,
      179, 223, 178, -1,
      178, 223, 224, -1,
      178, 224, 177, -1,
      177, 224, 225, -1,
      177, 225, 176, -1,
      176, 225, 226, -1,
      176, 226, 189, -1,
      189, 226, 227, -1,
      189, 227, 188, -1,
      188, 227, 228, -1,
      188, 228, 202, -1,
      206, 229, 230, -1,
      206, 230, 200, -1,
      200, 230, 231, -1,
      200, 231, 201, -1,
      201, 231, 232, -1,
      201, 232, 207, -1,
      207, 232, 233, -1,
      207, 233, 208, -1,
      208, 233, 234, -1,
      208, 234, 209, -1,
      209, 234, 235, -1,
      209, 235, 210, -1,
      210, 235, 236, -1,
      210, 236, 211, -1,
      211, 236, 237, -1,
      211, 237, 212, -1,
      212, 237, 238, -1,
      212, 238, 213, -1,
      213, 238, 239, -1,
      213, 239, 214, -1,
      214, 239, 240, -1,
      214, 240, 215, -1,
      215, 240, 241, -1,
      215, 241, 216, -1,
      216, 241, 242, -1,
      216, 242, 217, -1,
      217, 242, 243, -1,
      217, 243, 218, -1,
      218, 243, 244, -1,
      218, 244, 219, -1,
      219, 244, 245, -1,
      219, 245, 220, -1,
      220, 245, 246, -1,
      220, 246, 221, -1,
      221, 246, 247, -1,
      221, 247, 222, -1,
      222, 247, 248, -1,
      222, 248, 223, -1,
      223, 248, 249, -1,
      223, 249, 224, -1,
      224, 249, 250, -1,
      224, 250, 225, -1,
      225, 250, 251, -1,
      225, 251, 226, -1,
      226, 251, 252, -1,
      226, 252, 227, -1,
      227, 252, 253, -1,
      227, 253, 228, -1,
      228, 253, 254, -1,
      228, 254, 202, -1,
      202, 254, 255, -1,
      202, 255, 203, -1,
      203, 255, 256, -1,
      203, 256, 204, -1,
      204, 256, 257, -1,
      204, 257, 205, -1,
      205, 257, 229, -1,
      205, 229, 206, -1,
      258, 20, 87, -1,
      258, 87, 259, -1,
      259, 87, 86, -1,
      259, 86, 260, -1,
      260, 86, 85, -1,
      260, 85, 261, -1,
      261, 85, 74, -1,
      261, 74, 262, -1,
      262, 74, 73, -1,
      262, 73, 263, -1,
      264, 26, 25, -1,
      264, 25, 265, -1,
      265, 25, 24, -1,
      265, 24, 266, -1,
      266, 24, 44, -1,
      266, 44, 267, -1,
      267, 44, 43, -1,
      267, 43, 268, -1,
      268, 43, 23, -1,
      268, 23, 269, -1,
      269, 23, 21, -1,
      269, 21, 270, -1,
      270, 21, 20, -1,
      270, 20, 258, -1,
      271, 1, 0, -1,
      271, 0, 272, -1,
      272, 0, 22, -1,
      272, 22, 273, -1,
      273, 22, 27, -1,
      273, 27, 274, -1,
      274, 27, 26, -1,
      274, 26, 264, -1,
      271, 275, 1, -1,
      1, 275, 122, -1,
      276, 126, 125, -1,
      276, 125, 277, -1,
      277, 125, 124, -1,
      277, 124, 278, -1,
      278, 124, 123, -1,
      278, 123, 279, -1,
      279, 123, 122, -1,
      279, 122, 275, -1,
      280, 145, 143, -1,
      280, 143, 281, -1,
      281, 143, 141, -1,
      281, 141, 282, -1,
      282, 141, 140, -1,
      282, 140, 283, -1,
      283, 140, 139, -1,
      283, 139, 284, -1,
      284, 139, 64, -1,
      284, 64, 285, -1,
      285, 64, 63, -1,
      285, 63, 286, -1,
      286, 63, 126, -1,
      286, 126, 276, -1,
      287, 133, 151, -1,
      287, 151, 288, -1,
      288, 151, 150, -1,
      288, 150, 289, -1,
      289, 150, 149, -1,
      289, 149, 290, -1,
      290, 149, 147, -1,
      290, 147, 291, -1,
      291, 147, 145, -1,
      291, 145, 280, -1,
      292, 138, 137, -1,
      292, 137, 293, -1,
      293, 137, 136, -1,
      293, 136, 294, -1,
      294, 136, 135, -1,
      294, 135, 295, -1,
      295, 135, 134, -1,
      295, 134, 296, -1,
      296, 134, 133, -1,
      296, 133, 287, -1,
      292, 297, 138, -1,
      138, 297, 56, -1,
      297, 298, 56, -1,
      56, 298, 5, -1,
      298, 299, 5, -1,
      5, 299, 6, -1,
      299, 300, 6, -1,
      6, 300, 71, -1,
      263, 73, 72, -1,
      263, 72, 301, -1,
      301, 72, 50, -1,
      301, 50, 302, -1,
      302, 50, 9, -1,
      302, 9, 303, -1,
      303, 9, 8, -1,
      303, 8, 304, -1,
      304, 8, 7, -1,
      304, 7, 305, -1,
      305, 7, 71, -1,
      305, 71, 300, -1,
      298, 297, 299, -1,
      299, 297, 292, -1,
      299, 292, 300, -1,
      264, 277, 274, -1,
      274, 277, 278, -1,
      274, 278, 273, -1,
      273, 278, 279, -1,
      273, 279, 272, -1,
      272, 279, 275, -1,
      272, 275, 271, -1,
      300, 292, 305, -1,
      305, 292, 293, -1,
      305, 293, 304, -1,
      304, 293, 294, -1,
      304, 294, 303, -1,
      303, 294, 295, -1,
      303, 295, 302, -1,
      302, 295, 296, -1,
      302, 296, 301, -1,
      301, 296, 287, -1,
      301, 287, 263, -1,
      263, 287, 262, -1,
      262, 287, 288, -1,
      262, 288, 261, -1,
      261, 288, 289, -1,
      261, 289, 260, -1,
      260, 289, 290, -1,
      260, 290, 259, -1,
      259, 290, 291, -1,
      259, 291, 258, -1,
      258, 291, 280, -1,
      258, 280, 270, -1,
      270, 280, 281, -1,
      270, 281, 269, -1,
      269, 281, 282, -1,
      269, 282, 268, -1,
      268, 282, 283, -1,
      268, 283, 267, -1,
      267, 283, 284, -1,
      267, 284, 266, -1,
      266, 284, 285, -1,
      266, 285, 265, -1,
      265, 285, 286, -1,
      265, 286, 264, -1,
      264, 286, 276, -1,
      264, 276, 277, -1,
      306, 108, 107, -1,
      306, 107, 307, -1,
      307, 107, 83, -1,
      307, 83, 308, -1,
      308, 83, 82, -1,
      308, 82, 309, -1,
      309, 82, 105, -1,
      309, 105, 310, -1,
      310, 105, 104, -1,
      310, 104, 311, -1,
      312, 114, 113, -1,
      312, 113, 313, -1,
      313, 113, 112, -1,
      313, 112, 314, -1,
      314, 112, 117, -1,
      314, 117, 315, -1,
      315, 117, 116, -1,
      315, 116, 316, -1,
      316, 116, 111, -1,
      316, 111, 317, -1,
      317, 111, 110, -1,
      317, 110, 318, -1,
      318, 110, 108, -1,
      318, 108, 306, -1,
      319, 41, 84, -1,
      319, 84, 320, -1,
      320, 84, 109, -1,
      320, 109, 321, -1,
      321, 109, 115, -1,
      321, 115, 322, -1,
      322, 115, 114, -1,
      322, 114, 312, -1,
      319, 323, 41, -1,
      41, 323, 42, -1,
      324, 119, 118, -1,
      324, 118, 325, -1,
      325, 118, 76, -1,
      325, 76, 326, -1,
      326, 76, 75, -1,
      326, 75, 327, -1,
      327, 75, 42, -1,
      327, 42, 323, -1,
      328, 45, 31, -1,
      328, 31, 329, -1,
      329, 31, 30, -1,
      329, 30, 330, -1,
      330, 30, 29, -1,
      330, 29, 331, -1,
      331, 29, 28, -1,
      331, 28, 332, -1,
      332, 28, 121, -1,
      332, 121, 333, -1,
      333, 121, 120, -1,
      333, 120, 334, -1,
      334, 120, 119, -1,
      334, 119, 324, -1,
      335, 51, 4, -1,
      335, 4, 336, -1,
      336, 4, 3, -1,
      336, 3, 337, -1,
      337, 3, 47, -1,
      337, 47, 338, -1,
      338, 47, 46, -1,
      338, 46, 339, -1,
      339, 46, 45, -1,
      339, 45, 328, -1,
      340, 81, 80, -1,
      340, 80, 341, -1,
      341, 80, 79, -1,
      341, 79, 342, -1,
      342, 79, 53, -1,
      342, 53, 343, -1,
      343, 53, 52, -1,
      343, 52, 344, -1,
      344, 52, 51, -1,
      344, 51, 335, -1,
      340, 345, 81, -1,
      81, 345, 2, -1,
      345, 346, 2, -1,
      2, 346, 70, -1,
      346, 347, 70, -1,
      70, 347, 69, -1,
      347, 348, 69, -1,
      69, 348, 68, -1,
      311, 104, 103, -1,
      311, 103, 349, -1,
      349, 103, 59, -1,
      349, 59, 350, -1,
      350, 59, 60, -1,
      350, 60, 351, -1,
      351, 60, 61, -1,
      351, 61, 352, -1,
      352, 61, 62, -1,
      352, 62, 353, -1,
      353, 62, 68, -1,
      353, 68, 348, -1,
      346, 345, 347, -1,
      347, 345, 340, -1,
      347, 340, 348, -1,
      312, 325, 322, -1,
      322, 325, 326, -1,
      322, 326, 321, -1,
      321, 326, 327, -1,
      321, 327, 320, -1,
      320, 327, 323, -1,
      320, 323, 319, -1,
      348, 340, 353, -1,
      353, 340, 341, -1,
      353, 341, 352, -1,
      352, 341, 342, -1,
      352, 342, 351, -1,
      351, 342, 343, -1,
      351, 343, 350, -1,
      350, 343, 344, -1,
      350, 344, 349, -1,
      349, 344, 335, -1,
      349, 335, 311, -1,
      311, 335, 310, -1,
      310, 335, 336, -1,
      310, 336, 309, -1,
      309, 336, 337, -1,
      309, 337, 308, -1,
      308, 337, 338, -1,
      308, 338, 307, -1,
      307, 338, 339, -1,
      307, 339, 306, -1,
      306, 339, 328, -1,
      306, 328, 318, -1,
      318, 328, 329, -1,
      318, 329, 317, -1,
      317, 329, 330, -1,
      317, 330, 316, -1,
      316, 330, 331, -1,
      316, 331, 315, -1,
      315, 331, 332, -1,
      315, 332, 314, -1,
      314, 332, 333, -1,
      314, 333, 313, -1,
      313, 333, 334, -1,
      313, 334, 312, -1,
      312, 334, 324, -1,
      312, 324, 325, -1,
      354, 355, 40, -1,
      40, 355, 14, -1,
      355, 356, 14, -1,
      14, 356, 12, -1,
      356, 357, 12, -1,
      12, 357, 10, -1,
      357, 358, 10, -1,
      10, 358, 11, -1,
      358, 359, 11, -1,
      11, 359, 13, -1,
      359, 360, 13, -1,
      13, 360, 15, -1,
      360, 361, 15, -1,
      15, 361, 106, -1,
      361, 354, 106, -1,
      106, 354, 40, -1,
      362, 358, 363, -1,
      363, 358, 357, -1,
      364, 361, 362, -1,
      362, 361, 360, -1,
      362, 360, 358, -1,
      358, 360, 359, -1,
      364, 365, 361, -1,
      361, 365, 366, -1,
      361, 366, 354, -1,
      354, 366, 367, -1,
      354, 367, 368, -1,
      368, 369, 354, -1,
      354, 369, 363, -1,
      354, 363, 355, -1,
      355, 363, 357, -1,
      355, 357, 356, -1,
      362, 363, 370, -1,
      370, 363, 371, -1,
      364, 362, 372, -1,
      372, 362, 370, -1,
      364, 372, 373, -1,
      364, 373, 365, -1,
      365, 373, 374, -1,
      365, 374, 366, -1,
      367, 366, 375, -1,
      375, 366, 374, -1,
      367, 375, 376, -1,
      367, 376, 368, -1,
      368, 376, 377, -1,
      368, 377, 369, -1,
      363, 369, 371, -1,
      371, 369, 377, -1,
    ]
  }
}

Shape {
  appearance Appearance {
    material Material {
      diffuseColor 0.2510 0.2510 0.2510
      specularColor 0.1255 0.1255 0.1255
      ambientIntensity 0.2
      transparency 0.0000
      shininess 0.5
    }
  }
  geometry IndexedFaceSet {
    ccw TRUE
    solid FALSE
    coord DEF co Coordinate {
      point [
        0.580367 -0.501626 0.360236,
        -0.283003 -0.501626 0.360236,
        -0.283003 0.501626 0.360236,
        0.580367 0.501626 0.360236,
        -0.629921 0.531571 -0.000000,
        -0.629921 -0.531571 0.000000,
        -0.600011 0.501661 0.341873,
        -0.600011 -0.501661 0.341873,
        0.629921 -0.531571 0.000000,
        0.600127 -0.501777 -0.340551,
        0.600127 0.501777 -0.340551,
        0.629921 0.531571 0.000000,
        -0.600127 0.501777 -0.340551,
        -0.600127 -0.501777 -0.340551,
        -0.610311 -0.551181 0.000000,
        -0.580517 -0.521387 -0.340551,
        0.610311 -0.551181 0.000000,
        0.580517 -0.521387 -0.340551,
        0.610311 0.551181 -0.000000,
        0.580517 0.521387 -0.340551,
        -0.610311 0.551181 0.000000,
        -0.580517 0.521387 -0.340551,
        0.599977 -0.501626 0.342267,
        0.599977 0.501626 0.342267,
        -0.580367 0.521237 0.342267,
        0.580367 0.521237 0.342267,
        -0.580367 -0.521237 0.342267,
        0.580367 -0.521237 0.342267,
        -0.590333 0.518764 -0.340551,
        -0.588032 0.519897 -0.340551,
        -0.598637 0.509292 -0.340551,
        -0.597504 -0.511593 -0.340551,
        -0.598637 -0.509292 -0.340551,
        -0.588032 -0.519897 -0.340551,
        -0.599460 0.506861 -0.340551,
        -0.585602 0.520720 -0.340551,
        -0.585602 -0.520720 -0.340551,
        -0.599460 -0.506861 -0.340551,
        -0.597504 0.511593 -0.340551,
        -0.596081 0.513725 -0.340551,
        -0.592465 0.517341 -0.340551,
        -0.594392 0.515652 -0.340551,
        -0.590333 -0.518764 -0.340551,
        -0.592465 -0.517341 -0.340551,
        -0.596081 -0.513725 -0.340551,
        -0.594392 -0.515652 -0.340551,
        0.590333 -0.518764 -0.340551,
        0.588032 -0.519897 -0.340551,
        0.598637 -0.509292 -0.340551,
        0.599460 -0.506861 -0.340551,
        0.585602 -0.520720 -0.340551,
        0.585602 0.520720 -0.340551,
        0.598637 0.509292 -0.340551,
        0.599460 0.506861 -0.340551,
        0.588032 0.519897 -0.340551,
        0.590333 0.518764 -0.340551,
        0.597504 0.511593 -0.340551,
        0.597504 -0.511593 -0.340551,
        0.596081 -0.513725 -0.340551,
        0.592465 -0.517341 -0.340551,
        0.594392 -0.515652 -0.340551,
        0.596081 0.513725 -0.340551,
        0.592465 0.517341 -0.340551,
        0.594392 0.515652 -0.340551,
        -0.283003 -0.505544 0.359843,
        -0.283003 0.505544 0.359843,
        -0.580401 -0.505544 0.359843,
        -0.580401 0.505544 0.359843,
        0.374680 -0.041517 0.360236,
        0.374896 -0.036996 0.360236,
        0.376940 -0.028072 0.360236,
        0.381358 -0.019558 0.360236,
        0.387794 -0.012315 0.360236,
        0.394890 -0.007550 0.360236,
        0.402471 -0.004832 0.360236,
        0.412265 -0.003745 0.360236,
        0.418448 -0.004107 0.360236,
        0.426257 -0.005905 0.360236,
        0.432656 -0.008951 0.360236,
        0.437998 -0.013237 0.360236,
        0.441113 -0.016878 0.360236,
        0.445280 -0.024250 0.360236,
        0.448061 -0.033726 0.360236,
        0.449099 -0.045868 0.360236,
        0.448231 -0.056081 0.360236,
        0.445570 -0.065259 0.360236,
        0.441239 -0.073159 0.360236,
        0.435291 -0.079705 0.360236,
        0.428903 -0.084056 0.360236,
        0.422011 -0.086624 0.360236,
        0.412527 -0.087766 0.360236,
        0.405567 -0.087142 0.360236,
        0.398349 -0.084946 0.360236,
        0.392085 -0.081302 0.360236,
        0.386405 -0.075891 0.360236,
        0.380093 -0.066222 0.360236,
        0.376140 -0.055043 0.360236,
        -0.094415 -0.030152 0.360236,
        -0.028585 -0.030152 0.360236,
        -0.065045 0.052070 0.360236,
        -0.063150 0.058897 0.360236,
        -0.061894 0.065873 0.360236,
        -0.061256 0.065873 0.360236,
        -0.059972 0.058918 0.360236,
        -0.058218 0.052070 0.360236,
        0.629254 0.536656 0.000000,
        0.628431 0.539087 0.000000,
        0.627299 0.541387 0.000000,
        0.625876 0.543520 0.000000,
        0.624187 0.545446 0.000000,
        0.622259 0.547136 0.000000,
        0.620128 0.548559 0.000000,
        0.617827 0.549691 0.000000,
        0.615396 0.550514 0.000000,
        0.615396 -0.550514 0.000000,
        0.617827 -0.549691 0.000000,
        0.620128 -0.548559 0.000000,
        0.622259 -0.547136 0.000000,
        0.624187 -0.545446 0.000000,
        0.625876 -0.543520 0.000000,
        0.627299 -0.541387 0.000000,
        0.628431 -0.539087 0.000000,
        0.629254 -0.536656 0.000000,
        0.584712 0.520634 0.342594,
        0.585418 0.520537 0.342648,
        0.588798 0.519119 0.342819,
        0.590129 0.518560 0.342887,
        0.592450 0.516774 0.342933,
        0.594181 0.515441 0.342969,
        0.595513 0.513709 0.342933,
        0.597300 0.511389 0.342887,
        0.597859 0.510058 0.342819,
        0.599277 0.506678 0.342648,
        0.599374 0.505972 0.342594,
        0.599008 -0.501626 0.346876,
        0.599008 0.501626 0.346876,
        0.598945 -0.501626 0.347006,
        0.598945 0.501626 0.347006,
        0.596877 -0.501626 0.351270,
        0.596877 0.501626 0.351270,
        0.596802 -0.501626 0.351359,
        0.596802 0.501626 0.351359,
        0.593730 -0.501626 0.355005,
        0.593730 0.501626 0.355005,
        0.593659 -0.501626 0.355056,
        0.593659 0.501626 0.355056,
        0.589761 -0.501626 0.357850,
        0.589761 0.501626 0.357850,
        0.589707 -0.501626 0.357871,
        0.589707 0.501626 0.357871,
        0.585213 -0.501626 0.359630,
        0.585213 0.501626 0.359630,
        0.585184 -0.501626 0.359634,
        0.585184 0.501626 0.359634,
        0.599374 -0.505972 0.342594,
        0.599277 -0.506678 0.342648,
        0.597859 -0.510058 0.342819,
        0.597300 -0.511389 0.342887,
        0.595513 -0.513709 0.342933,
        0.594181 -0.515441 0.342969,
        0.592450 -0.516774 0.342933,
        0.590129 -0.518560 0.342887,
        0.588798 -0.519119 0.342819,
        0.585418 -0.520537 0.342648,
        0.584712 -0.520634 0.342594,
        -0.615396 0.550514 0.000000,
        -0.617827 0.549691 -0.000000,
        -0.620128 0.548559 0.000000,
        -0.622259 0.547136 0.000000,
        -0.624187 0.545446 0.000000,
        -0.625876 0.543520 0.000000,
        -0.627299 0.541387 0.000000,
        -0.628431 0.539087 -0.000000,
        -0.629254 0.536656 0.000000,
        0.580367 0.520204 0.347006,
        0.580367 0.518137 0.351270,
        0.584041 0.517723 0.351270,
        0.580367 0.518062 0.351359,
        0.580367 0.514990 0.355005,
        0.583340 0.514655 0.355005,
        0.582457 0.510785 0.357850,
        0.581445 0.506351 0.359630,
        0.582469 0.505993 0.359630,
        0.584733 0.503729 0.359630,
        0.584156 0.504648 0.359630,
        0.585091 0.502705 0.359630,
        0.580367 0.506444 0.359634,
        0.584515 0.519800 0.346876,
        0.588455 0.518422 0.346876,
        0.591989 0.516201 0.346876,
        0.594941 0.513249 0.346876,
        0.597162 0.509715 0.346876,
        0.598541 0.505774 0.346876,
        0.580367 0.514919 0.355056,
        0.580367 0.511020 0.357850,
        0.580367 0.510967 0.357871,
        0.580367 0.506472 0.359630,
        0.586224 0.508971 0.357850,
        0.587711 0.507483 0.357850,
        0.588830 0.505702 0.357850,
        0.589525 0.503717 0.357850,
        0.584443 0.510090 0.357850,
        0.583388 0.505415 0.359630,
        0.586165 0.513667 0.355005,
        0.588699 0.512074 0.355005,
        0.590815 0.509959 0.355005,
        0.592407 0.507425 0.355005,
        0.593395 0.504600 0.355005,
        0.587530 0.516502 0.351270,
        0.590661 0.514535 0.351270,
        0.593275 0.511920 0.351270,
        0.595242 0.508790 0.351270,
        0.596463 0.505300 0.351270,
        0.580367 0.520268 0.346876,
        0.596463 -0.505300 0.351270,
        0.593395 -0.504600 0.355005,
        0.589525 -0.503717 0.357850,
        0.585091 -0.502705 0.359630,
        0.584733 -0.503729 0.359630,
        0.582469 -0.505993 0.359630,
        0.583388 -0.505415 0.359630,
        0.581445 -0.506351 0.359630,
        0.598541 -0.505774 0.346876,
        0.597162 -0.509715 0.346876,
        0.594941 -0.513249 0.346876,
        0.591989 -0.516201 0.346876,
        0.588455 -0.518422 0.346876,
        0.584515 -0.519800 0.346876,
        0.580367 -0.520268 0.346876,
        0.580367 -0.506444 0.359634,
        0.587711 -0.507483 0.357850,
        0.586224 -0.508971 0.357850,
        0.584443 -0.510090 0.357850,
        0.582457 -0.510785 0.357850,
        0.588830 -0.505702 0.357850,
        0.584156 -0.504648 0.359630,
        0.580367 -0.506472 0.359630,
        0.580367 -0.510967 0.357871,
        0.580367 -0.511020 0.357850,
        0.580367 -0.514919 0.355056,
        0.592407 -0.507425 0.355005,
        0.590815 -0.509959 0.355005,
        0.588699 -0.512074 0.355005,
        0.586165 -0.513667 0.355005,
        0.583340 -0.514655 0.355005,
        0.595242 -0.508790 0.351270,
        0.593275 -0.511920 0.351270,
        0.590661 -0.514535 0.351270,
        0.587530 -0.516502 0.351270,
        0.584041 -0.517723 0.351270,
        0.580367 -0.514990 0.355005,
        0.580367 -0.518062 0.351359,
        0.580367 -0.518137 0.351270,
        0.580367 -0.520204 0.347006,
        -0.629254 -0.536656 0.000000,
        -0.628431 -0.539087 0.000000,
        -0.627299 -0.541387 0.000000,
        -0.625876 -0.543520 0.000000,
        -0.624187 -0.545446 0.000000,
        -0.622259 -0.547136 0.000000,
        -0.620128 -0.548559 0.000000,
        -0.617827 -0.549691 0.000000,
        -0.615396 -0.550514 0.000000,
        -0.593083 0.514349 0.355162,
        -0.592877 0.514568 0.355384,
        -0.592528 0.514887 0.355029,
        -0.598995 0.506077 0.346620,
        -0.598877 0.506298 0.346852,
        -0.596791 0.510202 0.350944,
        -0.596555 0.510643 0.351407,
        -0.593613 0.513783 0.354589,
        -0.589349 0.517780 0.351801,
        -0.588908 0.518019 0.351339,
        -0.585015 0.520133 0.347261,
        -0.584778 0.520189 0.347007,
        -0.583234 0.506444 0.359637,
        -0.582231 0.505943 0.359757,
        -0.581152 0.505614 0.359828,
        -0.589700 0.511639 0.357414,
        -0.588974 0.510969 0.357878,
        -0.586251 0.508617 0.358953,
        -0.585207 0.507865 0.359190,
        -0.581155 -0.505614 0.359828,
        -0.581880 -0.505809 0.359787,
        -0.583234 -0.506444 0.359637,
        -0.589700 -0.511639 0.357414,
        -0.592877 -0.514568 0.355384,
        -0.592528 -0.514887 0.355029,
        -0.585207 -0.507865 0.359190,
        -0.588974 -0.510969 0.357878,
        -0.586250 -0.508616 0.358954,
        -0.584778 -0.520189 0.347007,
        -0.585015 -0.520133 0.347261,
        -0.588908 -0.518019 0.351339,
        -0.589349 -0.517780 0.351801,
        -0.593083 -0.514349 0.355162,
        -0.593613 -0.513783 0.354589,
        -0.596555 -0.510643 0.351407,
        -0.596794 -0.510203 0.350946,
        -0.598907 -0.506309 0.346867,
        -0.598964 -0.506073 0.346613,
      ]
    }
    coordIndex [
      83, 82, 68, -1,
      68, 82, 81, -1,
      68, 81, 80, -1,
      80, 79, 68, -1,
      68, 79, 78, -1,
      68, 78, 77, -1,
      95, 94, 84, -1,
      85, 84, 90, -1,
      90, 84, 91, -1,
      77, 76, 68, -1,
      68, 76, 75, -1,
      68, 75, 69, -1,
      69, 75, 74, -1,
      69, 74, 73, -1,
      83, 68, 84, -1,
      84, 68, 96, -1,
      84, 96, 95, -1,
      94, 93, 84, -1,
      84, 93, 92, -1,
      84, 92, 91, -1,
      89, 88, 87, -1,
      73, 72, 69, -1,
      69, 72, 71, -1,
      69, 71, 70, -1,
      89, 87, 90, -1,
      90, 87, 86, -1,
      90, 86, 85, -1,
      97, 98, 99, -1,
      99, 98, 104, -1,
      99, 104, 100, -1,
      100, 104, 103, -1,
      100, 103, 101, -1,
      101, 103, 102, -1,
      11, 10, 53, -1,
      11, 53, 105, -1,
      105, 53, 52, -1,
      105, 52, 106, -1,
      106, 52, 56, -1,
      106, 56, 107, -1,
      107, 56, 61, -1,
      107, 61, 108, -1,
      108, 61, 63, -1,
      108, 63, 109, -1,
      109, 63, 110, -1,
      110, 63, 62, -1,
      110, 62, 111, -1,
      111, 62, 55, -1,
      111, 55, 112, -1,
      112, 55, 54, -1,
      112, 54, 113, -1,
      54, 51, 113, -1,
      113, 51, 19, -1,
      113, 19, 18, -1,
      16, 17, 50, -1,
      16, 50, 114, -1,
      114, 50, 47, -1,
      114, 47, 115, -1,
      115, 47, 46, -1,
      115, 46, 116, -1,
      116, 46, 59, -1,
      116, 59, 117, -1,
      117, 59, 60, -1,
      117, 60, 118, -1,
      118, 60, 119, -1,
      119, 60, 58, -1,
      119, 58, 120, -1,
      120, 58, 57, -1,
      120, 57, 121, -1,
      121, 57, 48, -1,
      121, 48, 122, -1,
      48, 49, 122, -1,
      122, 49, 9, -1,
      122, 9, 8, -1,
      18, 25, 123, -1,
      18, 123, 113, -1,
      113, 123, 124, -1,
      113, 124, 112, -1,
      112, 124, 125, -1,
      112, 125, 111, -1,
      111, 125, 126, -1,
      111, 126, 110, -1,
      110, 126, 127, -1,
      110, 127, 109, -1,
      109, 127, 128, -1,
      109, 128, 108, -1,
      108, 128, 129, -1,
      108, 129, 107, -1,
      107, 129, 130, -1,
      107, 130, 106, -1,
      106, 130, 131, -1,
      106, 131, 105, -1,
      105, 131, 132, -1,
      105, 132, 11, -1,
      11, 132, 133, -1,
      11, 133, 23, -1,
      22, 23, 134, -1,
      134, 23, 135, -1,
      134, 135, 136, -1,
      136, 135, 137, -1,
      136, 137, 138, -1,
      138, 137, 139, -1,
      138, 139, 140, -1,
      140, 139, 141, -1,
      140, 141, 142, -1,
      142, 141, 143, -1,
      142, 143, 144, -1,
      144, 143, 145, -1,
      144, 145, 146, -1,
      146, 145, 147, -1,
      146, 147, 148, -1,
      148, 147, 149, -1,
      148, 149, 150, -1,
      150, 149, 151, -1,
      150, 151, 152, -1,
      151, 153, 152, -1,
      152, 153, 3, -1,
      152, 3, 0, -1,
      8, 22, 154, -1,
      8, 154, 122, -1,
      122, 154, 155, -1,
      122, 155, 121, -1,
      121, 155, 156, -1,
      121, 156, 120, -1,
      120, 156, 157, -1,
      120, 157, 119, -1,
      119, 157, 158, -1,
      119, 158, 118, -1,
      118, 158, 159, -1,
      118, 159, 117, -1,
      117, 159, 160, -1,
      117, 160, 116, -1,
      116, 160, 161, -1,
      116, 161, 115, -1,
      115, 161, 162, -1,
      115, 162, 114, -1,
      114, 162, 163, -1,
      114, 163, 16, -1,
      16, 163, 164, -1,
      16, 164, 27, -1,
      20, 21, 35, -1,
      20, 35, 165, -1,
      165, 35, 29, -1,
      165, 29, 166, -1,
      166, 29, 28, -1,
      166, 28, 167, -1,
      167, 28, 40, -1,
      167, 40, 168, -1,
      168, 40, 41, -1,
      168, 41, 169, -1,
      169, 41, 170, -1,
      170, 41, 39, -1,
      170, 39, 171, -1,
      171, 39, 38, -1,
      171, 38, 172, -1,
      172, 38, 30, -1,
      172, 30, 173, -1,
      30, 34, 173, -1,
      173, 34, 12, -1,
      173, 12, 4, -1,
      174, 175, 176, -1,
      177, 178, 179, -1,
      180, 181, 182, -1,
      3, 183, 184, -1,
      185, 183, 3, -1,
      182, 181, 3, -1,
      186, 3, 181, -1,
      123, 187, 124, -1,
      124, 187, 188, -1,
      124, 188, 125, -1,
      125, 188, 126, -1,
      126, 188, 189, -1,
      126, 189, 127, -1,
      127, 189, 128, -1,
      128, 189, 190, -1,
      128, 190, 129, -1,
      129, 190, 130, -1,
      130, 190, 191, -1,
      130, 191, 131, -1,
      131, 191, 132, -1,
      132, 191, 192, -1,
      132, 192, 133, -1,
      133, 192, 135, -1,
      133, 135, 23, -1,
      153, 185, 3, -1,
      193, 194, 180, -1,
      180, 194, 195, -1,
      180, 195, 181, -1,
      181, 195, 196, -1,
      181, 196, 186, -1,
      197, 184, 198, -1,
      198, 184, 183, -1,
      198, 183, 199, -1,
      199, 183, 185, -1,
      199, 185, 200, -1,
      178, 193, 179, -1,
      179, 193, 180, -1,
      179, 180, 201, -1,
      201, 180, 182, -1,
      201, 182, 202, -1,
      202, 182, 3, -1,
      153, 151, 185, -1,
      185, 151, 149, -1,
      185, 149, 200, -1,
      200, 149, 147, -1,
      200, 147, 145, -1,
      203, 197, 204, -1,
      204, 197, 198, -1,
      204, 198, 205, -1,
      205, 198, 199, -1,
      205, 199, 206, -1,
      206, 199, 200, -1,
      206, 200, 207, -1,
      207, 200, 145, -1,
      176, 203, 208, -1,
      208, 203, 204, -1,
      208, 204, 209, -1,
      209, 204, 205, -1,
      209, 205, 210, -1,
      210, 205, 206, -1,
      210, 206, 211, -1,
      211, 206, 207, -1,
      211, 207, 212, -1,
      175, 177, 176, -1,
      176, 177, 179, -1,
      176, 179, 203, -1,
      203, 179, 201, -1,
      203, 201, 197, -1,
      197, 201, 202, -1,
      197, 202, 184, -1,
      184, 202, 3, -1,
      123, 25, 187, -1,
      187, 25, 213, -1,
      187, 213, 174, -1,
      145, 143, 207, -1,
      207, 143, 141, -1,
      207, 141, 212, -1,
      212, 141, 139, -1,
      212, 139, 137, -1,
      174, 176, 187, -1,
      187, 176, 208, -1,
      187, 208, 188, -1,
      188, 208, 209, -1,
      188, 209, 189, -1,
      189, 209, 210, -1,
      189, 210, 190, -1,
      190, 210, 211, -1,
      190, 211, 191, -1,
      191, 211, 212, -1,
      191, 212, 192, -1,
      192, 212, 137, -1,
      192, 137, 135, -1,
      136, 138, 214, -1,
      140, 142, 215, -1,
      216, 217, 218, -1,
      0, 219, 220, -1,
      221, 219, 0, -1,
      218, 217, 0, -1,
      152, 0, 217, -1,
      154, 222, 155, -1,
      155, 222, 223, -1,
      155, 223, 156, -1,
      156, 223, 157, -1,
      157, 223, 224, -1,
      157, 224, 158, -1,
      158, 224, 159, -1,
      159, 224, 225, -1,
      159, 225, 160, -1,
      160, 225, 161, -1,
      161, 225, 226, -1,
      161, 226, 162, -1,
      162, 226, 163, -1,
      163, 226, 227, -1,
      163, 227, 164, -1,
      164, 227, 228, -1,
      164, 228, 27, -1,
      229, 221, 0, -1,
      144, 146, 216, -1,
      216, 146, 148, -1,
      216, 148, 217, -1,
      217, 148, 150, -1,
      217, 150, 152, -1,
      230, 220, 231, -1,
      231, 220, 219, -1,
      231, 219, 232, -1,
      232, 219, 221, -1,
      232, 221, 233, -1,
      142, 144, 215, -1,
      215, 144, 216, -1,
      215, 216, 234, -1,
      234, 216, 218, -1,
      234, 218, 235, -1,
      235, 218, 0, -1,
      229, 236, 221, -1,
      221, 236, 237, -1,
      221, 237, 233, -1,
      233, 237, 238, -1,
      233, 238, 239, -1,
      240, 230, 241, -1,
      241, 230, 231, -1,
      241, 231, 242, -1,
      242, 231, 232, -1,
      242, 232, 243, -1,
      243, 232, 233, -1,
      243, 233, 244, -1,
      244, 233, 239, -1,
      214, 240, 245, -1,
      245, 240, 241, -1,
      245, 241, 246, -1,
      246, 241, 242, -1,
      246, 242, 247, -1,
      247, 242, 243, -1,
      247, 243, 248, -1,
      248, 243, 244, -1,
      248, 244, 249, -1,
      138, 140, 214, -1,
      214, 140, 215, -1,
      214, 215, 240, -1,
      240, 215, 234, -1,
      240, 234, 230, -1,
      230, 234, 235, -1,
      230, 235, 220, -1,
      220, 235, 0, -1,
      154, 22, 222, -1,
      222, 22, 134, -1,
      222, 134, 136, -1,
      239, 250, 244, -1,
      244, 250, 251, -1,
      244, 251, 249, -1,
      249, 251, 252, -1,
      249, 252, 253, -1,
      136, 214, 222, -1,
      222, 214, 245, -1,
      222, 245, 223, -1,
      223, 245, 246, -1,
      223, 246, 224, -1,
      224, 246, 247, -1,
      224, 247, 225, -1,
      225, 247, 248, -1,
      225, 248, 226, -1,
      226, 248, 249, -1,
      226, 249, 227, -1,
      227, 249, 253, -1,
      227, 253, 228, -1,
      5, 13, 37, -1,
      5, 37, 254, -1,
      254, 37, 32, -1,
      254, 32, 255, -1,
      255, 32, 31, -1,
      255, 31, 256, -1,
      256, 31, 44, -1,
      256, 44, 257, -1,
      257, 44, 45, -1,
      257, 45, 258, -1,
      258, 45, 259, -1,
      259, 45, 43, -1,
      259, 43, 260, -1,
      260, 43, 42, -1,
      260, 42, 261, -1,
      261, 42, 33, -1,
      261, 33, 262, -1,
      33, 36, 262, -1,
      262, 36, 15, -1,
      262, 15, 14, -1,
      263, 264, 265, -1,
      173, 4, 6, -1,
      6, 266, 173, -1,
      173, 266, 267, -1,
      173, 267, 172, -1,
      172, 267, 268, -1,
      172, 268, 171, -1,
      171, 268, 269, -1,
      171, 269, 170, -1,
      170, 269, 270, -1,
      170, 270, 169, -1,
      169, 270, 263, -1,
      169, 263, 168, -1,
      168, 263, 265, -1,
      168, 265, 167, -1,
      167, 265, 271, -1,
      167, 271, 166, -1,
      166, 271, 165, -1,
      271, 272, 165, -1,
      165, 272, 273, -1,
      165, 273, 20, -1,
      20, 273, 274, -1,
      20, 274, 24, -1,
      65, 2, 3, -1,
      3, 186, 65, -1,
      65, 186, 275, -1,
      65, 275, 67, -1,
      67, 275, 276, -1,
      67, 276, 277, -1,
      265, 264, 278, -1,
      272, 271, 193, -1,
      193, 271, 265, -1,
      193, 265, 194, -1,
      194, 265, 278, -1,
      194, 278, 195, -1,
      195, 278, 279, -1,
      195, 279, 196, -1,
      196, 279, 280, -1,
      196, 280, 186, -1,
      186, 280, 281, -1,
      186, 281, 275, -1,
      193, 178, 272, -1,
      272, 178, 177, -1,
      272, 177, 273, -1,
      273, 177, 274, -1,
      177, 175, 274, -1,
      274, 175, 174, -1,
      274, 174, 24, -1,
      24, 174, 213, -1,
      24, 213, 25, -1,
      282, 283, 284, -1,
      285, 286, 287, -1,
      288, 237, 284, -1,
      284, 237, 236, -1,
      284, 236, 229, -1,
      239, 238, 289, -1,
      289, 238, 237, -1,
      289, 237, 290, -1,
      290, 237, 288, -1,
      0, 1, 229, -1,
      229, 1, 64, -1,
      229, 64, 284, -1,
      284, 64, 66, -1,
      284, 66, 282, -1,
      291, 26, 27, -1,
      27, 228, 291, -1,
      291, 228, 253, -1,
      291, 253, 292, -1,
      292, 253, 252, -1,
      292, 252, 293, -1,
      293, 252, 251, -1,
      293, 251, 294, -1,
      294, 251, 250, -1,
      294, 250, 287, -1,
      287, 250, 239, -1,
      287, 239, 285, -1,
      285, 239, 289, -1,
      287, 286, 295, -1,
      262, 14, 26, -1,
      26, 291, 262, -1,
      262, 291, 292, -1,
      262, 292, 261, -1,
      261, 292, 293, -1,
      261, 293, 260, -1,
      260, 293, 294, -1,
      260, 294, 259, -1,
      259, 294, 287, -1,
      259, 287, 258, -1,
      258, 287, 295, -1,
      258, 295, 257, -1,
      257, 295, 256, -1,
      295, 296, 256, -1,
      256, 296, 297, -1,
      256, 297, 255, -1,
      255, 297, 254, -1,
      297, 298, 254, -1,
      254, 298, 299, -1,
      254, 299, 5, -1,
      5, 299, 300, -1,
      5, 300, 7, -1,
      295, 286, 285, -1,
      295, 285, 296, -1,
      264, 263, 278, -1,
      278, 263, 270, -1,
      280, 285, 289, -1,
      280, 289, 281, -1,
      284, 283, 67, -1,
      67, 283, 282, -1,
      67, 282, 66, -1,
      284, 67, 288, -1,
      288, 67, 277, -1,
      288, 277, 276, -1,
      289, 290, 281, -1,
      281, 290, 288, -1,
      281, 288, 275, -1,
      275, 288, 276, -1,
      268, 267, 300, -1,
      280, 279, 285, -1,
      285, 279, 278, -1,
      285, 278, 296, -1,
      296, 278, 270, -1,
      296, 270, 297, -1,
      297, 270, 269, -1,
      297, 269, 298, -1,
      298, 269, 268, -1,
      298, 268, 299, -1,
      299, 268, 300, -1,
      267, 266, 300, -1,
      300, 266, 6, -1,
      300, 6, 7, -1,
    ]
  }
}
