#VRML V2.0 utf8

Shape {
  appearance Appearance {
    material Material {
      diffuseColor 0.2235 0.2235 0.2235
      specularColor 0.1137 0.1137 0.1137
      ambientIntensity 0.2
      transparency 0.0000
      shininess 0.5
    }
  }
  geometry IndexedFaceSet {
    ccw TRUE
    solid FALSE
    coord DEF co Coordinate {
      point [
        1.200787 0.570866 0.590551,
        1.200787 0.307087 0.590551,
        1.200787 0.570866 0.551181,
        1.200787 0.307087 0.551181,
        1.199945 0.583713 0.551181,
        1.199945 0.583713 0.590551,
        1.197433 0.596341 0.551181,
        1.197433 0.596341 0.590551,
        1.193295 0.608532 0.551181,
        1.193295 0.608532 0.590551,
        1.187601 0.620079 0.551181,
        1.187601 0.620079 0.590551,
        1.180448 0.630783 0.551181,
        1.180448 0.630783 0.590551,
        1.171959 0.640463 0.551181,
        1.171959 0.640463 0.590551,
        1.162280 0.648952 0.551181,
        1.162280 0.648952 0.590551,
        1.151575 0.656105 0.551181,
        1.151575 0.656105 0.590551,
        1.140028 0.661799 0.551181,
        1.140028 0.661799 0.590551,
        1.127837 0.665937 0.551181,
        1.127837 0.665937 0.590551,
        1.115209 0.668449 0.551181,
        1.115209 0.668449 0.590551,
        1.102362 0.669291 0.551181,
        1.102362 0.669291 0.590551,
        1.094488 0.669291 0.590551,
        1.094488 0.669291 0.551181,
        1.094488 0.307087 0.590551,
        1.094488 0.307087 0.551181,
        1.094488 -0.307087 0.590551,
        1.200787 -0.307087 0.590551,
        1.094488 -0.307087 0.551181,
        1.200787 -0.307087 0.551181,
        1.094488 -0.669291 0.590551,
        1.094488 -0.669291 0.551181,
        1.102362 -0.669291 0.590551,
        1.102362 -0.669291 0.551181,
        1.115209 -0.668449 0.551181,
        1.115209 -0.668449 0.590551,
        1.127837 -0.665937 0.551181,
        1.127837 -0.665937 0.590551,
        1.140028 -0.661799 0.551181,
        1.140028 -0.661799 0.590551,
        1.151575 -0.656105 0.551181,
        1.151575 -0.656105 0.590551,
        1.162280 -0.648952 0.551181,
        1.162280 -0.648952 0.590551,
        1.171959 -0.640463 0.551181,
        1.171959 -0.640463 0.590551,
        1.180448 -0.630783 0.551181,
        1.180448 -0.630783 0.590551,
        1.187601 -0.620079 0.551181,
        1.187601 -0.620079 0.590551,
        1.193295 -0.608532 0.551181,
        1.193295 -0.608532 0.590551,
        1.197433 -0.596341 0.551181,
        1.197433 -0.596341 0.590551,
        1.199945 -0.583713 0.551181,
        1.199945 -0.583713 0.590551,
        1.200787 -0.570866 0.551181,
        1.200787 -0.570866 0.590551,
        -1.094488 0.669291 0.590551,
        -1.094488 0.307087 0.590551,
        -1.094488 0.669291 0.551181,
        -1.094488 0.307087 0.551181,
        -1.102362 0.669291 0.590551,
        -1.102362 0.669291 0.551181,
        -1.115209 0.668449 0.551181,
        -1.115209 0.668449 0.590551,
        -1.127837 0.665937 0.551181,
        -1.127837 0.665937 0.590551,
        -1.140028 0.661799 0.551181,
        -1.140028 0.661799 0.590551,
        -1.151575 0.656105 0.551181,
        -1.151575 0.656105 0.590551,
        -1.162280 0.648952 0.551181,
        -1.162280 0.648952 0.590551,
        -1.171959 0.640463 0.551181,
        -1.171959 0.640463 0.590551,
        -1.180448 0.630783 0.551181,
        -1.180448 0.630783 0.590551,
        -1.187601 0.620079 0.551181,
        -1.187601 0.620079 0.590551,
        -1.193295 0.608532 0.551181,
        -1.193295 0.608532 0.590551,
        -1.197433 0.596341 0.551181,
        -1.197433 0.596341 0.590551,
        -1.199945 0.583713 0.551181,
        -1.199945 0.583713 0.590551,
        -1.200787 0.570866 0.551181,
        -1.200787 0.570866 0.590551,
        -1.200787 0.307087 0.590551,
        -1.200787 0.307087 0.551181,
        -1.094488 -0.669291 0.590551,
        -1.102362 -0.669291 0.590551,
        -1.094488 -0.669291 0.551181,
        -1.102362 -0.669291 0.551181,
        -1.094488 -0.307087 0.590551,
        -1.094488 -0.307087 0.551181,
        -1.200787 -0.307087 0.590551,
        -1.200787 -0.307087 0.551181,
        -1.200787 -0.570866 0.590551,
        -1.200787 -0.570866 0.551181,
        -1.199945 -0.583713 0.551181,
        -1.199945 -0.583713 0.590551,
        -1.197433 -0.596341 0.551181,
        -1.197433 -0.596341 0.590551,
        -1.193295 -0.608532 0.551181,
        -1.193295 -0.608532 0.590551,
        -1.187601 -0.620079 0.551181,
        -1.187601 -0.620079 0.590551,
        -1.180448 -0.630783 0.551181,
        -1.180448 -0.630783 0.590551,
        -1.171959 -0.640463 0.551181,
        -1.171959 -0.640463 0.590551,
        -1.162280 -0.648952 0.551181,
        -1.162280 -0.648952 0.590551,
        -1.151575 -0.656105 0.551181,
        -1.151575 -0.656105 0.590551,
        -1.140028 -0.661799 0.551181,
        -1.140028 -0.661799 0.590551,
        -1.127837 -0.665937 0.551181,
        -1.127837 -0.665937 0.590551,
        -1.115209 -0.668449 0.551181,
        -1.115209 -0.668449 0.590551,
      ]
    }
    coordIndex [
      0, 1, 2, -1,
      2, 1, 3, -1,
      0, 2, 4, -1,
      0, 4, 5, -1,
      5, 4, 6, -1,
      5, 6, 7, -1,
      7, 6, 8, -1,
      7, 8, 9, -1,
      9, 8, 10, -1,
      9, 10, 11, -1,
      11, 10, 12, -1,
      11, 12, 13, -1,
      13, 12, 14, -1,
      13, 14, 15, -1,
      15, 14, 16, -1,
      15, 16, 17, -1,
      17, 16, 18, -1,
      17, 18, 19, -1,
      19, 18, 20, -1,
      19, 20, 21, -1,
      21, 20, 22, -1,
      21, 22, 23, -1,
      23, 22, 24, -1,
      23, 24, 25, -1,
      25, 24, 26, -1,
      25, 26, 27, -1,
      28, 27, 29, -1,
      29, 27, 26, -1,
      30, 28, 31, -1,
      31, 28, 29, -1,
      1, 30, 3, -1,
      3, 30, 31, -1,
      27, 28, 30, -1,
      30, 1, 27, -1,
      27, 1, 0, -1,
      27, 0, 25, -1,
      25, 0, 23, -1,
      23, 0, 21, -1,
      21, 0, 5, -1,
      21, 5, 7, -1,
      17, 11, 15, -1,
      15, 11, 13, -1,
      7, 9, 21, -1,
      21, 9, 11, -1,
      21, 11, 19, -1,
      19, 11, 17, -1,
      2, 3, 31, -1,
      24, 2, 26, -1,
      26, 2, 31, -1,
      26, 31, 29, -1,
      24, 22, 2, -1,
      2, 22, 20, -1,
      2, 20, 4, -1,
      4, 20, 6, -1,
      18, 10, 20, -1,
      20, 10, 8, -1,
      20, 8, 6, -1,
      18, 16, 10, -1,
      10, 16, 14, -1,
      10, 14, 12, -1,
      32, 33, 34, -1,
      34, 33, 35, -1,
      36, 32, 37, -1,
      37, 32, 34, -1,
      38, 36, 39, -1,
      39, 36, 37, -1,
      38, 39, 40, -1,
      38, 40, 41, -1,
      41, 40, 42, -1,
      41, 42, 43, -1,
      43, 42, 44, -1,
      43, 44, 45, -1,
      45, 44, 46, -1,
      45, 46, 47, -1,
      47, 46, 48, -1,
      47, 48, 49, -1,
      49, 48, 50, -1,
      49, 50, 51, -1,
      51, 50, 52, -1,
      51, 52, 53, -1,
      53, 52, 54, -1,
      53, 54, 55, -1,
      55, 54, 56, -1,
      55, 56, 57, -1,
      57, 56, 58, -1,
      57, 58, 59, -1,
      59, 58, 60, -1,
      59, 60, 61, -1,
      61, 60, 62, -1,
      61, 62, 63, -1,
      33, 63, 35, -1,
      35, 63, 62, -1,
      32, 36, 38, -1,
      33, 32, 63, -1,
      63, 32, 38, -1,
      63, 38, 61, -1,
      43, 45, 59, -1,
      61, 38, 59, -1,
      59, 38, 41, -1,
      59, 41, 43, -1,
      45, 47, 59, -1,
      59, 47, 49, -1,
      59, 49, 51, -1,
      51, 53, 59, -1,
      59, 53, 55, -1,
      59, 55, 57, -1,
      37, 34, 39, -1,
      39, 34, 35, -1,
      35, 62, 39, -1,
      39, 62, 60, -1,
      39, 60, 58, -1,
      56, 54, 48, -1,
      48, 54, 52, -1,
      48, 52, 50, -1,
      56, 48, 58, -1,
      58, 48, 46, -1,
      58, 46, 44, -1,
      44, 42, 58, -1,
      58, 42, 40, -1,
      58, 40, 39, -1,
      64, 65, 66, -1,
      66, 65, 67, -1,
      68, 64, 69, -1,
      69, 64, 66, -1,
      68, 69, 70, -1,
      68, 70, 71, -1,
      71, 70, 72, -1,
      71, 72, 73, -1,
      73, 72, 74, -1,
      73, 74, 75, -1,
      75, 74, 76, -1,
      75, 76, 77, -1,
      77, 76, 78, -1,
      77, 78, 79, -1,
      79, 78, 80, -1,
      79, 80, 81, -1,
      81, 80, 82, -1,
      81, 82, 83, -1,
      83, 82, 84, -1,
      83, 84, 85, -1,
      85, 84, 86, -1,
      85, 86, 87, -1,
      87, 86, 88, -1,
      87, 88, 89, -1,
      89, 88, 90, -1,
      89, 90, 91, -1,
      91, 90, 92, -1,
      91, 92, 93, -1,
      94, 93, 95, -1,
      95, 93, 92, -1,
      65, 94, 67, -1,
      67, 94, 95, -1,
      65, 64, 68, -1,
      94, 65, 93, -1,
      93, 65, 68, -1,
      93, 68, 91, -1,
      91, 68, 71, -1,
      71, 73, 91, -1,
      91, 73, 75, -1,
      91, 75, 77, -1,
      87, 81, 85, -1,
      85, 81, 83, -1,
      87, 89, 81, -1,
      81, 89, 91, -1,
      81, 91, 79, -1,
      79, 91, 77, -1,
      69, 66, 67, -1,
      67, 95, 69, -1,
      69, 95, 92, -1,
      69, 92, 90, -1,
      90, 88, 69, -1,
      69, 88, 86, -1,
      69, 86, 84, -1,
      72, 70, 80, -1,
      80, 70, 69, -1,
      80, 69, 82, -1,
      82, 69, 84, -1,
      78, 76, 80, -1,
      80, 76, 74, -1,
      80, 74, 72, -1,
      96, 97, 98, -1,
      98, 97, 99, -1,
      100, 96, 101, -1,
      101, 96, 98, -1,
      102, 100, 103, -1,
      103, 100, 101, -1,
      104, 102, 105, -1,
      105, 102, 103, -1,
      104, 105, 106, -1,
      104, 106, 107, -1,
      107, 106, 108, -1,
      107, 108, 109, -1,
      109, 108, 110, -1,
      109, 110, 111, -1,
      111, 110, 112, -1,
      111, 112, 113, -1,
      113, 112, 114, -1,
      113, 114, 115, -1,
      115, 114, 116, -1,
      115, 116, 117, -1,
      117, 116, 118, -1,
      117, 118, 119, -1,
      119, 118, 120, -1,
      119, 120, 121, -1,
      121, 120, 122, -1,
      121, 122, 123, -1,
      123, 122, 124, -1,
      123, 124, 125, -1,
      125, 124, 126, -1,
      125, 126, 127, -1,
      127, 126, 99, -1,
      127, 99, 97, -1,
      96, 100, 97, -1,
      97, 100, 102, -1,
      117, 119, 107, -1,
      107, 109, 111, -1,
      119, 121, 107, -1,
      107, 121, 123, -1,
      107, 123, 125, -1,
      111, 113, 107, -1,
      107, 113, 115, -1,
      107, 115, 117, -1,
      102, 104, 97, -1,
      97, 104, 107, -1,
      97, 107, 127, -1,
      127, 107, 125, -1,
      101, 98, 99, -1,
      124, 122, 106, -1,
      106, 122, 120, -1,
      120, 118, 106, -1,
      106, 118, 116, -1,
      106, 116, 114, -1,
      103, 101, 105, -1,
      105, 101, 99, -1,
      105, 99, 106, -1,
      106, 99, 126, -1,
      106, 126, 124, -1,
      114, 112, 106, -1,
      106, 112, 110, -1,
      106, 110, 108, -1,
    ]
  }
}

Shape {
  appearance Appearance {
    material Material {
      diffuseColor 0.8510 0.8510 0.8510
      specularColor 0.4235 0.4235 0.4235
      ambientIntensity 0.2
      transparency 0.0000
      shininess 0.5
    }
  }
  geometry IndexedFaceSet {
    ccw TRUE
    solid FALSE
    coord DEF co Coordinate {
      point [
        0.516379 0.226378 0.590551,
        0.520312 0.216883 0.590551,
        0.525591 0.250000 0.590551,
        0.521654 0.206693 0.590551,
        0.525591 -0.250000 0.590551,
        0.521654 -0.206693 0.590551,
        0.520312 -0.216883 0.590551,
        0.492473 0.244722 0.590551,
        0.501969 0.240789 0.590551,
        0.510122 0.234532 0.590551,
        0.516379 -0.226378 0.590551,
        0.510122 -0.234532 0.590551,
        0.501969 -0.240789 0.590551,
        -0.520312 0.216883 0.590551,
        -0.516379 0.226378 0.590551,
        -0.525591 0.250000 0.590551,
        -0.510122 0.234532 0.590551,
        -0.501969 0.240789 0.590551,
        -0.492473 -0.244722 0.590551,
        -0.501969 -0.240789 0.590551,
        -0.525591 -0.250000 0.590551,
        -0.510122 -0.234532 0.590551,
        -0.516379 -0.226378 0.590551,
        -0.520312 -0.216883 0.590551,
        -0.521654 -0.206693 0.590551,
        -0.521654 0.206693 0.590551,
        0.492473 -0.244722 0.590551,
        0.482283 -0.246063 0.590551,
        -0.482283 -0.246063 0.590551,
        -0.492473 0.244722 0.590551,
        -0.482283 0.246063 0.590551,
        0.482283 0.246063 0.590551,
        1.200787 -0.295276 0.590551,
        1.200787 0.295276 0.590551,
        1.082677 -0.295276 0.590551,
        1.082677 0.295276 0.590551,
        -0.995228 0.489083 0.590551,
        -0.982259 0.516227 0.590551,
        -1.082677 0.649606 0.590551,
        -0.963750 0.538113 0.590551,
        -0.939513 0.554832 0.590551,
        -1.200787 0.295276 0.590551,
        -1.200787 -0.295276 0.590551,
        -1.082677 0.295276 0.590551,
        -1.082677 -0.295276 0.590551,
        -1.082677 -0.649606 0.590551,
        -0.987903 -0.506442 0.590551,
        -0.971183 -0.530679 0.590551,
        0.995228 -0.489083 0.590551,
        0.982259 -0.516227 0.590551,
        1.082677 -0.649606 0.590551,
        0.963750 -0.538113 0.590551,
        0.939513 -0.554832 0.590551,
        -0.999348 -0.474288 0.590551,
        -1.003338 -0.436015 0.590551,
        -1.003338 0.436015 0.590551,
        -1.002249 0.456595 0.590551,
        0.889666 0.569178 0.590551,
        0.922154 0.562157 0.590551,
        1.082677 0.649606 0.590551,
        0.949298 0.549188 0.590551,
        0.971183 0.530679 0.590551,
        -0.889666 -0.569178 0.590551,
        -0.922154 -0.562157 0.590551,
        -0.949298 -0.549188 0.590551,
        0.987903 0.506442 0.590551,
        0.999348 0.474288 0.590551,
        1.003338 0.436015 0.590551,
        1.003338 -0.436015 0.590551,
        1.002249 -0.456595 0.590551,
        -0.907359 0.566278 0.590551,
        -0.869086 0.570267 0.590551,
        0.869086 0.570267 0.590551,
        0.907359 -0.566278 0.590551,
        0.869086 -0.570267 0.590551,
        -0.869086 -0.570267 0.590551,
        1.082677 0.708661 0.022472,
        0.285576 0.708661 0.022472,
        1.082677 0.708661 0.219323,
        0.285576 0.708661 0.219323,
        1.082677 0.708661 0.531496,
        -1.082677 0.708661 0.531496,
        -0.265606 0.708661 0.219323,
        -1.082677 0.708661 0.219323,
        -0.265606 0.708661 0.022472,
        -1.082677 0.708661 0.022472,
        -1.082677 0.669291 0.022472,
        -0.265606 0.669291 0.022472,
        -1.082677 0.669291 0.219323,
        -0.265606 0.669291 0.219323,
        -1.082677 0.669291 0.531496,
        1.082677 0.669291 0.531496,
        0.285576 0.669291 0.219323,
        1.082677 0.669291 0.219323,
        0.285576 0.669291 0.022472,
        1.082677 0.669291 0.022472,
        -1.082677 -0.708661 0.022472,
        -0.275591 -0.708661 0.022472,
        -1.082677 -0.708661 0.219323,
        -0.275591 -0.708661 0.219323,
        -1.082677 -0.708661 0.531496,
        1.082677 -0.708661 0.531496,
        0.275591 -0.708661 0.219323,
        1.082677 -0.708661 0.219323,
        0.275591 -0.708661 0.022472,
        1.082677 -0.708661 0.022472,
        1.082677 -0.669291 0.022472,
        0.275591 -0.669291 0.022472,
        1.082677 -0.669291 0.219323,
        0.275591 -0.669291 0.219323,
        1.082677 -0.669291 0.531496,
        -1.082677 -0.669291 0.531496,
        -0.275591 -0.669291 0.219323,
        -1.082677 -0.669291 0.219323,
        -0.275591 -0.669291 0.022472,
        -1.082677 -0.669291 0.022472,
        -1.082677 0.295276 0.551181,
        -1.082677 0.649606 0.551181,
        1.082677 0.649606 0.551181,
        1.082677 -0.295276 0.551181,
        1.082677 -0.649606 0.551181,
        -1.082677 -0.649606 0.551181,
        -1.082677 -0.295276 0.551181,
        -1.200787 -0.295276 0.551181,
        -1.200787 0.295276 0.551181,
        1.082677 0.295276 0.551181,
        1.200787 0.295276 0.551181,
        1.200787 -0.295276 0.551181,
        1.082677 0.668798 0.535876,
        1.082677 0.707181 0.544637,
        1.082677 0.667342 0.540037,
        1.082677 0.702813 0.557119,
        1.082677 0.664997 0.543770,
        1.082677 0.695778 0.568316,
        1.082677 0.661880 0.546887,
        1.082677 0.686426 0.577667,
        1.082677 0.658147 0.549231,
        1.082677 0.675230 0.584703,
        1.082677 0.653987 0.550687,
        1.082677 0.662747 0.589070,
        -1.082677 0.653987 0.550687,
        -1.082677 0.662747 0.589070,
        -1.082677 0.658147 0.549231,
        -1.082677 0.675230 0.584703,
        -1.082677 0.661880 0.546887,
        -1.082677 0.686426 0.577667,
        -1.082677 0.664997 0.543770,
        -1.082677 0.695778 0.568316,
        -1.082677 0.667342 0.540037,
        -1.082677 0.702813 0.557119,
        -1.082677 0.668798 0.535876,
        -1.082677 0.707181 0.544637,
        1.082677 -0.653987 0.550687,
        1.082677 -0.662747 0.589070,
        1.082677 -0.658147 0.549231,
        1.082677 -0.675230 0.584703,
        1.082677 -0.661880 0.546887,
        1.082677 -0.686426 0.577667,
        1.082677 -0.664997 0.543770,
        1.082677 -0.695778 0.568316,
        1.082677 -0.667342 0.540037,
        1.082677 -0.702813 0.557119,
        1.082677 -0.668798 0.535876,
        1.082677 -0.707181 0.544637,
        -1.082677 -0.668798 0.535876,
        -1.082677 -0.707181 0.544637,
        -1.082677 -0.667342 0.540037,
        -1.082677 -0.702813 0.557119,
        -1.082677 -0.664997 0.543770,
        -1.082677 -0.695778 0.568316,
        -1.082677 -0.661880 0.546887,
        -1.082677 -0.686426 0.577667,
        -1.082677 -0.658147 0.549231,
        -1.082677 -0.675230 0.584703,
        -1.082677 -0.653987 0.550687,
        -1.082677 -0.662747 0.589070,
        -1.103057 -0.666608 0.022472,
        -1.108959 -0.705700 0.022472,
        -1.122047 -0.658742 0.022472,
        -1.133923 -0.696965 0.022472,
        -1.138355 -0.646229 0.022472,
        -1.200787 -0.590551 0.022472,
        -1.161417 -0.590551 0.022472,
        -1.197826 -0.616833 0.022472,
        -1.158734 -0.610931 0.022472,
        -1.189091 -0.641797 0.022472,
        -1.150868 -0.629921 0.022472,
        -1.175019 -0.664192 0.022472,
        -1.156318 -0.682893 0.022472,
        -1.161417 -0.590551 0.219323,
        -1.200787 -0.590551 0.219323,
        -1.158734 -0.610931 0.219323,
        -1.197826 -0.616833 0.219323,
        -1.150868 -0.629921 0.219323,
        -1.189091 -0.641797 0.219323,
        -1.175019 -0.664192 0.219323,
        -1.138355 -0.646229 0.219323,
        -1.156318 -0.682893 0.219323,
        -1.122047 -0.658742 0.219323,
        -1.133923 -0.696965 0.219323,
        -1.103057 -0.666608 0.219323,
        -1.108959 -0.705700 0.219323,
        -1.161417 -0.390826 0.219323,
        -1.161417 -0.390826 0.022472,
        -1.200787 -0.390826 0.219323,
        -1.200787 -0.390826 0.022472,
        1.161417 -0.590551 0.022472,
        1.200787 -0.590551 0.022472,
        1.159443 -0.608072 0.022472,
        1.197826 -0.616833 0.022472,
        1.153620 -0.624715 0.022472,
        1.189091 -0.641797 0.022472,
        1.144239 -0.639645 0.022472,
        1.175019 -0.664192 0.022472,
        1.131771 -0.652113 0.022472,
        1.156318 -0.682893 0.022472,
        1.116841 -0.661494 0.022472,
        1.133923 -0.696965 0.022472,
        1.100198 -0.667317 0.022472,
        1.108959 -0.705700 0.022472,
        1.100198 -0.667317 0.219323,
        1.108959 -0.705700 0.219323,
        1.116841 -0.661494 0.219323,
        1.133923 -0.696965 0.219323,
        1.131771 -0.652113 0.219323,
        1.156318 -0.682893 0.219323,
        1.144239 -0.639645 0.219323,
        1.175019 -0.664192 0.219323,
        1.153620 -0.624715 0.219323,
        1.189091 -0.641797 0.219323,
        1.159443 -0.608072 0.219323,
        1.197826 -0.616833 0.219323,
        1.161417 -0.590551 0.219323,
        1.200787 -0.590551 0.219323,
        1.161417 -0.390826 0.022472,
        1.161417 -0.390826 0.219323,
        1.200787 -0.390826 0.022472,
        1.200787 -0.390826 0.219323,
        1.103057 0.666608 0.022472,
        1.108959 0.705700 0.022472,
        1.122047 0.658742 0.022472,
        1.133923 0.696965 0.022472,
        1.138355 0.646229 0.022472,
        1.200787 0.590551 0.022472,
        1.161417 0.590551 0.022472,
        1.197826 0.616833 0.022472,
        1.158734 0.610931 0.022472,
        1.189091 0.641797 0.022472,
        1.150868 0.629921 0.022472,
        1.175019 0.664192 0.022472,
        1.156318 0.682893 0.022472,
        1.161417 0.590551 0.219323,
        1.200787 0.590551 0.219323,
        1.158734 0.610931 0.219323,
        1.197826 0.616833 0.219323,
        1.150868 0.629921 0.219323,
        1.108959 0.705700 0.219323,
        1.103057 0.666608 0.219323,
        1.133923 0.696965 0.219323,
        1.122047 0.658742 0.219323,
        1.156318 0.682893 0.219323,
        1.138355 0.646229 0.219323,
        1.175019 0.664192 0.219323,
        1.189091 0.641797 0.219323,
        1.161417 0.390826 0.219323,
        1.161417 0.390826 0.022472,
        1.200787 0.390826 0.219323,
        1.200787 0.390826 0.022472,
        -1.161417 0.590551 0.022472,
        -1.200787 0.590551 0.022472,
        -1.158734 0.610931 0.022472,
        -1.196763 0.621120 0.022472,
        -1.150868 0.629921 0.022472,
        -1.184964 0.649606 0.022472,
        -1.138355 0.646229 0.022472,
        -1.166194 0.674068 0.022472,
        -1.122047 0.658742 0.022472,
        -1.141732 0.692838 0.022472,
        -1.103057 0.666608 0.022472,
        -1.113246 0.704637 0.022472,
        -1.103057 0.666608 0.219323,
        -1.113246 0.704637 0.219323,
        -1.122047 0.658742 0.219323,
        -1.141732 0.692838 0.219323,
        -1.138355 0.646229 0.219323,
        -1.166194 0.674068 0.219323,
        -1.150868 0.629921 0.219323,
        -1.184964 0.649606 0.219323,
        -1.158734 0.610931 0.219323,
        -1.196763 0.621120 0.219323,
        -1.161417 0.590551 0.219323,
        -1.200787 0.590551 0.219323,
        -1.161417 0.390826 0.022472,
        -1.161417 0.390826 0.219323,
        -1.200787 0.390826 0.022472,
        -1.200787 0.390826 0.219323,
        -0.936212 -0.436015 0.616993,
        -0.824045 -0.323848 0.721590,
        -0.936212 0.436015 0.616993,
        -0.824045 0.323848 0.721590,
        -0.869086 -0.503141 0.616993,
        0.869086 -0.503141 0.616993,
        -0.756919 -0.390974 0.721590,
        0.756919 -0.390974 0.721590,
        0.936212 0.436015 0.616993,
        0.824045 0.323848 0.721590,
        0.936212 -0.436015 0.616993,
        0.824045 -0.323848 0.721590,
        -0.756919 0.390974 0.721590,
        0.756919 0.390974 0.721590,
        -0.869086 0.503141 0.616993,
        0.869086 0.503141 0.616993,
        0.756919 0.323848 0.748031,
        -0.756919 0.323848 0.748031,
        0.525591 0.250000 0.748031,
        -0.525591 0.250000 0.748031,
        0.756919 -0.323848 0.748031,
        0.525591 -0.250000 0.748031,
        -0.525591 -0.250000 0.748031,
        -0.756919 -0.323848 0.748031,
        0.804394 -0.323848 0.735825,
        0.804394 0.323848 0.735825,
        0.804122 -0.323848 0.735933,
        0.804122 0.323848 0.735933,
        0.781429 -0.323848 0.744931,
        0.781429 0.323848 0.744931,
        0.781283 -0.323848 0.744950,
        0.781283 0.323848 0.744950,
        0.756919 0.371051 0.735933,
        0.756919 0.348358 0.744931,
        0.763263 0.347523 0.744931,
        0.778145 0.336103 0.744931,
        0.774250 0.341179 0.744931,
        0.780594 0.330192 0.744931,
        0.769174 0.345074 0.744931,
        0.772016 0.381286 0.727390,
        0.769207 0.369706 0.735825,
        0.776698 0.378281 0.729189,
        0.780657 0.364963 0.735825,
        0.784255 0.371708 0.730244,
        0.790489 0.357418 0.735825,
        0.795231 0.362161 0.731776,
        0.798034 0.347586 0.735825,
        0.804779 0.351184 0.730244,
        0.811352 0.343627 0.729189,
        0.802776 0.336136 0.735825,
        0.814357 0.338945 0.727390,
        0.756919 0.348213 0.744950,
        0.756919 0.371323 0.735825,
        0.780594 -0.330192 0.744931,
        0.769174 -0.345074 0.744931,
        0.774250 -0.341179 0.744931,
        0.763263 -0.347523 0.744931,
        0.778145 -0.336103 0.744931,
        0.814357 -0.338945 0.727390,
        0.802776 -0.336136 0.735825,
        0.811352 -0.343627 0.729189,
        0.798034 -0.347586 0.735825,
        0.804779 -0.351184 0.730244,
        0.790489 -0.357418 0.735825,
        0.795231 -0.362161 0.731776,
        0.780657 -0.364963 0.735825,
        0.784255 -0.371708 0.730244,
        0.776698 -0.378281 0.729189,
        0.769207 -0.369706 0.735825,
        0.772016 -0.381286 0.727390,
        0.756919 -0.371323 0.735825,
        0.756919 -0.348213 0.744950,
        0.756919 -0.348358 0.744931,
        0.756919 -0.371051 0.735933,
        0.882772 0.505993 0.613826,
        0.931027 0.494239 0.606836,
        0.928910 0.495830 0.606937,
        0.919495 0.502905 0.607385,
        0.904980 0.506537 0.609469,
        0.903454 0.506919 0.609688,
        0.940191 0.461125 0.611422,
        0.939080 0.471470 0.609654,
        0.938076 0.480810 0.608057,
        -0.756919 0.371323 0.735825,
        -0.756919 0.371051 0.735933,
        -0.756919 0.348358 0.744931,
        -0.756919 0.348213 0.744950,
        -0.804394 0.323848 0.735825,
        -0.804394 -0.323848 0.735825,
        -0.804122 0.323848 0.735933,
        -0.804122 -0.323848 0.735933,
        -0.781429 0.323848 0.744931,
        -0.781429 -0.323848 0.744931,
        -0.781283 0.323848 0.744950,
        -0.781283 -0.323848 0.744950,
        -0.756919 -0.371323 0.735825,
        -0.756919 -0.371051 0.735933,
        -0.756919 -0.348358 0.744931,
        -0.756919 -0.348213 0.744950,
        0.939064 -0.449701 0.613826,
        0.927310 -0.497956 0.606836,
        0.928900 -0.495839 0.606937,
        0.935976 -0.486424 0.607385,
        0.939608 -0.471909 0.609469,
        0.939990 -0.470383 0.609688,
        0.894196 -0.507120 0.611422,
        0.904541 -0.506009 0.609654,
        0.913881 -0.505006 0.608057,
        0.956122 0.436015 0.602616,
        0.956122 -0.436015 0.602616,
        0.978971 0.436015 0.593615,
        0.978971 -0.436015 0.593615,
        0.978278 0.469600 0.592947,
        0.869086 0.523051 0.602616,
        0.869086 0.545900 0.593615,
        0.884850 0.525038 0.601136,
        0.909204 0.523906 0.599217,
        0.928759 0.517292 0.598156,
        0.943540 0.505594 0.597904,
        0.953517 0.488753 0.598466,
        0.958233 0.465140 0.600019,
        0.970353 0.497414 0.592550,
        0.957096 0.517896 0.592407,
        0.938824 0.532923 0.592471,
        0.915531 0.542596 0.592742,
        0.887191 0.546490 0.593234,
        -0.780594 0.330192 0.744931,
        -0.769174 0.345074 0.744931,
        -0.774250 0.341179 0.744931,
        -0.763263 0.347523 0.744931,
        -0.778145 0.336103 0.744931,
        -0.814357 0.338945 0.727390,
        -0.802776 0.336136 0.735825,
        -0.811352 0.343627 0.729189,
        -0.798034 0.347586 0.735825,
        -0.804779 0.351184 0.730244,
        -0.790489 0.357418 0.735825,
        -0.795231 0.362161 0.731776,
        -0.780657 0.364963 0.735825,
        -0.784255 0.371708 0.730244,
        -0.776698 0.378281 0.729189,
        -0.769207 0.369706 0.735825,
        -0.772016 0.381286 0.727390,
        -0.762373 -0.347743 0.744931,
        -0.776081 -0.339130 0.744931,
        -0.772201 -0.343011 0.744931,
        -0.779002 -0.334483 0.744931,
        -0.780814 -0.329302 0.744931,
        -0.767554 -0.345931 0.744931,
        -0.769933 -0.382622 0.726590,
        -0.767483 -0.370133 0.735825,
        -0.776698 -0.378281 0.729189,
        -0.777518 -0.366622 0.735825,
        -0.781028 -0.374515 0.729793,
        -0.786519 -0.360966 0.735825,
        -0.799246 -0.357545 0.731131,
        -0.795231 -0.362161 0.731776,
        -0.790616 -0.366175 0.731131,
        -0.794037 -0.353448 0.735825,
        -0.799693 -0.344447 0.735825,
        -0.807586 -0.347957 0.729793,
        -0.811352 -0.343627 0.729189,
        -0.803204 -0.334413 0.735825,
        -0.815694 -0.336862 0.726590,
        0.869086 -0.523051 0.602616,
        0.869086 -0.545900 0.593615,
        0.902671 -0.545207 0.592947,
        0.958109 -0.451779 0.601136,
        0.956977 -0.476133 0.599217,
        0.950363 -0.495688 0.598156,
        0.938665 -0.510469 0.597904,
        0.921824 -0.520446 0.598466,
        0.898211 -0.525163 0.600019,
        0.930485 -0.537282 0.592550,
        0.950967 -0.524026 0.592407,
        0.965994 -0.505753 0.592471,
        0.975667 -0.482461 0.592742,
        0.979561 -0.454120 0.593234,
        -0.869086 0.523051 0.602616,
        -0.869086 0.545900 0.593615,
        -0.939064 0.449701 0.613826,
        -0.927310 0.497956 0.606836,
        -0.928900 0.495839 0.606937,
        -0.935976 0.486424 0.607385,
        -0.939608 0.471909 0.609469,
        -0.939990 0.470383 0.609688,
        -0.894196 0.507120 0.611422,
        -0.904541 0.506009 0.609654,
        -0.913881 0.505006 0.608057,
        -0.882772 -0.505993 0.613826,
        -0.903454 -0.506919 0.609688,
        -0.904980 -0.506537 0.609469,
        -0.940191 -0.461125 0.611422,
        -0.939080 -0.471470 0.609654,
        -0.938076 -0.480810 0.608057,
        -0.931027 -0.494239 0.606836,
        -0.928910 -0.495830 0.606937,
        -0.919495 -0.502905 0.607385,
        -0.869086 -0.523051 0.602616,
        -0.869086 -0.545900 0.593615,
        -0.902671 0.545207 0.592947,
        -0.956122 0.436015 0.602616,
        -0.978971 0.436015 0.593615,
        -0.958109 0.451779 0.601136,
        -0.956977 0.476133 0.599217,
        -0.950363 0.495688 0.598156,
        -0.938665 0.510469 0.597904,
        -0.921824 0.520446 0.598466,
        -0.898211 0.525163 0.600019,
        -0.930485 0.537282 0.592550,
        -0.950967 0.524026 0.592407,
        -0.965994 0.505753 0.592471,
        -0.975667 0.482461 0.592742,
        -0.979561 0.454120 0.593234,
        -0.956122 -0.436015 0.602616,
        -0.978971 -0.436015 0.593615,
        -0.978278 -0.469600 0.592947,
        -0.884850 -0.525038 0.601136,
        -0.909204 -0.523906 0.599217,
        -0.928759 -0.517292 0.598156,
        -0.943540 -0.505594 0.597904,
        -0.953517 -0.488753 0.598466,
        -0.958233 -0.465140 0.600019,
        -0.970353 -0.497414 0.592550,
        -0.957096 -0.517896 0.592407,
        -0.938824 -0.532923 0.592471,
        -0.915531 -0.542596 0.592742,
        -0.887191 -0.546490 0.593234,
      ]
    }
    coordIndex [
      0, 1, 2, -1,
      2, 1, 3, -1,
      2, 3, 4, -1,
      4, 3, 5, -1,
      4, 5, 6, -1,
      7, 8, 2, -1,
      2, 8, 9, -1,
      2, 9, 0, -1,
      6, 10, 4, -1,
      4, 10, 11, -1,
      4, 11, 12, -1,
      13, 14, 15, -1,
      15, 14, 16, -1,
      15, 16, 17, -1,
      18, 19, 20, -1,
      20, 19, 21, -1,
      20, 21, 22, -1,
      22, 23, 20, -1,
      20, 23, 24, -1,
      20, 24, 15, -1,
      15, 24, 25, -1,
      15, 25, 13, -1,
      12, 26, 4, -1,
      4, 26, 27, -1,
      4, 27, 20, -1,
      20, 27, 28, -1,
      20, 28, 18, -1,
      17, 29, 15, -1,
      15, 29, 30, -1,
      15, 30, 2, -1,
      2, 30, 31, -1,
      2, 31, 7, -1,
      32, 33, 34, -1,
      34, 33, 35, -1,
      36, 37, 38, -1,
      38, 37, 39, -1,
      38, 39, 40, -1,
      41, 42, 43, -1,
      43, 42, 44, -1,
      44, 45, 46, -1,
      46, 45, 47, -1,
      48, 49, 50, -1,
      50, 49, 51, -1,
      50, 51, 52, -1,
      46, 53, 44, -1,
      44, 53, 54, -1,
      44, 54, 43, -1,
      43, 54, 55, -1,
      43, 55, 38, -1,
      38, 55, 56, -1,
      38, 56, 36, -1,
      57, 58, 59, -1,
      59, 58, 60, -1,
      59, 60, 61, -1,
      62, 63, 45, -1,
      45, 63, 64, -1,
      45, 64, 47, -1,
      61, 65, 59, -1,
      59, 65, 66, -1,
      59, 66, 35, -1,
      35, 66, 67, -1,
      35, 67, 34, -1,
      34, 67, 68, -1,
      34, 68, 50, -1,
      50, 68, 69, -1,
      50, 69, 48, -1,
      40, 70, 38, -1,
      38, 70, 71, -1,
      38, 71, 59, -1,
      59, 71, 72, -1,
      59, 72, 57, -1,
      52, 73, 50, -1,
      50, 73, 74, -1,
      50, 74, 45, -1,
      45, 74, 75, -1,
      45, 75, 62, -1,
      76, 77, 78, -1,
      78, 77, 79, -1,
      78, 79, 80, -1,
      80, 79, 81, -1,
      81, 79, 82, -1,
      81, 82, 83, -1,
      83, 82, 84, -1,
      83, 84, 85, -1,
      85, 84, 86, -1,
      86, 84, 87, -1,
      86, 87, 88, -1,
      88, 87, 89, -1,
      88, 89, 90, -1,
      90, 89, 91, -1,
      91, 89, 92, -1,
      91, 92, 93, -1,
      93, 92, 94, -1,
      93, 94, 95, -1,
      96, 97, 98, -1,
      98, 97, 99, -1,
      98, 99, 100, -1,
      100, 99, 101, -1,
      101, 99, 102, -1,
      101, 102, 103, -1,
      103, 102, 104, -1,
      103, 104, 105, -1,
      105, 104, 106, -1,
      106, 104, 107, -1,
      106, 107, 108, -1,
      108, 107, 109, -1,
      108, 109, 110, -1,
      110, 109, 111, -1,
      111, 109, 112, -1,
      111, 112, 113, -1,
      113, 112, 114, -1,
      113, 114, 115, -1,
      116, 117, 118, -1,
      119, 120, 121, -1,
      122, 123, 124, -1,
      125, 126, 127, -1,
      127, 119, 125, -1,
      125, 119, 121, -1,
      125, 121, 118, -1,
      118, 121, 122, -1,
      118, 122, 116, -1,
      116, 122, 124, -1,
      83, 88, 81, -1,
      81, 88, 90, -1,
      89, 87, 82, -1,
      82, 87, 84, -1,
      92, 89, 79, -1,
      79, 89, 82, -1,
      94, 92, 77, -1,
      77, 92, 79, -1,
      94, 77, 95, -1,
      95, 77, 76, -1,
      93, 78, 91, -1,
      91, 78, 80, -1,
      116, 124, 43, -1,
      43, 124, 41, -1,
      124, 123, 41, -1,
      41, 123, 42, -1,
      123, 122, 42, -1,
      42, 122, 44, -1,
      44, 122, 45, -1,
      45, 122, 121, -1,
      119, 34, 120, -1,
      120, 34, 50, -1,
      119, 127, 34, -1,
      34, 127, 32, -1,
      127, 126, 32, -1,
      32, 126, 33, -1,
      126, 125, 33, -1,
      33, 125, 35, -1,
      59, 35, 118, -1,
      118, 35, 125, -1,
      117, 116, 38, -1,
      38, 116, 43, -1,
      91, 80, 128, -1,
      128, 80, 129, -1,
      128, 129, 130, -1,
      130, 129, 131, -1,
      130, 131, 132, -1,
      132, 131, 133, -1,
      132, 133, 134, -1,
      134, 133, 135, -1,
      134, 135, 136, -1,
      136, 135, 137, -1,
      136, 137, 138, -1,
      138, 137, 139, -1,
      138, 139, 118, -1,
      118, 139, 59, -1,
      117, 38, 140, -1,
      140, 38, 141, -1,
      140, 141, 142, -1,
      142, 141, 143, -1,
      142, 143, 144, -1,
      144, 143, 145, -1,
      144, 145, 146, -1,
      146, 145, 147, -1,
      146, 147, 148, -1,
      148, 147, 149, -1,
      148, 149, 150, -1,
      150, 149, 151, -1,
      150, 151, 90, -1,
      90, 151, 81, -1,
      90, 91, 150, -1,
      150, 91, 128, -1,
      150, 128, 148, -1,
      148, 128, 130, -1,
      148, 130, 146, -1,
      146, 130, 132, -1,
      146, 132, 144, -1,
      144, 132, 134, -1,
      144, 134, 142, -1,
      142, 134, 136, -1,
      142, 136, 140, -1,
      140, 136, 138, -1,
      140, 138, 117, -1,
      117, 138, 118, -1,
      38, 59, 139, -1,
      38, 139, 141, -1,
      141, 139, 137, -1,
      141, 137, 143, -1,
      143, 137, 135, -1,
      143, 135, 145, -1,
      145, 135, 133, -1,
      145, 133, 147, -1,
      147, 133, 131, -1,
      147, 131, 149, -1,
      149, 131, 129, -1,
      149, 129, 151, -1,
      151, 129, 80, -1,
      151, 80, 81, -1,
      120, 50, 152, -1,
      152, 50, 153, -1,
      152, 153, 154, -1,
      154, 153, 155, -1,
      154, 155, 156, -1,
      156, 155, 157, -1,
      156, 157, 158, -1,
      158, 157, 159, -1,
      158, 159, 160, -1,
      160, 159, 161, -1,
      160, 161, 162, -1,
      162, 161, 163, -1,
      162, 163, 110, -1,
      110, 163, 101, -1,
      111, 100, 164, -1,
      164, 100, 165, -1,
      164, 165, 166, -1,
      166, 165, 167, -1,
      166, 167, 168, -1,
      168, 167, 169, -1,
      168, 169, 170, -1,
      170, 169, 171, -1,
      170, 171, 172, -1,
      172, 171, 173, -1,
      172, 173, 174, -1,
      174, 173, 175, -1,
      174, 175, 121, -1,
      121, 175, 45, -1,
      110, 111, 162, -1,
      162, 111, 164, -1,
      162, 164, 160, -1,
      160, 164, 166, -1,
      160, 166, 158, -1,
      158, 166, 168, -1,
      158, 168, 156, -1,
      156, 168, 170, -1,
      156, 170, 154, -1,
      154, 170, 172, -1,
      154, 172, 152, -1,
      152, 172, 174, -1,
      152, 174, 120, -1,
      120, 174, 121, -1,
      50, 45, 175, -1,
      50, 175, 153, -1,
      153, 175, 173, -1,
      153, 173, 155, -1,
      155, 173, 171, -1,
      155, 171, 157, -1,
      157, 171, 169, -1,
      157, 169, 159, -1,
      159, 169, 167, -1,
      159, 167, 161, -1,
      161, 167, 165, -1,
      161, 165, 163, -1,
      163, 165, 100, -1,
      163, 100, 101, -1,
      114, 97, 115, -1,
      115, 97, 96, -1,
      114, 112, 97, -1,
      97, 112, 99, -1,
      112, 109, 99, -1,
      99, 109, 102, -1,
      109, 107, 102, -1,
      102, 107, 104, -1,
      101, 103, 110, -1,
      110, 103, 108, -1,
      111, 113, 100, -1,
      100, 113, 98, -1,
      115, 96, 176, -1,
      176, 96, 177, -1,
      176, 177, 178, -1,
      178, 177, 179, -1,
      178, 179, 180, -1,
      181, 182, 183, -1,
      183, 182, 184, -1,
      183, 184, 185, -1,
      185, 184, 186, -1,
      185, 186, 187, -1,
      187, 186, 180, -1,
      187, 180, 188, -1,
      188, 180, 179, -1,
      189, 190, 191, -1,
      191, 190, 192, -1,
      191, 192, 193, -1,
      192, 194, 193, -1,
      193, 194, 195, -1,
      193, 195, 196, -1,
      196, 195, 197, -1,
      196, 197, 198, -1,
      198, 197, 199, -1,
      198, 199, 200, -1,
      200, 199, 201, -1,
      200, 201, 113, -1,
      113, 201, 98, -1,
      182, 189, 184, -1,
      184, 189, 191, -1,
      184, 191, 186, -1,
      186, 191, 193, -1,
      186, 193, 180, -1,
      180, 193, 196, -1,
      180, 196, 178, -1,
      178, 196, 198, -1,
      178, 198, 176, -1,
      176, 198, 200, -1,
      176, 200, 115, -1,
      115, 200, 113, -1,
      96, 98, 201, -1,
      96, 201, 177, -1,
      177, 201, 199, -1,
      177, 199, 179, -1,
      179, 199, 197, -1,
      179, 197, 188, -1,
      188, 197, 195, -1,
      188, 195, 187, -1,
      187, 195, 194, -1,
      187, 194, 185, -1,
      185, 194, 192, -1,
      185, 192, 183, -1,
      183, 192, 190, -1,
      183, 190, 181, -1,
      202, 203, 204, -1,
      204, 203, 205, -1,
      203, 202, 182, -1,
      182, 202, 189, -1,
      181, 205, 182, -1,
      182, 205, 203, -1,
      190, 204, 181, -1,
      181, 204, 205, -1,
      189, 202, 190, -1,
      190, 202, 204, -1,
      206, 207, 208, -1,
      208, 207, 209, -1,
      208, 209, 210, -1,
      210, 209, 211, -1,
      210, 211, 212, -1,
      212, 211, 213, -1,
      212, 213, 214, -1,
      214, 213, 215, -1,
      214, 215, 216, -1,
      216, 215, 217, -1,
      216, 217, 218, -1,
      218, 217, 219, -1,
      218, 219, 106, -1,
      106, 219, 105, -1,
      108, 103, 220, -1,
      220, 103, 221, -1,
      220, 221, 222, -1,
      222, 221, 223, -1,
      222, 223, 224, -1,
      224, 223, 225, -1,
      224, 225, 226, -1,
      226, 225, 227, -1,
      226, 227, 228, -1,
      228, 227, 229, -1,
      228, 229, 230, -1,
      230, 229, 231, -1,
      230, 231, 232, -1,
      232, 231, 233, -1,
      232, 206, 230, -1,
      230, 206, 208, -1,
      230, 208, 228, -1,
      228, 208, 210, -1,
      228, 210, 226, -1,
      226, 210, 212, -1,
      226, 212, 224, -1,
      224, 212, 214, -1,
      224, 214, 222, -1,
      222, 214, 216, -1,
      222, 216, 220, -1,
      220, 216, 218, -1,
      220, 218, 108, -1,
      108, 218, 106, -1,
      103, 105, 219, -1,
      103, 219, 221, -1,
      221, 219, 217, -1,
      221, 217, 223, -1,
      223, 217, 215, -1,
      223, 215, 225, -1,
      225, 215, 213, -1,
      225, 213, 227, -1,
      227, 213, 211, -1,
      227, 211, 229, -1,
      229, 211, 209, -1,
      229, 209, 231, -1,
      231, 209, 207, -1,
      231, 207, 233, -1,
      234, 235, 236, -1,
      236, 235, 237, -1,
      232, 235, 206, -1,
      206, 235, 234, -1,
      237, 235, 233, -1,
      233, 235, 232, -1,
      236, 237, 207, -1,
      207, 237, 233, -1,
      234, 236, 206, -1,
      206, 236, 207, -1,
      95, 76, 238, -1,
      238, 76, 239, -1,
      238, 239, 240, -1,
      240, 239, 241, -1,
      240, 241, 242, -1,
      243, 244, 245, -1,
      245, 244, 246, -1,
      245, 246, 247, -1,
      247, 246, 248, -1,
      247, 248, 249, -1,
      249, 248, 242, -1,
      249, 242, 250, -1,
      250, 242, 241, -1,
      251, 252, 253, -1,
      253, 252, 254, -1,
      253, 254, 255, -1,
      78, 93, 256, -1,
      256, 93, 257, -1,
      256, 257, 258, -1,
      258, 257, 259, -1,
      258, 259, 260, -1,
      260, 259, 261, -1,
      260, 261, 262, -1,
      262, 261, 255, -1,
      262, 255, 263, -1,
      263, 255, 254, -1,
      244, 251, 246, -1,
      246, 251, 253, -1,
      246, 253, 248, -1,
      248, 253, 255, -1,
      248, 255, 242, -1,
      242, 255, 261, -1,
      242, 261, 240, -1,
      240, 261, 259, -1,
      240, 259, 238, -1,
      238, 259, 257, -1,
      238, 257, 95, -1,
      95, 257, 93, -1,
      76, 78, 256, -1,
      76, 256, 239, -1,
      239, 256, 258, -1,
      239, 258, 241, -1,
      241, 258, 260, -1,
      241, 260, 250, -1,
      250, 260, 262, -1,
      250, 262, 249, -1,
      249, 262, 263, -1,
      249, 263, 247, -1,
      247, 263, 254, -1,
      247, 254, 245, -1,
      245, 254, 252, -1,
      245, 252, 243, -1,
      264, 265, 266, -1,
      266, 265, 267, -1,
      265, 264, 244, -1,
      244, 264, 251, -1,
      243, 267, 244, -1,
      244, 267, 265, -1,
      252, 266, 243, -1,
      243, 266, 267, -1,
      251, 264, 252, -1,
      252, 264, 266, -1,
      268, 269, 270, -1,
      270, 269, 271, -1,
      270, 271, 272, -1,
      272, 271, 273, -1,
      272, 273, 274, -1,
      274, 273, 275, -1,
      274, 275, 276, -1,
      276, 275, 277, -1,
      276, 277, 278, -1,
      278, 277, 279, -1,
      278, 279, 86, -1,
      86, 279, 85, -1,
      88, 83, 280, -1,
      280, 83, 281, -1,
      280, 281, 282, -1,
      282, 281, 283, -1,
      282, 283, 284, -1,
      284, 283, 285, -1,
      284, 285, 286, -1,
      286, 285, 287, -1,
      286, 287, 288, -1,
      288, 287, 289, -1,
      288, 289, 290, -1,
      290, 289, 291, -1,
      290, 268, 288, -1,
      288, 268, 270, -1,
      288, 270, 286, -1,
      286, 270, 272, -1,
      286, 272, 284, -1,
      284, 272, 274, -1,
      284, 274, 282, -1,
      282, 274, 276, -1,
      282, 276, 280, -1,
      280, 276, 278, -1,
      280, 278, 88, -1,
      88, 278, 86, -1,
      83, 85, 279, -1,
      83, 279, 281, -1,
      281, 279, 277, -1,
      281, 277, 283, -1,
      283, 277, 275, -1,
      283, 275, 285, -1,
      285, 275, 273, -1,
      285, 273, 287, -1,
      287, 273, 271, -1,
      287, 271, 289, -1,
      289, 271, 269, -1,
      289, 269, 291, -1,
      292, 293, 294, -1,
      294, 293, 295, -1,
      290, 293, 268, -1,
      268, 293, 292, -1,
      295, 293, 291, -1,
      291, 293, 290, -1,
      294, 295, 269, -1,
      269, 295, 291, -1,
      292, 294, 268, -1,
      268, 294, 269, -1,
      296, 297, 298, -1,
      298, 297, 299, -1,
      300, 301, 302, -1,
      302, 301, 303, -1,
      304, 305, 306, -1,
      306, 305, 307, -1,
      308, 309, 310, -1,
      310, 309, 311, -1,
      312, 313, 314, -1,
      314, 313, 315, -1,
      312, 314, 316, -1,
      316, 314, 317, -1,
      316, 317, 318, -1,
      315, 313, 318, -1,
      318, 313, 319, -1,
      318, 319, 316, -1,
      307, 305, 320, -1,
      320, 305, 321, -1,
      320, 321, 322, -1,
      322, 321, 323, -1,
      322, 323, 324, -1,
      324, 323, 325, -1,
      324, 325, 326, -1,
      325, 327, 326, -1,
      326, 327, 312, -1,
      326, 312, 316, -1,
      328, 329, 330, -1,
      312, 331, 332, -1,
      333, 331, 312, -1,
      312, 334, 330, -1,
      335, 336, 337, -1,
      337, 336, 338, -1,
      337, 338, 339, -1,
      339, 338, 340, -1,
      339, 340, 341, -1,
      341, 340, 342, -1,
      341, 342, 343, -1,
      343, 342, 344, -1,
      344, 342, 345, -1,
      344, 345, 346, -1,
      346, 345, 321, -1,
      346, 321, 305, -1,
      329, 347, 330, -1,
      330, 347, 312, -1,
      332, 334, 312, -1,
      335, 309, 336, -1,
      336, 309, 348, -1,
      336, 348, 328, -1,
      312, 327, 333, -1,
      333, 327, 325, -1,
      333, 325, 323, -1,
      328, 330, 336, -1,
      336, 330, 334, -1,
      336, 334, 338, -1,
      338, 334, 332, -1,
      338, 332, 340, -1,
      340, 332, 331, -1,
      340, 331, 342, -1,
      342, 331, 333, -1,
      342, 333, 345, -1,
      345, 333, 323, -1,
      345, 323, 321, -1,
      322, 324, 349, -1,
      316, 350, 351, -1,
      352, 350, 316, -1,
      316, 353, 349, -1,
      354, 355, 356, -1,
      356, 355, 357, -1,
      356, 357, 358, -1,
      358, 357, 359, -1,
      358, 359, 360, -1,
      360, 359, 361, -1,
      360, 361, 362, -1,
      362, 361, 363, -1,
      363, 361, 364, -1,
      363, 364, 365, -1,
      365, 364, 366, -1,
      365, 366, 303, -1,
      324, 326, 349, -1,
      349, 326, 316, -1,
      351, 353, 316, -1,
      354, 307, 355, -1,
      355, 307, 320, -1,
      355, 320, 322, -1,
      316, 367, 352, -1,
      352, 367, 368, -1,
      352, 368, 369, -1,
      322, 349, 355, -1,
      355, 349, 353, -1,
      355, 353, 357, -1,
      357, 353, 351, -1,
      357, 351, 359, -1,
      359, 351, 350, -1,
      359, 350, 361, -1,
      361, 350, 352, -1,
      361, 352, 364, -1,
      364, 352, 369, -1,
      364, 369, 366, -1,
      311, 309, 370, -1,
      370, 309, 335, -1,
      343, 371, 341, -1,
      341, 371, 372, -1,
      341, 372, 339, -1,
      339, 372, 373, -1,
      339, 373, 337, -1,
      337, 373, 374, -1,
      337, 374, 335, -1,
      335, 374, 375, -1,
      335, 375, 370, -1,
      305, 304, 346, -1,
      346, 304, 376, -1,
      346, 376, 344, -1,
      344, 376, 377, -1,
      344, 377, 343, -1,
      343, 377, 378, -1,
      343, 378, 371, -1,
      309, 308, 348, -1,
      348, 308, 379, -1,
      348, 379, 328, -1,
      328, 379, 380, -1,
      328, 380, 329, -1,
      329, 380, 381, -1,
      329, 381, 347, -1,
      381, 382, 347, -1,
      347, 382, 313, -1,
      347, 313, 312, -1,
      299, 297, 383, -1,
      383, 297, 384, -1,
      383, 384, 385, -1,
      385, 384, 386, -1,
      385, 386, 387, -1,
      387, 386, 388, -1,
      387, 388, 389, -1,
      388, 390, 389, -1,
      389, 390, 319, -1,
      389, 319, 313, -1,
      302, 303, 391, -1,
      391, 303, 366, -1,
      391, 366, 392, -1,
      392, 366, 369, -1,
      392, 369, 393, -1,
      393, 369, 368, -1,
      393, 368, 394, -1,
      368, 367, 394, -1,
      394, 367, 316, -1,
      394, 316, 319, -1,
      306, 307, 395, -1,
      395, 307, 354, -1,
      362, 396, 360, -1,
      360, 396, 397, -1,
      360, 397, 358, -1,
      358, 397, 398, -1,
      358, 398, 356, -1,
      356, 398, 399, -1,
      356, 399, 354, -1,
      354, 399, 400, -1,
      354, 400, 395, -1,
      303, 301, 365, -1,
      365, 301, 401, -1,
      365, 401, 363, -1,
      363, 401, 402, -1,
      363, 402, 362, -1,
      362, 402, 403, -1,
      362, 403, 396, -1,
      304, 306, 404, -1,
      404, 306, 405, -1,
      404, 405, 406, -1,
      406, 405, 407, -1,
      406, 407, 67, -1,
      67, 407, 68, -1,
      404, 406, 408, -1,
      409, 311, 370, -1,
      410, 409, 411, -1,
      409, 370, 411, -1,
      411, 370, 375, -1,
      411, 375, 412, -1,
      412, 375, 374, -1,
      412, 374, 413, -1,
      374, 373, 413, -1,
      413, 373, 372, -1,
      413, 372, 414, -1,
      372, 371, 414, -1,
      414, 371, 378, -1,
      414, 378, 415, -1,
      415, 378, 377, -1,
      415, 377, 416, -1,
      416, 377, 376, -1,
      416, 376, 304, -1,
      304, 404, 416, -1,
      416, 404, 408, -1,
      416, 408, 415, -1,
      415, 408, 417, -1,
      415, 417, 414, -1,
      414, 417, 418, -1,
      414, 418, 413, -1,
      413, 418, 419, -1,
      413, 419, 412, -1,
      412, 419, 420, -1,
      412, 420, 411, -1,
      411, 420, 421, -1,
      411, 421, 410, -1,
      410, 421, 72, -1,
      72, 421, 57, -1,
      57, 421, 420, -1,
      57, 420, 58, -1,
      58, 420, 419, -1,
      58, 419, 60, -1,
      60, 419, 418, -1,
      60, 418, 61, -1,
      61, 418, 417, -1,
      61, 417, 65, -1,
      65, 417, 408, -1,
      65, 408, 66, -1,
      66, 408, 406, -1,
      66, 406, 67, -1,
      385, 387, 422, -1,
      313, 423, 424, -1,
      425, 423, 313, -1,
      313, 426, 422, -1,
      427, 428, 429, -1,
      429, 428, 430, -1,
      429, 430, 431, -1,
      431, 430, 432, -1,
      431, 432, 433, -1,
      433, 432, 434, -1,
      433, 434, 435, -1,
      435, 434, 436, -1,
      436, 434, 437, -1,
      436, 437, 438, -1,
      438, 437, 379, -1,
      438, 379, 308, -1,
      387, 389, 422, -1,
      422, 389, 313, -1,
      424, 426, 313, -1,
      427, 299, 428, -1,
      428, 299, 383, -1,
      428, 383, 385, -1,
      313, 382, 425, -1,
      425, 382, 381, -1,
      425, 381, 380, -1,
      385, 422, 428, -1,
      428, 422, 426, -1,
      428, 426, 430, -1,
      430, 426, 424, -1,
      430, 424, 432, -1,
      432, 424, 423, -1,
      432, 423, 434, -1,
      434, 423, 425, -1,
      434, 425, 437, -1,
      437, 425, 380, -1,
      437, 380, 379, -1,
      392, 393, 439, -1,
      319, 440, 441, -1,
      442, 440, 319, -1,
      443, 442, 319, -1,
      319, 444, 439, -1,
      445, 446, 447, -1,
      447, 446, 448, -1,
      447, 448, 449, -1,
      449, 448, 450, -1,
      451, 452, 450, -1,
      450, 452, 453, -1,
      450, 453, 449, -1,
      450, 454, 451, -1,
      451, 454, 455, -1,
      451, 455, 456, -1,
      456, 455, 457, -1,
      457, 455, 458, -1,
      457, 458, 459, -1,
      459, 458, 384, -1,
      459, 384, 297, -1,
      393, 394, 439, -1,
      439, 394, 319, -1,
      441, 444, 319, -1,
      445, 302, 446, -1,
      446, 302, 391, -1,
      446, 391, 392, -1,
      319, 390, 443, -1,
      443, 390, 388, -1,
      443, 388, 386, -1,
      392, 439, 446, -1,
      446, 439, 444, -1,
      446, 444, 448, -1,
      448, 444, 441, -1,
      448, 441, 450, -1,
      450, 441, 440, -1,
      450, 440, 454, -1,
      454, 440, 442, -1,
      454, 442, 455, -1,
      455, 442, 443, -1,
      455, 443, 458, -1,
      458, 443, 386, -1,
      458, 386, 384, -1,
      460, 461, 462, -1,
      405, 306, 395, -1,
      407, 405, 463, -1,
      405, 395, 463, -1,
      463, 395, 400, -1,
      463, 400, 464, -1,
      464, 400, 399, -1,
      464, 399, 465, -1,
      399, 398, 465, -1,
      465, 398, 397, -1,
      465, 397, 466, -1,
      397, 396, 466, -1,
      466, 396, 403, -1,
      466, 403, 467, -1,
      467, 403, 402, -1,
      467, 402, 468, -1,
      468, 402, 401, -1,
      468, 401, 301, -1,
      301, 460, 468, -1,
      468, 460, 462, -1,
      468, 462, 467, -1,
      467, 462, 469, -1,
      467, 469, 466, -1,
      466, 469, 470, -1,
      466, 470, 465, -1,
      465, 470, 471, -1,
      465, 471, 464, -1,
      464, 471, 472, -1,
      464, 472, 463, -1,
      463, 472, 473, -1,
      463, 473, 407, -1,
      407, 473, 68, -1,
      68, 473, 69, -1,
      69, 473, 472, -1,
      69, 472, 48, -1,
      48, 472, 471, -1,
      48, 471, 49, -1,
      49, 471, 470, -1,
      49, 470, 51, -1,
      51, 470, 469, -1,
      51, 469, 52, -1,
      52, 469, 462, -1,
      52, 462, 73, -1,
      73, 462, 461, -1,
      73, 461, 74, -1,
      310, 311, 474, -1,
      474, 311, 409, -1,
      474, 409, 475, -1,
      475, 409, 410, -1,
      475, 410, 71, -1,
      71, 410, 72, -1,
      298, 299, 476, -1,
      476, 299, 427, -1,
      435, 477, 433, -1,
      433, 477, 478, -1,
      433, 478, 431, -1,
      431, 478, 479, -1,
      431, 479, 429, -1,
      429, 479, 480, -1,
      429, 480, 427, -1,
      427, 480, 481, -1,
      427, 481, 476, -1,
      308, 310, 438, -1,
      438, 310, 482, -1,
      438, 482, 436, -1,
      436, 482, 483, -1,
      436, 483, 435, -1,
      435, 483, 484, -1,
      435, 484, 477, -1,
      300, 302, 485, -1,
      485, 302, 445, -1,
      485, 445, 486, -1,
      486, 445, 487, -1,
      297, 296, 459, -1,
      459, 296, 488, -1,
      459, 488, 457, -1,
      457, 488, 489, -1,
      457, 489, 456, -1,
      456, 489, 490, -1,
      456, 490, 451, -1,
      451, 490, 491, -1,
      451, 491, 452, -1,
      452, 491, 492, -1,
      452, 492, 453, -1,
      453, 492, 493, -1,
      453, 493, 449, -1,
      449, 493, 487, -1,
      449, 487, 447, -1,
      447, 487, 445, -1,
      301, 300, 460, -1,
      460, 300, 494, -1,
      460, 494, 461, -1,
      461, 494, 495, -1,
      461, 495, 74, -1,
      74, 495, 75, -1,
      474, 475, 496, -1,
      497, 298, 476, -1,
      498, 497, 499, -1,
      497, 476, 499, -1,
      499, 476, 481, -1,
      499, 481, 500, -1,
      500, 481, 480, -1,
      500, 480, 501, -1,
      480, 479, 501, -1,
      501, 479, 478, -1,
      501, 478, 502, -1,
      478, 477, 502, -1,
      502, 477, 484, -1,
      502, 484, 503, -1,
      503, 484, 483, -1,
      503, 483, 504, -1,
      504, 483, 482, -1,
      504, 482, 310, -1,
      310, 474, 504, -1,
      504, 474, 496, -1,
      504, 496, 503, -1,
      503, 496, 505, -1,
      503, 505, 502, -1,
      502, 505, 506, -1,
      502, 506, 501, -1,
      501, 506, 507, -1,
      501, 507, 500, -1,
      500, 507, 508, -1,
      500, 508, 499, -1,
      499, 508, 509, -1,
      499, 509, 498, -1,
      498, 509, 55, -1,
      55, 509, 56, -1,
      56, 509, 508, -1,
      56, 508, 36, -1,
      36, 508, 507, -1,
      36, 507, 37, -1,
      37, 507, 506, -1,
      37, 506, 39, -1,
      39, 506, 505, -1,
      39, 505, 40, -1,
      40, 505, 496, -1,
      40, 496, 70, -1,
      70, 496, 475, -1,
      70, 475, 71, -1,
      510, 511, 512, -1,
      494, 300, 485, -1,
      495, 494, 513, -1,
      494, 485, 513, -1,
      513, 485, 486, -1,
      513, 486, 514, -1,
      514, 486, 487, -1,
      514, 487, 515, -1,
      487, 493, 515, -1,
      515, 493, 492, -1,
      515, 492, 516, -1,
      492, 491, 516, -1,
      516, 491, 490, -1,
      516, 490, 517, -1,
      517, 490, 489, -1,
      517, 489, 518, -1,
      518, 489, 488, -1,
      518, 488, 296, -1,
      296, 510, 518, -1,
      518, 510, 512, -1,
      518, 512, 517, -1,
      517, 512, 519, -1,
      517, 519, 516, -1,
      516, 519, 520, -1,
      516, 520, 515, -1,
      515, 520, 521, -1,
      515, 521, 514, -1,
      514, 521, 522, -1,
      514, 522, 513, -1,
      513, 522, 523, -1,
      513, 523, 495, -1,
      495, 523, 75, -1,
      75, 523, 62, -1,
      62, 523, 522, -1,
      62, 522, 63, -1,
      63, 522, 521, -1,
      63, 521, 64, -1,
      64, 521, 520, -1,
      64, 520, 47, -1,
      47, 520, 519, -1,
      47, 519, 46, -1,
      46, 519, 512, -1,
      46, 512, 53, -1,
      53, 512, 511, -1,
      53, 511, 54, -1,
      296, 298, 510, -1,
      510, 298, 497, -1,
      510, 497, 511, -1,
      511, 497, 498, -1,
      511, 498, 54, -1,
      54, 498, 55, -1,
      20, 15, 318, -1,
      318, 15, 315, -1,
      15, 2, 315, -1,
      315, 2, 314, -1,
      2, 4, 314, -1,
      314, 4, 317, -1,
      4, 20, 317, -1,
      317, 20, 318, -1,
    ]
  }
}

Shape {
  appearance Appearance {
    material Material {
      diffuseColor 0.6471 0.6471 0.6471
      specularColor 0.3216 0.3216 0.3216
      ambientIntensity 0.2
      transparency 0.0000
      shininess 0.5
    }
  }
  geometry IndexedFaceSet {
    ccw TRUE
    solid FALSE
    coord DEF co Coordinate {
      point [
        0.516379 0.226378 0.590551,
        0.520312 0.216883 0.590551,
        0.521654 0.206693 0.590551,
        0.521654 -0.206693 0.590551,
        0.520312 -0.216883 0.590551,
        0.492473 0.244722 0.590551,
        0.501969 0.240789 0.590551,
        0.510122 0.234532 0.590551,
        0.516379 -0.226378 0.590551,
        0.510122 -0.234532 0.590551,
        0.501969 -0.240789 0.590551,
        -0.520312 0.216883 0.590551,
        -0.516379 0.226378 0.590551,
        -0.510122 0.234532 0.590551,
        -0.501969 0.240789 0.590551,
        -0.492473 -0.244722 0.590551,
        -0.501969 -0.240789 0.590551,
        -0.510122 -0.234532 0.590551,
        -0.516379 -0.226378 0.590551,
        -0.520312 -0.216883 0.590551,
        -0.521654 -0.206693 0.590551,
        -0.521654 0.206693 0.590551,
        0.492473 -0.244722 0.590551,
        0.482283 -0.246063 0.590551,
        -0.482283 -0.246063 0.590551,
        -0.492473 0.244722 0.590551,
        -0.482283 0.246063 0.590551,
        0.482283 0.246063 0.590551,
        -0.521654 0.206693 0.984252,
        -0.521654 -0.206693 0.984252,
        -0.482283 -0.246063 0.984252,
        0.482283 -0.246063 0.984252,
        0.521654 0.206693 0.984252,
        0.521654 -0.206693 0.984252,
        0.482283 0.246063 0.984252,
        -0.482283 0.246063 0.984252,
        -0.482283 0.206693 1.023622,
        -0.482283 -0.206693 1.023622,
        0.482283 0.206693 1.023622,
        0.482283 -0.206693 1.023622,
        0.492473 -0.244722 0.984252,
        0.501969 -0.240789 0.984252,
        0.510122 -0.234532 0.984252,
        0.516379 -0.226378 0.984252,
        0.520312 -0.216883 0.984252,
        -0.482283 -0.216883 1.022280,
        0.482283 -0.216883 1.022280,
        -0.482283 -0.226378 1.018347,
        0.482283 -0.226378 1.018347,
        -0.482283 -0.234532 1.012091,
        0.482283 -0.234532 1.012091,
        -0.482283 -0.240789 1.003937,
        0.482283 -0.240789 1.003937,
        -0.482283 -0.244722 0.994442,
        0.482283 -0.244722 0.994442,
        -0.520312 -0.216883 0.984252,
        -0.516379 -0.226378 0.984252,
        -0.510122 -0.234532 0.984252,
        -0.501969 -0.240789 0.984252,
        -0.492473 -0.244722 0.984252,
        0.520312 -0.206693 0.994442,
        0.519016 -0.216535 0.994442,
        0.499331 -0.216535 1.018347,
        0.491108 -0.211788 1.022280,
        0.489489 -0.213898 1.022280,
        0.484921 -0.216535 1.022280,
        0.492126 -0.209330 1.022280,
        0.501298 -0.211788 1.018347,
        0.509174 -0.213898 1.012091,
        0.492473 -0.206693 1.022280,
        0.496203 -0.220612 1.018347,
        0.487378 -0.215517 1.022280,
        0.492126 -0.223741 1.018347,
        0.487378 -0.225707 1.018347,
        0.501969 -0.206693 1.018347,
        0.510122 -0.206693 1.012091,
        0.516379 -0.206693 1.003937,
        0.506393 -0.220612 1.012091,
        0.501969 -0.226378 1.012091,
        0.496203 -0.230802 1.012091,
        0.489489 -0.233583 1.012091,
        0.515217 -0.215517 1.003937,
        0.511811 -0.223741 1.003937,
        0.506393 -0.230802 1.003937,
        0.499331 -0.236220 1.003937,
        0.491108 -0.239627 1.003937,
        0.515217 -0.225707 0.994442,
        0.509174 -0.233583 0.994442,
        0.501298 -0.239627 0.994442,
        0.492126 -0.243426 0.994442,
        -0.492126 -0.243426 0.994442,
        -0.492126 -0.223741 1.018347,
        -0.487378 -0.215517 1.022280,
        -0.489489 -0.213898 1.022280,
        -0.492473 -0.206693 1.022280,
        -0.492126 -0.209330 1.022280,
        -0.484921 -0.216535 1.022280,
        -0.487378 -0.225707 1.018347,
        -0.489489 -0.233583 1.012091,
        -0.496203 -0.220612 1.018347,
        -0.491108 -0.211788 1.022280,
        -0.499331 -0.216535 1.018347,
        -0.501298 -0.211788 1.018347,
        -0.501969 -0.206693 1.018347,
        -0.496203 -0.230802 1.012091,
        -0.501969 -0.226378 1.012091,
        -0.506393 -0.220612 1.012091,
        -0.509174 -0.213898 1.012091,
        -0.510122 -0.206693 1.012091,
        -0.491108 -0.239627 1.003937,
        -0.499331 -0.236220 1.003937,
        -0.506393 -0.230802 1.003937,
        -0.511811 -0.223741 1.003937,
        -0.515217 -0.215517 1.003937,
        -0.516379 -0.206693 1.003937,
        -0.501298 -0.239627 0.994442,
        -0.509174 -0.233583 0.994442,
        -0.515217 -0.225707 0.994442,
        -0.519016 -0.216535 0.994442,
        -0.520312 -0.206693 0.994442,
        0.520312 0.216883 0.984252,
        0.516379 0.226378 0.984252,
        0.510122 0.234532 0.984252,
        0.501969 0.240789 0.984252,
        0.492473 0.244722 0.984252,
        0.492473 0.206693 1.022280,
        0.501969 0.206693 1.018347,
        0.510122 0.206693 1.012091,
        0.516379 0.206693 1.003937,
        0.520312 0.206693 0.994442,
        -0.492473 0.206693 1.022280,
        -0.501969 0.206693 1.018347,
        -0.510122 0.206693 1.012091,
        -0.516379 0.206693 1.003937,
        -0.520312 0.206693 0.994442,
        -0.492473 0.244722 0.984252,
        -0.501969 0.240789 0.984252,
        -0.510122 0.234532 0.984252,
        -0.516379 0.226378 0.984252,
        -0.520312 0.216883 0.984252,
        0.482283 0.244722 0.994442,
        0.492126 0.243426 0.994442,
        0.492126 0.223741 1.018347,
        0.487378 0.215517 1.022280,
        0.489489 0.213898 1.022280,
        0.492126 0.209330 1.022280,
        0.484921 0.216535 1.022280,
        0.487378 0.225707 1.018347,
        0.489489 0.233583 1.012091,
        0.482283 0.216883 1.022280,
        0.496203 0.220612 1.018347,
        0.491108 0.211788 1.022280,
        0.499331 0.216535 1.018347,
        0.501298 0.211788 1.018347,
        0.482283 0.226378 1.018347,
        0.482283 0.234532 1.012091,
        0.482283 0.240789 1.003937,
        0.496203 0.230802 1.012091,
        0.501969 0.226378 1.012091,
        0.506393 0.220612 1.012091,
        0.509174 0.213898 1.012091,
        0.491108 0.239627 1.003937,
        0.499331 0.236220 1.003937,
        0.506393 0.230802 1.003937,
        0.511811 0.223741 1.003937,
        0.515217 0.215517 1.003937,
        0.501298 0.239627 0.994442,
        0.509174 0.233583 0.994442,
        0.515217 0.225707 0.994442,
        0.519016 0.216535 0.994442,
        -0.519016 0.216535 0.994442,
        -0.499331 0.216535 1.018347,
        -0.491108 0.211788 1.022280,
        -0.489489 0.213898 1.022280,
        -0.482283 0.216883 1.022280,
        -0.484921 0.216535 1.022280,
        -0.492126 0.209330 1.022280,
        -0.501298 0.211788 1.018347,
        -0.509174 0.213898 1.012091,
        -0.496203 0.220612 1.018347,
        -0.487378 0.215517 1.022280,
        -0.492126 0.223741 1.018347,
        -0.487378 0.225707 1.018347,
        -0.482283 0.226378 1.018347,
        -0.506393 0.220612 1.012091,
        -0.501969 0.226378 1.012091,
        -0.496203 0.230802 1.012091,
        -0.489489 0.233583 1.012091,
        -0.482283 0.234532 1.012091,
        -0.515217 0.215517 1.003937,
        -0.511811 0.223741 1.003937,
        -0.506393 0.230802 1.003937,
        -0.499331 0.236220 1.003937,
        -0.491108 0.239627 1.003937,
        -0.482283 0.240789 1.003937,
        -0.515217 0.225707 0.994442,
        -0.509174 0.233583 0.994442,
        -0.501298 0.239627 0.994442,
        -0.492126 0.243426 0.994442,
        -0.482283 0.244722 0.994442,
      ]
    }
    coordIndex [
      21, 20, 28, -1,
      28, 20, 29, -1,
      24, 23, 30, -1,
      30, 23, 31, -1,
      32, 33, 2, -1,
      2, 33, 3, -1,
      27, 26, 34, -1,
      34, 26, 35, -1,
      36, 37, 38, -1,
      38, 37, 39, -1,
      31, 23, 22, -1,
      31, 22, 40, -1,
      40, 22, 10, -1,
      40, 10, 41, -1,
      41, 10, 9, -1,
      41, 9, 42, -1,
      42, 9, 8, -1,
      42, 8, 43, -1,
      43, 8, 4, -1,
      43, 4, 44, -1,
      44, 4, 3, -1,
      44, 3, 33, -1,
      39, 37, 45, -1,
      39, 45, 46, -1,
      46, 45, 47, -1,
      46, 47, 48, -1,
      48, 47, 49, -1,
      48, 49, 50, -1,
      50, 49, 51, -1,
      50, 51, 52, -1,
      52, 51, 53, -1,
      52, 53, 54, -1,
      54, 53, 30, -1,
      54, 30, 31, -1,
      29, 20, 19, -1,
      29, 19, 55, -1,
      55, 19, 18, -1,
      55, 18, 56, -1,
      56, 18, 17, -1,
      56, 17, 57, -1,
      57, 17, 16, -1,
      57, 16, 58, -1,
      58, 16, 15, -1,
      58, 15, 59, -1,
      59, 15, 24, -1,
      59, 24, 30, -1,
      33, 60, 61, -1,
      62, 63, 64, -1,
      39, 46, 65, -1,
      64, 63, 39, -1,
      66, 39, 63, -1,
      66, 63, 67, -1,
      67, 63, 62, -1,
      67, 62, 68, -1,
      69, 39, 66, -1,
      70, 71, 72, -1,
      72, 71, 65, -1,
      72, 65, 73, -1,
      73, 65, 46, -1,
      73, 46, 48, -1,
      69, 66, 74, -1,
      74, 66, 67, -1,
      74, 67, 75, -1,
      75, 67, 68, -1,
      75, 68, 76, -1,
      77, 70, 78, -1,
      78, 70, 72, -1,
      78, 72, 79, -1,
      79, 72, 73, -1,
      79, 73, 80, -1,
      80, 73, 48, -1,
      80, 48, 50, -1,
      81, 77, 82, -1,
      82, 77, 78, -1,
      82, 78, 83, -1,
      83, 78, 79, -1,
      83, 79, 84, -1,
      84, 79, 80, -1,
      84, 80, 85, -1,
      85, 80, 50, -1,
      85, 50, 52, -1,
      60, 81, 61, -1,
      61, 81, 82, -1,
      61, 82, 86, -1,
      86, 82, 83, -1,
      86, 83, 87, -1,
      87, 83, 84, -1,
      87, 84, 88, -1,
      88, 84, 85, -1,
      88, 85, 89, -1,
      89, 85, 52, -1,
      89, 52, 54, -1,
      33, 61, 44, -1,
      44, 61, 86, -1,
      44, 86, 43, -1,
      43, 86, 87, -1,
      43, 87, 42, -1,
      42, 87, 88, -1,
      42, 88, 41, -1,
      41, 88, 89, -1,
      41, 89, 40, -1,
      40, 89, 54, -1,
      40, 54, 31, -1,
      71, 39, 65, -1,
      60, 76, 81, -1,
      81, 76, 68, -1,
      81, 68, 77, -1,
      77, 68, 62, -1,
      77, 62, 70, -1,
      70, 62, 64, -1,
      70, 64, 71, -1,
      71, 64, 39, -1,
      30, 53, 90, -1,
      91, 92, 93, -1,
      37, 94, 95, -1,
      93, 92, 37, -1,
      96, 37, 92, -1,
      96, 92, 97, -1,
      97, 92, 91, -1,
      97, 91, 98, -1,
      45, 37, 96, -1,
      99, 100, 101, -1,
      101, 100, 95, -1,
      101, 95, 102, -1,
      102, 95, 94, -1,
      102, 94, 103, -1,
      45, 96, 47, -1,
      47, 96, 97, -1,
      47, 97, 49, -1,
      49, 97, 98, -1,
      49, 98, 51, -1,
      104, 99, 105, -1,
      105, 99, 101, -1,
      105, 101, 106, -1,
      106, 101, 102, -1,
      106, 102, 107, -1,
      107, 102, 103, -1,
      107, 103, 108, -1,
      109, 104, 110, -1,
      110, 104, 105, -1,
      110, 105, 111, -1,
      111, 105, 106, -1,
      111, 106, 112, -1,
      112, 106, 107, -1,
      112, 107, 113, -1,
      113, 107, 108, -1,
      113, 108, 114, -1,
      53, 109, 90, -1,
      90, 109, 110, -1,
      90, 110, 115, -1,
      115, 110, 111, -1,
      115, 111, 116, -1,
      116, 111, 112, -1,
      116, 112, 117, -1,
      117, 112, 113, -1,
      117, 113, 118, -1,
      118, 113, 114, -1,
      118, 114, 119, -1,
      30, 90, 59, -1,
      59, 90, 115, -1,
      59, 115, 58, -1,
      58, 115, 116, -1,
      58, 116, 57, -1,
      57, 116, 117, -1,
      57, 117, 56, -1,
      56, 117, 118, -1,
      56, 118, 55, -1,
      55, 118, 119, -1,
      55, 119, 29, -1,
      100, 37, 95, -1,
      53, 51, 109, -1,
      109, 51, 98, -1,
      109, 98, 104, -1,
      104, 98, 91, -1,
      104, 91, 99, -1,
      99, 91, 93, -1,
      99, 93, 100, -1,
      100, 93, 37, -1,
      32, 2, 1, -1,
      32, 1, 120, -1,
      120, 1, 0, -1,
      120, 0, 121, -1,
      121, 0, 7, -1,
      121, 7, 122, -1,
      122, 7, 6, -1,
      122, 6, 123, -1,
      123, 6, 5, -1,
      123, 5, 124, -1,
      124, 5, 27, -1,
      124, 27, 34, -1,
      38, 39, 69, -1,
      38, 69, 125, -1,
      125, 69, 74, -1,
      125, 74, 126, -1,
      126, 74, 75, -1,
      126, 75, 127, -1,
      127, 75, 76, -1,
      127, 76, 128, -1,
      128, 76, 60, -1,
      128, 60, 129, -1,
      129, 60, 33, -1,
      129, 33, 32, -1,
      37, 36, 130, -1,
      37, 130, 94, -1,
      94, 130, 131, -1,
      94, 131, 103, -1,
      103, 131, 132, -1,
      103, 132, 108, -1,
      108, 132, 133, -1,
      108, 133, 114, -1,
      114, 133, 134, -1,
      114, 134, 119, -1,
      119, 134, 28, -1,
      119, 28, 29, -1,
      35, 26, 25, -1,
      35, 25, 135, -1,
      135, 25, 14, -1,
      135, 14, 136, -1,
      136, 14, 13, -1,
      136, 13, 137, -1,
      137, 13, 12, -1,
      137, 12, 138, -1,
      138, 12, 11, -1,
      138, 11, 139, -1,
      139, 11, 21, -1,
      139, 21, 28, -1,
      34, 140, 141, -1,
      142, 143, 144, -1,
      38, 125, 145, -1,
      144, 143, 38, -1,
      146, 38, 143, -1,
      146, 143, 147, -1,
      147, 143, 142, -1,
      147, 142, 148, -1,
      149, 38, 146, -1,
      150, 151, 152, -1,
      152, 151, 145, -1,
      152, 145, 153, -1,
      153, 145, 125, -1,
      153, 125, 126, -1,
      149, 146, 154, -1,
      154, 146, 147, -1,
      154, 147, 155, -1,
      155, 147, 148, -1,
      155, 148, 156, -1,
      157, 150, 158, -1,
      158, 150, 152, -1,
      158, 152, 159, -1,
      159, 152, 153, -1,
      159, 153, 160, -1,
      160, 153, 126, -1,
      160, 126, 127, -1,
      161, 157, 162, -1,
      162, 157, 158, -1,
      162, 158, 163, -1,
      163, 158, 159, -1,
      163, 159, 164, -1,
      164, 159, 160, -1,
      164, 160, 165, -1,
      165, 160, 127, -1,
      165, 127, 128, -1,
      140, 161, 141, -1,
      141, 161, 162, -1,
      141, 162, 166, -1,
      166, 162, 163, -1,
      166, 163, 167, -1,
      167, 163, 164, -1,
      167, 164, 168, -1,
      168, 164, 165, -1,
      168, 165, 169, -1,
      169, 165, 128, -1,
      169, 128, 129, -1,
      34, 141, 124, -1,
      124, 141, 166, -1,
      124, 166, 123, -1,
      123, 166, 167, -1,
      123, 167, 122, -1,
      122, 167, 168, -1,
      122, 168, 121, -1,
      121, 168, 169, -1,
      121, 169, 120, -1,
      120, 169, 129, -1,
      120, 129, 32, -1,
      151, 38, 145, -1,
      140, 156, 161, -1,
      161, 156, 148, -1,
      161, 148, 157, -1,
      157, 148, 142, -1,
      157, 142, 150, -1,
      150, 142, 144, -1,
      150, 144, 151, -1,
      151, 144, 38, -1,
      28, 134, 170, -1,
      171, 172, 173, -1,
      36, 174, 175, -1,
      173, 172, 36, -1,
      176, 36, 172, -1,
      176, 172, 177, -1,
      177, 172, 171, -1,
      177, 171, 178, -1,
      130, 36, 176, -1,
      179, 180, 181, -1,
      181, 180, 175, -1,
      181, 175, 182, -1,
      182, 175, 174, -1,
      182, 174, 183, -1,
      130, 176, 131, -1,
      131, 176, 177, -1,
      131, 177, 132, -1,
      132, 177, 178, -1,
      132, 178, 133, -1,
      184, 179, 185, -1,
      185, 179, 181, -1,
      185, 181, 186, -1,
      186, 181, 182, -1,
      186, 182, 187, -1,
      187, 182, 183, -1,
      187, 183, 188, -1,
      189, 184, 190, -1,
      190, 184, 185, -1,
      190, 185, 191, -1,
      191, 185, 186, -1,
      191, 186, 192, -1,
      192, 186, 187, -1,
      192, 187, 193, -1,
      193, 187, 188, -1,
      193, 188, 194, -1,
      134, 189, 170, -1,
      170, 189, 190, -1,
      170, 190, 195, -1,
      195, 190, 191, -1,
      195, 191, 196, -1,
      196, 191, 192, -1,
      196, 192, 197, -1,
      197, 192, 193, -1,
      197, 193, 198, -1,
      198, 193, 194, -1,
      198, 194, 199, -1,
      28, 170, 139, -1,
      139, 170, 195, -1,
      139, 195, 138, -1,
      138, 195, 196, -1,
      138, 196, 137, -1,
      137, 196, 197, -1,
      137, 197, 136, -1,
      136, 197, 198, -1,
      136, 198, 135, -1,
      135, 198, 199, -1,
      135, 199, 35, -1,
      180, 36, 175, -1,
      134, 133, 189, -1,
      189, 133, 178, -1,
      189, 178, 184, -1,
      184, 178, 171, -1,
      184, 171, 179, -1,
      179, 171, 173, -1,
      179, 173, 180, -1,
      180, 173, 36, -1,
      36, 38, 149, -1,
      36, 149, 174, -1,
      174, 149, 154, -1,
      174, 154, 183, -1,
      183, 154, 155, -1,
      183, 155, 188, -1,
      188, 155, 156, -1,
      188, 156, 194, -1,
      194, 156, 140, -1,
      194, 140, 199, -1,
      199, 140, 34, -1,
      199, 34, 35, -1,
    ]
  }
}

Shape {
  appearance Appearance {
    material Material {
      diffuseColor 0.8510 0.8510 0.8510
      specularColor 0.4235 0.4235 0.4235
      ambientIntensity 0.2
      transparency 0.0000
      shininess 0.5
    }
  }
  geometry IndexedFaceSet {
    ccw TRUE
    solid FALSE
    coord DEF co Coordinate {
      point [
        1.200787 0.118110 0.099388,
        1.200787 -0.118110 0.099388,
        1.200787 0.118110 0.178128,
        1.200787 -0.118110 0.178128,
        1.555118 -0.118110 -0.000000,
        1.555118 0.118110 -0.000000,
        1.555118 -0.118110 0.078740,
        1.555118 0.118110 0.078740,
        1.238848 -0.118110 0.099388,
        1.238848 0.118110 0.099388,
        1.238848 0.118110 0.178128,
        1.238848 -0.118110 0.178128,
        1.245885 -0.118110 0.098754,
        1.245885 0.118110 0.098754,
        1.252696 -0.118110 0.096872,
        1.252696 0.118110 0.096872,
        1.259061 -0.118110 0.093803,
        1.259061 0.118110 0.093803,
        1.299488 0.118110 0.161372,
        1.285318 0.118110 0.168602,
        1.270304 0.118110 0.173862,
        1.254720 0.118110 0.177057,
        1.299488 -0.118110 0.161372,
        1.285318 -0.118110 0.168602,
        1.270304 -0.118110 0.173862,
        1.254720 -0.118110 0.177057,
        1.387837 -0.118110 0.016756,
        1.387837 0.118110 0.016756,
        1.428264 0.118110 0.084326,
        1.428264 -0.118110 0.084326,
        1.448478 0.118110 -0.000000,
        1.448478 -0.118110 -0.000000,
        1.432606 -0.118110 0.001071,
        1.432606 0.118110 0.001071,
        1.417021 -0.118110 0.004266,
        1.417021 0.118110 0.004266,
        1.402008 -0.118110 0.009526,
        1.402008 0.118110 0.009526,
        1.441440 0.118110 0.079374,
        1.448478 0.118110 0.078740,
        1.434629 0.118110 0.081256,
        1.434629 -0.118110 0.081256,
        1.441440 -0.118110 0.079374,
        1.448478 -0.118110 0.078740,
      ]
    }
    coordIndex [
      0, 1, 2, -1,
      2, 1, 3, -1,
      4, 5, 6, -1,
      6, 5, 7, -1,
      8, 1, 9, -1,
      9, 1, 0, -1,
      9, 0, 10, -1,
      10, 0, 2, -1,
      10, 2, 11, -1,
      11, 2, 3, -1,
      3, 1, 11, -1,
      11, 1, 8, -1,
      8, 9, 12, -1,
      12, 9, 13, -1,
      12, 13, 14, -1,
      14, 13, 15, -1,
      14, 15, 16, -1,
      16, 15, 17, -1,
      13, 9, 10, -1,
      18, 17, 19, -1,
      19, 17, 15, -1,
      19, 15, 20, -1,
      20, 15, 13, -1,
      20, 13, 21, -1,
      21, 13, 10, -1,
      22, 18, 19, -1,
      22, 19, 23, -1,
      23, 19, 20, -1,
      23, 20, 24, -1,
      24, 20, 21, -1,
      24, 21, 25, -1,
      25, 21, 10, -1,
      25, 10, 11, -1,
      14, 16, 22, -1,
      11, 8, 25, -1,
      25, 8, 12, -1,
      25, 12, 24, -1,
      24, 12, 14, -1,
      24, 14, 23, -1,
      23, 14, 22, -1,
      26, 16, 27, -1,
      27, 16, 17, -1,
      27, 17, 28, -1,
      28, 17, 18, -1,
      28, 18, 29, -1,
      29, 18, 22, -1,
      22, 16, 29, -1,
      29, 16, 26, -1,
      30, 31, 32, -1,
      30, 32, 33, -1,
      33, 32, 34, -1,
      33, 34, 35, -1,
      35, 34, 36, -1,
      35, 36, 37, -1,
      37, 36, 26, -1,
      37, 26, 27, -1,
      38, 39, 30, -1,
      27, 28, 37, -1,
      37, 28, 40, -1,
      37, 40, 35, -1,
      35, 40, 38, -1,
      35, 38, 33, -1,
      33, 38, 30, -1,
      28, 29, 40, -1,
      40, 29, 41, -1,
      40, 41, 38, -1,
      38, 41, 42, -1,
      38, 42, 39, -1,
      39, 42, 43, -1,
      41, 29, 26, -1,
      31, 43, 32, -1,
      32, 43, 42, -1,
      32, 42, 34, -1,
      34, 42, 41, -1,
      34, 41, 36, -1,
      36, 41, 26, -1,
      4, 31, 5, -1,
      5, 31, 30, -1,
      5, 30, 7, -1,
      7, 30, 39, -1,
      7, 39, 6, -1,
      6, 39, 43, -1,
      43, 31, 6, -1,
      6, 31, 4, -1,
    ]
  }
}

Shape {
  appearance Appearance {
    material Material {
      diffuseColor 0.2235 0.2235 0.2235
      specularColor 0.1137 0.1137 0.1137
      ambientIntensity 0.2
      transparency 0.0000
      shininess 0.5
    }
  }
  geometry IndexedFaceSet {
    ccw TRUE
    solid FALSE
    coord DEF co Coordinate {
      point [
        1.200787 0.570866 0.551181,
        1.197433 0.596341 0.551181,
        1.187601 0.620079 0.551181,
        1.171959 0.640463 0.551181,
        1.151575 0.656105 0.551181,
        1.127837 0.665937 0.551181,
        1.102362 0.669291 0.551181,
        1.102362 -0.669291 0.551181,
        1.127837 -0.665937 0.551181,
        1.151575 -0.656105 0.551181,
        1.171959 -0.640463 0.551181,
        1.187601 -0.620079 0.551181,
        1.197433 -0.596341 0.551181,
        1.200787 -0.570866 0.551181,
        -1.102362 0.669291 0.551181,
        -1.127837 0.665937 0.551181,
        -1.151575 0.656105 0.551181,
        -1.171959 0.640463 0.551181,
        -1.187601 0.620079 0.551181,
        -1.197433 0.596341 0.551181,
        -1.200787 0.570866 0.551181,
        -1.102362 -0.669291 0.551181,
        -1.200787 -0.570866 0.551181,
        -1.197433 -0.596341 0.551181,
        -1.187601 -0.620079 0.551181,
        -1.171959 -0.640463 0.551181,
        -1.151575 -0.656105 0.551181,
        -1.127837 -0.665937 0.551181,
        -1.161417 -0.354331 0.000000,
        -1.200787 -0.354331 0.000000,
        -1.200787 -0.119311 0.000000,
        0.168531 0.059535 0.000000,
        0.187914 0.057358 0.000000,
        0.125959 -0.088256 0.000000,
        0.219934 -0.111428 0.000000,
        0.285673 -0.118110 0.000000,
        0.200854 -0.117996 0.000000,
        0.188172 -0.119311 0.000000,
        0.386499 -0.118110 0.000000,
        1.200787 0.354331 0.000000,
        1.200787 -0.119311 0.000000,
        1.161417 0.354331 0.000000,
        1.151575 0.656105 0.000000,
        1.161417 0.649606 0.000000,
        0.144604 0.056427 0.000000,
        0.122431 -0.086302 0.000000,
        0.122431 0.046932 0.000000,
        0.103226 0.669291 0.000000,
        0.122431 0.073339 0.000000,
        0.202648 0.052041 0.000000,
        0.216273 0.042926 0.000000,
        0.228160 0.029803 0.000000,
        0.242462 -0.021785 0.000000,
        0.240469 -0.043096 0.000000,
        0.235121 -0.060028 0.000000,
        0.191317 -0.096846 0.000000,
        0.172957 -0.098906 0.000000,
        0.205661 -0.091565 0.000000,
        0.217742 -0.083422 0.000000,
        0.226980 -0.073677 0.000000,
        0.146827 -0.096005 0.000000,
        0.360092 0.078740 0.000000,
        0.386499 0.078740 0.000000,
        1.102362 0.669291 0.000000,
        1.127837 0.665937 0.000000,
        0.236276 0.014604 0.000000,
        0.241523 -0.006470 0.000000,
        0.235768 -0.101317 0.000000,
        0.250554 -0.085750 0.000000,
        0.285673 -0.096505 0.000000,
        0.261041 -0.067033 0.000000,
        0.360092 -0.096505 0.000000,
        0.258473 0.026907 0.000000,
        0.246932 0.045309 0.000000,
        0.229155 0.062400 0.000000,
        0.210456 0.073158 0.000000,
        0.188511 0.079530 0.000000,
        0.266965 -0.046196 0.000000,
        0.268869 -0.023398 0.000000,
        0.266037 0.004588 0.000000,
        0.168756 0.081141 0.000000,
        0.145191 0.079515 0.000000,
        1.161417 -0.354331 0.000000,
        1.200787 -0.354331 0.000000,
        0.171213 -0.120419 0.000000,
        0.103226 -0.669291 0.000000,
        0.163306 -0.119311 0.000000,
        0.103226 -0.119311 0.000000,
        0.143415 -0.116523 0.000000,
        0.122431 -0.107907 0.000000,
        1.161417 -0.649606 0.000000,
        1.151575 -0.656105 0.000000,
        1.127837 -0.665937 0.000000,
        1.102362 -0.669291 0.000000,
        0.176595 -0.120511 0.000000,
        -1.102362 -0.669291 0.000000,
        -1.127837 -0.665937 0.000000,
        -1.151575 -0.656105 0.000000,
        -1.161417 -0.649606 0.000000,
        -0.232859 -0.118110 0.000000,
        -0.208626 -0.064158 0.000000,
        -0.197337 -0.081765 0.000000,
        -0.021606 -0.118110 0.000000,
        0.084022 -0.118110 0.000000,
        0.084022 0.078740 0.000000,
        -0.016804 0.078740 0.000000,
        -1.102362 0.669291 0.000000,
        -0.181135 -0.097279 0.000000,
        -0.160581 -0.109223 0.000000,
        -0.137898 -0.115984 0.000000,
        0.057615 0.057135 0.000000,
        0.057615 -0.007682 0.000000,
        -0.016804 0.057135 0.000000,
        -0.012003 -0.007682 0.000000,
        -0.060015 0.078740 0.000000,
        -0.012003 -0.029287 0.000000,
        0.057615 -0.029287 0.000000,
        0.057615 -0.096505 0.000000,
        -0.021606 -0.096505 0.000000,
        -0.060015 -0.118110 0.000000,
        -0.113542 -0.118110 0.000000,
        -1.200787 0.354331 0.000000,
        -1.161417 0.354331 0.000000,
        -0.410505 -0.118110 0.000000,
        -1.161417 0.649606 0.000000,
        -0.381698 -0.118110 0.000000,
        -0.144007 0.075700 0.000000,
        -0.167038 0.067613 0.000000,
        -0.307279 0.078740 0.000000,
        -0.188464 0.053254 0.000000,
        -0.115567 0.078740 0.000000,
        -0.188670 0.053073 0.000000,
        -0.202590 0.037637 0.000000,
        -0.211738 0.020708 0.000000,
        -1.151575 0.656105 0.000000,
        -1.127837 0.665937 0.000000,
        -0.333685 0.078740 0.000000,
        -0.361780 -0.062896 0.000000,
        -0.280459 -0.062896 0.000000,
        -0.261667 -0.118110 0.000000,
        -0.217025 0.001313 0.000000,
        -0.218456 -0.017209 0.000000,
        -0.215694 -0.043554 0.000000,
        -1.161417 -0.649606 0.236220,
        -1.171959 -0.640463 0.236220,
        -1.187601 -0.620079 0.236220,
        -1.197433 -0.596341 0.236220,
        -1.200787 -0.570866 0.236220,
        1.200787 -0.570866 0.236220,
        1.197433 -0.596341 0.236220,
        1.187601 -0.620079 0.236220,
        1.171959 -0.640463 0.236220,
        1.161417 -0.649606 0.236220,
        1.200787 0.570866 0.236220,
        1.200787 0.354331 0.236220,
        1.200787 -0.354331 0.236220,
        1.161417 0.649606 0.236220,
        1.171959 0.640463 0.236220,
        1.187601 0.620079 0.236220,
        1.197433 0.596341 0.236220,
        -1.200787 0.570866 0.236220,
        -1.197433 0.596341 0.236220,
        -1.187601 0.620079 0.236220,
        -1.171959 0.640463 0.236220,
        -1.161417 0.649606 0.236220,
        -1.200787 0.354331 0.236220,
        -1.200787 -0.354331 0.236220,
        -1.200787 -0.118110 0.178128,
        -1.200787 -0.118110 0.099388,
        -1.200787 0.118110 0.178128,
        -1.200787 0.118110 0.099388,
        -1.161417 -0.354331 0.236220,
        1.161417 -0.354331 0.236220,
        1.161417 0.354331 0.236220,
        -1.161417 0.354331 0.236220,
      ]
    }
    coordIndex [
      28, 29, 30, -1,
      31, 32, 33, -1,
      34, 35, 36, -1,
      36, 35, 37, -1,
      38, 39, 40, -1,
      39, 38, 41, -1,
      41, 38, 42, -1,
      41, 42, 43, -1,
      31, 33, 44, -1,
      44, 33, 45, -1,
      44, 45, 46, -1,
      46, 45, 47, -1,
      46, 47, 48, -1,
      32, 49, 33, -1,
      33, 49, 50, -1,
      33, 50, 51, -1,
      52, 53, 33, -1,
      33, 53, 54, -1,
      55, 56, 57, -1,
      57, 56, 58, -1,
      54, 59, 33, -1,
      33, 59, 58, -1,
      33, 58, 60, -1,
      60, 58, 56, -1,
      61, 47, 62, -1,
      62, 47, 63, -1,
      62, 63, 38, -1,
      38, 63, 64, -1,
      38, 64, 42, -1,
      51, 65, 33, -1,
      33, 65, 66, -1,
      33, 66, 52, -1,
      34, 67, 35, -1,
      35, 67, 68, -1,
      35, 68, 69, -1,
      69, 68, 70, -1,
      69, 70, 71, -1,
      72, 73, 61, -1,
      61, 73, 74, -1,
      61, 74, 47, -1,
      47, 74, 75, -1,
      47, 75, 76, -1,
      70, 77, 71, -1,
      71, 77, 78, -1,
      71, 78, 61, -1,
      61, 78, 79, -1,
      61, 79, 72, -1,
      76, 80, 47, -1,
      47, 80, 81, -1,
      47, 81, 48, -1,
      35, 38, 37, -1,
      37, 38, 40, -1,
      37, 40, 82, -1,
      82, 40, 83, -1,
      84, 85, 86, -1,
      86, 85, 87, -1,
      86, 87, 88, -1,
      88, 87, 89, -1,
      82, 90, 91, -1,
      91, 92, 82, -1,
      82, 92, 93, -1,
      82, 93, 37, -1,
      37, 93, 85, -1,
      37, 85, 94, -1,
      94, 85, 84, -1,
      95, 96, 28, -1,
      28, 96, 97, -1,
      28, 97, 98, -1,
      99, 100, 101, -1,
      102, 103, 87, -1,
      87, 103, 104, -1,
      105, 106, 104, -1,
      104, 106, 47, -1,
      104, 47, 87, -1,
      87, 47, 45, -1,
      87, 45, 89, -1,
      101, 107, 99, -1,
      99, 107, 108, -1,
      99, 108, 109, -1,
      110, 111, 112, -1,
      112, 111, 113, -1,
      112, 113, 114, -1,
      114, 113, 115, -1,
      116, 117, 115, -1,
      115, 117, 118, -1,
      115, 118, 114, -1,
      114, 118, 102, -1,
      114, 102, 119, -1,
      119, 102, 87, -1,
      119, 87, 120, -1,
      121, 122, 123, -1,
      123, 122, 124, -1,
      123, 125, 87, -1,
      126, 127, 128, -1,
      128, 127, 129, -1,
      130, 106, 114, -1,
      114, 106, 105, -1,
      114, 105, 112, -1,
      121, 123, 30, -1,
      30, 123, 87, -1,
      30, 87, 28, -1,
      28, 87, 85, -1,
      28, 85, 95, -1,
      129, 131, 128, -1,
      128, 131, 132, -1,
      128, 132, 133, -1,
      124, 134, 123, -1,
      123, 134, 135, -1,
      123, 135, 136, -1,
      136, 135, 106, -1,
      136, 106, 128, -1,
      128, 106, 130, -1,
      128, 130, 126, -1,
      137, 138, 125, -1,
      125, 138, 139, -1,
      125, 139, 87, -1,
      87, 139, 99, -1,
      87, 99, 120, -1,
      120, 99, 109, -1,
      133, 140, 128, -1,
      128, 140, 141, -1,
      128, 141, 99, -1,
      99, 141, 142, -1,
      99, 142, 100, -1,
      143, 98, 97, -1,
      144, 143, 26, -1,
      26, 25, 144, -1,
      144, 25, 24, -1,
      144, 24, 145, -1,
      145, 24, 23, -1,
      145, 23, 146, -1,
      146, 23, 22, -1,
      146, 22, 147, -1,
      143, 97, 26, -1,
      26, 97, 96, -1,
      26, 96, 27, -1,
      27, 96, 95, -1,
      27, 95, 21, -1,
      21, 95, 7, -1,
      7, 95, 85, -1,
      7, 85, 93, -1,
      148, 13, 12, -1,
      148, 12, 149, -1,
      149, 12, 11, -1,
      149, 11, 150, -1,
      150, 11, 10, -1,
      150, 10, 151, -1,
      91, 90, 152, -1,
      151, 10, 152, -1,
      152, 10, 9, -1,
      152, 9, 91, -1,
      91, 9, 8, -1,
      91, 8, 92, -1,
      92, 8, 7, -1,
      92, 7, 93, -1,
      153, 0, 154, -1,
      154, 0, 13, -1,
      13, 148, 155, -1,
      155, 83, 40, -1,
      13, 155, 154, -1,
      154, 155, 40, -1,
      154, 40, 39, -1,
      156, 43, 42, -1,
      157, 156, 4, -1,
      4, 3, 157, -1,
      157, 3, 2, -1,
      157, 2, 158, -1,
      158, 2, 1, -1,
      158, 1, 159, -1,
      159, 1, 0, -1,
      159, 0, 153, -1,
      156, 42, 4, -1,
      4, 42, 64, -1,
      4, 64, 5, -1,
      5, 64, 63, -1,
      5, 63, 6, -1,
      106, 14, 47, -1,
      47, 14, 6, -1,
      47, 6, 63, -1,
      160, 20, 19, -1,
      160, 19, 161, -1,
      161, 19, 18, -1,
      161, 18, 162, -1,
      162, 18, 17, -1,
      162, 17, 163, -1,
      134, 124, 164, -1,
      163, 17, 164, -1,
      164, 17, 16, -1,
      164, 16, 134, -1,
      134, 16, 15, -1,
      134, 15, 135, -1,
      135, 15, 14, -1,
      135, 14, 106, -1,
      20, 160, 165, -1,
      147, 22, 166, -1,
      166, 22, 20, -1,
      167, 168, 29, -1,
      29, 166, 167, -1,
      167, 166, 20, -1,
      167, 20, 169, -1,
      169, 20, 165, -1,
      169, 165, 170, -1,
      170, 165, 121, -1,
      170, 121, 168, -1,
      168, 121, 30, -1,
      168, 30, 29, -1,
      20, 22, 21, -1,
      21, 22, 23, -1,
      21, 23, 24, -1,
      10, 11, 12, -1,
      7, 6, 21, -1,
      21, 6, 14, -1,
      21, 14, 20, -1,
      20, 14, 15, -1,
      20, 15, 16, -1,
      24, 25, 21, -1,
      21, 25, 26, -1,
      21, 26, 27, -1,
      17, 18, 16, -1,
      16, 18, 19, -1,
      16, 19, 20, -1,
      10, 12, 9, -1,
      3, 4, 2, -1,
      2, 4, 5, -1,
      2, 5, 1, -1,
      1, 5, 6, -1,
      1, 6, 0, -1,
      0, 6, 13, -1,
      13, 6, 7, -1,
      13, 7, 12, -1,
      12, 7, 8, -1,
      12, 8, 9, -1,
      166, 171, 147, -1,
      147, 171, 143, -1,
      143, 144, 147, -1,
      147, 144, 145, -1,
      147, 145, 146, -1,
      28, 98, 171, -1,
      171, 98, 143, -1,
      171, 166, 28, -1,
      28, 166, 29, -1,
      172, 155, 152, -1,
      152, 155, 148, -1,
      152, 148, 151, -1,
      151, 148, 149, -1,
      151, 149, 150, -1,
      82, 83, 172, -1,
      172, 83, 155, -1,
      172, 152, 82, -1,
      82, 152, 90, -1,
      153, 154, 173, -1,
      173, 156, 153, -1,
      153, 156, 157, -1,
      153, 157, 159, -1,
      159, 157, 158, -1,
      41, 43, 173, -1,
      173, 43, 156, -1,
      173, 154, 41, -1,
      41, 154, 39, -1,
      174, 165, 164, -1,
      164, 165, 160, -1,
      164, 160, 163, -1,
      163, 160, 161, -1,
      163, 161, 162, -1,
      122, 121, 174, -1,
      174, 121, 165, -1,
      174, 164, 122, -1,
      122, 164, 124, -1,
    ]
  }
}

Shape {
  appearance Appearance {
    material Material {
      diffuseColor 0.8510 0.8510 0.8510
      specularColor 0.4235 0.4235 0.4235
      ambientIntensity 0.2
      transparency 0.0000
      shininess 0.5
    }
  }
  geometry IndexedFaceSet {
    ccw TRUE
    solid FALSE
    coord DEF co Coordinate {
      point [
        -1.200787 -0.118110 0.178128,
        -1.200787 -0.118110 0.099388,
        -1.200787 0.118110 0.178128,
        -1.200787 0.118110 0.099388,
        -1.555118 0.118110 -0.000000,
        -1.555118 -0.118110 -0.000000,
        -1.555118 0.118110 0.078740,
        -1.555118 -0.118110 0.078740,
        -1.238848 -0.118110 0.099388,
        -1.238848 0.118110 0.099388,
        -1.238848 0.118110 0.178128,
        -1.238848 -0.118110 0.178128,
        -1.259061 -0.118110 0.093803,
        -1.259061 0.118110 0.093803,
        -1.252696 -0.118110 0.096872,
        -1.252696 0.118110 0.096872,
        -1.245885 -0.118110 0.098754,
        -1.245885 0.118110 0.098754,
        -1.299488 0.118110 0.161372,
        -1.280394 0.118110 0.170580,
        -1.259961 0.118110 0.176226,
        -1.259961 -0.118110 0.176226,
        -1.280394 -0.118110 0.170580,
        -1.299488 -0.118110 0.161372,
        -1.387837 -0.118110 0.016756,
        -1.387837 0.118110 0.016756,
        -1.428264 0.118110 0.084326,
        -1.428264 -0.118110 0.084326,
        -1.406932 -0.118110 0.007548,
        -1.406932 0.118110 0.007548,
        -1.427365 -0.118110 0.001902,
        -1.427365 0.118110 0.001902,
        -1.448478 -0.118110 -0.000000,
        -1.448478 0.118110 -0.000000,
        -1.434629 0.118110 0.081256,
        -1.441440 0.118110 0.079374,
        -1.448478 0.118110 0.078740,
        -1.448478 -0.118110 0.078740,
        -1.441440 -0.118110 0.079374,
        -1.434629 -0.118110 0.081256,
      ]
    }
    coordIndex [
      4, 5, 6, -1,
      6, 5, 7, -1,
      1, 8, 3, -1,
      3, 8, 9, -1,
      3, 9, 2, -1,
      2, 9, 10, -1,
      2, 10, 0, -1,
      0, 10, 11, -1,
      1, 0, 8, -1,
      8, 0, 11, -1,
      12, 13, 14, -1,
      14, 13, 15, -1,
      14, 15, 16, -1,
      16, 15, 17, -1,
      16, 17, 8, -1,
      8, 17, 9, -1,
      13, 18, 15, -1,
      15, 18, 19, -1,
      15, 19, 17, -1,
      17, 19, 20, -1,
      17, 20, 9, -1,
      9, 20, 10, -1,
      11, 10, 20, -1,
      11, 20, 21, -1,
      21, 20, 19, -1,
      21, 19, 22, -1,
      22, 19, 18, -1,
      22, 18, 23, -1,
      8, 11, 16, -1,
      16, 11, 21, -1,
      16, 21, 14, -1,
      14, 21, 22, -1,
      14, 22, 12, -1,
      12, 22, 23, -1,
      12, 24, 13, -1,
      13, 24, 25, -1,
      13, 25, 18, -1,
      18, 25, 26, -1,
      18, 26, 23, -1,
      23, 26, 27, -1,
      12, 23, 24, -1,
      24, 23, 27, -1,
      25, 24, 28, -1,
      25, 28, 29, -1,
      29, 28, 30, -1,
      29, 30, 31, -1,
      31, 30, 32, -1,
      31, 32, 33, -1,
      26, 25, 34, -1,
      34, 25, 29, -1,
      34, 29, 35, -1,
      35, 29, 31, -1,
      35, 31, 36, -1,
      36, 31, 33, -1,
      36, 37, 35, -1,
      35, 37, 38, -1,
      35, 38, 34, -1,
      34, 38, 39, -1,
      34, 39, 26, -1,
      26, 39, 27, -1,
      37, 32, 38, -1,
      38, 32, 30, -1,
      38, 30, 39, -1,
      39, 30, 28, -1,
      39, 28, 27, -1,
      27, 28, 24, -1,
      32, 5, 33, -1,
      33, 5, 4, -1,
      33, 4, 36, -1,
      36, 4, 6, -1,
      36, 6, 37, -1,
      37, 6, 7, -1,
      32, 37, 5, -1,
      5, 37, 7, -1,
    ]
  }
}

Shape {
  appearance Appearance {
    material Material {
      diffuseColor 1.0000 1.0000 1.0000
      specularColor 0.8784 0.8784 0.8784
      ambientIntensity 0.2
      transparency 0.0000
      shininess 0.5
    }
  }
  geometry IndexedFaceSet {
    ccw TRUE
    solid FALSE
    coord DEF co Coordinate {
      point [
        -0.232859 -0.118110 0.000000,
        -0.208626 -0.064158 0.000000,
        -0.197337 -0.081765 0.000000,
        -0.181135 -0.097279 0.000000,
        -0.160581 -0.109223 0.000000,
        -0.137898 -0.115984 0.000000,
        -0.060015 0.078740 0.000000,
        -0.060015 -0.118110 0.000000,
        -0.113542 -0.118110 0.000000,
        -0.410505 -0.118110 0.000000,
        -0.381698 -0.118110 0.000000,
        -0.144007 0.075700 0.000000,
        -0.167038 0.067613 0.000000,
        -0.307279 0.078740 0.000000,
        -0.188464 0.053254 0.000000,
        -0.115567 0.078740 0.000000,
        -0.188670 0.053073 0.000000,
        -0.202590 0.037637 0.000000,
        -0.211738 0.020708 0.000000,
        -0.333685 0.078740 0.000000,
        -0.361780 -0.062896 0.000000,
        -0.280459 -0.062896 0.000000,
        -0.261667 -0.118110 0.000000,
        -0.217025 0.001313 0.000000,
        -0.218456 -0.017209 0.000000,
        -0.215694 -0.043554 0.000000,
        -0.333685 0.078740 0.003937,
        -0.410505 -0.118110 0.003937,
        -0.381698 -0.118110 0.003937,
        -0.361780 -0.062896 0.003937,
        -0.280459 -0.062896 0.003937,
        -0.261667 -0.118110 0.003937,
        -0.232859 -0.118110 0.003937,
        -0.307279 0.078740 0.003937,
        -0.287098 -0.041291 0.003937,
        -0.352928 -0.041291 0.003937,
        -0.316469 0.040930 0.003937,
        -0.318363 0.047758 0.003937,
        -0.319619 0.054734 0.003937,
        -0.320257 0.054734 0.003937,
        -0.321541 0.047779 0.003937,
        -0.323295 0.040930 0.003937,
        -0.287098 -0.041291 0.000000,
        -0.352928 -0.041291 0.000000,
        -0.316469 0.040930 0.000000,
        -0.318363 0.047758 0.000000,
        -0.319619 0.054734 0.000000,
        -0.320257 0.054734 0.000000,
        -0.321541 0.047779 0.000000,
        -0.323295 0.040930 0.000000,
        -0.113542 -0.118110 0.003937,
        -0.060015 -0.118110 0.003937,
        -0.060015 0.078740 0.003937,
        -0.115567 0.078740 0.003937,
        -0.218456 -0.017209 0.003937,
        -0.217025 0.001313 0.003937,
        -0.211738 0.020708 0.003937,
        -0.202590 0.037637 0.003937,
        -0.188670 0.053073 0.003937,
        -0.188464 0.053254 0.003937,
        -0.167038 0.067613 0.003937,
        -0.144007 0.075700 0.003937,
        -0.137898 -0.115984 0.003937,
        -0.160581 -0.109223 0.003937,
        -0.181135 -0.097279 0.003937,
        -0.197337 -0.081765 0.003937,
        -0.208626 -0.064158 0.003937,
        -0.215694 -0.043554 0.003937,
        -0.178943 0.029530 0.003937,
        -0.169381 0.039683 0.003937,
        -0.155002 0.048972 0.003937,
        -0.138754 0.054658 0.003937,
        -0.115455 0.057135 0.003937,
        -0.086422 0.057135 0.003937,
        -0.086422 -0.096505 0.003937,
        -0.114367 -0.096505 0.003937,
        -0.135135 -0.094572 0.003937,
        -0.151700 -0.089401 0.003937,
        -0.165125 -0.081429 0.003937,
        -0.176166 -0.070524 0.003937,
        -0.184468 -0.056952 0.003937,
        -0.190242 -0.038448 0.003937,
        -0.192049 -0.017772 0.003937,
        -0.190377 0.001819 0.003937,
        -0.185781 0.017389 0.003937,
        -0.115455 0.057135 0.000000,
        -0.086422 0.057135 0.000000,
        -0.138754 0.054658 0.000000,
        -0.155002 0.048972 0.000000,
        -0.169381 0.039683 0.000000,
        -0.178943 0.029530 0.000000,
        -0.185781 0.017389 0.000000,
        -0.190377 0.001819 0.000000,
        -0.192049 -0.017772 0.000000,
        -0.190242 -0.038448 0.000000,
        -0.184468 -0.056952 0.000000,
        -0.176166 -0.070524 0.000000,
        -0.165125 -0.081429 0.000000,
        -0.151700 -0.089401 0.000000,
        -0.135135 -0.094572 0.000000,
        -0.114367 -0.096505 0.000000,
        -0.086422 -0.096505 0.000000,
      ]
    }
    coordIndex [
      26, 27, 19, -1,
      19, 27, 9, -1,
      27, 28, 9, -1,
      9, 28, 10, -1,
      28, 29, 10, -1,
      10, 29, 20, -1,
      29, 30, 20, -1,
      20, 30, 21, -1,
      30, 31, 21, -1,
      21, 31, 22, -1,
      31, 32, 22, -1,
      22, 32, 0, -1,
      32, 33, 0, -1,
      0, 33, 13, -1,
      33, 26, 13, -1,
      13, 26, 19, -1,
      34, 30, 35, -1,
      35, 30, 29, -1,
      36, 33, 34, -1,
      34, 33, 32, -1,
      34, 32, 30, -1,
      30, 32, 31, -1,
      36, 37, 33, -1,
      33, 37, 38, -1,
      33, 38, 26, -1,
      26, 38, 39, -1,
      26, 39, 40, -1,
      40, 41, 26, -1,
      26, 41, 35, -1,
      26, 35, 27, -1,
      27, 35, 29, -1,
      27, 29, 28, -1,
      34, 35, 42, -1,
      42, 35, 43, -1,
      36, 34, 44, -1,
      44, 34, 42, -1,
      36, 44, 45, -1,
      36, 45, 37, -1,
      37, 45, 46, -1,
      37, 46, 38, -1,
      39, 38, 47, -1,
      47, 38, 46, -1,
      39, 47, 48, -1,
      39, 48, 40, -1,
      40, 48, 49, -1,
      40, 49, 41, -1,
      35, 41, 43, -1,
      43, 41, 49, -1,
      50, 51, 8, -1,
      8, 51, 7, -1,
      51, 52, 7, -1,
      7, 52, 6, -1,
      52, 53, 6, -1,
      6, 53, 15, -1,
      54, 24, 23, -1,
      54, 23, 55, -1,
      55, 23, 18, -1,
      55, 18, 56, -1,
      56, 18, 17, -1,
      56, 17, 57, -1,
      57, 17, 16, -1,
      57, 16, 58, -1,
      58, 16, 14, -1,
      58, 14, 59, -1,
      59, 14, 12, -1,
      59, 12, 60, -1,
      60, 12, 11, -1,
      60, 11, 61, -1,
      61, 11, 15, -1,
      61, 15, 53, -1,
      50, 8, 5, -1,
      50, 5, 62, -1,
      62, 5, 4, -1,
      62, 4, 63, -1,
      63, 4, 3, -1,
      63, 3, 64, -1,
      64, 3, 2, -1,
      64, 2, 65, -1,
      65, 2, 1, -1,
      65, 1, 66, -1,
      66, 1, 25, -1,
      66, 25, 67, -1,
      67, 25, 24, -1,
      67, 24, 54, -1,
      56, 57, 68, -1,
      68, 57, 58, -1,
      68, 58, 69, -1,
      69, 58, 59, -1,
      69, 59, 70, -1,
      70, 59, 60, -1,
      70, 60, 71, -1,
      71, 60, 61, -1,
      71, 61, 72, -1,
      72, 61, 53, -1,
      72, 53, 73, -1,
      73, 53, 52, -1,
      73, 52, 74, -1,
      74, 52, 51, -1,
      74, 51, 75, -1,
      75, 51, 50, -1,
      75, 50, 76, -1,
      76, 50, 62, -1,
      76, 62, 77, -1,
      77, 62, 63, -1,
      77, 63, 78, -1,
      78, 63, 64, -1,
      78, 64, 79, -1,
      79, 64, 65, -1,
      79, 65, 80, -1,
      80, 65, 66, -1,
      80, 66, 81, -1,
      81, 66, 67, -1,
      81, 67, 82, -1,
      82, 67, 54, -1,
      82, 54, 83, -1,
      83, 54, 55, -1,
      83, 55, 84, -1,
      84, 55, 56, -1,
      84, 56, 68, -1,
      72, 73, 85, -1,
      85, 73, 86, -1,
      72, 85, 87, -1,
      72, 87, 71, -1,
      71, 87, 88, -1,
      71, 88, 70, -1,
      70, 88, 89, -1,
      70, 89, 69, -1,
      69, 89, 90, -1,
      69, 90, 68, -1,
      68, 90, 91, -1,
      68, 91, 84, -1,
      84, 91, 92, -1,
      84, 92, 83, -1,
      83, 92, 93, -1,
      83, 93, 82, -1,
      82, 93, 94, -1,
      82, 94, 81, -1,
      81, 94, 95, -1,
      81, 95, 80, -1,
      80, 95, 96, -1,
      80, 96, 79, -1,
      79, 96, 97, -1,
      79, 97, 78, -1,
      78, 97, 98, -1,
      78, 98, 77, -1,
      77, 98, 99, -1,
      77, 99, 76, -1,
      76, 99, 100, -1,
      76, 100, 75, -1,
      74, 75, 101, -1,
      101, 75, 100, -1,
    ]
  }
}

Shape {
  appearance Appearance {
    material Material {
      diffuseColor 0.8510 0.8510 0.8510
      specularColor 0.4235 0.4235 0.4235
      ambientIntensity 0.2
      transparency 0.0000
      shininess 0.5
    }
  }
  geometry IndexedFaceSet {
    ccw TRUE
    solid FALSE
    coord DEF co Coordinate {
      point [
        0.168531 0.059535 0.000000,
        0.187914 0.057358 0.000000,
        0.125959 -0.088256 0.000000,
        0.219934 -0.111428 0.000000,
        0.285673 -0.118110 0.000000,
        0.200854 -0.117996 0.000000,
        0.188172 -0.119311 0.000000,
        0.386499 -0.118110 0.000000,
        0.144604 0.056427 0.000000,
        0.122431 -0.086302 0.000000,
        0.122431 0.046932 0.000000,
        0.122431 0.073339 0.000000,
        0.202648 0.052041 0.000000,
        0.216273 0.042926 0.000000,
        0.228160 0.029803 0.000000,
        0.242462 -0.021785 0.000000,
        0.240469 -0.043096 0.000000,
        0.235121 -0.060028 0.000000,
        0.191317 -0.096846 0.000000,
        0.172957 -0.098906 0.000000,
        0.205661 -0.091565 0.000000,
        0.217742 -0.083422 0.000000,
        0.226980 -0.073677 0.000000,
        0.146827 -0.096005 0.000000,
        0.360092 0.078740 0.000000,
        0.386499 0.078740 0.000000,
        0.236276 0.014604 0.000000,
        0.241523 -0.006470 0.000000,
        0.235768 -0.101317 0.000000,
        0.250554 -0.085750 0.000000,
        0.285673 -0.096505 0.000000,
        0.261041 -0.067033 0.000000,
        0.360092 -0.096505 0.000000,
        0.258473 0.026907 0.000000,
        0.246932 0.045309 0.000000,
        0.229155 0.062400 0.000000,
        0.210456 0.073158 0.000000,
        0.188511 0.079530 0.000000,
        0.266965 -0.046196 0.000000,
        0.268869 -0.023398 0.000000,
        0.266037 0.004588 0.000000,
        0.168756 0.081141 0.000000,
        0.145191 0.079515 0.000000,
        0.171213 -0.120419 0.000000,
        0.163306 -0.119311 0.000000,
        0.143415 -0.116523 0.000000,
        0.122431 -0.107907 0.000000,
        0.176595 -0.120511 0.000000,
        -0.021606 -0.118110 0.000000,
        0.084022 -0.118110 0.000000,
        0.084022 0.078740 0.000000,
        -0.016804 0.078740 0.000000,
        0.057615 0.057135 0.000000,
        0.057615 -0.007682 0.000000,
        -0.016804 0.057135 0.000000,
        -0.012003 -0.007682 0.000000,
        -0.012003 -0.029287 0.000000,
        0.057615 -0.029287 0.000000,
        0.057615 -0.096505 0.000000,
        -0.021606 -0.096505 0.000000,
        -0.086422 0.057135 0.003937,
        -0.086422 -0.096505 0.003937,
        -0.086422 0.057135 0.000000,
        -0.086422 -0.096505 0.000000,
        -0.021606 -0.096505 0.003937,
        -0.021606 -0.118110 0.003937,
        0.084022 -0.118110 0.003937,
        0.084022 0.078740 0.003937,
        -0.016804 0.078740 0.003937,
        -0.016804 0.057135 0.003937,
        0.057615 0.057135 0.003937,
        0.057615 -0.007682 0.003937,
        -0.012003 -0.007682 0.003937,
        -0.012003 -0.029287 0.003937,
        0.057615 -0.029287 0.003937,
        0.057615 -0.096505 0.003937,
        0.122431 -0.086302 0.003937,
        0.122431 -0.107907 0.003937,
        0.143415 -0.116523 0.003937,
        0.176595 -0.120511 0.003937,
        0.171213 -0.120419 0.003937,
        0.268869 -0.023398 0.003937,
        0.266965 -0.046196 0.003937,
        0.261041 -0.067033 0.003937,
        0.250554 -0.085750 0.003937,
        0.235768 -0.101317 0.003937,
        0.219934 -0.111428 0.003937,
        0.200854 -0.117996 0.003937,
        0.168756 0.081141 0.003937,
        0.188511 0.079530 0.003937,
        0.210456 0.073158 0.003937,
        0.229155 0.062400 0.003937,
        0.246932 0.045309 0.003937,
        0.258473 0.026907 0.003937,
        0.266037 0.004588 0.003937,
        0.122431 0.073339 0.003937,
        0.145191 0.079515 0.003937,
        0.122431 0.046932 0.003937,
        0.168531 0.059535 0.003937,
        0.144604 0.056427 0.003937,
        0.242462 -0.021785 0.003937,
        0.241523 -0.006470 0.003937,
        0.236276 0.014604 0.003937,
        0.228160 0.029803 0.003937,
        0.216273 0.042926 0.003937,
        0.202648 0.052041 0.003937,
        0.187914 0.057358 0.003937,
        0.172957 -0.098906 0.003937,
        0.191317 -0.096846 0.003937,
        0.205661 -0.091565 0.003937,
        0.217742 -0.083422 0.003937,
        0.226980 -0.073677 0.003937,
        0.235121 -0.060028 0.003937,
        0.240469 -0.043096 0.003937,
        0.125959 -0.088256 0.003937,
        0.146827 -0.096005 0.003937,
        0.285673 -0.096505 0.003937,
        0.285673 -0.118110 0.003937,
        0.386499 -0.118110 0.003937,
        0.386499 0.078740 0.003937,
        0.360092 0.078740 0.003937,
        0.360092 -0.096505 0.003937,
      ]
    }
    coordIndex [
      60, 61, 62, -1,
      62, 61, 63, -1,
      64, 65, 59, -1,
      59, 65, 48, -1,
      65, 66, 48, -1,
      48, 66, 49, -1,
      66, 67, 49, -1,
      49, 67, 50, -1,
      67, 68, 50, -1,
      50, 68, 51, -1,
      68, 69, 51, -1,
      51, 69, 54, -1,
      69, 70, 54, -1,
      54, 70, 52, -1,
      70, 71, 52, -1,
      52, 71, 53, -1,
      71, 72, 53, -1,
      53, 72, 55, -1,
      72, 73, 55, -1,
      55, 73, 56, -1,
      73, 74, 56, -1,
      56, 74, 57, -1,
      74, 75, 57, -1,
      57, 75, 58, -1,
      75, 64, 58, -1,
      58, 64, 59, -1,
      66, 65, 64, -1,
      64, 75, 66, -1,
      66, 75, 74, -1,
      66, 74, 67, -1,
      69, 68, 70, -1,
      70, 68, 67, -1,
      70, 67, 71, -1,
      71, 67, 74, -1,
      71, 74, 72, -1,
      72, 74, 73, -1,
      76, 77, 9, -1,
      9, 77, 46, -1,
      46, 77, 78, -1,
      79, 47, 43, -1,
      79, 43, 80, -1,
      80, 43, 44, -1,
      80, 44, 78, -1,
      78, 44, 45, -1,
      78, 45, 46, -1,
      81, 39, 38, -1,
      81, 38, 82, -1,
      82, 38, 31, -1,
      82, 31, 83, -1,
      83, 31, 29, -1,
      83, 29, 84, -1,
      84, 29, 28, -1,
      84, 28, 85, -1,
      85, 28, 3, -1,
      85, 3, 86, -1,
      86, 3, 5, -1,
      86, 5, 87, -1,
      87, 5, 79, -1,
      79, 5, 6, -1,
      79, 6, 47, -1,
      88, 41, 37, -1,
      88, 37, 89, -1,
      89, 37, 36, -1,
      89, 36, 90, -1,
      90, 36, 35, -1,
      90, 35, 91, -1,
      91, 35, 34, -1,
      91, 34, 92, -1,
      92, 34, 33, -1,
      92, 33, 93, -1,
      93, 33, 40, -1,
      93, 40, 94, -1,
      94, 40, 39, -1,
      94, 39, 81, -1,
      95, 11, 42, -1,
      95, 42, 96, -1,
      96, 42, 41, -1,
      96, 41, 88, -1,
      95, 97, 11, -1,
      11, 97, 10, -1,
      98, 0, 8, -1,
      98, 8, 99, -1,
      99, 8, 10, -1,
      99, 10, 97, -1,
      100, 15, 27, -1,
      100, 27, 101, -1,
      101, 27, 26, -1,
      101, 26, 102, -1,
      102, 26, 14, -1,
      102, 14, 103, -1,
      103, 14, 13, -1,
      103, 13, 104, -1,
      104, 13, 12, -1,
      104, 12, 105, -1,
      105, 12, 1, -1,
      105, 1, 106, -1,
      106, 1, 0, -1,
      106, 0, 98, -1,
      107, 19, 18, -1,
      107, 18, 108, -1,
      108, 18, 20, -1,
      108, 20, 109, -1,
      109, 20, 21, -1,
      109, 21, 110, -1,
      110, 21, 22, -1,
      110, 22, 111, -1,
      111, 22, 17, -1,
      111, 17, 112, -1,
      112, 17, 16, -1,
      112, 16, 113, -1,
      113, 16, 15, -1,
      113, 15, 100, -1,
      76, 9, 2, -1,
      76, 2, 114, -1,
      114, 2, 23, -1,
      114, 23, 115, -1,
      115, 23, 19, -1,
      115, 19, 107, -1,
      108, 79, 107, -1,
      107, 79, 80, -1,
      107, 80, 115, -1,
      115, 80, 78, -1,
      115, 78, 114, -1,
      114, 78, 77, -1,
      114, 77, 76, -1,
      97, 95, 99, -1,
      99, 95, 96, -1,
      99, 96, 98, -1,
      98, 96, 88, -1,
      98, 88, 106, -1,
      106, 88, 89, -1,
      106, 89, 105, -1,
      105, 89, 90, -1,
      105, 90, 104, -1,
      104, 90, 91, -1,
      104, 91, 103, -1,
      103, 91, 92, -1,
      103, 92, 102, -1,
      102, 92, 93, -1,
      102, 93, 101, -1,
      101, 93, 94, -1,
      101, 94, 100, -1,
      100, 94, 81, -1,
      100, 81, 113, -1,
      113, 81, 82, -1,
      113, 82, 112, -1,
      112, 82, 83, -1,
      112, 83, 111, -1,
      111, 83, 84, -1,
      111, 84, 110, -1,
      110, 84, 85, -1,
      110, 85, 109, -1,
      109, 85, 86, -1,
      109, 86, 108, -1,
      108, 86, 87, -1,
      108, 87, 79, -1,
      116, 117, 30, -1,
      30, 117, 4, -1,
      117, 118, 4, -1,
      4, 118, 7, -1,
      118, 119, 7, -1,
      7, 119, 25, -1,
      119, 120, 25, -1,
      25, 120, 24, -1,
      120, 121, 24, -1,
      24, 121, 32, -1,
      121, 116, 32, -1,
      32, 116, 30, -1,
      120, 119, 121, -1,
      121, 119, 118, -1,
      121, 118, 116, -1,
      116, 118, 117, -1,
    ]
  }
}

Shape {
  appearance Appearance {
    material Material {
      diffuseColor 0.2235 0.2235 0.2235
      specularColor 0.1137 0.1137 0.1137
      ambientIntensity 0.2
      transparency 0.0000
      shininess 0.5
    }
  }
  geometry IndexedFaceSet {
    ccw TRUE
    solid FALSE
    coord DEF co Coordinate {
      point [
        -0.287098 -0.041291 0.000000,
        -0.352928 -0.041291 0.000000,
        -0.316469 0.040930 0.000000,
        -0.318363 0.047758 0.000000,
        -0.319619 0.054734 0.000000,
        -0.320257 0.054734 0.000000,
        -0.321541 0.047779 0.000000,
        -0.323295 0.040930 0.000000,
        -0.115455 0.057135 0.000000,
        -0.086422 0.057135 0.000000,
        -0.138754 0.054658 0.000000,
        -0.155002 0.048972 0.000000,
        -0.169381 0.039683 0.000000,
        -0.178943 0.029530 0.000000,
        -0.185781 0.017389 0.000000,
        -0.190377 0.001819 0.000000,
        -0.192049 -0.017772 0.000000,
        -0.190242 -0.038448 0.000000,
        -0.184468 -0.056952 0.000000,
        -0.176166 -0.070524 0.000000,
        -0.165125 -0.081429 0.000000,
        -0.151700 -0.089401 0.000000,
        -0.135135 -0.094572 0.000000,
        -0.114367 -0.096505 0.000000,
        -0.086422 -0.096505 0.000000,
      ]
    }
    coordIndex [
      0, 1, 2, -1,
      2, 1, 7, -1,
      2, 7, 3, -1,
      3, 7, 6, -1,
      3, 6, 4, -1,
      4, 6, 5, -1,
      9, 24, 8, -1,
      8, 24, 23, -1,
      8, 23, 22, -1,
      16, 15, 8, -1,
      8, 15, 14, -1,
      8, 14, 10, -1,
      22, 21, 8, -1,
      8, 21, 20, -1,
      8, 20, 19, -1,
      19, 18, 8, -1,
      8, 18, 17, -1,
      8, 17, 16, -1,
      13, 12, 14, -1,
      14, 12, 11, -1,
      14, 11, 10, -1,
    ]
  }
}
